{"harita_boyut": {"genislik": 182, "yukseklik": 325}, "baslangic": [121.18950747938958, 319.78648770563217], "hedef": [89.02677711330007, 131.2347918710857], "engeller": [["dikdortgen", 52, 108, 8, 8], ["daire", 68, 186, 10], ["dikdortgen", 117, 183, 13, 12], ["daire", 89, 120, 5], ["dikdortgen", 136, 63, 17, 11], ["dikdortgen", 113, 154, 6, 15], ["daire", 175, 194, 4], ["dikdortgen", 94, 6, 20, 9], ["dikdortgen", 56, 254, 17, 15], ["dikdortgen", 93, 300, 8, 12], ["daire", 123, 108, 14], ["dikdortgen", 59, 254, 13, 5], ["dikdortgen", 121, 152, 18, 16], ["dikdortgen", 82, 154, 5, 17], ["dikdortgen", 140, 126, 19, 11], ["daire", 20, 303, 5], ["dikdortgen", 133, 136, 11, 20], ["dikdortgen", 129, 50, 9, 12], ["daire", 162, 265, 7], ["daire", 172, 146, 3], ["daire", 86, 302, 6], ["daire", 12, 78, 6], ["daire", 46, 102, 14], ["dikdortgen", 163, 79, 15, 9], ["dikdortgen", 23, 254, 15, 18], ["daire", 16, 117, 10], ["dikdortgen", 78, 52, 14, 11], ["dikdortgen", 9, 187, 18, 20], ["dikdortgen", 132, 311, 12, 12]], "rrt_path": [[121.18950747938955, 319.78648770563206], [120.94503752207751, 319.3463795838701], [120.70187004507213, 318.9056999663713], [120.46000504837339, 318.46444885313565], [120.21944253198123, 318.0226262441629], [119.98018249589578, 317.5802321394536], [119.74222494011697, 317.13726653900727], [119.5055698646448, 316.6937294428242], [119.27021726947929, 316.2496208509042], [119.03616715462041, 315.8049407632473], [118.80341952006819, 315.35968917985355], [118.5719743658226, 314.91386610072294], [118.3418316918837, 314.4674715258555], [118.1129914982514, 314.0205054552512], [117.88545378492574, 313.57296788891], [117.65921855190678, 313.12485882683194], [117.43428579919438, 312.676178269017], [117.21065552678871, 312.22692621546526], [116.98832773468966, 311.77710266617663], [116.76730242289729, 311.3267076211512], [116.54757959141149, 310.87574108038876], [116.3291592402324, 310.4242030438896], [116.11204136935991, 309.9720935116534], [115.89622597879412, 309.5194124836805], [115.68171306853493, 309.0661599599707], [115.46850263858244, 308.6123359405241], [115.25659468893654, 308.1579404253405], [115.04598921959732, 307.70297341442006], [114.83668623056472, 307.24743490776285], [114.62868572183879, 306.79132490536875], [114.4219876934195, 306.33464340723776], [114.21659214530686, 305.8773904133699], [114.01249907750088, 305.4195659237652], [113.80970849000151, 304.9611699384236], [113.60822038280881, 304.50220245734516], [113.40803475592277, 304.0426634805299], [113.20915160934335, 303.5825530079777], [113.01157094307061, 303.1218710396887], [112.81529275710447, 302.6606175756628], [112.620317051445, 302.19879261590006], [112.4266438260922, 301.7363961604005], [112.23427308104604, 301.2734282091641], [112.04320481630648, 300.80988876219067], [111.85343903187359, 300.3457778194804], [111.66497572774738, 299.8810953810334], [111.47781490392778, 299.4158414468494], [111.29195656041485, 298.95001601692866], [111.10740069720856, 298.48361909127107], [110.9241473143089, 298.0166506698765], [110.7421964117159, 297.54911075274515], [110.56154798942956, 297.0809993398769], [110.38220204744985, 296.6123164312719], [110.20415858577681, 296.1430620269299], [110.0274176044104, 295.67323612685107], [109.8519791033506, 295.20283873103534], [109.6778430825975, 294.73186983948284], [109.50500954215102, 294.26032945219333], [109.33344665847056, 293.78823208848985], [109.16200372594595, 293.3161027517438], [108.99010384422947, 292.8442046496992], [108.81774701332112, 292.37253778235606], [108.64493323322093, 291.9011021497143], [108.47166250392884, 291.42989775177404], [108.2979348254449, 290.9589245885352], [108.12375019776908, 290.48818265999785], [107.94910862090138, 290.01767196616186], [107.77401009484187, 289.54739250702744], [107.59845461959044, 289.07734428259437], [107.42244219514716, 288.6075272928628], [107.24597282151201, 288.1379415378326], [107.069046498685, 287.6685870175039], [106.89166322666613, 287.19946373187673], [106.71382300545537, 286.7305716809509], [106.53552583505275, 286.26191086472653], [106.35677171545825, 285.7934812832036], [106.1775606466719, 285.32528293638217], [105.99789262869368, 284.8573158242622], [105.8177676615236, 284.38957994684364], [105.63718574516164, 283.9220753041265], [105.45614687960783, 283.45480189611084], [105.27465106486211, 282.98775972279657], [105.09269830092458, 282.5209487841839], [104.91028858779512, 282.05436908027247], [104.72742192547383, 281.58802061106263], [104.54409831396069, 281.1219033765542], [104.36031775325566, 280.65601737674723], [104.17608024335875, 280.19036261164166], [103.99138578427, 279.7249390812376], [103.80684120344156, 279.25939272949853], [103.62372156686737, 278.79297961379274], [103.44206745038093, 278.3256760599789], [103.2618788539823, 277.85748206805704], [103.08315577767141, 277.3883976380271], [102.9058982214483, 276.9184227698891], [102.73010618531299, 276.4475574636432], [102.55577966926545, 275.97580171928917], [102.38291867330568, 275.5031555368271], [102.21152319743368, 275.029618916257], [102.04159324164944, 274.55519185757885], [101.873128805953, 274.0798743607927], [101.70612989034433, 273.6036664258985], [101.54059649482345, 273.1265680528963], [101.37652861939034, 272.648579241786], [101.21392626404499, 272.1696999925678], [101.05278942878743, 271.68993030524143], [100.89311811361765, 271.2092701798071], [100.73491231853563, 270.7277196162647], [100.57817204354137, 270.2452786146143], [100.42289728863493, 269.7619471748559], [100.26908805381626, 269.2777252969894], [100.11674433908533, 268.7926129810148], [99.9658661444422, 268.3066102269323], [99.81645346988684, 267.8197170347417], [99.66850631541928, 267.33193340444313], [99.52202468103945, 266.84325933603645], [99.37700856674743, 266.3536948295217], [99.23510451178211, 265.86336154737484], [99.1011223190149, 265.37261488502844], [98.97537118595918, 264.8814776890289], [98.85785111261495, 264.3899499593763], [98.74856209898219, 263.89803169607035], [98.64750414506094, 263.4057228991115], [98.55467725085111, 262.91302356849934], [98.4700814163528, 262.41993370423415], [98.39371664156593, 261.9264533063157], [98.32558292649058, 261.43258237474413], [98.2656802711267, 260.9383209095195], [98.21400867547428, 260.44366891064163], [98.17056813953336, 259.94862637811065], [98.1353586633039, 259.4531933119265], [98.10838024678591, 258.95736971208925], [98.08963288997943, 258.46115557859883], [98.07911659288439, 257.9645509114553], [98.07683135550089, 257.46755571065864], [98.0827771778288, 256.97016997620875], [98.09695405986821, 256.4723937081058], [98.11936200161911, 255.9742269063496], [98.15000100308148, 255.47566957094034], [98.18887106425532, 254.97672170187792], [98.23597218514067, 254.4773832991624], [98.29130436573746, 253.9776543627937], [98.35486760604573, 253.47753489277179], [98.42666190606553, 252.9770248890968], [98.50668726579676, 252.47612435176865], [98.58901129750627, 251.9750410681992], [98.664990811552, 251.4740777741646], [98.73455251879312, 250.9732370366855], [98.79769641922954, 250.47251885576168], [98.85442251286138, 249.9719232313934], [98.90473079968854, 249.47145016358047], [98.94862127971109, 248.97109965232295], [98.98609395292898, 248.47087169762085], [99.01714881934221, 247.97076629947415], [99.04178587895085, 247.47078345788287], [99.06000513175483, 246.97092317284705], [99.07180657775416, 246.47118544436654], [99.07719021694886, 245.9715702724415], [99.07615604933895, 245.47207765707188], [99.06870407492436, 244.97270759825764], [99.05483429370514, 244.4734600959988], [99.03454670568128, 243.97433515029542], [99.00784131085278, 243.4753327611474], [98.97471810921965, 242.97645292855486], [98.93517710078189, 242.47769565251767], [98.88921828553949, 241.97906093303595], [98.83684166349244, 241.48054877010958], [98.77804723464075, 240.98215916373863], [98.71283499898443, 240.48389211392316], [98.64120495652347, 239.985747620663], [98.56315710725787, 239.4877256839583], 