{"harita_boyut": {"genislik": 223, "yukseklik": 179}, "baslangic": [189.86859982128337, 155.0570727339531], "hedef": [151.2908402989492, 14.913599535507645], "engeller": [["dikdortgen", 58, 67, 12, 7], ["daire", 189, 127, 12], ["dikdortgen", 157, 124, 8, 15], ["daire", 135, 144, 7], ["dikdortgen", 9, 28, 8, 8], ["dikdortgen", 17, 139, 9, 12], ["daire", 196, 141, 6], ["daire", 160, 31, 8], ["dikdortgen", 174, 53, 11, 9], ["daire", 80, 28, 12], ["daire", 165, 44, 4], ["daire", 17, 59, 9], ["dikdortgen", 126, 24, 15, 15], ["dikdortgen", 135, 52, 7, 16], ["daire", 21, 73, 15], ["daire", 66, 35, 14], ["daire", 111, 121, 6], ["dikdortgen", 142, 115, 19, 14], ["dikdortgen", 60, 107, 6, 6]], "rrt_path": [[189.86859982128337, 155.0570727339531], [176.37104426906038, 152.24236049859874], [168.75843746546957, 150.29251271572429], [153.2890889572824, 150.36787303341177], [135.6600964590009, 156.61504867144689], [131.67652151951052, 156.9771684050492], [117.83737245575198, 149.22852686050487], [102.35885108555969, 139.49051529282835], [88.7310977160969, 127.17370024170276], [83.98529334070444, 110.15609364031972], [83.04784268033747, 103.5493676802745], [82.03525810070143, 103.2086212265758], [87.64534296274213, 88.09332799620545], [93.42164894912976, 73.170717301381], [97.47415455632132, 65.59734809664951], [105.76895934860154, 50.43610692376991], [113.63254821622635, 33.43105985511026], [119.8168766743506, 18.299151189384613], [139.33998073040306, 15.791409438913368], [151.2908402989492, 14.913599535507645]]}