{"harita_boyut": {"genislik": 327, "yukseklik": 173}, "baslangic": [127.30552812324807, 94.25105347316378], "hedef": [227.72344237045928, 78.29031699731982], "engeller": [["dikdortgen", 210, 59, 8, 6], ["daire", 291, 14, 8], ["dikdortgen", 217, 123, 16, 18], ["daire", 266, 123, 10], ["dikdortgen", 229, 154, 16, 9], ["daire", 67, 107, 14], ["dikdortgen", 200, 117, 6, 8], ["dikdortgen", 234, 57, 19, 18], ["dikdortgen", 193, 33, 17, 5], ["dikdortgen", 250, 76, 8, 17], ["daire", 103, 25, 3], ["dikdortgen", 305, 26, 9, 8], ["daire", 295, 140, 9], ["dikdortgen", 15, 151, 20, 20], ["daire", 222, 26, 15], ["dikdortgen", 237, 109, 6, 5], ["daire", 195, 20, 5], ["dikdortgen", 214, 86, 18, 20], ["daire", 231, 61, 7], ["daire", 182, 59, 11], ["daire", 150, 129, 15], ["daire", 289, 42, 15], ["dikdortgen", 155, 54, 11, 13], ["daire", 125, 70, 6], ["dikdortgen", 194, 130, 19, 9], ["dikdortgen", 250, 32, 10, 6], ["dikdortgen", 50, 74, 19, 5], ["daire", 167, 34, 7]], "rrt_path": [[127.30552812324807, 94.25105347316378], [144.83057728410924, 98.64489641317716], [159.58522098912613, 92.68478577507315], [174.91185015684826, 86.03361923306467], [174.08709280281437, 84.54463152091326], [187.40211702201782, 81.84621934789564], [202.1073862072974, 80.19101182458468], [209.99705409598275, 80.27249824728722], [227.72344237045928, 78.29031699731982]]}