{"harita_boyut": {"genislik": 212, "yukseklik": 320}, "baslangic": [81.0977357925347, 156.29285594648178], "hedef": [201.9483633639203, 67.42334261017366], "engeller": [["daire", 163, 165, 14], ["dikdortgen", 196, 136, 14, 13], ["daire", 185, 272, 11], ["dikdortgen", 7, 159, 6, 20], ["daire", 12, 261, 10], ["daire", 199, 311, 7], ["daire", 26, 280, 15], ["daire", 19, 208, 3], ["dikdortgen", 181, 183, 9, 16], ["dikdortgen", 179, 265, 8, 12], ["daire", 174, 167, 8], ["dikdortgen", 140, 31, 9, 11], ["daire", 109, 295, 6], ["dikdortgen", 55, 112, 8, 20], ["dikdortgen", 141, 240, 12, 7], ["dikdortgen", 27, 104, 5, 19], ["dikdortgen", 88, 275, 16, 10], ["daire", 17, 64, 7], ["dikdortgen", 147, 268, 14, 19], ["daire", 32, 114, 3], ["daire", 149, 281, 3], ["dikdortgen", 134, 236, 13, 5], ["dikdortgen", 11, 80, 6, 19], ["daire", 121, 218, 9], ["dikdortgen", 23, 11, 10, 17], ["daire", 175, 61, 15], ["dikdortgen", 47, 134, 5, 14], ["daire", 128, 58, 6], ["daire", 51, 44, 10], ["dikdortgen", 17, 183, 10, 13], ["dikdortgen", 145, 64, 7, 9], ["daire", 156, 226, 13], ["daire", 109, 178, 12]], "rrt_path": [[81.09773579253468, 156.29285594648175], [81.54704343991871, 156.06681912635355], [81.99412828295469, 155.83709704747946], [82.43899032164259, 155.6036897098594], [82.88162955598241, 155.36659711349333], [83.3220459859742, 155.1258192583814], [83.76023961161788, 154.8813561445234], [84.19621043291352, 154.63320777191953], [84.62995844986108, 154.3813741405697], [85.06148366246057, 154.1258552504739], [85.490786070712, 153.86665110163221], [85.91786567461536, 153.6037616940445], [86.34272247417066, 153.33718702771085], [86.76535646937788, 153.06692710263124], [87.18576766023703, 152.7929819188057], [87.60395604674812, 152.51535147623423], [88.01992162891116, 152.23403577491678], [88.43366440672612, 151.9490348148534], [88.845184380193, 151.66034859604403], [89.25448154931183, 151.36797711848874], [89.6615559140826, 151.07192038218753], [90.06640747450528, 150.77217838714031], [90.4690362305799, 150.46875113334715], [90.86944218230646, 150.16163862080805], [91.26762532968496, 149.85084084952302], [91.66358567271539, 149.53635781949203], [92.05802161743038, 149.21936927484435], [92.45435261579318, 148.90565133747822], [92.85303688802004, 148.5959780307909], [93.25407443411096, 148.2903493547824], [93.65746525406598, 147.9887653094527], [94.06320934788502, 147.69122589480176], [94.47130671556815, 147.3977311108297], [94.88175735711533, 147.1082809575364], [95.29456127252658, 146.8228754349219], [95.7097184618019, 146.54151454298622], [96.12722892494128, 146.26419828172936], [96.54709266194472, 145.99092665115126], [96.96930967281223, 145.72169965125204], [97.39387995754382, 145.45651728203157], [97.82080351613945, 145.19537954348993], [98.25008034859914, 144.93828643562708], [98.68171045492292, 144.68523795844305], [99.11569383511075, 144.43623411193784], [99.55203048916266, 144.19127489611142], [99.99072041707862, 143.9503603109638], [100.43176361885864, 143.71349035649496], [100.87516009450273, 143.480665032705], [101.32090984401088, 143.25188433959377], [101.76901286738314, 143.0271482771614], [102.21946916461941, 142.8064568454078], [102.67227873571976, 142.58981004433303], [103.12744158068416, 142.37720787393704], [103.58495769951264, 142.16865033421988], [104.0448270922052, 141.96413742518152], [104.50696040776052, 141.76350843993708], [104.968538969955, 141.56169370194266], [105.42821932105574, 141.356276865504], [105.88600146106262, 141.14725793062104], [106.34188538997573, 140.9346368972938], [106.79587110779507, 140.71841376552234], [107.24795861452061, 140.49858853530665], [107.69814791015234, 140.27516120664663], [108.1464389946903, 140.04813177954236], [108.59283186813445, 139.81750025399387], [109.03732653048483, 139.58326663000108], [109.47992298174138, 139.34543090756398], [109.92062122190417, 139.10399308668266], [110.35942125097314, 138.85895316735707], [110.79632306894835, 138.61031114958723], [111.23132667582975, 138.35806703337312], [111.66443207161736, 138.10222081871473], [112.09563925631119, 137.8427725056121], [112.52494822991122, 137.57972209406518], [112.95235899241743, 137.313069584074], [113.3778715438299, 137.04281497563858], [113.80148588414852, 136.76895826875887], [114.2232020133734, 136.49149946343488], [114.64301993150445, 136.21043855966664], [115.06093963854175, 135.92577555745416], [115.47696113448522, 135.6375104567974], [115.89108441933492, 135.34564325769637], [116.3033094930908, 135.05017396015108], [116.71350839062124, 134.7519414082333], [117.12150336870512, 134.4521107540852], [117.5272932726179, 134.15068956722044], [117.93087810235964, 133.8476778476391], [118.33225785793029, 133.54307559534112], [118.7314325393299, 133.23688281032662], [119.12840214655839, 132.9290994925954], [119.52316667961583, 132.6197256421476], [119.9157261385022, 132.30876125898322], [120.3060805232175, 131.99620634310224], [120.69422983376172, 131.68206089450464], [121.08017407013486, 131.36632491319037], [121.46391323233692, 131.04899839915953], [121.84544732036797, 130.7300813524121], [122.2247763342279, 130.40957377294805], [122.60190027391675, 130.08747566076735], [122.97681913943454, 129.7637870158701], [123.34953293078125, 129.43850783825619], [123.72004164795689, 129.11163812792566], [124.08834529096147, 128.78317788487857], [124.45444385979499, 128.45312710911486], [124.81833735445738, 128.12148580063453], [125.18002577494875, 127.78825395943758], [125.53950912126903, 127.45343158552403], [125.89678739341825, 127.11701867889386], [126.25186059139637, 126.77901523954708], [126.60472871520346, 126.43942126748371], [126.95539176483942, 126.09823676270368], [127.30384974030437, 125.7554617252071], [127.6501026415982, 125.41109615499387], [127.99415046872097, 125.06514005206404], [128.33599322167265, 124.7175934164176], [128.6754586640947, 124.36799621895187], [129.0105741550215, 124.01107969840986], [129.3407805792655, 123.64535050425825], [129.66607793682687, 123.27080863649714], [129.98646622770548, 122.8874540951264], [130.3019454519014, 122.4952868801461], [130.61251560941457, 122.09430699155625], [130.91817670024506, 121.68451442935685], [131.21892872439284, 121.26590919354788], [131.5147716818579, 120.83849128412932], [131.80570557264022, 120.40226070110121], [132.09173039673985, 119.95721744446352], [132.37284615415678, 119.5033615142163], [132.64905284489097, 119.0406929103595], [132.92035046894244, 118.5692116328931], [133.18673902631122, 118.08891768181715], [133.4482185169973, 117.59981105713165], [133.70478894100063, 117.10189175883656], [133.95645029832127, 116.59515978693194], [134.20320258895916, 116.0796151414177], [134.44504581291434, 115.55525782229394], [134.68197997018686, 115.02208782956062], [134.91400506077662, 114.4801051632177], [135.14112108468368, 113.92930982326523], [135.363328041908, 113.36970180970317], [135.58062593244964, 112.80128112253158], [135.79301475630854, 112.2240477617504], [136.00049451348477, 111.63800172735966], [136.20762408415314, 111.05362946179108], [136.43602950010182, 110.52067566739954], [136.68850399945262, 110.04556541561473], [136.96504758220553, 109.62829870643664], [137.26566024836058, 109.26887553986523], [137.59034199791773, 108.96729591590055], [137.93909283087706, 108.72355983454258], [138.3119127472385, 108.5376672957913], [138.70880174700204, 108.4096182996467], [139.12975983016773, 108.33941284610884], [139.57478699673555, 108.32705093517768], [140.0438832467055, 108.37253256685321], [140.5370003487929, 108.47579679088894], [141.0370298477879, 108.61522352044408], [141.53017454118958, 108.7733771242727], [142.016434428998, 108.95025760237482], [142.4958095112132, 109.14586495475045], [142.96829978783512, 109.3601991813996], [143.43390525886377, 109.59326028232219], [143.89262592429913, 109.8450482575183], [144.3444617841413, 110.1155631069879], [144.78941283839012, 110.40480483073102], [145.2274790870457, 110.71277342874762], [145.65866053010802, 111.03946890103774], 