{"harita_boyut": {"genislik": 318, "yukseklik": 153}, "baslangic": [276.48151390899443, 41.1878784204581], "hedef": [217.1755349468266, 122.8210786187202], "engeller": [["daire", 44, 86, 9], ["dikdortgen", 246, 18, 11, 5], ["daire", 19, 109, 12], ["daire", 312, 15, 3], ["daire", 273, 136, 6], ["dikdortgen", 206, 22, 7, 13], ["dikdortgen", 69, 116, 13, 11], ["dikdortgen", 120, 20, 8, 15], ["daire", 211, 61, 12], ["daire", 150, 39, 13], ["daire", 246, 137, 11], ["dikdortgen", 283, 68, 11, 17], ["dikdortgen", 100, 52, 17, 14], ["daire", 206, 97, 10], ["dikdortgen", 243, 79, 9, 15], ["daire", 116, 88, 11], ["daire", 250, 72, 8], ["daire", 157, 80, 14], ["dikdortgen", 31, 64, 13, 20], ["daire", 253, 31, 6], ["dikdortgen", 22, 18, 18, 9], ["daire", 303, 19, 5], ["daire", 254, 16, 11], ["daire", 129, 87, 6]], "rrt_path": [[276.48151390899443, 41.1878784204581], [266.1407852265015, 44.75054310545755], [256.479898652377, 48.95483747959009], [243.5871881346598, 59.61260342728424], [228.3836506078406, 71.90767558804585], [215.17517998380268, 78.77323082749881], [211.17626800734666, 78.86652072275366], [194.38322022671497, 78.50946143774758], [192.95451462852304, 80.39640325427642], [192.2669144308876, 87.87469502914138], [189.63124975448665, 101.33762709225856], [189.69995360489864, 105.33703702135291], [201.98585508857087, 113.64491745441055], [217.1755349468266, 122.8210786187202]]}