{"harita_boyut": {"genislik": 251, "yukseklik": 489}, "baslangic": [198.1834283986067, 41.31325478341366], "hedef": [14.303712063613423, 394.8217351461657], "engeller": [["daire", 85, 117, 14], ["daire", 45, 192, 5], ["dikdortgen", 152, 212, 14, 10], ["dikdortgen", 230, 72, 15, 9], ["dikdortgen", 159, 447, 6, 15], ["daire", 36, 417, 3], ["dikdortgen", 122, 284, 10, 15], ["dikdortgen", 164, 20, 15, 18], ["dikdortgen", 218, 459, 6, 15], ["dikdortgen", 138, 6, 9, 12], ["dikdortgen", 12, 10, 19, 19], ["daire", 198, 190, 11], ["daire", 207, 202, 8], ["dikdortgen", 66, 308, 13, 7], ["daire", 35, 453, 5], ["dikdortgen", 117, 340, 13, 7], ["dikdortgen", 236, 123, 11, 9], ["dikdortgen", 217, 408, 5, 20], ["daire", 19, 225, 6], ["daire", 242, 253, 7], ["dikdortgen", 18, 19, 16, 13], ["daire", 19, 58, 7], ["dikdortgen", 3, 407, 19, 14], ["daire", 169, 458, 4], ["daire", 195, 460, 4], ["daire", 213, 465, 12], ["dikdortgen", 129, 399, 6, 18], ["dikdortgen", 203, 166, 5, 8], ["dikdortgen", 57, 243, 15, 13], ["dikdortgen", 220, 50, 13, 19], ["daire", 100, 244, 4], ["daire", 49, 92, 5], ["dikdortgen", 166, 227, 7, 8], ["daire", 116, 75, 8], ["dikdortgen", 193, 50, 6, 8], ["daire", 135, 276, 10], ["dikdortgen", 67, 68, 8, 16], ["dikdortgen", 62, 329, 19, 12], ["daire", 110, 69, 3], ["daire", 202, 430, 3], ["daire", 170, 194, 13], ["dikdortgen", 118, 62, 14, 8], ["dikdortgen", 25, 408, 13, 5], ["daire", 119, 51, 7], ["daire", 181, 214, 4], ["dikdortgen", 119, 329, 5, 5], ["dikdortgen", 135, 167, 19, 16], ["dikdortgen", 108, 175, 6, 14], ["daire", 62, 206, 14], ["dikdortgen", 135, 58, 9, 19], ["dikdortgen", 29, 89, 11, 16], ["dikdortgen", 175, 426, 16, 11], ["dikdortgen", 156, 190, 10, 17], ["daire", 128, 66, 8], ["daire", 70, 18, 8], ["daire", 226, 188, 10], ["daire", 210, 91, 10], ["daire", 218, 204, 15], ["dikdortgen", 91, 208, 19, 13], ["dikdortgen", 9, 453, 16, 8], ["daire", 48, 333, 12]], "rrt_path": [[198.1834283986067, 41.31325478341366], [188.55005046864014, 44.17596543657956], [186.13557971877876, 47.3650610761087], [178.20380793684768, 65.70687343889243], [175.18120849454152, 76.79035658652217], [171.34511666373513, 87.51116432794568], [168.33074429184148, 98.57143898180777], [168.76858474555226, 117.05040604814839], [160.0262588328445, 132.98328073910528], [151.71108277533338, 145.80573851890216], [137.66073891450088, 159.1019831726257], [122.28134036960401, 164.32156418760079], [103.97971318545709, 168.76107422814422], [91.33253099632992, 182.80793458086185], [86.16237204071298, 198.8379266928431], [84.61256402807062, 209.92147393118967], [86.21107729424726, 228.9931606021469], [89.45496366995526, 242.66913574322112], [91.00720092280727, 258.12163591912537], [89.15509446199125, 259.90254384552884], [102.80315221097216, 264.04152172171183], [112.03225263069928, 278.79939449231256], [106.37743306163722, 296.85234763845443], [100.02049077227079, 314.5758959106172], [94.14258194711104, 332.8134267608085], [86.62263448929949, 347.80826764764083], [75.38730925730029, 354.2516870132277], [60.55549321115861, 363.6196845722336], [46.259650505176374, 376.42294518329317], [39.71199736315846, 386.28422610211254], [21.43333434564341, 394.1447927750457], [14.303712063613423, 394.8217351461657]]}