{"harita_boyut": {"genislik": 380, "yukseklik": 440}, "baslangic": [218.0317079591418, 286.66837129916564], "hedef": [109.46443194704833, 231.2773429226733], "engeller": [["dikdortgen", 298, 351, 20, 12], ["daire", 197, 39, 11], ["daire", 354, 361, 15], ["daire", 63, 307, 13], ["dikdortgen", 32, 304, 12, 7], ["dikdortgen", 256, 174, 14, 13], ["dikdortgen", 310, 404, 8, 5], ["daire", 134, 95, 9], ["dikdortgen", 346, 228, 5, 15], ["dikdortgen", 166, 112, 8, 20], ["daire", 33, 226, 13], ["daire", 164, 202, 3], ["daire", 54, 87, 15], ["daire", 218, 46, 7], ["daire", 150, 183, 10], ["dikdortgen", 70, 228, 6, 20], ["daire", 137, 420, 12], ["dikdortgen", 305, 232, 14, 10], ["dikdortgen", 27, 90, 14, 16], ["dikdortgen", 264, 160, 5, 5], ["dikdortgen", 298, 307, 17, 6], ["daire", 96, 142, 6], ["dikdortgen", 126, 327, 17, 17], ["daire", 216, 192, 5], ["daire", 96, 339, 6], ["dikdortgen", 159, 333, 12, 8], ["dikdortgen", 83, 397, 16, 14], ["dikdortgen", 355, 386, 7, 6], ["daire", 303, 167, 13], ["dikdortgen", 5, 189, 14, 17], ["dikdortgen", 107, 396, 9, 17], ["daire", 79, 317, 12], ["dikdortgen", 189, 351, 18, 6], ["dikdortgen", 104, 285, 19, 10], ["daire", 68, 55, 14], ["dikdortgen", 51, 315, 6, 11], ["daire", 110, 245, 8], ["daire", 316, 164, 5], ["daire", 9, 60, 8], ["daire", 149, 410, 14], ["daire", 149, 225, 5], ["dikdortgen", 185, 111, 13, 12], ["daire", 42, 256, 4], ["dikdortgen", 307, 186, 12, 15], ["dikdortgen", 108, 339, 10, 6], ["daire", 274, 203, 4], ["daire", 126, 266, 7], ["dikdortgen", 329, 278, 5, 10], ["daire", 217, 66, 12], ["daire", 189, 259, 10], ["daire", 114, 403, 6], ["daire", 37, 431, 4], ["daire", 134, 73, 3], ["dikdortgen", 355, 268, 19, 5], ["dikdortgen", 6, 276, 19, 8], ["daire", 194, 234, 9], ["daire", 106, 374, 15], ["dikdortgen", 197, 306, 11, 10], ["daire", 156, 172, 13], ["dikdortgen", 309, 202, 18, 13], ["daire", 187, 43, 3], ["dikdortgen", 268, 12, 16, 18], ["dikdortgen", 218, 228, 11, 19], ["daire", 47, 233, 4], ["dikdortgen", 22, 256, 14, 9], ["daire", 273, 271, 8], ["dikdortgen", 325, 395, 20, 13], ["daire", 153, 262, 13], ["daire", 104, 165, 14], ["daire", 35, 39, 10], ["dikdortgen", 349, 240, 17, 11], ["dikdortgen", 162, 236, 20, 7], ["dikdortgen", 330, 396, 18, 10], ["daire", 237, 158, 3], ["daire", 128, 396, 6], ["dikdortgen", 175, 301, 5, 15], ["daire", 266, 156, 11], ["dikdortgen", 237, 324, 11, 18], ["dikdortgen", 245, 158, 6, 15], ["dikdortgen", 361, 9, 6, 18], ["dikdortgen", 61, 109, 9, 11], ["dikdortgen", 72, 140, 14, 18], ["dikdortgen", 3, 107, 17, 18]], "rrt_path": [[218.0317079591418, 286.66837129916564], [216.4651445197326, 276.28120789682], [214.7809776828459, 265.3815604432672], [210.22959575874668, 248.4489360809288], [210.91406545004781, 231.39372968288922], [212.58920398737678, 215.13980286772048], [203.85079083042106, 198.87435951495755], [204.93188200516795, 180.26154988573114], [215.72292874237863, 169.0547047153038], [220.29956530517737, 160.07209766554053], [225.0635732799214, 150.45733267404785], [234.65780764950406, 133.57787232496253], [241.0524321025249, 117.77965992535795], [239.18159579035915, 118.82514134411221], [223.88332376396735, 121.19802034760625], [208.26493698470182, 125.7694638972569], [195.88242223535244, 133.14697399643975], [186.3949366872433, 136.37361047983623], [169.81262630924738, 143.77516052514486], [163.00738826421912, 146.3878783310966], [148.82122568373018, 152.6318952160602], [137.6459075530641, 162.49572586391864], [125.04118176479298, 173.84282728169157], [116.01263439157792, 181.43105736525465], [111.869157601457, 194.0740507131373], [107.62252561219483, 211.9387033561113], [109.46443194704833, 231.2773429226733]]}