{"harita_boyut": {"genislik": 187, "yukseklik": 268}, "baslangic": [163.25173310870446, 160.89829141033798], "hedef": [76.04054903462901, 221.7243737936603], "engeller": [["daire", 149, 226, 3], ["dikdortgen", 142, 33, 12, 15], ["dikdortgen", 7, 47, 6, 20], ["dikdortgen", 94, 164, 18, 11], ["daire", 122, 133, 4], ["dikdortgen", 22, 240, 11, 15], ["dikdortgen", 145, 106, 10, 17], ["daire", 31, 146, 10], ["dikdortgen", 171, 188, 13, 15], ["daire", 58, 250, 13], ["dikdortgen", 125, 235, 20, 18], ["daire", 150, 80, 11], ["daire", 135, 223, 4], ["daire", 159, 118, 13], ["daire", 17, 210, 5], ["dikdortgen", 75, 159, 9, 15], ["daire", 157, 106, 10], ["daire", 115, 185, 9], ["daire", 145, 68, 10], ["dikdortgen", 106, 154, 11, 17], ["daire", 39, 86, 5], ["daire", 47, 256, 7], ["daire", 22, 229, 9], ["daire", 149, 207, 8], ["dikdortgen", 43, 254, 15, 11]], "rrt_path": [[163.25173310870446, 160.89829141033798], [157.7453576205593, 159.64019842426458], [142.8962119079454, 157.39949686836658], [132.410157262415, 150.6549740387705], [119.38080901806977, 144.49460972836752], [110.5249903889354, 139.56928176289372], [94.5202984383878, 130.8598245797633], [94.80434850182526, 132.92816859219647], [87.39335369623619, 138.78126983978206], [74.70770394384273, 149.65771941181387], [68.61068966884608, 154.50140112811238], [68.66706887546655, 162.0428434933605], [68.80870776377928, 179.91860604844936], [76.97378863696031, 193.47113326339016], [75.48325685830841, 202.5466953479085], [76.04054903462901, 221.7243737936603]]}