{"harita_boyut": {"genislik": 321, "yukseklik": 189}, "baslangic": [106.93212443274635, 61.85111727735899], "hedef": [281.5026545499637, 94.29581122207043], "engeller": [["daire", 232, 166, 8], ["dikdortgen", 88, 62, 12, 10], ["daire", 96, 93, 15], ["daire", 84, 39, 3], ["daire", 249, 165, 12], ["daire", 16, 116, 9], ["dikdortgen", 295, 177, 16, 5], ["dikdortgen", 177, 144, 13, 16], ["dikdortgen", 218, 63, 11, 7], ["dikdortgen", 64, 139, 12, 5], ["daire", 135, 106, 6], ["daire", 80, 30, 12], ["daire", 76, 34, 11], ["daire", 148, 100, 8], ["daire", 47, 40, 15], ["dikdortgen", 196, 53, 16, 18], ["dikdortgen", 117, 168, 16, 5], ["daire", 55, 80, 14], ["dikdortgen", 11, 69, 20, 10], ["daire", 117, 158, 7], ["dikdortgen", 32, 44, 11, 7], ["dikdortgen", 179, 36, 6, 18], ["dikdortgen", 241, 167, 15, 16], ["dikdortgen", 99, 145, 13, 8], ["dikdortgen", 232, 87, 17, 8], ["dikdortgen", 78, 111, 6, 19], ["dikdortgen", 75, 147, 7, 19], ["dikdortgen", 213, 104, 16, 16], ["dikdortgen", 227, 153, 9, 8], ["daire", 264, 147, 14]], "rrt_path": [[106.93212443274635, 61.85111727735899], [120.7636420269464, 66.8257809825308], [132.63148493185307, 70.30662439892562], [149.99271432027606, 68.52578406962128], [153.98199748692718, 68.23317542949951], [172.58075496957215, 72.57935536447324], [183.85538884499817, 79.93663490783013], [190.3918005863992, 84.51802404525033], [208.17510705055037, 85.40949179904095], [225.78472447769983, 83.95454573255621], [227.83504815518876, 80.51999003821548], [242.12641399515647, 77.86719045738782], [242.39939333540238, 74.09272843976039], [249.234863570474, 78.82115971559548], [260.4794490527638, 86.1806411996529], [274.4537170695759, 93.28683249276423], [281.5026545499637, 94.29581122207043]]}