{"harita_boyut": {"genislik": 467, "yukseklik": 341}, "baslangic": [216.01278147732265, 7.169393292912316], "hedef": [370.8206996291222, 102.36557160104772], "engeller": [["daire", 83, 311, 5], ["dikdortgen", 37, 297, 8, 6], ["daire", 68, 295, 9], ["dikdortgen", 7, 62, 18, 6], ["dikdortgen", 77, 63, 14, 19], ["dikdortgen", 351, 216, 11, 10], ["dikdortgen", 326, 102, 11, 18], ["dikdortgen", 233, 121, 13, 19], ["daire", 396, 305, 3], ["dikdortgen", 118, 86, 7, 16], ["dikdortgen", 210, 225, 11, 13], ["daire", 258, 172, 10], ["dikdortgen", 422, 85, 5, 14], ["dikdortgen", 373, 119, 15, 8], ["daire", 21, 53, 15], ["dikdortgen", 45, 315, 20, 20], ["daire", 164, 112, 9], ["dikdortgen", 80, 82, 6, 11], ["daire", 180, 87, 11], ["dikdortgen", 55, 74, 20, 16], ["daire", 331, 267, 14], ["daire", 436, 318, 15], ["dikdortgen", 71, 96, 5, 15], ["dikdortgen", 400, 274, 8, 11], ["dikdortgen", 249, 77, 17, 16], ["daire", 143, 265, 13], ["daire", 96, 252, 5], ["dikdortgen", 185, 107, 10, 9], ["dikdortgen", 104, 174, 13, 5], ["daire", 29, 255, 8], ["daire", 63, 46, 12], ["daire", 52, 66, 13], ["daire", 218, 288, 11], ["dikdortgen", 212, 63, 18, 16], ["daire", 255, 96, 7], ["daire", 251, 274, 11], ["dikdortgen", 350, 70, 20, 16], ["dikdortgen", 75, 81, 10, 16], ["dikdortgen", 113, 226, 15, 5], ["dikdortgen", 397, 263, 13, 18], ["daire", 300, 45, 4], ["daire", 397, 37, 9], ["dikdortgen", 107, 92, 10, 14], ["dikdortgen", 34, 226, 15, 16], ["dikdortgen", 111, 263, 19, 18], ["dikdortgen", 416, 214, 5, 16], ["dikdortgen", 370, 229, 16, 5], ["daire", 31, 96, 5], ["daire", 24, 13, 9], ["dikdortgen", 417, 158, 15, 17], ["daire", 46, 102, 10], ["dikdortgen", 122, 43, 11, 8], ["daire", 457, 142, 8], ["daire", 286, 284, 3], ["dikdortgen", 389, 183, 16, 14], ["daire", 28, 48, 8], ["dikdortgen", 66, 253, 19, 15], ["dikdortgen", 370, 158, 12, 15], ["daire", 114, 307, 6], ["dikdortgen", 5, 40, 18, 10], ["dikdortgen", 49, 20, 15, 11], ["daire", 84, 130, 12], ["daire", 183, 206, 3], ["daire", 149, 298, 8], ["dikdortgen", 159, 244, 17, 11], ["daire", 217, 149, 13], ["dikdortgen", 301, 79, 9, 6], ["dikdortgen", 408, 258, 16, 8], ["dikdortgen", 3, 272, 12, 20], ["dikdortgen", 256, 111, 17, 19], ["daire", 226, 248, 3], ["daire", 104, 93, 9], ["dikdortgen", 3, 58, 13, 7], ["dikdortgen", 450, 308, 11, 19], ["daire", 23, 243, 10], ["dikdortgen", 92, 46, 9, 11], ["daire", 63, 124, 4], ["daire", 308, 271, 9], ["dikdortgen", 170, 287, 11, 15]], "rrt_path": [[216.01278147732265, 7.169393292912317], [215.87539469438937, 7.720689117684852], [215.7472375371143, 8.269037943325024], [215.62831000549747, 8.814439769832832], [215.51861209953887, 9.356894597208276], [215.41814381923834, 9.896402425451354], [215.32690516459607, 10.432963254562068], [215.244896135612, 10.96657708454042], [215.17211673228618, 11.497243915386406], [215.10856695461854, 12.02496374710003], [215.0542468026091, 12.549736579681289], [215.0091562762578, 13.071562413130183], [214.97329537556473, 13.59044124744671], [214.9466641005299, 14.10637308263088], [214.92926245115322, 14.61935791868268], [214.9210904274348, 15.129395755602118], [214.9221480293745, 15.636486593389192], [214.93243525697247, 16.1406304320439], [214.9519521102286, 16.641827271566246], [214.98069858914297, 17.14007711195623], [215.0186746937155, 17.635379953213842], [215.06588042394628, 18.1277357953391], [215.12231577983525, 18.61714463833199], [215.18798076138236, 19.103606482192514], [215.2628753685877, 19.58712132692067], [215.34699960145127, 20.06768917251647], [215.440353459973, 20.545310018979904], [215.54293694415298, 21.019983866310973], [215.6547500539911, 21.491710714509676], [215.77579278948744, 21.960490563576013], [215.906065150642, 22.426323413509987], [216.04556713745478, 22.8892092643116], [216.1942987499257, 23.34914811598085], [216.35225998805484, 23.80613996851773], [216.5194508518422, 24.260184821922252], [216.69587134128776, 24.711282676194408], [216.8815214563915, 25.159433531334194], [217.07640119715347, 25.604637387341626], [217.2805105635736, 26.046894244216688], [217.49384955565205, 26.486204101959387], [217.71641817338852, 26.92256696056972], [217.94821641678328, 27.355982820047693], [218.18924428583625, 27.786451680393295], [218.43950178054743, 28.213973541606542], [218.6989889009168, 28.638548403687416], [218.96770564694435, 29.060176266635935], [219.24565201863007, 29.478857130452077], [219.53282801597402, 29.894590995135864], [219.8292336389762, 30.307377860687286], [220.13486888763657, 30.717217727106345], [220.44973376195514, 31.124110594393038], [220.77382826193192, 31.52805646254737], [221.10715238756688, 31.929055331569334], [221.44970613886005, 32.32710720145894], [221.8014895158114, 32.72221207221617], [222.1601270603732, 33.113172965547534], [222.52201022125706, 33.49817155527055], [222.8871013952812, 33.87718889337975], [223.25540058244567, 34.25022497987515], [223.62690778275052, 34.61727981475673], [224.0016229961958, 34.97835339802452], [224.37954622278139, 35.33344572967848], [224.76067746250737, 35.68255680971864], [225.1450167153738, 36.025686638145], [225.5325639813805, 36.36283521495754], [225.92331926052756, 36.69400254015627], [226.31728255281507, 37.0191886137412], [226.71445385824288, 37.33839343571233], [227.11483317681106, 37.65161700606962], [227.51842050851963, 37.958859324813126], [227.92521585336863, 38.26012039194282], [228.33521921135795, 38.55540020745871], [228.7484305824876, 38.84469877136078], [229.16484996675763, 39.128016083649044], [229.5844773641681, 39.40535214432351], [230.00731277471886, 39.676706953384155], [230.43335619841002, 39.942080510831], [230.8626076352416, 40.20147281666404], [231.29506708521347, 40.454883870883265], [231.73073454832573, 40.702313673488675], [232.1696100245784, 40.94376222448028], [232.61169351397137, 41.17922952385808], [233.05698501650477, 41.408715571622075], [233.50548453217854, 41.632220367772256], [233.95719206099267, 41.849743912308625], [234.41210760294717, 42.0612862052312], [234.87023115804203, 42.26684724653995], [235.33156272627727, 42.466427036234904], [235.79610230765286, 42.66002557431604], [236.26384990216883, 42.84764286078337], [236.7348055098252, 43.02927889563691], [237.2089691306219, 43.204933678876614], [237.68568489310843, 43.375642543844094], [238.16280425649035, 43.54479709405931], [238.64015984718637, 43.71266153899384], [239.1177516651963, 43.87923587864768], [239.5955797105202, 44.0445201130208], [240.07364398315806, 44.20851424211323], [240.5519444831099, 44.371218265924966], [241.03048121037574, 44.532632184456006], [241.50925416495556, 44.69275599770634], [241.98826334684935, 44.85158970567598], [242.4675087560571, 45.00913330836491], [242.94699039257887, 45.16538680577316], [243.42670825641457, 45.32035019790071], [243.90666234756426, 45.47402348474755], [244.38685266602792, 45.62640666631369], [244.8672792118056, 45.77749974259915], [245.34794198489723, 45.92730271360389], [245.82884098530286, 46.07581557932795], [246.30997621302242, 46.22303833977129], [246.79134766805595, 46.368970994933946], [247.27295535040355, 46.51361354481591], [247.754799260065, 46.65696598941716], [248.2368793970405, 46.79902832873773], [248.71919576132996, 46.939800562777585], [249.20174835293335, 47.07928269153673], [249.6845371718508, 47.21747471501521], [250.1675622180822, 47.35437663321298], [250.65082349162753, 47.48998844613004], [251.1343209924869, 47.62431015376641], [251.6180547206602, 47.75734175612209], [252.1020246761475, 47.88908325319706], [252.58623085894885, 48.01953464499134], [253.07067326906406, 48.1486959315049], [253.55535190649334, 48.27656711273778], [254.04026677123647, 48.40314818868996], [254.52541786329368, 48.52843915936144], [255.01080518266485, 48.65244002475223], [255.49642267967326, 48.775180757412805], [255.9819686681718, 48.898156032782985], [256.46727506424344, 49.02219860670833], [256.9523418678884, 49.14730847918883], [257.4371690791064, 49.27348565022448], [257.9217566978976, 49.4007301198153], [258.40610472426204, 