{"harita_boyut": {"genislik": 372, "yukseklik": 170}, "baslangic": [82.63576681564665, 123.53244167693988], "hedef": [331.3037737933657, 69.51947966491556], "engeller": [["dikdortgen", 21, 94, 6, 16], ["daire", 46, 10, 5], ["dikdortgen", 146, 33, 17, 16], ["dikdortgen", 55, 103, 15, 5], ["daire", 219, 78, 7], ["daire", 146, 77, 13], ["dikdortgen", 327, 110, 16, 7], ["daire", 102, 107, 3], ["daire", 33, 95, 6], ["dikdortgen", 355, 59, 17, 5], ["dikdortgen", 285, 57, 10, 18], ["daire", 50, 20, 11], ["daire", 60, 55, 6], ["dikdortgen", 2, 5, 12, 15], ["dikdortgen", 325, 36, 6, 6], ["dikdortgen", 351, 98, 12, 13], ["daire", 241, 112, 15], ["daire", 293, 63, 11], ["daire", 311, 154, 13], ["dikdortgen", 132, 28, 14, 15], ["daire", 327, 135, 5], ["dikdortgen", 93, 48, 13, 13], ["daire", 331, 135, 11], ["daire", 94, 73, 13], ["dikdortgen", 215, 99, 19, 15], ["daire", 109, 137, 13], ["dikdortgen", 193, 160, 12, 9], ["daire", 291, 122, 12], ["daire", 20, 44, 13], ["dikdortgen", 143, 92, 9, 15], ["daire", 295, 160, 5]], "rrt_path": [[82.63576681564665, 123.53244167693988], [99.8766714617535, 116.66603485776805], [115.48902355810901, 119.90958522641603], [134.44237226687736, 119.59816235648302], [145.15166781823058, 116.8646917790108], [160.74818096172805, 110.89161025323625], [164.33041346582422, 109.63462702784106], [172.35289336957266, 97.6442664442115], [180.24372087871, 85.50866119445067], [191.83075611099358, 73.98453089825958], [203.14576109489315, 59.911578172800716], [206.97004857799965, 58.739048750331925], [224.66214498501765, 55.39661896595131], [242.69870477346674, 50.94593553145656], [257.9621901600555, 45.812130347135096], [265.4779497499455, 44.24488160968859], [281.659124461901, 40.935028238635546], [300.8994754649553, 43.61210487522016], [317.8585785593889, 47.51120236831046], [320.68635548621717, 50.34027954154162], [331.1484078560735, 65.52249812561253], [331.3037737933657, 69.51947966491556]]}