{"harita_boyut": {"genislik": 142, "yukseklik": 469}, "baslangic": [15.688947156427847, 203.6448692476963], "hedef": [105.76096118802143, 320.24896422717796], "engeller": [["daire", 55, 32, 6], ["daire", 92, 251, 10], ["daire", 13, 67, 10], ["daire", 101, 155, 3], ["dikdortgen", 36, 158, 14, 14], ["daire", 31, 339, 15], ["dikdortgen", 6, 107, 13, 8], ["dikdortgen", 99, 98, 18, 20], ["daire", 6, 307, 6], ["daire", 115, 18, 13], ["daire", 84, 248, 7], ["daire", 83, 22, 10], ["daire", 53, 103, 11], ["dikdortgen", 118, 82, 17, 18], ["daire", 38, 433, 10], ["daire", 18, 250, 5], ["dikdortgen", 67, 324, 12, 10], ["daire", 48, 22, 4], ["dikdortgen", 117, 132, 5, 13], ["dikdortgen", 84, 180, 17, 10], ["daire", 17, 111, 10], ["daire", 95, 26, 11], ["daire", 101, 61, 15], ["daire", 28, 226, 15], ["daire", 120, 51, 14], ["dikdortgen", 121, 305, 19, 18], ["dikdortgen", 91, 381, 5, 20], ["dikdortgen", 42, 367, 18, 19], ["dikdortgen", 13, 386, 8, 15], ["daire", 108, 359, 10], ["daire", 70, 111, 11], ["dikdortgen", 36, 175, 15, 17], ["daire", 9, 403, 4]], "rrt_path": [[15.688947156427847, 203.6448692476963], [33.33960324363137, 204.23485795492357], [42.56303784858363, 211.86628800592445], [51.02319952515202, 218.4330389203117], [60.93046337013316, 234.03374610900158], [63.2830628413472, 241.4766296516213], [71.96031656690555, 255.56870011450246], [75.41557159813289, 273.54743420731194], [75.65484344568999, 280.8170287000617], [75.14797553473012, 283.2992905219711], [91.02883652665615, 291.6934940698092], [95.36736571275576, 300.52801193527097], [102.27227907596098, 315.17783816449736], [105.76096118802143, 320.24896422717796]]}