{"harita_boyut": {"genislik": 247, "yukseklik": 355}, "baslangic": [185.49772153404857, 175.4861360186275], "hedef": [42.29206890331157, 50.704588725022134], "engeller": [["daire", 204, 230, 8], ["dikdortgen", 23, 195, 16, 9], ["dikdortgen", 14, 317, 8, 19], ["dikdortgen", 197, 250, 11, 7], ["dikdortgen", 79, 165, 7, 17], ["daire", 149, 135, 11], ["dikdortgen", 17, 272, 10, 13], ["dikdortgen", 240, 147, 7, 12], ["dikdortgen", 95, 339, 18, 5], ["dikdortgen", 195, 163, 7, 16], ["daire", 87, 84, 8], ["daire", 80, 241, 12], ["daire", 207, 335, 8], ["daire", 71, 177, 14], ["dikdortgen", 200, 262, 18, 19], ["daire", 78, 181, 14], ["daire", 52, 258, 12], ["daire", 43, 32, 5], ["dikdortgen", 38, 199, 12, 17], ["dikdortgen", 65, 194, 20, 17], ["dikdortgen", 0, 74, 7, 18], ["daire", 163, 33, 5], ["daire", 141, 132, 14], ["dikdortgen", 31, 172, 6, 18], ["dikdortgen", 124, 317, 12, 16], ["dikdortgen", 1, 109, 5, 5], ["dikdortgen", 118, 291, 7, 11], ["daire", 96, 118, 11], ["daire", 108, 172, 10], ["daire", 109, 335, 14], ["daire", 180, 303, 7], ["daire", 53, 219, 8], ["dikdortgen", 137, 60, 16, 5], ["dikdortgen", 101, 297, 5, 8], ["dikdortgen", 80, 7, 11, 15], ["daire", 207, 225, 8], ["dikdortgen", 92, 163, 5, 20], ["dikdortgen", 68, 284, 5, 13], ["daire", 126, 12, 7], ["dikdortgen", 159, 195, 8, 18], ["dikdortgen", 54, 123, 13, 19], ["daire", 25, 171, 7], ["dikdortgen", 206, 203, 11, 16]], "rrt_path": [[185.49772153404857, 175.4861360186275], [178.81967266021525, 166.88338131410103], [165.80097032631048, 153.50453960555285], [148.29630729306297, 152.6191290111792], [134.11347388316938, 151.38411717926212], [127.64265442029037, 147.78550894417094], [118.358600353046, 132.00589773599071], [117.68499141553147, 128.06302429149613], [112.92252421613787, 110.79535732430483], [113.8799438787573, 106.91162875633954], [115.24920520018638, 106.18186949191342], [102.80057625127235, 102.13083030762293], [87.26180990231907, 99.40586440435845], [70.71109866289527, 97.10344539642003], [67.06147187934381, 95.46630632450713], [55.844330446563916, 79.71069907537087], [52.5319597948883, 62.27549958932245], [42.29206890331157, 50.704588725022134]]}