{"harita_boyut": {"genislik": 312, "yukseklik": 187}, "baslangic": [31.797534536541058, 157.0695279461843], "hedef": [122.22965577612085, 103.70190893480179], "engeller": [["dikdortgen", 55, 68, 11, 20], ["dikdortgen", 36, 166, 11, 19], ["dikdortgen", 40, 150, 7, 7], ["daire", 294, 81, 8], ["daire", 88, 77, 5], ["dikdortgen", 121, 13, 19, 7], ["daire", 163, 50, 3], ["daire", 56, 117, 5], ["daire", 92, 81, 4], ["daire", 92, 111, 12], ["dikdortgen", 170, 81, 20, 8], ["dikdortgen", 281, 34, 13, 8], ["daire", 270, 11, 11], ["daire", 166, 30, 9], ["dikdortgen", 217, 114, 12, 9], ["dikdortgen", 5, 128, 6, 11], ["daire", 271, 172, 7], ["daire", 295, 21, 4], ["dikdortgen", 279, 92, 8, 19], ["daire", 21, 122, 14], ["daire", 103, 135, 14], ["daire", 264, 70, 8], ["dikdortgen", 245, 3, 10, 6], ["daire", 114, 27, 7], ["dikdortgen", 42, 117, 13, 5], ["dikdortgen", 87, 83, 19, 5], ["daire", 207, 79, 10], ["dikdortgen", 56, 104, 6, 19], ["daire", 182, 126, 13]], "rrt_path": [[31.797534536541058, 157.0695279461843], [34.18911184667925, 145.63621212095967], [36.855967631092454, 142.65495731381188], [48.02914151391779, 138.63075451245462], [65.29114978808201, 133.77930771538735], [72.87356538903282, 119.31359089939819], [72.71965642396569, 109.36742193354983], [71.36008422520904, 92.31165970643595], [72.16820115347113, 80.2039897209782], [82.50432432313812, 63.94270788170702], [86.49802795818125, 64.16705421094656], [105.90278904189827, 66.5579437705813], [124.55359427787754, 64.28157091048777], [125.38548665159529, 60.895243772961564], [131.3457224000822, 76.48572346534061], [133.92692980379042, 88.65817393224361], [122.22965577612085, 103.70190893480179]]}