{"harita_boyut": {"genislik": 437, "yukseklik": 196}, "baslangic": [305.8560449187059, 118.7648990525453], "hedef": [166.94728905851574, 190.19932007816314], "engeller": [["dikdortgen", 213, 112, 15, 14], ["dikdortgen", 239, 61, 13, 9], ["dikdortgen", 347, 71, 11, 17], ["daire", 373, 114, 6], ["dikdortgen", 404, 10, 18, 12], ["dikdortgen", 383, 161, 11, 5], ["daire", 344, 188, 7], ["daire", 146, 180, 4], ["daire", 134, 178, 6], ["dikdortgen", 321, 88, 7, 14], ["dikdortgen", 277, 138, 12, 19], ["dikdortgen", 61, 35, 14, 11], ["dikdortgen", 105, 108, 12, 18], ["daire", 141, 117, 7], ["daire", 17, 69, 14], ["dikdortgen", 271, 92, 8, 7], ["daire", 96, 55, 14], ["dikdortgen", 280, 86, 6, 7], ["daire", 39, 166, 15], ["daire", 234, 189, 7], ["dikdortgen", 382, 122, 10, 20], ["dikdortgen", 254, 62, 8, 20], ["dikdortgen", 65, 10, 13, 8], ["daire", 43, 64, 13], ["daire", 228, 88, 13], ["dikdortgen", 383, 171, 11, 14], ["dikdortgen", 75, 102, 11, 8], ["dikdortgen", 325, 79, 8, 16], ["dikdortgen", 157, 176, 5, 9], ["dikdortgen", 142, 24, 8, 13], ["daire", 404, 104, 11], ["dikdortgen", 358, 102, 18, 7], ["daire", 262, 106, 12], ["daire", 345, 144, 13], ["daire", 185, 163, 3], ["daire", 387, 59, 15], ["dikdortgen", 420, 71, 16, 13], ["dikdortgen", 288, 13, 8, 20], ["daire", 316, 45, 6], ["dikdortgen", 254, 36, 8, 15], ["daire", 69, 25, 10], ["daire", 64, 85, 5]], "rrt_path": [[305.8560449187059, 118.7648990525453], [293.19395010569434, 113.15283566482246], [282.7406793013464, 115.71903857155446], [266.4021713352858, 122.9975892283371], [258.6212578152803, 124.48746435811607], [243.79856720107207, 133.93513359837507], [242.81345289887636, 131.73461860861536], [222.91121012501108, 132.090837629955], [206.62264986768852, 137.56236042359293], [199.84655090286228, 146.1433435269976], [193.02885572562587, 164.5290613612804], [192.45213704437518, 168.48726746540086], [181.01169278488723, 177.05471136090617], [166.94728905851574, 190.19932007816314]]}