{"harita_boyut": {"genislik": 400, "yukseklik": 228}, "baslangic": [180.51343478194957, 221.40074102026122], "hedef": [212.39368101006366, 74.13737308024098], "engeller": [["dikdortgen", 63, 178, 7, 5], ["dikdortgen", 17, 80, 15, 11], ["daire", 107, 154, 3], ["dikdortgen", 3, 77, 5, 16], ["dikdortgen", 161, 107, 16, 11], ["daire", 306, 148, 7], ["dikdortgen", 315, 141, 19, 16], ["dikdortgen", 70, 50, 11, 11], ["daire", 17, 14, 14], ["daire", 64, 90, 15], ["dikdortgen", 77, 27, 6, 15], ["daire", 195, 31, 6], ["daire", 293, 107, 6], ["daire", 282, 210, 15], ["daire", 63, 116, 3], ["daire", 245, 64, 5], ["dikdortgen", 166, 124, 16, 6], ["daire", 195, 28, 4], ["daire", 366, 123, 10], ["daire", 389, 166, 8], ["daire", 346, 123, 12], ["dikdortgen", 95, 64, 6, 19], ["dikdortgen", 361, 134, 12, 20], ["dikdortgen", 277, 144, 19, 8], ["daire", 17, 183, 14], ["dikdortgen", 209, 132, 5, 5], ["daire", 326, 26, 15], ["dikdortgen", 279, 122, 15, 13], ["daire", 141, 58, 8], ["dikdortgen", 254, 101, 7, 16], ["dikdortgen", 219, 6, 17, 11], ["dikdortgen", 125, 120, 6, 6], ["dikdortgen", 149, 53, 10, 7], ["dikdortgen", 164, 158, 16, 20], ["daire", 354, 181, 11], ["dikdortgen", 88, 3, 11, 12], ["daire", 130, 110, 8], ["dikdortgen", 205, 186, 12, 20], ["daire", 321, 34, 7], ["daire", 379, 152, 4], ["daire", 197, 43, 5], ["daire", 168, 76, 12], ["dikdortgen", 44, 131, 7, 10], ["daire", 63, 151, 15], ["daire", 105, 163, 3]], "rrt_path": [[180.51343478194957, 221.40074102026122], [185.75205830381213, 215.76801426942757], [175.91063945092966, 198.61631315576753], [171.05647454745665, 193.21902647866446], [159.59365432513448, 184.29964514355893], [149.68645263571864, 172.214842134738], [145.45759291346445, 153.20758322674615], [145.38445742465473, 145.75073872444705], [148.56754529179605, 143.7906194944626], [151.54155547484507, 126.9468925483304], [153.5366615486036, 111.68112643076415], [155.5191627255314, 101.33472655637765], [164.21828984123678, 96.93405565413777], [178.13381870172057, 93.68931992760888], [190.20584477053822, 86.29200833775238], [205.65409050158823, 78.2266586975217], [212.39368101006366, 74.13737308024098]]}