{"harita_boyut": {"genislik": 157, "yukseklik": 440}, "baslangic": [140.39595290885129, 176.85979805705534], "hedef": [139.7957998367676, 55.60093320046137], "engeller": [["daire", 63, 190, 4], ["dikdortgen", 77, 238, 20, 10], ["dikdortgen", 52, 341, 9, 9], ["dikdortgen", 92, 232, 7, 13], ["dikdortgen", 60, 143, 13, 9], ["dikdortgen", 29, 325, 14, 8], ["daire", 22, 16, 14], ["daire", 73, 22, 15], ["dikdortgen", 40, 321, 8, 13], ["daire", 69, 254, 13], ["dikdortgen", 34, 207, 6, 11], ["daire", 90, 118, 14], ["dikdortgen", 114, 256, 10, 5], ["dikdortgen", 111, 189, 9, 17], ["dikdortgen", 19, 311, 12, 9], ["dikdortgen", 84, 281, 18, 19], ["daire", 27, 204, 3], ["dikdortgen", 126, 66, 12, 9], ["dikdortgen", 23, 167, 11, 9], ["dikdortgen", 114, 347, 5, 11], ["dikdortgen", 98, 315, 9, 7], ["daire", 111, 41, 11], ["dikdortgen", 37, 250, 13, 20], ["daire", 19, 95, 12], ["dikdortgen", 145, 284, 12, 19], ["dikdortgen", 105, 174, 16, 16], ["daire", 132, 41, 9], ["daire", 81, 245, 6], ["dikdortgen", 81, 282, 10, 9], ["daire", 141, 156, 12], ["dikdortgen", 132, 183, 9, 7], ["daire", 59, 391, 6], ["daire", 94, 153, 5], ["dikdortgen", 58, 151, 7, 19]], "rrt_path": [[140.39595290885129, 176.85979805705534], [136.98127563882366, 174.776536397648], [123.11643572493143, 163.4826918874869], [120.34809555466234, 160.59542800940537], [104.12683682752471, 150.04943545614321], [106.41168330342047, 150.2192642527178], [109.23405751933501, 134.9884319009869], [110.56392969611862, 119.41774641002354], [112.37133482305534, 100.04716584631645], [116.19153833891916, 84.84907424955338], [119.94311619203238, 66.76449766800694], [121.40500066404907, 59.28408840952851], [139.7957998367676, 55.60093320046137]]}