{"harita_boyut": {"genislik": 222, "yukseklik": 174}, "baslangic": [19.704895929255322, 154.170956748123], "hedef": [28.10213597402094, 32.42678248156729], "engeller": [["daire", 211, 125, 9], ["dikdortgen", 102, 80, 19, 9], ["daire", 172, 163, 9], ["dikdortgen", 26, 62, 14, 19], ["daire", 177, 13, 3], ["dikdortgen", 11, 83, 8, 11], ["dikdortgen", 38, 44, 10, 10], ["dikdortgen", 82, 137, 14, 11], ["daire", 138, 93, 7], ["daire", 67, 33, 12], ["daire", 182, 94, 15], ["daire", 70, 110, 13], ["daire", 164, 46, 12], ["daire", 168, 108, 4], ["daire", 208, 100, 9], ["daire", 162, 52, 8], ["daire", 37, 161, 6], ["dikdortgen", 179, 1, 10, 8], ["daire", 6, 111, 3]], "rrt_path": [[19.704895929255322, 154.170956748123], [23.282810276241403, 149.49295092660822], [27.796263743839432, 135.42465085161734], [34.88691596465692, 118.37652872875312], [41.250050602716215, 103.49643182453573], [49.409918462262375, 87.4746737033557], [58.69787364903526, 70.54209112479877], [64.36713590652627, 63.160098838094996], [77.7089805813865, 49.46274195665424], [82.72766210945329, 44.71149113516651], [86.11803014415035, 29.17223275304411], [77.55134077575228, 18.393771542763574], [75.08204941860846, 16.48042879989676], [71.45237621791874, 14.799514627133954], [60.69774476306055, 16.569243008825772], [43.795136460165615, 25.996214604192396], [28.10213597402094, 32.42678248156729]]}