{"harita_boyut": {"genislik": 245, "yukseklik": 225}, "baslangic": [123.03889409160489, 65.87724531168561], "hedef": [222.97491467738385, 217.17717841424567], "engeller": [["dikdortgen", 54, 208, 5, 5], ["dikdortgen", 229, 160, 9, 11], ["dikdortgen", 80, 161, 20, 6], ["daire", 32, 180, 10], ["dikdortgen", 156, 109, 7, 15], ["daire", 85, 35, 3], ["dikdortgen", 137, 52, 7, 11], ["dikdortgen", 232, 76, 13, 6], ["dikdortgen", 21, 207, 6, 10], ["dikdortgen", 232, 114, 12, 13], ["dikdortgen", 78, 69, 14, 9], ["dikdortgen", 26, 47, 8, 6], ["daire", 64, 200, 13], ["daire", 80, 42, 13], ["dikdortgen", 68, 200, 5, 13], ["daire", 64, 197, 12], ["dikdortgen", 127, 120, 7, 14], ["daire", 68, 159, 10], ["dikdortgen", 185, 117, 16, 13], ["daire", 231, 178, 13], ["dikdortgen", 161, 62, 16, 12], ["dikdortgen", 100, 163, 16, 8], ["daire", 13, 194, 13], ["dikdortgen", 69, 68, 13, 20], ["daire", 41, 126, 4], ["dikdortgen", 55, 161, 15, 18], ["daire", 68, 148, 14]], "rrt_path": [[123.03889409160489, 65.87724531168561], [121.29785235462133, 69.47846367080815], [118.23425110578242, 86.43030511612844], [124.56241550124336, 104.23151996853382], [126.7178743377109, 110.56028612651475], [127.665527245363, 109.96307864802192], [138.6651710252708, 113.70443455587652], [144.23055296837273, 124.04212130358059], [154.34974645583947, 138.88436189120625], [168.16113307820845, 150.0445813801798], [177.78038169456048, 158.98184161349855], [184.99225582231304, 170.2194411842255], [196.17060199315245, 183.7084265285106], [205.5770872815052, 197.763959190441], [208.08603045554676, 200.87927685472985], [220.22062186590372, 214.2765110585103], [222.97491467738385, 217.17717841424567]]}