{"harita_boyut": {"genislik": 175, "yukseklik": 249}, "baslangic": [72.54719716963808, 167.4507795846058], "hedef": [137.4910565384983, 39.7441441662845], "engeller": [["dikdortgen", 94, 129, 14, 19], ["dikdortgen", 76, 81, 13, 19], ["dikdortgen", 68, 99, 8, 16], ["dikdortgen", 49, 114, 19, 19], ["daire", 117, 5, 5], ["dikdortgen", 5, 161, 7, 14], ["daire", 146, 104, 5], ["daire", 48, 196, 10], ["daire", 95, 221, 14], ["dikdortgen", 103, 39, 12, 10], ["daire", 147, 223, 11], ["daire", 45, 221, 12], ["daire", 163, 202, 10], ["dikdortgen", 76, 118, 20, 7], ["dikdortgen", 94, 14, 10, 11], ["dikdortgen", 48, 18, 7, 9], ["daire", 126, 88, 9], ["daire", 111, 81, 13], ["daire", 90, 96, 9], ["daire", 60, 186, 13], ["dikdortgen", 149, 32, 8, 9]], "rrt_path": [[72.54719716963808, 167.4507795846058], [90.08993879834037, 158.7602578885445], [91.55214853335964, 155.87596227326918], [110.45897067027015, 153.73050857059064], [114.3492859659926, 152.80021458487005], [118.82327436813507, 146.2137579976519], [125.674058994439, 129.01776074308606], [125.70535810015897, 121.27761367097074], [130.84923535436815, 103.85694111878118], [138.20232463392938, 96.06954440965977], [141.02067032338329, 87.15851558166543], [139.3532965021343, 74.74357689334258], [140.43501756611644, 55.57349529332697], [137.4910565384983, 39.7441441662845]]}