{"harita_boyut": {"genislik": 141, "yukseklik": 451}, "baslangic": [119.65650863413468, 139.35387106177845], "hedef": [35.27424498941269, 314.6530546477037], "engeller": [["dikdortgen", 72, 314, 12, 15], ["daire", 35, 27, 13], ["dikdortgen", 52, 289, 13, 8], ["daire", 58, 323, 4], ["dikdortgen", 33, 401, 20, 9], ["dikdortgen", 15, 66, 19, 11], ["dikdortgen", 88, 27, 19, 8], ["dikdortgen", 72, 134, 18, 13], ["daire", 117, 416, 11], ["daire", 55, 356, 14], ["daire", 64, 212, 15], ["daire", 68, 390, 11], ["dikdortgen", 62, 408, 11, 18], ["dikdortgen", 107, 432, 17, 11], ["daire", 119, 367, 5], ["dikdortgen", 70, 153, 18, 11], ["daire", 29, 43, 12], ["daire", 58, 201, 7], ["dikdortgen", 116, 331, 11, 16], ["dikdortgen", 26, 12, 20, 19], ["dikdortgen", 93, 427, 8, 15], ["daire", 80, 43, 14], ["dikdortgen", 0, 232, 10, 5], ["daire", 128, 93, 10], ["dikdortgen", 31, 171, 20, 19], ["dikdortgen", 29, 74, 9, 15], ["daire", 5, 124, 5], ["daire", 109, 205, 14], ["dikdortgen", 10, 326, 7, 8], ["daire", 30, 40, 14], ["dikdortgen", 35, 178, 5, 16]], "rrt_path": [[119.65650863413468, 139.35387106177845], [106.10082050036971, 151.53904978223954], [95.75013672744836, 161.47448738642223], [93.2393355915532, 176.7235656614852], [91.60575076694845, 187.48063876268154], [87.70368382221196, 196.52672386796098], [86.81906603097464, 213.8971396367531], [88.57033934170718, 220.95738928052225], [90.98747134315506, 233.55653193204907], [74.83648397671051, 245.35098072281292], [75.44596925435303, 247.30953660241326], [63.05320423209081, 261.0014638305905], [51.67634499045357, 272.51802168104496], [45.72055688023973, 281.6197186253172], [38.62446466221361, 297.12829145603473], [35.27424498941269, 314.6530546477037]]}