{"harita_boyut": {"genislik": 258, "yukseklik": 263}, "baslangic": [97.64468580325473, 45.13466438746959], "hedef": [102.51893677097597, 247.90841482581126], "engeller": [["daire", 185, 78, 12], ["dikdortgen", 64, 3, 9, 13], ["daire", 126, 9, 4], ["daire", 85, 66, 12], ["dikdortgen", 175, 177, 8, 6], ["daire", 139, 195, 3], ["daire", 34, 91, 12], ["daire", 120, 118, 3], ["dikdortgen", 204, 186, 5, 9], ["daire", 135, 132, 6], ["daire", 42, 188, 3], ["daire", 35, 43, 8], ["dikdortgen", 222, 162, 7, 11], ["dikdortgen", 184, 150, 11, 13], ["dikdortgen", 46, 60, 20, 5], ["dikdortgen", 76, 134, 11, 17], ["dikdortgen", 223, 59, 15, 8], ["dikdortgen", 182, 226, 10, 7], ["dikdortgen", 192, 174, 8, 9], ["dikdortgen", 131, 136, 5, 12], ["daire", 199, 200, 15], ["daire", 196, 119, 13], ["dikdortgen", 179, 43, 15, 16], ["dikdortgen", 12, 30, 8, 9], ["daire", 137, 114, 4], ["daire", 33, 87, 5], ["dikdortgen", 133, 215, 15, 11], ["daire", 193, 251, 9], ["dikdortgen", 138, 219, 7, 5], ["dikdortgen", 226, 148, 20, 17], ["dikdortgen", 237, 154, 7, 5], ["dikdortgen", 206, 192, 13, 8], ["dikdortgen", 216, 39, 10, 19]], "rrt_path": [[97.64468580325473, 45.13466438746959], [103.5115326349207, 62.20083227251767], [99.39796915490369, 80.05741292477907], [95.74228312372776, 97.73684218895329], [92.88208119671368, 112.07074924684895], [89.58299631677461, 127.22733236553466], [91.9148307530368, 125.71903902786643], [99.5263666893117, 142.6758979570133], [112.64916480454151, 156.18822234840724], [111.3812671559274, 175.32322004242323], [112.02173215666315, 187.18700470232756], [113.85757360352243, 204.0262475114169], [117.63096191176254, 217.28179130361033], [117.68710762016482, 228.006213857185], [108.42373413013497, 243.43286138959078], [102.51893677097597, 247.90841482581126]]}