{"harita_boyut": {"genislik": 364, "yukseklik": 202}, "baslangic": [326.49181018817603, 145.3025380691581], "hedef": [286.58312146663, 41.357330777681895], "engeller": [["daire", 221, 162, 12], ["daire", 260, 109, 5], ["dikdortgen", 334, 82, 13, 16], ["dikdortgen", 142, 154, 15, 13], ["dikdortgen", 30, 146, 5, 20], ["daire", 21, 48, 11], ["daire", 200, 108, 12], ["daire", 110, 189, 9], ["dikdortgen", 286, 90, 19, 9], ["dikdortgen", 286, 137, 8, 11], ["daire", 158, 108, 15], ["dikdortgen", 32, 57, 9, 14], ["daire", 237, 97, 13], ["dikdortgen", 134, 126, 19, 17], ["dikdortgen", 294, 33, 15, 7], ["dikdortgen", 27, 54, 13, 20], ["daire", 104, 74, 4], ["daire", 327, 160, 3], ["dikdortgen", 205, 11, 12, 18], ["dikdortgen", 182, 173, 10, 15], ["daire", 208, 173, 4], ["daire", 102, 49, 7], ["dikdortgen", 350, 177, 12, 5], ["daire", 36, 148, 14], ["dikdortgen", 291, 18, 16, 9], ["dikdortgen", 37, 143, 5, 10], ["daire", 351, 153, 10], ["dikdortgen", 319, 73, 17, 18], ["daire", 43, 125, 7], ["daire", 91, 61, 12], ["dikdortgen", 68, 117, 19, 17], ["dikdortgen", 73, 78, 13, 9], ["dikdortgen", 267, 118, 18, 6], ["daire", 296, 187, 10], ["daire", 39, 45, 10], ["daire", 182, 41, 13]], "rrt_path": [[326.49181018817603, 145.3025380691581], [320.94337707205426, 129.78036353745335], [319.98910338407626, 125.89586077282145], [311.2413705190019, 109.85707663791429], [307.4696322668936, 108.52516426933187], [290.6006721156103, 105.25379377214301], [286.6008918670334, 105.21186570166319], [282.68949235636376, 105.80202145000659], [275.70686171194495, 98.19057264486192], [273.50877097247593, 91.43069163094427], [271.30406528723665, 73.37096470208881], [271.98488680548775, 65.89753601229589], [281.58622180306304, 49.47385675089475], [286.58312146663, 41.357330777681895]]}