{"harita_boyut": {"genislik": 226, "yukseklik": 227}, "baslangic": [53.855202612910254, 162.12889076280962], "hedef": [191.5406148324932, 107.43800416803542], "engeller": [["dikdortgen", 181, 26, 6, 19], ["daire", 180, 66, 10], ["dikdortgen", 25, 45, 19, 12], ["dikdortgen", 20, 200, 9, 5], ["daire", 161, 53, 6], ["dikdortgen", 84, 57, 16, 12], ["dikdortgen", 93, 28, 10, 15], ["daire", 214, 101, 11], ["daire", 130, 87, 7], ["dikdortgen", 180, 138, 17, 11], ["dikdortgen", 175, 5, 6, 19], ["daire", 182, 49, 4], ["dikdortgen", 141, 35, 20, 11], ["daire", 101, 159, 12], ["dikdortgen", 1, 18, 18, 7], ["daire", 100, 96, 12], ["dikdortgen", 9, 74, 20, 5], ["dikdortgen", 107, 156, 19, 7], ["daire", 61, 88, 10], ["dikdortgen", 133, 11, 14, 11], ["daire", 59, 124, 7], ["dikdortgen", 9, 126, 14, 15], ["dikdortgen", 147, 169, 11, 10], ["daire", 50, 110, 3], ["daire", 44, 64, 9]], "rrt_path": [[53.855202612910254, 162.12889076280962], [63.68227645071332, 144.96691602316662], [70.35234605305035, 136.58452042723079], [76.91208015903817, 129.31675305181437], [91.17624295976859, 119.26691693298412], [101.0603990075873, 114.21606470628713], [110.69537431049586, 111.62422714747238], [126.84058161399042, 104.38836680525618], [137.17366156889793, 103.47927812755248], [154.02674459415053, 97.3528929881951], [168.5668879222932, 87.51810709821004], [170.55346698881493, 85.20303305725471], [188.56723555664868, 93.08139881520756], [191.5406148324932, 107.43800416803542]]}