{"harita_boyut": {"genislik": 385, "yukseklik": 159}, "baslangic": [34.887461644551806, 95.76212872176357], "hedef": [330.69677247020763, 34.45505716422278], "engeller": [["dikdortgen", 113, 38, 11, 18], ["daire", 142, 109, 14], ["dikdortgen", 164, 97, 5, 18], ["dikdortgen", 275, 122, 11, 17], ["dikdortgen", 10, 71, 18, 8], ["daire", 154, 18, 7], ["dikdortgen", 274, 30, 7, 6], ["dikdortgen", 213, 40, 6, 14], ["dikdortgen", 320, 84, 18, 10], ["dikdortgen", 171, 58, 17, 14], ["daire", 297, 92, 4], ["daire", 279, 79, 13], ["daire", 353, 33, 14], ["daire", 167, 17, 10], ["dikdortgen", 77, 37, 7, 10], ["dikdortgen", 56, 117, 8, 7], ["dikdortgen", 30, 106, 9, 7], ["daire", 131, 72, 5], ["dikdortgen", 217, 4, 19, 11], ["daire", 26, 142, 10], ["dikdortgen", 263, 63, 19, 5], ["dikdortgen", 26, 68, 9, 11], ["daire", 241, 133, 5], ["daire", 182, 11, 8], ["daire", 331, 67, 5], ["daire", 351, 128, 11], ["daire", 195, 70, 8], ["dikdortgen", 70, 95, 12, 11], ["daire", 279, 120, 13], ["daire", 57, 116, 7]], "rrt_path": [[34.887461644551806, 95.76212872176357], [51.92834277696165, 92.09590247878201], [59.453115508591466, 90.15331026214272], [74.19733072166972, 88.7425506969144], [81.90181999928902, 88.13800120994217], [98.83671399838916, 90.84201694778776], [110.40695224813173, 90.94236933958325], [130.02579456723785, 91.40794893285181], [148.56202495898214, 88.56323840950058], [159.21550448557468, 87.13981905554041], [174.0257806450257, 86.23292372337482], [190.6580725431908, 85.8676371443923], [197.9897742257657, 84.15248268171766], [205.34199238563747, 79.23824964932513], [217.23337222966867, 73.66841666449264], [219.49555871529392, 71.82327047786693], [226.7508532174842, 59.354701063976876], [237.66781468088902, 53.57655410384785], [253.5428020316216, 48.87546023948011], [267.1045200973768, 49.28254118969482], [286.8718579428555, 47.285062545379944], [301.1259568966531, 43.34139791642549], [316.010237563418, 38.99120939535704], [330.69677247020763, 34.45505716422278]]}