{"harita_boyut": {"genislik": 154, "yukseklik": 233}, "baslangic": [118.15581957849602, 221.08717492239808], "hedef": [6.747462920874671, 104.8647647559226], "engeller": [["dikdortgen", 10, 162, 12, 15], ["dikdortgen", 79, 62, 9, 13], ["dikdortgen", 87, 86, 7, 19], ["dikdortgen", 96, 215, 15, 9], ["dikdortgen", 38, 56, 17, 18], ["dikdortgen", 120, 167, 5, 18], ["dikdortgen", 102, 37, 20, 10], ["daire", 33, 216, 7], ["dikdortgen", 59, 200, 13, 5], ["dikdortgen", 20, 127, 15, 8], ["daire", 13, 50, 5], ["daire", 19, 159, 9], ["dikdortgen", 92, 124, 11, 17], ["daire", 70, 230, 3], ["dikdortgen", 24, 8, 10, 11], ["daire", 74, 187, 10], ["dikdortgen", 95, 113, 17, 10]], "rrt_path": [[118.15581957849602, 221.08717492239808], [116.2985928691342, 206.1835855102963], [107.15417050920014, 188.65472006978783], [100.68100617080901, 171.99967917162354], [93.55578455094647, 159.67595909699517], [85.671307547058, 143.12350314589617], [84.73701179637425, 135.30347286060348], [82.19051955504979, 122.26453346194455], [80.51474404936847, 119.7959304791496], [70.39448105841007, 115.94377787258196], [54.165578001930655, 111.57653776233539], [43.78953633848717, 109.48674441416605], [25.051351673558322, 110.78172930782655], [6.747462920874671, 104.8647647559226]]}