{"harita_boyut": {"genislik": 462, "yukseklik": 333}, "baslangic": [394.0943750884662, 42.74467787698845], "hedef": [90.6277114036548, 92.85007338914724], "engeller": [["dikdortgen", 58, 74, 15, 15], ["daire", 222, 202, 14], ["dikdortgen", 428, 51, 17, 17], ["dikdortgen", 41, 272, 11, 7], ["daire", 170, 102, 5], ["dikdortgen", 72, 133, 19, 5], ["dikdortgen", 127, 159, 8, 17], ["daire", 449, 19, 8], ["daire", 56, 107, 5], ["dikdortgen", 358, 6, 18, 7], ["daire", 376, 325, 7], ["daire", 272, 131, 8], ["daire", 111, 165, 10], ["daire", 336, 103, 14], ["dikdortgen", 320, 55, 9, 13], ["dikdortgen", 123, 176, 12, 12], ["dikdortgen", 406, 251, 9, 12], ["dikdortgen", 49, 285, 15, 5], ["daire", 421, 168, 6], ["daire", 57, 221, 10], ["dikdortgen", 437, 111, 17, 19], ["dikdortgen", 315, 54, 10, 12], ["dikdortgen", 121, 137, 11, 17], ["dikdortgen", 34, 94, 20, 12], ["dikdortgen", 292, 217, 6, 19], ["dikdortgen", 294, 297, 5, 9], ["daire", 414, 16, 15], ["dikdortgen", 145, 304, 17, 19], ["daire", 288, 57, 5], ["daire", 153, 132, 13], ["daire", 228, 315, 15], ["dikdortgen", 444, 12, 17, 6], ["daire", 184, 148, 11], ["daire", 23, 191, 13], ["daire", 96, 170, 14], ["daire", 328, 196, 15], ["dikdortgen", 365, 23, 6, 9], ["dikdortgen", 125, 117, 19, 18], ["dikdortgen", 402, 227, 10, 7], ["dikdortgen", 150, 12, 16, 12], ["dikdortgen", 162, 187, 9, 17], ["daire", 373, 214, 9], ["daire", 437, 307, 11], ["dikdortgen", 394, 57, 16, 11], ["daire", 289, 134, 5], ["dikdortgen", 227, 24, 20, 13], ["dikdortgen", 93, 193, 15, 12], ["daire", 132, 312, 15], ["dikdortgen", 434, 3, 17, 14], ["dikdortgen", 317, 150, 15, 7], ["dikdortgen", 353, 89, 8, 12], ["dikdortgen", 256, 246, 7, 7], ["dikdortgen", 155, 231, 7, 18], ["dikdortgen", 13, 190, 5, 13], ["dikdortgen", 82, 279, 20, 7], ["daire", 228, 206, 9], ["dikdortgen", 49, 296, 8, 14], ["dikdortgen", 255, 72, 6, 14], ["daire", 151, 180, 3], ["dikdortgen", 17, 220, 20, 9], ["dikdortgen", 353, 276, 8, 17], ["daire", 142, 138, 5], ["dikdortgen", 43, 220, 20, 15], ["dikdortgen", 443, 310, 19, 19], ["dikdortgen", 56, 107, 14, 7], ["dikdortgen", 279, 288, 8, 20], ["dikdortgen", 179, 139, 9, 17], ["daire", 41, 316, 8], ["dikdortgen", 262, 251, 11, 11], ["dikdortgen", 95, 169, 11, 6], ["daire", 91, 174, 10], ["dikdortgen", 119, 17, 13, 20], ["dikdortgen", 432, 141, 16, 20], ["dikdortgen", 171, 119, 16, 11], ["dikdortgen", 21, 267, 7, 15], ["daire", 220, 49, 5]], "rrt_path": [[394.0943750884662, 42.74467787698845], [387.91721007708526, 50.14570926095933], [378.72170277026976, 60.210191037145435], [364.71892484276253, 66.51912277183548], [348.38037609628196, 73.68063504100566], [341.3699951598672, 77.2333555508588], [323.04272487984093, 83.01260434880298], [314.48724283931574, 90.80535634476527], [300.55822430438946, 97.56548444270193], [283.99646824521153, 104.56282553092385], [270.40475391606736, 113.8631091577889], [255.39958834848923, 126.65657496368277], [252.03003486954438, 127.2345384582516], [244.16445882988864, 118.61363247561464], [228.54271994521753, 106.17897208595487], [224.620485958019, 105.39406409793034], [205.65022965187106, 104.32375014462365], [194.53325953452637, 106.24280577027643], [178.30522365884443, 110.3929247246992], [170.779187248061, 112.9301011074744], [155.46361893404713, 111.44334911158222], [143.8649759665846, 110.12285782547671], [126.82348565985419, 108.00184791561169], [109.29463583302518, 101.5869271459501], [94.46604414695013, 93.97577394957482], [90.6277114036548, 92.85007338914724]]}