{"harita_boyut": {"genislik": 151, "yukseklik": 373}, "baslangic": [122.6340928831182, 284.0664927587813], "hedef": [27.41862414658259, 7.9252603279552885], "engeller": [["daire", 71, 163, 6], ["dikdortgen", 61, 302, 5, 12], ["daire", 141, 183, 7], ["daire", 113, 85, 5], ["dikdortgen", 0, 71, 9, 8], ["dikdortgen", 98, 7, 14, 12], ["daire", 131, 346, 4], ["dikdortgen", 41, 11, 10, 17], ["dikdortgen", 56, 183, 20, 15], ["daire", 61, 149, 6], ["daire", 140, 9, 5], ["daire", 118, 42, 8], ["dikdortgen", 50, 334, 19, 10], ["daire", 48, 151, 15], ["dikdortgen", 103, 298, 18, 14], ["daire", 44, 59, 14], ["dikdortgen", 135, 31, 14, 19], ["dikdortgen", 82, 306, 17, 5], ["dikdortgen", 136, 170, 15, 5], ["daire", 27, 259, 3], ["daire", 34, 158, 13], ["daire", 123, 106, 3], ["dikdortgen", 127, 308, 8, 20], ["daire", 104, 127, 8], ["daire", 109, 335, 7], ["daire", 112, 313, 10], ["dikdortgen", 102, 351, 18, 18], ["daire", 68, 121, 12]], "rrt_path": [[122.6340928831182, 284.0664927587813], [116.38655780459365, 265.29229424420987], [110.8038475679525, 253.4810765180667], [105.85804796859756, 239.69785998749646], [98.65201309059316, 221.5888433213588], [93.88201933992138, 215.2128735756772], [83.83787107304957, 200.24084598321232], [83.20676139840855, 184.72542690859683], [82.96933575485919, 176.77264946033915], [84.41777041229999, 157.83904611174444], [87.10551251741354, 140.16737936670611], [87.48714898341116, 123.72665120304394], [86.07792584392581, 111.92834591640676], [82.38228349040656, 111.14220616149879], [75.25846571358959, 102.6068667251412], [67.69276084921094, 91.5734709895672], [66.23607516926343, 76.06109891841112], [64.97297098399187, 56.539913246014144], [59.80843050838235, 46.88603113890664], [52.51513112348323, 41.410913448059965], [41.752474152886116, 39.01424099181894], [26.451932802814444, 26.445110559913125], [27.41862414658259, 7.9252603279552885]]}