{"harita_boyut": {"genislik": 164, "yukseklik": 302}, "baslangic": [58.70485330664402, 258.21334775799335], "hedef": [95.32790873450347, 90.35422179057781], "engeller": [["daire", 103, 165, 3], ["dikdortgen", 125, 183, 16, 14], ["dikdortgen", 48, 280, 6, 20], ["daire", 52, 76, 5], ["daire", 15, 122, 15], ["dikdortgen", 145, 48, 18, 18], ["dikdortgen", 115, 172, 15, 17], ["dikdortgen", 126, 32, 5, 17], ["daire", 108, 254, 13], ["daire", 97, 190, 14], ["dikdortgen", 136, 95, 15, 13], ["dikdortgen", 93, 196, 16, 12], ["daire", 113, 209, 15], ["dikdortgen", 52, 83, 16, 20], ["daire", 115, 281, 15], ["dikdortgen", 25, 37, 19, 11], ["daire", 131, 158, 12], ["dikdortgen", 109, 86, 6, 19], ["daire", 84, 210, 15], ["daire", 139, 288, 11], ["dikdortgen", 108, 82, 5, 7], ["daire", 63, 104, 4], ["dikdortgen", 98, 290, 18, 6], ["daire", 119, 163, 14]], "rrt_path": [[58.70485330664402, 258.21334775799335], [59.65345467608215, 250.39365230340482], [64.04725415876031, 234.41861786161573], [63.93473524186029, 217.25688373013227], [63.288550894596206, 207.4537974386268], [60.97967496894427, 188.27822791319093], [60.7564724796226, 180.56125348617766], [79.66057669750735, 177.94696637694386], [80.17868993736786, 180.65210341543525], [82.49758793395142, 177.39285318241528], [87.50712070855518, 171.40420580111865], [89.66955287219807, 151.6664984104433], [94.6409702674782, 132.3381092187031], [95.72956852806338, 121.09097872928628], [94.95682473651095, 111.65592116159058], [95.4009272398368, 94.35355527228184], [95.32790873450347, 90.35422179057781]]}