{"harita_boyut": {"genislik": 115, "yukseklik": 149}, "baslangic": [97.59694100689653, 15.590884061656597], "hedef": [5.171437213358395, 70.16145775992106], "engeller": [["dikdortgen", 59, 120, 20, 15], ["daire", 95, 61, 10], ["dikdortgen", 63, 27, 5, 18], ["daire", 53, 137, 12], ["dikdortgen", 9, 38, 13, 18], ["daire", 12, 29, 5], ["dikdortgen", 6, 114, 13, 19], ["daire", 35, 97, 9]], "rrt_path": [[97.59694100689653, 15.5908840616566], [97.26806596083495, 15.972391281343793], [96.94271165368276, 16.356474212100245], [96.62087808544, 16.743132853925957], [96.30256525610666, 17.132367206820934], [95.98777316568273, 17.52417727078517], [95.67650181416822, 17.91856304581867], [95.3687512015631, 18.31552453192143], [95.0645213278674, 18.71506172909345], [94.76381219308114, 19.11717463733473], [94.46662379720425, 19.521863256645275], [94.1729561402368, 19.929127587025082], [93.88280922217876, 20.338967628474148], [93.59618304303012, 20.751383380992475], [93.31307760279094, 21.166374844580066], [93.03349290146112, 21.58394201923691], [92.75742893904072, 22.004084904963022], [92.48488571552976, 22.4268035017584], [92.2158632309282, 22.852097809623036], [91.95036148523606, 23.279967828556927], [91.68838047845333, 23.710413558560084], [91.42992021058, 24.1434349996325], [91.17498068161609, 24.57903215177418], [90.92356189156159, 25.01720501498512], [90.6756638404165, 25.45795358926532], [90.43128652818083, 25.90127787461478], [90.19042995485458, 26.34717787103351], [89.95309412043773, 26.795653578521488], [89.7192790249303, 27.246704997078737], [89.48898466833228, 27.70033212670524], [89.26221105064367, 28.156534967401015], [89.03895817186448, 28.615313519166044], [88.81922603199469, 29.076667782000335], [88.60301463103434, 29.54059775590389], [88.3903239689834, 30.007103440876698], [88.18115404584185, 30.47618483691878], [87.97550486160972, 30.947841944030117], [87.77337641628702, 31.422074762210713], [87.57476870987372, 31.89888329146057], [87.37968174236983, 32.3782675317797], [87.18811551377536, 32.860227483168075], [87.00007002409029, 33.34476314562572], [86.81554527331465, 33.83187451915262], [86.6345412614484, 34.32156160374878], [86.4570579884916, 34.813824399414216], [86.28309545444418, 35.308662906148896], [86.11265365930619, 35.80607712395285], [85.9457326030776, 36.306067052826066], [85.78233228575843, 36.808632692768526], [85.62245270734869, 37.31377404378027], [85.46609386784834, 37.82149110586126], [85.3132557672574, 38.33178387901151], [85.1639384055759, 38.84465236323104], [85.0181417828038, 39.36009655851981], [84.8758658989411, 39.87811646487785], [84.73711075398782, 40.39871208230515], [84.60187634794396, 40.92188341080171], [84.47016268080952, 41.44763045036754], [84.34196975258448, 41.975953201002625], [84.21369147914046, 42.503641500417665], [84.07379739859566, 43.02043084767669], [83.92142353285223, 43.525552123200185], [83.75656988191021, 44.019005326988186], [83.57923644576954, 44.50079045904064], [83.38942322443025, 44.97090751935755], [83.18713021789232, 45.42935650793894], [82.97235742615578, 45.87613742478483], [82.74510484922061, 46.31125026989517], [82.5053724870868, 46.734695043269994], [82.25316033975439, 47.146471744909284], [81.98846840722334, 47.546580374813054], [81.71129668949365, 47.93502093298129], [81.42164518656534, 48.31179341941401], [81.1195138984384, 48.67689783411119], [80.80490282511286, 49.03033417707285], [80.47781196658867, 49.37210244829899], [80.13824132286587, 49.70220264778958], [79.78619089394444, 50.02063477554467], [79.42166067982438, 50.327398831564224], [79.0446506805057, 50.62249481584826], [78.65516089598839, 50.90592272839676], [78.25319132627244, 51.177682569209736], [77.83874197135788, 51.437774338287184], [77.41181283124467, 51.686198035629104], [76.97240390593286, 51.922953661235496], [76.52051519542242, 52.14804121510637], [76.05614669971335, 52.36146069724171], [75.57929841880565, 52.563212107641526], [75.08997035269932, 52.75329544630581], [74.59074349743932, 52.93247496688331], [74.09086081560517, 53.1034875847949], [73.5911473266519, 53.26657759492429], [73.09160303057955, 53.42174499727153], [72.59222792738807, 53.56898979183661], [72.0930220170775, 53.708311978619506], [71.59398529964784, 53.839711557620255], [71.0951177750991, 53.96318852883884], [70.59641944343124, 54.07874289227526], [70.09789030464428, 54.186374647929505], [69.59953035873824, 54.2860837958016], [69.10133960571306, 54.37787033589153], [68.60331804556884, 54.46173426819929], [68.10546567830549, 54.537675592724895], [67.60758797124637, 54.606238370192095], [67.10877437589389, 54.6699691839465], [66.60890913192162, 54.729191787550114], [66.10799223932955, 54.78390618100295], [65.60602369811761, 54.83411236430496], [65.1030035082859, 54.8798103374562], [64.59893166983437, 54.921000100456645], [64.09380818276304, 54.9576816533063], [63.587633047071876, 54.989854996005164], [63.080406262760924, 55.01752012855323], [62.57212782983015, 55.040677050950514], [62.06279774827954, 55.05932576319698], [61.552416018109156, 55.07346626529268], [61.04101201021709, 55.08320506887908], [60.53099663454194, 55.09728518119151], [60.02390271071813, 55.12126527239841], [59.51973023874567, 55.155145342499786], [59.01847921862456, 55.19892539149565], [58.52014965035481, 55.252605419386], [58.024741533936364, 55.31618542617082], [57.53225486936929, 55.38966541185012], [57.04268965665356, 55.4730453764239], [56.55604589578917, 55.56632531989216], [56.072323586776136, 55.669505242254914], [55.591522729614425, 55.78258514351212], [55.113643324304086, 55.90556502366384], [54.63868537084508, 56.03844488271002], [54.16664886923742, 56.18122472065068], [53.6975338194811, 56.333904537485836], [53.23134022157613, 56.496484333215456], [52.76806807552251, 56.668964107839564], [52.30771738132023, 56.851343861358146], [51.85028813896929, 57.04362359377122], [51.395780348469714, 57.24580330507876], [50.94419400982147, 57.45788299528079], [50.49552912302457, 57.679862664377296], [50.04978568807903, 57.91174231236829], [49.60696370498482, 58.15352193925377], [49.16706317374195, 58.40520154503371], [48.730084094350445, 58.66678112970814], [48.296026466810275, 58.93826069327705], [47.86489029112145, 59.21964023574045], [47.43465985333636, 59.50489513221505], [47.003109246730574, 59.78737252749004], [46.57023711898127, 60.0670683797034], [46.13604347008847, 60.343982688855135], [45.700528300052135, 60.61811545494523], [45.26369160887229, 60.889466677973694], [44.825533396548934, 61.1580363579405], [44.38605366308208, 61.4238244948457], [43.94525240847171, 61.68683108868926], [43.5031296327178, 61.94705613947117], [43.059685335820404, 62.204499647191476], [42.61491951777949, 62.459161611850135], [42.16883217859506, 62.71104203344715], [41.721423318267114, 62.96014091198255], [41.27269293679565, 63.20645824745629], [40.82264103418069, 63.44999403986841], [40.371267610422215, 63.6907482892189], [39.91857266552022, 63.928720995507746], [39.464556199474714, 64.16391215873497], [39.009218212285695, 64.39632177890056], [38.552558703953174, 64.62594985600451], [38.09457767447713, 64.85279639004682], [37.635275123857575, 65.07686138102751], [37.174651052094504, 65.29814482894656], [36.71270545918793, 65.51664673380398], [36.24943834513783, 65.73236709559976], [35.784849709944226, 65.9453059143339], [35.3189395536071, 66.15546319000643], [34.851707876126476, 66.3628389226173], [34.38315467750233, 66.56743311216654], [33.91327995773468, 66.76924575865415], [33.44206403771308, 66.96743788816966], [32.96939061723391, 67.15705130725539], [32.49524060569515, 67.33727213171143], [32.01961400309682, 67.50810036153784], [31.54251080943888, 67.66953599673454], [31.063931024721327, 67.8215790373016], [30.583874648944192, 67.964229483239], [30.102341682107472, 68.09748733454671], [29.619332124211144, 68.22135259122477], [29.13484597525522, 68.33582525327314], [28.64888323523969, 68.44090532069187], [28.161443904164585, 68.53659279348092], [27.672527982029877, 68.62288767164031], 