{"harita_boyut": {"genislik": 141, "yukseklik": 201}, "baslangic": [130.4716726450971, 27.337169209139653], "hedef": [75.88566609591369, 125.90889404896366], "engeller": [["daire", 114, 94, 7], ["dikdortgen", 7, 105, 17, 8], ["dikdortgen", 87, 22, 15, 18], ["daire", 18, 160, 12], ["dikdortgen", 28, 153, 5, 5], ["daire", 76, 36, 14], ["daire", 65, 175, 11], ["dikdortgen", 48, 81, 11, 16], ["daire", 45, 45, 3], ["dikdortgen", 70, 84, 7, 12], ["daire", 68, 67, 9], ["dikdortgen", 113, 9, 8, 17], ["dikdortgen", 62, 185, 11, 14], ["dikdortgen", 39, 132, 17, 18]], "rrt_path": [[130.4716726450971, 27.337169209139653], [121.24702168275282, 38.68353292398504], [116.96043103190685, 47.854392716054534], [104.24750897551492, 61.08505135283043], [99.55860347925174, 66.07999144480061], [87.59518586566023, 77.23829275422966], [88.96464633676156, 94.09169968151387], [93.13700499696861, 100.88461564005183], [86.68830447621725, 117.3184268086374], [86.24640667880595, 116.7717608943992], [75.88566609591369, 125.90889404896366]]}