{"harita_boyut": {"genislik": 131, "yukseklik": 233}, "baslangic": [63.45760026681393, 82.14030022338768], "hedef": [123.46295499809847, 175.212251395593], "engeller": [["dikdortgen", 16, 171, 11, 17], ["dikdortgen", 6, 35, 11, 6], ["daire", 115, 118, 4], ["daire", 91, 59, 3], ["daire", 98, 170, 11], ["daire", 39, 106, 7], ["dikdortgen", 18, 83, 10, 10], ["dikdortgen", 11, 209, 6, 7], ["daire", 112, 14, 13], ["dikdortgen", 99, 192, 18, 5], ["daire", 98, 33, 8], ["dikdortgen", 44, 23, 14, 14], ["daire", 23, 73, 12], ["dikdortgen", 11, 80, 10, 7], ["daire", 61, 65, 6]], "rrt_path": [[63.457600266813934, 82.14030022338771], [63.27290530860122, 82.60096461204671], [63.098207895261055, 83.06397487053687], [62.9335080267934, 83.52933099885819], [62.778805703198316, 83.99703299701075], [62.634100924475746, 84.46708086499446], [62.499393690625716, 84.93947460280931], [62.37468400164822, 85.4142142104554], [62.25997185754326, 85.89129968793263], [62.15525725831086, 86.37073103524108], [62.060540203950985, 86.85250825238069], [61.975820694463636, 87.33663133935147], [61.90109872984881, 87.82310029615343], [61.83637431010655, 88.31191512278659], [61.78164743523681, 88.80307581925092], [61.736918105239624, 89.29658238554646], [61.702186320114954, 89.79243482167315], [61.67745207986284, 90.29063312763103], [61.66271538448324, 90.79117730342006], [61.6579762339762, 91.29406734904032], [61.66323462834168, 91.79930326449171], [61.678490567579715, 92.30688504977434], [61.703744051690265, 92.8168127048881], [61.73899508067336, 93.32908622983307], [61.784243654529, 93.84370562460921], [61.83948977325717, 94.36067088921654], [61.90473343685789, 94.87998202365506], [61.979974645331126, 95.40163902792472], [62.06521339867691, 95.9256419020256], [62.16044969689521, 96.45199064595762], [62.265683539986085, 96.98068525972087], [62.38091492794946, 97.51172574331527], [62.5061438607854, 98.04511209674087], [62.64137033849386, 98.58084431999762], [62.78659436107487, 99.11892241308558], [62.941815928528406, 99.6593463760047], [63.10703504085447, 100.202116208755], [63.28225169805308, 100.7472319113365], [63.46746590012423, 101.29469348374917], [63.662677647067916, 101.84450092599303], [63.86788693888414, 102.39665423806804], [64.0830937755729, 102.95115341997429], [64.3082981571342, 103.50799847171167], [64.54373715069207, 104.06618807233026], [64.80199120912631, 104.5725850731006], [65.09019981661014, 104.99703381619483], [65.40836297314354, 105.33953430161296], [65.75648067872652, 105.60008652935495], [66.13455293335907, 105.77869049942086], [66.54257973704121, 105.87534621181067], [66.98056108977293, 105.89005366652435], [67.44849699155422, 105.82281286356192], [67.9459665415257, 105.67506674359903], [68.4537663159662, 105.51264886477956], [68.96148657501801, 105.37124610378419], [69.46912731868106, 105.25085846061295], [69.97668854695542, 105.15148593526585], [70.48417025984106, 105.07312852774291], [70.99157245733798, 105.01578623804409], [71.49889513944618, 104.97945906616938], [72.00613830616568, 104.96414701211887], [72.51330195749647, 104.96985007589245], [73.0203860934385, 104.99656825749017], [73.52739071399186, 105.04430155691202], [74.0343158191565, 105.11304997415803], [74.54116140893241, 105.20281350922814], [75.04792748331963, 105.31359216212243], [75.55461404231811, 105.44538593284084], [76.06122108592787, 105.59819482138334], [76.56774861414894, 105.77201882775005], [77.07419662698128, 105.96685795194084], [77.58056512442491, 106.1827121939558], [78.0861600684948, 106.4183724759793], [78.58480546855104, 106.66307965595668], [79.07504323704052, 106.91429361165879], [79.5568733739632, 107.17201434308554], [80.03029587931913, 107.43624185023697], [80.49531075310828, 107.70697613311307], [80.95191799533065, 107.98421719171387], [81.40011760598624, 108.26796502603929], [81.83990958507505, 108.55821963608942], [82.2712939325971, 108.8549810218642], [82.69427064855236, 109.15824918336367], [83.10883973294088, 109.46802412058781], [83.51500118576259, 109.7843058335366], [83.91275500701751, 110.10709432221006], [84.30210119670568, 110.43638958660821], [84.68303975482709, 110.77219162673106], [85.0555706813817, 111.11450044257855], [85.41969397636956, 111.46331603415072], [85.77540963979061, 111.81863840144754], [86.12271767164489, 112.18046754446908], [86.46161807193243, 112.54880346321528], [86.79211084065317, 112.92364615768614], [87.11419597780713, 113.30499562788162], [87.42787348339431, 113.69285187380183], [87.73314335741475, 114.08721489544672], [88.03000559986837, 114.48808469281624], [88.31846021075525, 114.89546126591047], [88.59850719007534, 115.30934461472935], [88.87014653782866, 115.72973473927294], [89.13337825401521, 116.15663163954116], [89.38820233863497, 116.59003531553407], [89.63461879168796, 117.02994576725163], [89.87262761317417, 117.47636299469389], [90.10222880309361, 117.9292869978608], [90.32342236144629, 118.38871777675242], [90.54084582008463, 118.85107333717336], [90.75973584291792, 119.31230891990214], [90.98009719105659, 119.77242084749327], [91.20192986450066, 120.23140911994686], [91.42523386325013, 120.68927373726285], [91.65000918730499, 121.14601469944125], [91.87625583666521, 121.60163200648208], [92.10397381133085, 122.05612565838533], [92.33316311130189, 122.50949565515097], [92.56382373657829, 122.96174199677903], [92.79595568716007, 123.4128646832695], [93.0295589630473, 123.86286371462242], [93.26463356423989, 124.31173909083772], [93.50117949073787, 124.75949081191547], [93.73919674254122, 125.20611887785562], [93.97868531965, 125.65162328865817], [94.21964522206416, 126.09600404432315], [94.46207644978368, 126.53926114485051], [94.70597900280863, 126.98139459024036], [94.95135288113894, 127.42240438049257], [95.19819808477466, 127.86229051560719], [95.44651461371576, 128.30105299558423], [95.69630246796225, 128.7386918204237], [95.94756164751416, 129.1752069901256], [96.20029215237142, 129.61059850468985], [96.4544939825341, 130.04486636411661], [96.71016713800215, 130.47801056840572], [96.96731161877562, 130.91003111755728], [97.22592742485446, 131.3409280115712], [97.48601455623869, 131.7707012504476], [97.74757301292831, 132.1993508341864], [98.01060279492333, 132.6268767627876], [98.27510390222372, 133.05327903625118], [98.54107633482954, 133.47855765457723], [98.80852009274072, 133.9027126177657], [99.07655383323262, 134.32635072765294], [99.34322083806228, 134.75081917891137], [99.60844963764819, 135.1761671781345], [99.87224023199038, 135.6023947253224], [100.13459262108886, 136.02950182047505], [100.39550680494361, 136.45748846359243], [100.6549827835546, 136.8863546546745], [100.91302055692195, 137.31610039372137], [101.16962012504551, 137.74672568073294], [101.42478148792537, 138.17823051570926], [101.6785046455615, 138.6106148986503], [101.93078959795396, 139.04387882955612], [102.18163634510263, 139.47802230842663], [102.43104488700763, 139.91304533526193], [102.67901522366887, 140.34894791006192], [102.92554735508642, 140.78573003282668], [103.17064128126023, 141.22339170355616], [103.41429700219032, 141.66193292225037], [103.6565145178767, 142.10135368890934], [103.89729382831933, 142.541654003533], [104.1366349335183, 142.9828338661215], [104.37453783347351, 143.42489327667468], [104.611002528185, 143.8678322351926], [104.84602901765278, 144.31165074167524], [105.07961730187682, 144.75634879612264], [105.31176738085713, 145.20192639853474], [105.54247925459374, 145.6483835489116], [105.77175292308664, 146.09572024725324], [105.9995883863358, 146.54393649355958], [106.22598564434124, 146.99303228783066], [106.45094469710298, 147.44300763006646], [106.67446554462097, 147.89386252026702], [106.89654818689525, 148.34559695843234], [107.11719262392583, 148.79821094456236], [107.33639885571267, 149.25170447865716], [107.5547064949192, 149.70575068814162], [107.77546540470112, 150.15832037972638], [107.99925302045607, 150.60906376956052], [108.22606934218406, 151.0579808576441], [108.45591436988505, 