{"harita_boyut": {"genislik": 164, "yukseklik": 411}, "baslangic": [131.03589059270902, 166.97690757917874], "hedef": [5.71480808829538, 116.13095454786695], "engeller": [["daire", 129, 345, 10], ["dikdortgen", 90, 244, 20, 11], ["daire", 133, 243, 3], ["daire", 117, 99, 4], ["dikdortgen", 144, 41, 15, 5], ["dikdortgen", 87, 153, 11, 20], ["dikdortgen", 119, 393, 9, 10], ["daire", 52, 241, 6], ["dikdortgen", 34, 328, 11, 6], ["dikdortgen", 136, 277, 19, 8], ["dikdortgen", 15, 19, 19, 9], ["daire", 82, 20, 11], ["dikdortgen", 19, 227, 12, 18], ["daire", 71, 104, 8], ["dikdortgen", 155, 110, 5, 6], ["daire", 23, 86, 8], ["dikdortgen", 75, 207, 11, 9], ["dikdortgen", 149, 146, 12, 10], ["dikdortgen", 144, 103, 14, 17], ["daire", 118, 277, 5], ["dikdortgen", 14, 263, 16, 19], ["dikdortgen", 141, 280, 20, 20], ["dikdortgen", 112, 204, 12, 9], ["dikdortgen", 30, 262, 9, 7], ["dikdortgen", 68, 337, 11, 9], ["dikdortgen", 85, 194, 11, 16], ["daire", 149, 388, 11], ["dikdortgen", 114, 305, 16, 9], ["dikdortgen", 66, 234, 16, 11], ["daire", 73, 389, 15], ["dikdortgen", 114, 221, 12, 13], ["dikdortgen", 25, 13, 20, 18], ["daire", 154, 57, 5]], "rrt_path": [[131.03589059270902, 166.97690757917874], [130.74400929193993, 167.38523096821189], [130.44641040256676, 167.78931702200893], [130.14309392458935, 168.18916574056973], [129.83405985800792, 168.58477712389447], [129.51930820282226, 168.976151171983], [129.1988389590325, 169.3632878848354], [128.87265212663863, 169.74618726245163], [128.54074770564057, 170.12484930483168], [128.20312569603843, 170.4992740119756], [127.85978609783213, 170.8694613838834], [127.51072891102166, 171.23541142055495], [127.15595413560706, 171.5971241219904], [126.79546177158838, 171.95459948818967], [126.42925181896551, 172.3078375191528], [126.05732427773852, 172.6568382148798], [125.67967914790738, 173.0016015753706], [125.29631642947211, 173.34212760062522], [124.90723612243272, 173.67841629064375], [124.51243822678919, 174.01046764542608], [124.11192274254152, 174.33828166497227], [123.7056896696897, 174.6618583492823], [123.29373900823376, 174.9811976983562], [122.87607075817368, 175.2962997121939], [122.45268491950944, 175.60716439079545], [122.0235814922411, 175.91379173416087], [121.5887604763686, 176.21618174229013], [121.14822187189196, 176.5143344151832], [120.70373622457619, 176.8053830464941], [120.25732788412547, 177.08604999366844], [119.80899908457614, 177.35633163955825], [119.3587498259282, 177.6162279841636], [118.90658010818163, 177.86573902748438], [118.45248993133643, 178.10486476952062], [117.99647929539259, 178.33360521027234], [117.53854820035015, 178.55196034973955], [117.0786966462091, 178.75993018792224], [116.6169246329694, 178.95751472482038], [116.1532321606311, 179.14471396043405], [115.68761922919418, 179.32152789476316], [115.22008583865863, 179.4879565278078], [114.75063198902444, 179.64399985956786], [114.27925768029166, 179.78965789004337], [113.80596291246022, 179.92493061923437], [113.33074768553017, 180.04981804714092], [112.85361199950154, 180.16432017376292], [112.37455585437422, 180.26843699910035], [111.89357925014835, 180.3621685231533], [111.41068218682382, 180.44551474592168], [110.92586466440068, 180.5184756674056], [110.43912668287888, 180.58105128760494], [109.9504682422585, 180.63324160651976], [109.45988934253947, 180.6750466241501], [108.96738998372182, 180.7064663404959], [108.47297016580555, 180.72750075555714], [107.97662988879068, 180.73814986933388], [107.47836915267717, 180.7384136818261], [106.97818795746505, 180.72829219303384], [106.4760863031543, 180.707785402957], [105.97206418974494, 180.67689331159565], [105.46612161723692, 180.63561591894978], [104.95825858563032, 180.5839532250194], [104.44887479026713, 180.5248179827266], [103.93939672894014, 180.46860569879036], [103.42995109213463, 180.41623962160133], [102.92053787985061, 180.36771975115954], [102.41115709208808, 180.323046087465], [101.90180872884706, 180.28221863051775], [101.3924927901275, 180.2452373803177], [100.88320927592946, 180.21210233686492], [100.3739581862529, 180.18281350015937], [99.86473952109783, 180.15737087020108], [99.35555328046425, 180.13577444699], [98.84639946435219, 180.1180242305262], [98.33727807276156, 180.10412022080965], [97.82818910569249, 180.09406241784032], [97.31913256314486, 180.08785082161825], [96.81010844511874, 180.08548543214343], [96.30111675161413, 180.08696624941587], [95.792157482631, 180.09229327343556], [95.28323063816934, 180.10146650420248], [94.77433621822921, 180.11448594171665], [94.26547422281054, 180.13135158597808], [93.75664465191336, 180.1520634369867], [93.24784750553768, 180.17662149474262], [92.73908278368351, 180.2050257592458], [92.23035048635077, 180.23727623049615], [91.72165061353958, 180.27337290849383], [91.21298316524987, 180.3133157932387], [90.70434814148165, 180.35710488473083], [90.19574554223493, 180.40474018297024], [89.6871753675097, 180.45622168795688], [89.17863761730595, 180.51154939969075], [88.6701322916237, 180.57072331817187], [88.16165939046292, 180.63374344340025], [87.65321891382365, 180.70060977537588], [87.14620030613541, 180.77328060993645], [86.64231096594915, 180.85416237040099], [86.14155531510822, 180.94326128895645], [85.64393335361262, 181.04057736560276], [85.14944508146235, 181.14611060033994], [84.6580904986574, 181.25986099316802], [84.16986960519779, 181.38182854408694], [83.6847824010835, 181.5120132530968], [83.20282888631453, 181.6504151201975], [82.72400906089088, 181.7970341453891], [82.24832292481254, 181.95187032867156], [81.77577047807956, 182.1149236700449], [81.30635172069192, 182.28619416950914], [80.84006665264958, 182.46568182706426], [80.37691527395258, 182.65338664271025], [79.9168975846009, 182.84930861644716], [79.46001358459453, 183.0534477482749], [79.00626327393351, 183.26580403819352], [78.55564665261781, 183.48637748620308], [78.10816372064743, 183.71516809230346], [77.66381447802239, 183.95217585649476], [77.22259892474267, 184.1974007787769], [76.78451706080827, 184.45084285914996], [76.3495688862192, 184.71250209761388], [75.91775440097547, 184.9823784941687], [75.48907360507704, 185.26047204881436], [75.06352649852397, 185.54678276155093], [74.6411130813162, 185.8413106323784], [74.22183335345377, 186.1440556612967], [73.80568731493665, 186.45501784830594], [73.39267496576488, 186.77419719340602], [72.98279630593842, 187.10159369659698], [72.5760513354573, 187.43720735787883], [72.17480338178459, 187.78090858728683], [71.78573565840219, 188.1323309195668], [71.40925342757689, 188.49145213269338], [71.04535668930865, 188.85827222666663], [70.69404544359753, 189.23279120148646], [70.35531969044351, 189.61500905715286], [70.02917942984658, 190.00492579366593], [69.71562466180676, 190.4025414110256], [69.41465538632403, 190.80785590923188], [69.1262716033984, 191.22086928828475], [68.85047331302985, 191.64158154818426], [68.58726051521842, 192.06999268893034], [68.33663320996408, 192.50610271052304], [68.09859139726683, 192.9499116129624], [67.87313507712668, 193.40141939624834], [67.66026424954363, 193.86062606038087], [67.45997891451769, 194.3275316053601], [67.27227907204882, 194.80213603118585], [67.09716472213708, 195.28443933785823], [66.93463586478241, 195.7744415253772], [66.78469249998484, 196.2721425937428], [66.64733462774439, 196.77754254295502], [66.522562248061, 197.2906413730139], [66.41037536093474, 197.81143908391937], [66.31077396636557, 198.3399356756714], [66.22375806435349, 198.87613114827005], [66.14932765489851, 199.42002550171534], [66.08748273800063, 199.97161873600726], [66.03822331365987, 200.5309108511458], [65.99883523712701, 201.09595714710355], [65.9425861700438, 201.6476037526102], [65.86266111848849, 202.18096768606713], [65.75906008246108, 202.69604894747445], [65.63178306196158, 203.19284753683212], [65.48083005699003, 203.6713634541402], [65.30620106754634, 204.13159669939856], [65.10789609363059, 204.57354727260733], [64.88591513524274, 204.99721517376642],