{"harita_boyut": {"genislik": 299, "yukseklik": 491}, "baslangic": [21.12271708477626, 222.13894939137893], "hedef": [192.3047550000877, 113.56215333523585], "engeller": [["dikdortgen", 140, 3, 10, 13], ["daire", 170, 220, 15], ["daire", 116, 336, 3], ["dikdortgen", 81, 428, 10, 14], ["dikdortgen", 81, 55, 18, 17], ["dikdortgen", 217, 327, 10, 15], ["dikdortgen", 195, 29, 13, 16], ["daire", 113, 15, 8], ["daire", 22, 176, 14], ["daire", 18, 281, 10], ["daire", 254, 432, 15], ["daire", 246, 166, 15], ["dikdortgen", 140, 22, 11, 18], ["dikdortgen", 61, 366, 11, 10], ["daire", 61, 427, 14], ["daire", 94, 254, 13], ["daire", 50, 389, 15], ["daire", 172, 78, 12], ["daire", 258, 465, 5], ["daire", 228, 13, 13], ["dikdortgen", 166, 284, 13, 19], ["dikdortgen", 55, 221, 11, 6], ["daire", 163, 110, 12], ["daire", 194, 359, 3], ["daire", 222, 198, 3], ["dikdortgen", 46, 304, 13, 12], ["daire", 141, 317, 14], ["dikdortgen", 43, 221, 17, 13], ["daire", 239, 378, 13], ["daire", 192, 137, 7], ["daire", 239, 384, 6], ["daire", 24, 275, 12], ["dikdortgen", 48, 204, 15, 9], ["dikdortgen", 16, 413, 8, 6], ["dikdortgen", 196, 405, 13, 9], ["dikdortgen", 121, 421, 8, 5], ["dikdortgen", 241, 183, 11, 17], ["dikdortgen", 215, 337, 13, 9], ["daire", 264, 480, 4], ["daire", 17, 424, 3], ["dikdortgen", 204, 33, 11, 11], ["daire", 223, 420, 4], ["daire", 150, 163, 8], ["dikdortgen", 34, 143, 17, 8], ["dikdortgen", 124, 447, 11, 14], ["dikdortgen", 50, 58, 12, 16], ["daire", 262, 287, 12], ["daire", 35, 427, 15], ["dikdortgen", 169, 363, 19, 10], ["daire", 107, 151, 3], ["dikdortgen", 188, 229, 19, 13], ["daire", 130, 264, 14], ["dikdortgen", 125, 359, 15, 15], ["dikdortgen", 78, 109, 19, 6], ["daire", 22, 463, 10], ["dikdortgen", 140, 27, 14, 7], ["dikdortgen", 153, 103, 10, 6], ["daire", 68, 274, 3], ["daire", 112, 412, 9], ["dikdortgen", 90, 316, 18, 13], ["daire", 271, 244, 11], ["daire", 44, 372, 7], ["daire", 184, 418, 6], ["daire", 167, 362, 9], ["dikdortgen", 110, 34, 18, 14], ["daire", 193, 431, 12], ["dikdortgen", 223, 427, 9, 15], ["dikdortgen", 159, 244, 15, 12], ["dikdortgen", 163, 210, 9, 14], ["daire", 272, 22, 3], ["daire", 87, 174, 9], ["daire", 56, 252, 13], ["daire", 60, 116, 7]], "rrt_path": [[21.12271708477626, 222.13894939137893], [35.06399269562931, 208.70666567836508], [46.01638806179194, 195.25236045382584], [62.450634191713384, 190.38570826668015], [69.88952119232589, 188.94044867403036], [83.50650975416573, 190.1433035956679], [91.06813825813008, 191.90264726336747], [103.25972709486457, 197.32396030311872], [121.11709748223457, 198.3647656121342], [134.46493466160354, 194.8316327171731], [143.8555667717335, 193.80067886272545], [157.88739378931615, 188.33043155576394], [167.58279847173912, 183.9122885692775], [170.35390862427656, 181.79824991360488], [169.20838044206192, 170.48942763986875], [167.74876132749506, 154.63922409057875], [176.36641852675052, 138.10637599902515], [180.1200063877526, 131.79611574671182], [190.70953882999254, 117.23029801213545], [192.3047550000877, 113.56215333523585]]}