{"harita_boyut": {"genislik": 106, "yukseklik": 461}, "baslangic": [53.18872397156856, 70.97414877973854], "hedef": [38.27409297746681, 279.36004833575555], "engeller": [["daire", 92, 156, 9], ["daire", 52, 367, 12], ["daire", 44, 333, 9], ["dikdortgen", 7, 440, 13, 7], ["daire", 52, 428, 12], ["dikdortgen", 17, 296, 14, 12], ["daire", 66, 196, 11], ["daire", 16, 311, 5], ["dikdortgen", 53, 324, 9, 9], ["daire", 9, 142, 7], ["dikdortgen", 64, 402, 16, 17], ["daire", 79, 144, 8], ["daire", 48, 184, 13], ["daire", 24, 72, 4], ["dikdortgen", 11, 12, 19, 18], ["dikdortgen", 58, 323, 5, 14], ["daire", 77, 403, 8], ["daire", 37, 71, 8], ["daire", 69, 200, 15], ["daire", 7, 397, 7], ["daire", 17, 369, 14], ["dikdortgen", 32, 142, 12, 7], ["dikdortgen", 79, 261, 10, 18], ["dikdortgen", 72, 176, 20, 10]], "rrt_path": [[53.18872397156856, 70.97414877973854], [51.32434688397586, 86.7730558440829], [50.03763598182333, 98.4785037370984], [49.21499016071826, 117.95320749272744], [50.39347988507745, 125.22994435345865], [50.67004345086027, 140.05044142524494], [49.426621544582275, 155.73207823509216], [36.7209833411966, 162.25856422885607], [35.501061462372355, 160.08618116401698], [34.14179637803194, 163.84814852571657], [28.166672156154135, 180.47720849624966], [30.70581231367134, 189.3708315243987], [31.955704099716186, 193.17053816086127], [36.14846897192824, 210.63297055691348], [37.96784639064858, 214.19525434800178], [41.84118639827539, 231.97349690143415], [41.932105872574574, 236.35522914817727], [44.00426575380407, 253.43653527943366], [39.7112082618483, 271.6213768799796], [38.27409297746681, 279.36004833575555]]}