{"harita_boyut": {"genislik": 174, "yukseklik": 452}, "baslangic": [82.27584524007572, 261.9700496377979], "hedef": [123.43490988584631, 401.5867287811963], "engeller": [["daire", 70, 62, 12], ["dikdortgen", 141, 328, 5, 10], ["daire", 102, 70, 7], ["dikdortgen", 141, 31, 11, 17], ["dikdortgen", 79, 134, 20, 7], ["dikdortgen", 145, 360, 8, 16], ["dikdortgen", 123, 248, 10, 13], ["daire", 28, 150, 12], ["dikdortgen", 82, 330, 11, 20], ["dikdortgen", 116, 81, 14, 19], ["daire", 23, 142, 11], ["dikdortgen", 60, 339, 6, 7], ["dikdortgen", 48, 316, 20, 20], ["daire", 62, 115, 9], ["daire", 88, 235, 4], ["dikdortgen", 112, 119, 7, 20], ["dikdortgen", 19, 232, 17, 20], ["daire", 124, 119, 8], ["daire", 17, 307, 5], ["dikdortgen", 66, 336, 6, 7], ["dikdortgen", 80, 239, 15, 15], ["dikdortgen", 17, 217, 10, 19], ["dikdortgen", 59, 107, 11, 16], ["dikdortgen", 134, 129, 16, 13], ["daire", 15, 200, 12], ["dikdortgen", 109, 343, 5, 12], ["dikdortgen", 115, 73, 13, 18], ["daire", 46, 123, 14], ["daire", 57, 9, 4], ["daire", 134, 257, 8], ["daire", 129, 431, 5], ["daire", 50, 137, 15], ["daire", 87, 356, 13], ["daire", 34, 191, 10], ["daire", 153, 236, 10], ["dikdortgen", 65, 135, 7, 15], ["daire", 109, 225, 8], ["dikdortgen", 163, 61, 5, 13], ["dikdortgen", 63, 53, 19, 11]], "rrt_path": [[82.27584524007572, 261.9700496377979], [101.9503777071369, 259.29360759301426], [102.57855908126443, 260.49149898304347], [106.63477511237298, 271.0783596340478], [112.1501860402988, 286.7267302988286], [112.67507705239822, 294.1629617160607], [115.84717750794192, 311.6337781298308], [117.43737847326047, 323.410537691349], [119.42369482863704, 341.2726835413116], [120.49075994753294, 356.26356882684075], [121.37406757316923, 371.5518428987433], [123.32547486227573, 390.87611201449084], [123.43490988584631, 401.5867287811963]]}