{"harita_boyut": {"genislik": 107, "yukseklik": 192}, "baslangic": [47.2739100238325, 111.26109609219495], "hedef": [5.971401841961716, 8.677598532040996], "engeller": [["daire", 22, 53, 8], ["daire", 48, 82, 7], ["dikdortgen", 74, 30, 7, 17], ["daire", 36, 76, 14], ["dikdortgen", 69, 95, 17, 11], ["daire", 77, 83, 8], ["daire", 19, 135, 11], ["daire", 55, 117, 4], ["daire", 33, 172, 14], ["dikdortgen", 43, 49, 8, 5]], "rrt_path": [[47.2739100238325, 111.26109609219495], [48.661127841635114, 104.81659115996055], [61.04631629517766, 91.46057438978205], [61.86983776768627, 76.81043023423571], [63.84719796162835, 78.06553984310162], [70.49565298344518, 65.2703211794412], [69.25153151223239, 54.032136732166755], [55.99274403956639, 40.56108341336469], [43.2104098932354, 37.454517965806595], [24.435618109674387, 33.09757415465169], [17.14970358300868, 22.40535397845278], [5.971401841961716, 8.677598532040996]]}