{"harita_boyut": {"genislik": 155, "yukseklik": 152}, "baslangic": [38.44405780438385, 98.9479915517701], "hedef": [149.02601326010887, 48.2767315366175], "engeller": [["dikdortgen", 18, 24, 13, 10], ["daire", 63, 73, 12], ["daire", 79, 101, 7], ["daire", 119, 123, 4], ["dikdortgen", 111, 19, 8, 14], ["dikdortgen", 55, 76, 20, 6], ["daire", 79, 93, 9], ["dikdortgen", 68, 9, 7, 20], ["dikdortgen", 89, 22, 14, 11], ["daire", 139, 74, 7], ["daire", 40, 74, 4]], "rrt_path": [[38.44405780438385, 98.9479915517701], [43.8746909041151, 102.036243435569], [61.990371145555, 109.32636434178816], [80.67289209768789, 114.48300708595224], [91.9318874490989, 116.24552321529394], [108.32985990012853, 105.8772013482596], [110.32748247072915, 104.32364409592385], [114.9392944473502, 94.78011579928577], [121.67954844844581, 79.35187235135697], [126.7808192284676, 69.02437636423467], [132.44683345831683, 63.61915103296819], [142.7630379049652, 53.23156641638688], [149.02601326010887, 48.2767315366175]]}