{"harita_boyut": {"genislik": 444, "yukseklik": 124}, "baslangic": [400.71627885003886, 113.22712318837588], "hedef": [324.9693294628942, 38.17607845717388], "engeller": [["daire", 203, 62, 7], ["daire", 345, 96, 8], ["dikdortgen", 331, 81, 6, 13], ["dikdortgen", 287, 20, 16, 20], ["daire", 336, 109, 12], ["dikdortgen", 106, 78, 13, 20], ["daire", 161, 60, 14], ["daire", 176, 83, 4], ["dikdortgen", 19, 29, 14, 14], ["daire", 312, 93, 6], ["dikdortgen", 362, 101, 11, 15], ["daire", 46, 16, 13], ["dikdortgen", 183, 93, 20, 20], ["daire", 288, 85, 4], ["daire", 226, 55, 9], ["daire", 167, 43, 12], ["dikdortgen", 185, 30, 10, 13], ["daire", 298, 56, 13], ["dikdortgen", 14, 6, 6, 19], ["daire", 89, 106, 4], ["dikdortgen", 99, 46, 6, 19], ["dikdortgen", 74, 39, 14, 14], ["daire", 99, 107, 12], ["daire", 391, 104, 8], ["dikdortgen", 13, 39, 14, 6], ["daire", 390, 23, 15], ["dikdortgen", 91, 22, 17, 19]], "rrt_path": [[400.71627885003886, 113.22712318837588], [403.2760682346446, 110.15344813943857], [407.1553778961282, 100.25430970190523], [401.8723929780271, 92.56796474391373], [384.03520903193134, 84.64788953171998], [364.5043979428143, 82.06407865993052], [356.657730257543, 80.72856737357985], [341.92325723278486, 75.38397447475006], [322.7898044026444, 73.67731402253631], [322.31180627127156, 74.29431598483852], [327.318570125987, 61.14669834982934], [324.21996896656606, 42.1052588865437], [324.9693294628942, 38.17607845717388]]}