{"harita_boyut": {"genislik": 150, "yukseklik": 143}, "baslangic": [65.27679577292105, 131.81900137333287], "hedef": [46.318236271015316, 30.649521654481113], "engeller": [["daire", 136, 52, 10], ["dikdortgen", 142, 43, 5, 5], ["dikdortgen", 94, 20, 7, 19], ["dikdortgen", 3, 93, 9, 11], ["daire", 18, 87, 4], ["daire", 28, 128, 10], ["daire", 84, 67, 15], ["daire", 14, 43, 9], ["dikdortgen", 92, 120, 12, 5], ["dikdortgen", 85, 94, 5, 16]], "rrt_path": [[65.27679577292105, 131.81900137333287], [66.65013100845243, 124.8273898596849], [67.8750937032077, 106.63538574442437], [67.47434536912787, 98.80563410839943], [67.34268830441454, 85.08348104117046], [65.27016489656302, 82.97888658268647], [63.655009058221815, 72.17500144535832], [62.505790619173546, 56.55501836925417], [57.028255817718104, 40.19030217194992], [46.318236271015316, 30.649521654481113]]}