{"harita_boyut": {"genislik": 193, "yukseklik": 438}, "baslangic": [38.53369309739784, 168.92968016332594], "hedef": [76.15488561810696, 43.752503063506595], "engeller": [["dikdortgen", 132, 103, 15, 15], ["daire", 77, 356, 10], ["dikdortgen", 148, 56, 19, 18], ["daire", 113, 242, 15], ["daire", 129, 332, 13], ["daire", 114, 382, 12], ["daire", 154, 237, 12], ["dikdortgen", 63, 361, 17, 7], ["daire", 19, 186, 6], ["dikdortgen", 121, 361, 9, 15], ["dikdortgen", 93, 108, 10, 19], ["daire", 92, 286, 14], ["daire", 80, 423, 9], ["dikdortgen", 83, 281, 17, 12], ["dikdortgen", 5, 111, 5, 14], ["dikdortgen", 171, 411, 20, 20], ["dikdortgen", 23, 40, 7, 16], ["daire", 54, 108, 9], ["dikdortgen", 163, 262, 16, 14], ["daire", 95, 279, 6], ["daire", 140, 98, 9], ["daire", 53, 12, 5], ["dikdortgen", 78, 124, 17, 12], ["dikdortgen", 73, 50, 18, 9], ["dikdortgen", 176, 372, 10, 14], ["dikdortgen", 67, 264, 7, 7], ["daire", 34, 201, 4], ["daire", 59, 185, 3], ["dikdortgen", 31, 85, 17, 6], ["daire", 26, 95, 13], ["dikdortgen", 175, 385, 18, 7], ["daire", 16, 341, 12], ["daire", 161, 395, 4], ["daire", 84, 403, 9], ["daire", 20, 49, 8], ["daire", 118, 143, 11], ["dikdortgen", 169, 197, 13, 12], ["daire", 97, 24, 11], ["dikdortgen", 91, 406, 17, 16], ["dikdortgen", 152, 258, 7, 20], ["daire", 13, 47, 11], ["dikdortgen", 166, 329, 6, 13]], "rrt_path": [[38.53369309739784, 168.92968016332594], [50.850363061137514, 159.25445420625127], [61.69194482693703, 150.40221252909805], [73.68886041189036, 141.17054382572036], [72.84415690043627, 142.6200978285928], [71.02845749290024, 127.51096608492807], [69.1897177394422, 112.50881805150526], [67.70137406708152, 102.02943003342173], [62.764527254190206, 91.30663684015515], [62.87010886121656, 74.32768712930483], [65.50936880912626, 59.17138039578667], [68.21941316996202, 43.79963993370167], [76.15488561810696, 43.752503063506595]]}