{"harita_boyut": {"genislik": 156, "yukseklik": 118}, "baslangic": [63.590584211744996, 62.91478975683421], "hedef": [147.57869053082553, 8.082367779354733], "engeller": [["dikdortgen", 12, 69, 18, 10], ["dikdortgen", 89, 38, 13, 13], ["daire", 148, 70, 7], ["dikdortgen", 35, 105, 11, 11], ["daire", 149, 42, 6], ["dikdortgen", 97, 79, 17, 20], ["dikdortgen", 105, 53, 5, 20], ["dikdortgen", 122, 90, 8, 15], ["dikdortgen", 137, 62, 16, 11]], "rrt_path": [[63.59058421174501, 62.91478975683423], [64.04794271762078, 62.692645856717824], [64.49985382011447, 62.46353212908826], [64.94631751922607, 62.227448573945544], [65.3873338149556, 61.98439519128969], [65.82290270730306, 61.734371981120695], [66.2530241962684, 61.47737894343854], [66.67769828185169, 61.21341607824326], [67.09692496405289, 60.94248338553482], [67.51070424287202, 60.66458086531325], [67.91903611830904, 60.37970851757851], [68.32192059036402, 60.08786634233065], [68.71935765903689, 59.78905433956962], [69.11134732432767, 59.48327250929545], [69.49788958623637, 59.17052085150814], [69.87898444476302, 58.85079936620769], [70.25463189990755, 58.52410805339409], [70.62483195167003, 58.19044691306734], [70.9895846000504, 57.84981594522744], [71.34888984504872, 57.5022151498744], [71.70274768666494, 57.147644527008225], [72.05115812489908, 56.786104076628895], [72.39412115975114, 56.41759379873641], [72.7316367912211, 56.04211369333079], [73.063705019309, 55.65966376041203], [73.39032584401481, 55.27024399998011], [73.71149926533855, 54.873854412035044], [74.02568214433184, 54.46988075380298], [74.3276088791251, 54.05622706503225], [74.61684232132002, 53.632719339846744], [74.89338247091666, 53.19935757824644], [75.15722932791495, 52.756141780231324], [75.40838289231488, 52.303071945801385], [75.64684316411652, 51.84014807495666], [75.87261014331982, 51.36737016769713], [76.08568382992479, 50.8847382240228], [76.28606422393145, 50.392252243933655], [76.47375132533975, 49.889912227429704], [76.64874513414975, 49.37771817451096], [76.81104565036141, 48.8556700851774], [76.96065287397477, 48.323767959429055], [77.09756680498975, 47.78201179726588], [77.22178744340644, 47.230401598687905], [77.3333147892248, 46.66893736369514], [77.43214884244482, 46.09761909228758], [77.51828960306652, 45.516446784465195], [77.5917370710899, 44.92542044022802], [77.65249124651493, 44.32454005957602], [77.70055212934165, 43.71380564250922], [77.73591971957003, 43.093217189027634], [77.7585940172001, 42.46277469913123], [77.76857502223183, 41.82247817282002], [77.76586273466523, 41.172327610094015], [77.75045715450031, 40.512323010953196], [77.72235828173706, 39.84246437539758], [77.68156611637548, 39.16275170342716], [77.62808065841558, 38.47318499504193], [77.56190190785736, 37.77376425024191], [77.48302986470077, 37.064489469027066], [77.39146452894589, 36.34536065139743], [77.28720590059268, 35.61637779735299], [77.17025397964116, 34.87754090689374], [77.04060876609128, 34.128849980019694], [76.89827025994308, 33.37030501673083], [76.74323846119657, 32.601906017027176], [76.58185305682424, 31.832139445824666], [76.445438458253, 31.10293695049627], [76.33823647925071, 30.419976729962073], [76.26024711981736, 29.78325878422209], [76.21147037995298, 29.192783113276302], [76.19190625965756, 28.648549717124713], [76.20155475893108, 28.15055859576733], [76.24041587777359, 27.69880974920416], [76.30848961618501, 27.29330317743518], [76.40577597416541, 26.934038880460403], [76.53227495171475, 26.621016858279837], [76.68798654883307, 26.354237110893465], [76.87291076552033, 26.1336996383013], [77.08704760177656, 25.959404440503338], [77.33039705760172, 25.83135151749958], [77.60295913299585, 25.749540869290023], [77.90473382795895, 25.71397249587468], [78.23572114249099, 25.724646397253522], [78.59592107659196, 25.781562573426573], [78.98533363026192, 25.884721024393826], [79.40395880350084, 26.034121750155293], [79.8517965963087, 26.22976475071095], [80.32562588723601, 26.463153989152556], [80.80495436850927, 26.680238910135], [81.28616473493048, 26.87147850163726], [81.7692569864996, 27.036872763659325], [82.25423112321666, 27.176421696201203], [82.74108714508165, 27.290125299262897], [83.22982505209457, 27.377983572844403], [83.72044484425541, 27.43999651694572], [84.21294652156418, 27.47616413156685], [84.7073300840209, 27.486486416707788], [85.20359553162551, 27.47096337236854], [85.70174286437806, 27.429594998549103], [86.20177208227855, 27.362381295249477], [86.70368318532698, 27.269322262469665], [87.20747617352333, 27.150417900209675], [87.7131510468676, 27.00566820846948], [88.22054059669894, 26.837518166033796], [88.7279263805214, 26.671095391436477], [89.23485659078695, 26.51300635986802], [89.74133122749564, 26.36325107132842], [90.24735029064742, 26.22182952581767], [90.75291378024234, 26.088741723335783], [91.2580216962804, 25.963987663882765], [91.76267403876156, 25.847567347458597], [92.26687080768582, 25.73948077406328], [92.77061200305322, 25.63972794369683], [93.27389762486372, 25.548308856359235], [93.77672767311736, 25.4652235120505], [94.2791021478141, 25.39047191077062], [94.78102104895397, 25.324054052519603], [95.28248437653697, 25.26596993729744], [95.78349213056308, 25.216219565104144], [96.28404431103232, 25.1748029359397], [96.78414091794465, 25.141720049804107], [97.28378195130011, 25.116970906697382], [97.78296741109871, 25.100555506619507], [98.28169729734043, 25.092473849570503], [98.77997161002526, 25.092725935550348], [99.2777903491532, 25.101311764559053], [99.77515351472428, 25.118231336596615], [100.27206110673843, 25.143484651663037], [100.76851312519577, 25.177071709758323], [101.26450957009617, 25.218992510882455], [101.76005044143972, 25.269247055035457], [102.25513573922639, 25.327835342217313], [102.74976546345616, 25.394757372428025], [103.24399351157044, 25.469801218750053], [103.73883634806866, 25.548970101694255], [104.234679754157, 25.630747113967903], [104.73152372983544, 25.71513225557099], [105.22936827510401, 25.802125526503524], [105.72821338996268, 25.891726926765504], [106.22805907441145, 25.983936456356922], [106.72890532845037, 26.078754115277796], [107.23075215207938, 26.176179903528105], [107.73359954529847, 26.27621382110786], [108.23744750810772, 26.378855868017066], [108.74229604050707, 26.484106044255704], [109.24814514249654, 26.591964349823797], [109.75499481407607, 26.702430784721326], [110.26284505524576, 26.8155053489483], [110.77169586600554, 26.931188042504726], [111.28154724635546, 27.049478865390594], [111.79239919629546, 27.170377817605896], [112.30425171582559, 27.29388489915065], [112.81710480494583, 27.420000110024848], [113.33095846365619, 27.548723450228497], [113.84581269195664, 27.680054919761574], [114.36166748984724, 27.81399451862411], [114.87852285732791, 27.950542246816084], [115.39637879439871, 28.08969810433751], [115.91523530105962, 28.231462091188373], [116.43509237731065, 28.375834207368683], [116.95595002315176, 28.52281445287843], [117.47780823858302, 28.672402827717626], [118.0006670236044, 28.82459933188627], [118.52452637821587, 28.979403965384357], [119.04938630241742, 29.136816728211883], [119.57524679620911, 29.296837620368848], [120.09964183724999, 29.45249636691198], [120.61778110782576, 29.59025301283761], [121.12954177735719, 29.709760374385755], [121.63492384584434, 29.811018451556404], [122.13392731328717, 29.894027244349562], [122.62655217968567, 29.95878675276524], [123.11279844503989, 30.005296976803415], [123.59266610934976, 30.0335579164641], [124.06615517261531, 30.04356957174729], [124.53326563483655, 30.035331942653002], [124.99399749601348, 30.008845029181217], [125.44835075614608, 29.96410883133193], [125.89632541523437, 29.901123349105163], [126.33792147327836, 29.8198885825009], [126.77313893027804, 29.720404531519154], [127.2019777862334, 29.602671196159914], [127.62443804114442, 29.466688576423177], [128.04051969501114, 29.312456672308954], [128.45022274783355, 29.139975483817242], 