{"harita_boyut": {"genislik": 289, "yukseklik": 398}, "baslangic": [246.55726328971411, 376.98530435753264], "hedef": [16.06461318099685, 353.0736687740724], "engeller": [["daire", 64, 372, 6], ["dikdortgen", 191, 345, 6, 19], ["daire", 81, 283, 15], ["daire", 146, 64, 12], ["daire", 142, 187, 4], ["daire", 45, 140, 9], ["dikdortgen", 174, 60, 7, 5], ["dikdortgen", 91, 237, 12, 11], ["dikdortgen", 126, 14, 8, 12], ["daire", 61, 134, 9], ["dikdortgen", 208, 14, 9, 18], ["daire", 191, 257, 15], ["dikdortgen", 151, 41, 12, 11], ["dikdortgen", 259, 191, 5, 14], ["dikdortgen", 229, 52, 6, 9], ["daire", 232, 167, 13], ["dikdortgen", 86, 332, 8, 7], ["daire", 46, 120, 9], ["daire", 104, 68, 7], ["daire", 30, 294, 3], ["dikdortgen", 64, 361, 8, 12], ["dikdortgen", 124, 270, 17, 10], ["daire", 67, 270, 13], ["dikdortgen", 14, 367, 9, 14], ["daire", 11, 180, 8], ["daire", 21, 322, 12], ["daire", 28, 224, 10], ["dikdortgen", 102, 104, 14, 19], ["daire", 219, 310, 14], ["daire", 175, 246, 14], ["daire", 235, 37, 11], ["daire", 141, 221, 4], ["dikdortgen", 274, 130, 7, 5], ["daire", 40, 149, 8], ["dikdortgen", 29, 72, 14, 14], ["dikdortgen", 62, 305, 16, 15], ["daire", 133, 138, 5], ["dikdortgen", 38, 90, 12, 19], ["dikdortgen", 115, 269, 18, 14], ["daire", 154, 269, 4], ["dikdortgen", 267, 359, 16, 19], ["daire", 121, 156, 5], ["dikdortgen", 225, 185, 18, 5], ["dikdortgen", 217, 136, 9, 16], ["dikdortgen", 135, 225, 8, 7], ["dikdortgen", 249, 128, 8, 20], ["dikdortgen", 225, 199, 19, 9], ["daire", 65, 112, 14], ["daire", 98, 190, 4], ["daire", 201, 199, 5], ["daire", 156, 124, 10], ["dikdortgen", 102, 341, 14, 19], ["dikdortgen", 14, 187, 10, 17], ["daire", 42, 290, 5], ["daire", 81, 289, 8], ["daire", 276, 135, 8], ["daire", 157, 142, 13]], "rrt_path": [[246.55726328971411, 376.98530435753264], [240.94427549275915, 362.83441107883243], [234.77092440413693, 348.59960119965814], [219.44378131809913, 338.09940040305094], [209.16379211486216, 334.7280567502553], [198.4580615788927, 320.9065823492469], [196.70113472909202, 317.31308710861424], [189.7939312050854, 301.14357732169435], [181.41883317706063, 287.72935731402623], [177.027764448319, 281.0792616653847], [168.78102786612723, 266.27222508551887], [157.26754614738348, 256.08959226706605], [151.00715923929604, 248.4012488128637], [134.47089509968214, 241.71216838128842], [128.29887980281367, 237.76147190784096], [128.38224000512727, 229.85589221088495], [128.480812119179, 214.32205144625982], [125.41594825216255, 215.3159461001266], [114.36814461443659, 215.77903249690283], [97.2462393540801, 216.39339663366357], [80.98365236657823, 227.9162336067801], [72.21174030385039, 236.02707984554615], [56.561269080075064, 247.7131926148023], [50.476701603732586, 255.24026147021414], [47.64698489816049, 273.31146148736946], [53.22980372026721, 283.54416647895914], [51.457007749923434, 297.49566256168106], [47.80762701594473, 316.2324259561467], [42.48626000530174, 335.16625579970673], [31.45832209196744, 338.67708811332113], [19.13494485907438, 350.5098701496494], [16.06461318099685, 353.0736687740724]]}