{"harita_boyut": {"genislik": 323, "yukseklik": 113}, "baslangic": [20.99220406990901, 13.876474040028723], "hedef": [285.5178483993592, 48.87694493812642], "engeller": [["daire", 273, 72, 4], ["daire", 298, 22, 6], ["daire", 147, 63, 10], ["daire", 73, 27, 13], ["dikdortgen", 256, 43, 17, 14], ["daire", 42, 53, 9], ["dikdortgen", 158, 102, 8, 6], ["daire", 140, 106, 7], ["daire", 255, 107, 4], ["dikdortgen", 81, 6, 16, 20], ["dikdortgen", 54, 67, 8, 18], ["daire", 230, 69, 13], ["daire", 297, 39, 3], ["dikdortgen", 264, 88, 15, 7], ["dikdortgen", 179, 85, 8, 7], ["daire", 136, 89, 9], ["daire", 18, 56, 12], ["dikdortgen", 202, 59, 10, 13]], "rrt_path": [[20.99220406990901, 13.876474040028723], [27.63361417118881, 18.287680107002135], [37.77882226851393, 25.09283544969232], [51.8098988397925, 36.229516739109215], [61.503856536468696, 42.87736125461796], [73.20016205440025, 45.53116187527044], [90.70986186622324, 50.111667386039215], [108.00792078914826, 54.664139656634646], [111.82555763219358, 55.85814507313115], [130.52395757113916, 53.27694035546354], [140.65334768713856, 48.96782808509937], [144.53320353040382, 47.994833411177474], [162.2596677149481, 46.58707960833075], [176.7938930502765, 46.21001844514639], [195.8271866424956, 46.96882604355214], [213.48110973892145, 46.807977969401776], [230.03703384686315, 48.08559961618676], [247.40103124823835, 40.10013567113263], [254.0650234774063, 35.676412230202054], [257.6430132189507, 34.51769182434032], [276.6090600921794, 36.00565132693085], [285.5178483993592, 48.87694493812642]]}