{"harita_boyut": {"genislik": 292, "yukseklik": 472}, "baslangic": [119.81504801932806, 286.2825271086908], "hedef": [130.2058409058408, 114.86155098999573], "engeller": [["daire", 102, 270, 14], ["daire", 208, 221, 15], ["daire", 263, 74, 10], ["dikdortgen", 33, 249, 14, 12], ["dikdortgen", 111, 242, 12, 19], ["dikdortgen", 107, 197, 14, 17], ["daire", 240, 205, 14], ["dikdortgen", 212, 349, 12, 12], ["dikdortgen", 101, 289, 13, 17], ["dikdortgen", 214, 47, 12, 17], ["dikdortgen", 92, 207, 16, 18], ["daire", 222, 53, 10], ["dikdortgen", 132, 62, 18, 9], ["daire", 153, 45, 10], ["daire", 57, 209, 8], ["dikdortgen", 217, 461, 14, 7], ["dikdortgen", 106, 101, 14, 14], ["daire", 206, 175, 15], ["dikdortgen", 126, 439, 17, 17], ["dikdortgen", 14, 310, 19, 14], ["daire", 201, 16, 7], ["dikdortgen", 16, 171, 17, 12], ["daire", 151, 233, 5], ["dikdortgen", 234, 160, 15, 6], ["daire", 247, 30, 3], ["dikdortgen", 278, 244, 12, 13], ["dikdortgen", 159, 37, 7, 18], ["dikdortgen", 105, 166, 14, 8], ["daire", 158, 54, 8], ["dikdortgen", 257, 345, 18, 10], ["daire", 95, 449, 7], ["daire", 220, 84, 10], ["dikdortgen", 140, 177, 20, 17], ["dikdortgen", 250, 144, 20, 15], ["dikdortgen", 70, 319, 13, 18], ["dikdortgen", 184, 435, 15, 16], ["dikdortgen", 219, 84, 14, 11], ["daire", 63, 201, 8], ["daire", 274, 183, 12], ["dikdortgen", 218, 419, 10, 8], ["daire", 152, 265, 3], ["dikdortgen", 12, 67, 10, 7], ["dikdortgen", 220, 372, 18, 8], ["dikdortgen", 66, 254, 16, 10], ["dikdortgen", 26, 131, 18, 10], ["daire", 188, 163, 15], ["daire", 42, 86, 14], ["daire", 54, 124, 15], ["dikdortgen", 53, 218, 5, 20], ["daire", 47, 238, 13], ["daire", 55, 301, 4], ["dikdortgen", 101, 336, 12, 13], ["dikdortgen", 158, 159, 19, 18], ["dikdortgen", 272, 16, 20, 10], ["daire", 96, 396, 3], ["daire", 212, 342, 6], ["dikdortgen", 58, 442, 19, 14], ["daire", 225, 268, 6], ["daire", 15, 223, 10], ["daire", 190, 144, 13], ["daire", 91, 41, 6], ["daire", 201, 266, 13], ["daire", 170, 248, 5], ["dikdortgen", 75, 304, 11, 11], ["dikdortgen", 31, 167, 13, 20], ["dikdortgen", 49, 2, 13, 10], ["dikdortgen", 88, 303, 17, 11], ["daire", 129, 322, 7]], "rrt_path": [[119.81504801932806, 286.2825271086908], [120.62980850128982, 282.3663854670959], [129.3622820543194, 267.377418759478], [130.89841985744877, 259.54058618166994], [135.88165864442254, 243.57726100624507], [138.2362160060756, 229.71241147663218], [137.514297058678, 215.87500466611425], [133.69148924842654, 201.4564877633923], [132.05435829846112, 193.66460972015247], [128.44948491746985, 192.40738117535753], [133.85412342606892, 174.21491685672893], [142.64569144596913, 157.026177537752], [139.01209531566923, 137.79483949030714], [136.9916303552533, 130.19943830964638], [130.2058409058408, 114.86155098999573]]}