{"harita_boyut": {"genislik": 272, "yukseklik": 378}, "baslangic": [180.3988200659856, 24.870591313510666], "hedef": [232.76474594865556, 292.7998560127252], "engeller": [["daire", 175, 354, 11], ["daire", 42, 123, 6], ["dikdortgen", 248, 133, 6, 6], ["dikdortgen", 100, 214, 16, 14], ["dikdortgen", 208, 11, 19, 9], ["dikdortgen", 266, 286, 5, 20], ["dikdortgen", 171, 301, 9, 5], ["daire", 79, 296, 3], ["daire", 242, 16, 8], ["daire", 204, 243, 11], ["daire", 140, 36, 15], ["dikdortgen", 117, 220, 14, 20], ["daire", 184, 235, 13], ["daire", 251, 55, 15], ["dikdortgen", 177, 166, 5, 17], ["dikdortgen", 138, 224, 5, 11], ["dikdortgen", 222, 268, 11, 15], ["daire", 239, 181, 8], ["dikdortgen", 228, 232, 15, 6], ["dikdortgen", 252, 190, 15, 9], ["daire", 203, 294, 8], ["dikdortgen", 5, 103, 14, 15], ["dikdortgen", 46, 268, 5, 18], ["daire", 70, 211, 12], ["dikdortgen", 239, 247, 6, 9], ["daire", 73, 322, 13], ["daire", 131, 145, 14], ["dikdortgen", 29, 240, 13, 15], ["dikdortgen", 179, 271, 7, 8], ["daire", 157, 322, 5], ["dikdortgen", 220, 59, 5, 20], ["dikdortgen", 37, 323, 15, 19], ["daire", 52, 356, 15], ["daire", 205, 124, 4], ["daire", 252, 54, 3], ["dikdortgen", 116, 75, 17, 11], ["daire", 225, 308, 10], ["dikdortgen", 143, 13, 15, 6], ["daire", 137, 16, 4], ["daire", 28, 138, 9], ["daire", 143, 225, 12], ["dikdortgen", 42, 146, 10, 13], ["dikdortgen", 245, 65, 15, 14], ["daire", 81, 221, 10], ["dikdortgen", 135, 6, 14, 13], ["daire", 70, 21, 4], ["dikdortgen", 166, 117, 7, 18], ["daire", 253, 47, 8], ["daire", 72, 317, 12], ["daire", 129, 176, 5], ["daire", 240, 196, 4]], "rrt_path": [[180.3988200659856, 24.870591313510666], [177.95036642129375, 40.41713165514975], [173.93491966827338, 44.971421715025535], [165.54131899786574, 57.020842298082684], [155.16836812735374, 73.60592580086814], [155.41096014911702, 87.99472372126304], [153.95929861644285, 106.53735535515594], [156.08502794871077, 124.78924160371106], [151.50187827474804, 143.88273046547255], [148.54679534369873, 159.04843246827755], [152.48640396712074, 176.2737833364224], [160.7124864784764, 189.39151905821592], [159.27253182527932, 192.58127566638694], [160.04864893690555, 196.50525862112067], [162.25587706837743, 215.16427532483505], [163.9668135470486, 222.38360042454894], [165.92965407865807, 238.52276098756687], [167.45076785443473, 246.3722490214573], [178.39792347394476, 253.79543243816192], [188.9860450868733, 255.81583499311557], [202.59457779609767, 269.500959410125], [213.06047251358004, 283.258290727632], [218.5345076062415, 289.0101273520371], [232.76474594865556, 292.7998560127252]]}