{"harita_boyut": {"genislik": 194, "yukseklik": 445}, "baslangic": [14.18712575705692, 15.471588500329037], "hedef": [103.51982518312656, 299.79958857568147], "engeller": [["dikdortgen", 34, 222, 6, 8], ["dikdortgen", 0, 343, 11, 7], ["daire", 21, 249, 15], ["daire", 70, 381, 8], ["daire", 145, 43, 11], ["dikdortgen", 45, 102, 9, 13], ["dikdortgen", 99, 407, 10, 7], ["dikdortgen", 91, 207, 11, 13], ["daire", 186, 239, 8], ["dikdortgen", 170, 316, 14, 7], ["daire", 104, 401, 14], ["daire", 88, 351, 14], ["dikdortgen", 11, 387, 19, 11], ["dikdortgen", 37, 260, 12, 15], ["dikdortgen", 138, 310, 16, 14], ["daire", 147, 102, 10], ["daire", 176, 155, 14], ["dikdortgen", 131, 298, 11, 17], ["dikdortgen", 8, 342, 18, 5], ["daire", 44, 82, 13], ["daire", 174, 74, 5], ["dikdortgen", 68, 39, 10, 16], ["dikdortgen", 151, 166, 5, 13], ["daire", 171, 60, 4], ["daire", 29, 14, 7], ["daire", 109, 61, 14], ["daire", 48, 269, 4], ["daire", 154, 50, 14], ["dikdortgen", 168, 396, 7, 16], ["dikdortgen", 10, 51, 8, 10], ["daire", 166, 293, 13], ["dikdortgen", 62, 434, 6, 5], ["daire", 128, 212, 10], ["dikdortgen", 176, 366, 16, 9], ["daire", 30, 325, 10], ["dikdortgen", 54, 339, 7, 12], ["daire", 172, 200, 4], ["daire", 82, 106, 9], ["daire", 103, 111, 6], ["daire", 34, 252, 5], ["dikdortgen", 14, 275, 18, 7], ["dikdortgen", 17, 78, 19, 16], ["dikdortgen", 121, 179, 13, 7]], "rrt_path": [[14.18712575705692, 15.471588500329037], [24.059910300040485, 28.07104295667941], [34.42236213980598, 38.67474076340208], [44.79198787686105, 51.039169558040285], [62.52022926039323, 42.047184517115845], [62.81295239948566, 34.052874332139446], [66.49108414454419, 32.48082253083239], [85.14426394844358, 34.276117720401416], [98.81700849494842, 37.0979437475462], [111.78600316328428, 40.52465689119747], [111.30340166595917, 38.573710875297046], [120.4325727070923, 44.983039037037216], [131.32314638871418, 57.83444473416651], [124.54664012963126, 75.55549177699044], [120.62123407074048, 87.40770127603227], [118.64162120140875, 94.83547756642584], [114.3897087544798, 114.32480949903811], [105.01569994903191, 128.07579920406852], [96.44311065072554, 138.38066403323427], [89.520545057672, 146.64676323980177], [83.47787969924856, 164.94385541371875], [82.37119414072623, 169.75548410036583], [81.62187170016773, 189.3554756105841], [82.02829456190108, 206.48976261212], [81.65951816650579, 223.20747312310786], [81.24404233619063, 239.99177275992628], [87.70709539241956, 253.30634082732954], [94.26277154134438, 268.49475625516175], [99.83809080011181, 285.3260491620927], [103.51982518312656, 299.79958857568147]]}