{"harita_boyut": {"genislik": 296, "yukseklik": 272}, "baslangic": [252.91620457496637, 54.53467036226058], "hedef": [271.06876930563215, 262.861614507128], "engeller": [["daire", 208, 23, 6], ["daire", 193, 59, 15], ["daire", 102, 66, 7], ["dikdortgen", 112, 18, 16, 16], ["daire", 257, 217, 14], ["dikdortgen", 114, 240, 9, 18], ["daire", 225, 30, 13], ["daire", 9, 267, 5], ["daire", 127, 198, 7], ["dikdortgen", 147, 104, 11, 20], ["dikdortgen", 124, 167, 15, 17], ["dikdortgen", 82, 247, 19, 14], ["daire", 208, 12, 12], ["dikdortgen", 167, 211, 11, 17], ["dikdortgen", 229, 251, 15, 12], ["dikdortgen", 73, 210, 10, 9], ["dikdortgen", 64, 237, 8, 20], ["daire", 145, 127, 6], ["daire", 119, 173, 10], ["daire", 106, 236, 10], ["daire", 255, 179, 15], ["dikdortgen", 176, 119, 8, 12], ["dikdortgen", 119, 128, 15, 6], ["daire", 209, 36, 14], ["dikdortgen", 152, 40, 18, 8], ["dikdortgen", 149, 5, 11, 16], ["daire", 21, 137, 12], ["daire", 62, 257, 4], ["daire", 34, 148, 13], ["dikdortgen", 58, 169, 16, 9], ["dikdortgen", 54, 45, 5, 6], ["dikdortgen", 57, 211, 6, 8], ["dikdortgen", 125, 27, 19, 20], ["dikdortgen", 220, 252, 7, 13], ["daire", 151, 87, 4], ["daire", 170, 45, 11], ["dikdortgen", 185, 225, 14, 6], ["daire", 174, 52, 11], ["dikdortgen", 1, 96, 7, 18], ["daire", 175, 185, 9]], "rrt_path": [[252.91620457496637, 54.53467036226058], [251.22681989520478, 66.75432012500943], [248.92633319939839, 84.46805751212402], [247.15242878717746, 102.38438749547508], [235.6621760143788, 111.81976380652593], [223.175288366118, 124.07237075601914], [215.504040888887, 129.66561433591133], [202.58604241492117, 140.07035382190116], [190.8939182951226, 149.30281257853323], [193.8956433639871, 150.5131512487408], [193.46672793092011, 158.0509865480643], [193.11969725960822, 174.59218913962107], [192.5258164330836, 189.5002701814959], [196.880369115373, 202.8885950142802], [211.44974496555005, 215.5903813295633], [220.60613352025308, 222.89624453385812], [230.88438372728976, 231.2551925100278], [245.68384831376832, 241.97881222754032], [256.9146606565208, 251.056486921739], [271.06876930563215, 262.861614507128]]}