{"harita_boyut": {"genislik": 233, "yukseklik": 344}, "baslangic": [178.46308716223913, 250.60045799553149], "hedef": [78.5930466021203, 268.5822980506466], "engeller": [["dikdortgen", 94, 85, 18, 9], ["dikdortgen", 147, 229, 11, 17], ["dikdortgen", 7, 54, 9, 17], ["daire", 203, 129, 10], ["dikdortgen", 163, 289, 14, 16], ["dikdortgen", 19, 71, 7, 7], ["dikdortgen", 130, 144, 7, 11], ["daire", 206, 80, 6], ["daire", 220, 290, 4], ["daire", 17, 243, 11], ["dikdortgen", 92, 44, 15, 14], ["daire", 214, 225, 7], ["dikdortgen", 122, 258, 14, 8], ["daire", 99, 280, 12], ["daire", 73, 285, 10], ["dikdortgen", 11, 306, 5, 13], ["dikdortgen", 195, 68, 9, 15], ["daire", 156, 159, 11], ["daire", 200, 313, 3], ["dikdortgen", 0, 155, 17, 5], ["daire", 132, 252, 9], ["daire", 15, 324, 11], ["dikdortgen", 85, 4, 6, 10], ["dikdortgen", 2, 226, 9, 15], ["dikdortgen", 88, 282, 8, 16], ["daire", 206, 172, 14], ["daire", 56, 177, 10], ["dikdortgen", 119, 148, 20, 18], ["dikdortgen", 64, 213, 13, 7], ["dikdortgen", 140, 155, 16, 18], ["dikdortgen", 217, 72, 7, 15], ["dikdortgen", 52, 280, 8, 6], ["dikdortgen", 1, 297, 16, 9], ["dikdortgen", 186, 191, 16, 20], ["dikdortgen", 137, 39, 15, 17], ["daire", 73, 331, 3], ["dikdortgen", 102, 50, 16, 16], ["daire", 137, 90, 15], ["daire", 167, 231, 15], ["dikdortgen", 213, 99, 8, 13]], "rrt_path": [[178.46308716223913, 250.60045799553149], [174.5136912446411, 251.23470706810474], [160.12728337694654, 263.6914333448556], [149.47270386230582, 271.7405600571525], [139.45280010168668, 275.1179437704484], [127.84812246280384, 275.8360579687507], [112.54234832806925, 269.56068800016095], [103.55093629498812, 254.241843836634], [97.74515150366493, 243.82540281917198], [95.61987697579194, 241.82433204727533], [88.01377648988648, 249.01184798591947], [82.2039859262404, 261.4450286348998], [78.5930466021203, 268.5822980506466]]}