{"harita_boyut": {"genislik": 102, "yukseklik": 339}, "baslangic": [29.37686709900091, 154.9201255911527], "hedef": [51.96508347896132, 11.440242894556807], "engeller": [["dikdortgen", 46, 137, 8, 15], ["daire", 86, 235, 12], ["dikdortgen", 37, 187, 18, 18], ["dikdortgen", 58, 188, 7, 20], ["daire", 62, 76, 8], ["dikdortgen", 35, 85, 7, 18], ["dikdortgen", 81, 167, 11, 7], ["dikdortgen", 83, 154, 17, 11], ["dikdortgen", 19, 179, 12, 20], ["daire", 61, 256, 9], ["dikdortgen", 42, 107, 17, 12], ["daire", 62, 24, 7], ["dikdortgen", 15, 176, 6, 19], ["dikdortgen", 67, 223, 16, 15], ["daire", 73, 173, 12], ["daire", 55, 285, 4], ["daire", 84, 81, 5]], "rrt_path": [[29.37686709900091, 154.9201255911527], [44.45129165043237, 160.82286933108892], [48.204835549836126, 162.20522536165734], [51.3616039497006, 160.96911456776084], [60.270094079450956, 156.53550790022854], [64.01056331377976, 143.0042659454912], [66.04458857987792, 135.89925108192892], [66.65448942832397, 117.87698187699257], [65.55870794666764, 101.96385552522344], [52.236984231960434, 89.44250597051747], [47.66115825761398, 75.51112244802324], [47.45271472285151, 71.51655722852617], [47.58380142842563, 54.2467835660601], [46.81766250094196, 36.00904225317412], [50.717514728204414, 19.032416449521794], [51.96508347896132, 11.440242894556807]]}