{"harita_boyut": {"genislik": 428, "yukseklik": 306}, "baslangic": [42.83620049504183, 58.522730230116416], "hedef": [351.91388306561885, 264.3399245170084], "engeller": [["dikdortgen", 104, 192, 17, 20], ["dikdortgen", 137, 65, 16, 15], ["daire", 309, 26, 12], ["daire", 387, 272, 15], ["daire", 290, 284, 11], ["dikdortgen", 201, 234, 15, 16], ["daire", 86, 49, 8], ["daire", 15, 127, 6], ["dikdortgen", 217, 158, 19, 8], ["dikdortgen", 136, 104, 14, 16], ["dikdortgen", 345, 220, 8, 20], ["dikdortgen", 22, 177, 19, 7], ["daire", 132, 159, 7], ["daire", 394, 271, 13], ["daire", 255, 286, 6], ["dikdortgen", 388, 211, 19, 7], ["daire", 299, 275, 12], ["daire", 219, 102, 4], ["dikdortgen", 112, 191, 13, 10], ["dikdortgen", 390, 15, 15, 12], ["dikdortgen", 260, 194, 20, 14], ["daire", 211, 166, 6], ["daire", 404, 161, 10], ["dikdortgen", 208, 145, 18, 7], ["dikdortgen", 163, 144, 18, 8], ["dikdortgen", 366, 198, 18, 18], ["dikdortgen", 235, 171, 18, 5], ["dikdortgen", 302, 24, 12, 9], ["dikdortgen", 71, 269, 13, 19], ["dikdortgen", 132, 46, 8, 20], ["daire", 38, 200, 11], ["dikdortgen", 40, 268, 7, 6], ["daire", 280, 218, 12], ["dikdortgen", 51, 159, 17, 16], ["daire", 215, 136, 3], ["daire", 282, 37, 5], ["dikdortgen", 265, 86, 20, 6], ["daire", 279, 140, 6], ["daire", 221, 155, 11], ["dikdortgen", 390, 21, 15, 16], ["daire", 283, 32, 7], ["dikdortgen", 275, 57, 5, 11], ["dikdortgen", 16, 264, 18, 20], ["dikdortgen", 123, 269, 12, 15], ["daire", 55, 267, 9], ["dikdortgen", 289, 286, 10, 18], ["dikdortgen", 205, 197, 8, 12], ["dikdortgen", 104, 211, 12, 16], ["daire", 286, 182, 12], ["daire", 108, 256, 8], ["daire", 211, 109, 3], ["dikdortgen", 406, 242, 20, 9], ["daire", 253, 113, 7], ["dikdortgen", 190, 79, 11, 6], ["daire", 162, 256, 13], ["daire", 36, 259, 7], ["daire", 15, 14, 10], ["dikdortgen", 103, 278, 5, 9], ["daire", 155, 49, 4], ["dikdortgen", 199, 10, 5, 9], ["daire", 332, 166, 3], ["daire", 33, 88, 14], ["dikdortgen", 146, 138, 8, 19], ["daire", 239, 30, 3], ["daire", 87, 92, 9]], "rrt_path": [[42.83620049504183, 58.522730230116416], [59.56883942566734, 64.84340211825572], [77.206423140869, 72.07631627935453], [91.68283592296856, 76.19844484702706], [99.4994279069812, 83.24734295679835], [116.74751700698917, 90.07137130355062], [123.41224736784794, 91.09669343547053], [137.812415944851, 92.41971416270862], [154.92590360998278, 92.94267623238815], [161.97103171610382, 93.1959756424558], [179.68982829590163, 95.25483417480494], [191.20853343059832, 97.09237673962346], [206.72712855732547, 90.95614478015388], [224.60059891409713, 87.21115562554316], [239.76717117210333, 94.85399288499171], [256.79519961188686, 99.96434924734592], [274.6037437096292, 101.42160044726145], [276.04964912705293, 97.94748237931667], [287.29527968361447, 109.68770129356834], [290.8642382551151, 115.00137093430554], [292.7715562141285, 134.84276996552168], [289.2875552334106, 145.48910998482162], [295.7452414702847, 164.22691822409766], [299.7584620231879, 169.91250875498568], [309.4767795886569, 183.2712537410129], [312.75419429574356, 190.07620306504603], [316.4627562265006, 205.1302101044536], [320.79233894077925, 223.11485340626632], [320.85380809877324, 229.64057920023112], [324.209092506239, 249.23136565429357], [336.56890921601433, 261.97407484227364], [351.91388306561885, 264.3399245170084]]}