{"harita_boyut": {"genislik": 427, "yukseklik": 447}, "baslangic": [304.03440936032626, 215.48532386065287], "hedef": [30.30551380671877, 360.9764716202233], "engeller": [["daire", 71, 323, 4], ["dikdortgen", 115, 128, 13, 13], ["daire", 209, 391, 4], ["daire", 347, 12, 4], ["dikdortgen", 58, 189, 18, 14], ["daire", 28, 381, 9], ["dikdortgen", 166, 61, 6, 8], ["daire", 330, 216, 11], ["daire", 372, 179, 15], ["dikdortgen", 300, 334, 10, 5], ["dikdortgen", 411, 70, 12, 20], ["dikdortgen", 77, 84, 12, 14], ["daire", 110, 384, 14], ["dikdortgen", 140, 230, 15, 8], ["daire", 305, 268, 6], ["dikdortgen", 35, 242, 10, 18], ["daire", 147, 84, 12], ["dikdortgen", 362, 109, 14, 8], ["dikdortgen", 330, 124, 10, 11], ["daire", 363, 346, 6], ["dikdortgen", 210, 275, 13, 20], ["dikdortgen", 4, 215, 5, 18], ["dikdortgen", 9, 438, 15, 6], ["daire", 368, 197, 7], ["daire", 199, 89, 10], ["dikdortgen", 397, 23, 20, 16], ["daire", 232, 297, 10], ["daire", 327, 104, 10], ["daire", 176, 202, 7], ["daire", 39, 417, 4], ["dikdortgen", 221, 300, 8, 13], ["daire", 293, 44, 5], ["dikdortgen", 142, 143, 13, 5], ["dikdortgen", 357, 115, 7, 14], ["dikdortgen", 183, 238, 20, 18], ["daire", 95, 283, 9], ["dikdortgen", 217, 315, 10, 15], ["dikdortgen", 308, 322, 5, 17], ["daire", 386, 90, 4], ["dikdortgen", 202, 385, 20, 16], ["daire", 15, 59, 15], ["daire", 58, 66, 4], ["daire", 266, 98, 7], ["dikdortgen", 246, 236, 17, 10], ["daire", 331, 166, 15], ["dikdortgen", 115, 55, 20, 12], ["dikdortgen", 387, 297, 17, 12], ["daire", 127, 122, 5], ["dikdortgen", 271, 258, 10, 6], ["daire", 259, 61, 11], ["dikdortgen", 200, 126, 9, 12], ["dikdortgen", 297, 30, 12, 10], ["dikdortgen", 327, 18, 9, 19], ["daire", 69, 364, 6], ["daire", 101, 222, 5], ["daire", 382, 246, 10], ["dikdortgen", 334, 307, 17, 7], ["dikdortgen", 408, 332, 6, 16], ["daire", 123, 180, 5], ["daire", 40, 17, 6], ["dikdortgen", 387, 3, 13, 16], ["dikdortgen", 295, 341, 8, 12], ["daire", 190, 105, 11], ["dikdortgen", 13, 73, 7, 8], ["daire", 42, 281, 13], ["dikdortgen", 414, 87, 6, 13], ["dikdortgen", 21, 61, 13, 17], ["daire", 303, 53, 9], ["daire", 15, 194, 14], ["dikdortgen", 367, 201, 11, 11], ["daire", 307, 61, 13], ["daire", 376, 109, 15], ["dikdortgen", 277, 354, 14, 5], ["dikdortgen", 284, 147, 13, 18], ["dikdortgen", 99, 354, 16, 7], ["dikdortgen", 160, 6, 14, 18], ["daire", 267, 131, 4], ["daire", 288, 404, 13], ["daire", 134, 145, 7], ["daire", 59, 313, 7], ["dikdortgen", 208, 404, 8, 15], ["dikdortgen", 185, 64, 15, 18], ["dikdortgen", 232, 171, 6, 9], ["daire", 196, 325, 7], ["dikdortgen", 92, 196, 6, 9], ["dikdortgen", 94, 40, 19, 6], ["daire", 355, 154, 6], ["daire", 113, 100, 14], ["dikdortgen", 370, 276, 16, 8], ["dikdortgen", 30, 151, 14, 12], ["daire", 28, 428, 13], ["dikdortgen", 222, 408, 12, 16], ["daire", 285, 276, 15], ["daire", 97, 429, 12], ["daire", 367, 45, 14]], "rrt_path": [[304.03440936032626, 215.48532386065287], [301.5499588398703, 218.62020912353032], [285.811408818344, 229.57218767319782], [278.59181059392864, 227.17769435851807], [263.31106236374904, 228.14876181098572], [252.5806076323755, 228.29702731218103], [235.5685348469764, 229.56397568452678], [221.01534200106607, 230.82883404080323], [204.72883007980326, 231.23642199914354], [186.7589806736182, 225.63856649174662], [185.2988060881637, 227.17561874836164], [178.9957523329013, 230.07029180952605], [176.7341517829557, 236.50003557008696], [165.39118260768296, 251.94663884170322], [154.24559934094268, 264.40984984046594], [142.97268769685172, 274.575363588727], [131.6134976113545, 284.08735796284014], [116.44553109215019, 297.01561600709823], [108.96491306460757, 302.7164582086618], [100.67902191951232, 310.6632688246989], [85.19408270736515, 322.9577527983414], [75.9251261030932, 331.02575329539525], [68.7650641502075, 333.2602226529308], [54.58780601968949, 340.0473747749782], [45.320330307554045, 346.3451356974561], [37.47572365803499, 353.284222976492], [30.30551380671877, 360.9764716202233]]}