{"harita_boyut": {"genislik": 458, "yukseklik": 476}, "baslangic": [293.59928735008634, 396.2304355041975], "hedef": [35.550284902539815, 319.0847164982022], "engeller": [["daire", 79, 181, 3], ["daire", 275, 341, 12], ["dikdortgen", 15, 241, 14, 15], ["daire", 80, 449, 5], ["dikdortgen", 37, 21, 10, 8], ["daire", 116, 174, 4], ["dikdortgen", 294, 231, 14, 5], ["daire", 420, 150, 6], ["dikdortgen", 95, 14, 5, 8], ["dikdortgen", 68, 211, 13, 15], ["daire", 399, 85, 14], ["dikdortgen", 228, 117, 13, 8], ["dikdortgen", 321, 9, 12, 8], ["dikdortgen", 244, 173, 11, 19], ["dikdortgen", 109, 96, 10, 8], ["daire", 401, 434, 12], ["daire", 308, 196, 11], ["dikdortgen", 86, 189, 16, 9], ["daire", 25, 99, 4], ["daire", 167, 356, 9], ["daire", 316, 139, 8], ["dikdortgen", 61, 303, 10, 14], ["daire", 339, 394, 12], ["dikdortgen", 148, 53, 16, 18], ["daire", 214, 451, 11], ["daire", 412, 269, 4], ["daire", 261, 93, 3], ["dikdortgen", 359, 431, 11, 16], ["daire", 159, 202, 9], ["daire", 68, 46, 10], ["daire", 164, 33, 8], ["daire", 270, 185, 8], ["daire", 228, 23, 13], ["daire", 366, 286, 4], ["daire", 440, 196, 12], ["daire", 121, 65, 4], ["dikdortgen", 267, 319, 12, 15], ["daire", 18, 130, 3], ["daire", 90, 141, 12], ["dikdortgen", 225, 185, 6, 15], ["dikdortgen", 150, 435, 8, 11], ["daire", 326, 40, 10], ["daire", 291, 106, 12], ["dikdortgen", 417, 276, 10, 8], ["dikdortgen", 442, 137, 7, 13], ["dikdortgen", 376, 338, 16, 9], ["daire", 251, 21, 7], ["dikdortgen", 415, 287, 14, 5], ["dikdortgen", 123, 270, 17, 5], ["dikdortgen", 263, 278, 9, 9], ["dikdortgen", 52, 299, 13, 16], ["daire", 6, 68, 4], ["daire", 28, 244, 14], ["daire", 136, 41, 6], ["daire", 76, 92, 13], ["dikdortgen", 163, 46, 14, 7], ["daire", 377, 417, 12], ["dikdortgen", 268, 457, 18, 6], ["daire", 132, 340, 15], ["dikdortgen", 340, 207, 9, 9], ["daire", 78, 422, 10], ["daire", 287, 125, 10], ["dikdortgen", 280, 274, 5, 19], ["daire", 357, 64, 12], ["dikdortgen", 166, 238, 15, 18], ["dikdortgen", 424, 327, 20, 17], ["daire", 227, 82, 15], ["dikdortgen", 299, 98, 17, 9], ["dikdortgen", 196, 357, 11, 15], ["daire", 397, 283, 5], ["dikdortgen", 77, 35, 11, 12], ["dikdortgen", 180, 295, 17, 11], ["dikdortgen", 147, 346, 9, 14], ["daire", 77, 330, 15], ["daire", 87, 168, 10], ["daire", 104, 117, 14], ["dikdortgen", 431, 135, 6, 11], ["daire", 317, 242, 14], ["daire", 149, 120, 6], ["daire", 215, 325, 7], ["dikdortgen", 63, 321, 7, 12], ["daire", 267, 414, 10], ["dikdortgen", 134, 186, 17, 13], ["dikdortgen", 337, 83, 19, 12], ["daire", 138, 47, 9], ["dikdortgen", 15, 321, 8, 9], ["daire", 151, 187, 6], ["daire", 350, 330, 9], ["dikdortgen", 4, 414, 19, 8], ["daire", 124, 288, 3], ["dikdortgen", 123, 456, 18, 15], ["dikdortgen", 58, 263, 16, 15], ["daire", 424, 421, 10], ["daire", 271, 149, 11], ["daire", 189, 87, 4], ["dikdortgen", 289, 454, 9, 7], ["dikdortgen", 42, 20, 15, 7], ["dikdortgen", 321, 415, 14, 13], ["daire", 146, 27, 10], ["dikdortgen", 12, 401, 11, 10], ["dikdortgen", 145, 166, 13, 12], ["daire", 344, 93, 12], ["dikdortgen", 63, 224, 19, 18], ["dikdortgen", 84, 341, 6, 11], ["dikdortgen", 347, 196, 15, 6], ["dikdortgen", 191, 110, 6, 14], ["daire", 115, 430, 10], ["dikdortgen", 138, 182, 8, 6], ["dikdortgen", 293, 155, 7, 6]], "rrt_path": [[293.59928735008634, 396.2304355041975], [288.08295707878796, 386.4236909103275], [279.25197816528475, 370.91964090426296], [271.9229063318484, 364.6382808300475], [263.81510396866145, 356.7171890413643], [255.22934057164005, 341.33378671406626], [247.68812057861913, 332.1365606594802], [244.6334127521959, 322.81756516239085], [238.10636579831885, 306.4906392648831], [222.16217828770013, 295.66319460668376], [204.82634196939316, 286.83710862572207], [194.2250866072629, 279.32261447233884], [176.88504123775368, 273.09694003779083], [168.9236556747881, 278.10920383312975], [152.63590188564973, 288.582840476587], [141.09005370672608, 297.04570018189696], [130.7944588111984, 305.2792361861006], [116.66763211569781, 317.94389896914714], [108.3028674245804, 335.10735367390026], [104.16285962091534, 341.46623561363106], [96.07076183876549, 358.56786376139354], [84.5488721511213, 373.62877107311857], [84.67195692093549, 375.7252974158438], [73.35255122992884, 373.14804669522346], [62.172892619780015, 371.06544381212393], [47.96984755567046, 366.07610988566273], [37.78188962207289, 348.95487154325343], [34.35205966351159, 330.9663004488051], [35.550284902539815, 319.0847164982022]]}