{"harita_boyut": {"genislik": 323, "yukseklik": 233}, "baslangic": [13.267317006344367, 26.86562764072783], "hedef": [104.98687253484856, 210.23188454158537], "engeller": [["dikdortgen", 167, 201, 17, 15], ["dikdortgen", 185, 70, 14, 7], ["dikdortgen", 242, 63, 7, 19], ["dikdortgen", 291, 92, 12, 5], ["daire", 123, 218, 12], ["daire", 314, 229, 3], ["dikdortgen", 18, 180, 6, 7], ["dikdortgen", 45, 108, 17, 19], ["dikdortgen", 172, 99, 6, 13], ["dikdortgen", 28, 26, 7, 11], ["daire", 185, 54, 4], ["dikdortgen", 234, 216, 6, 14], ["daire", 37, 118, 4], ["dikdortgen", 148, 178, 14, 8], ["daire", 219, 19, 5], ["daire", 307, 139, 15], ["daire", 89, 8, 6], ["dikdortgen", 13, 44, 13, 13], ["daire", 284, 133, 8], ["daire", 292, 26, 7], ["daire", 33, 159, 12], ["dikdortgen", 272, 104, 8, 15], ["dikdortgen", 36, 133, 17, 6], ["dikdortgen", 255, 207, 11, 18], ["daire", 213, 146, 14], ["daire", 310, 178, 9], ["dikdortgen", 40, 102, 18, 5], ["dikdortgen", 113, 108, 17, 6], ["dikdortgen", 57, 173, 7, 7], ["daire", 66, 106, 8], ["daire", 204, 165, 10], ["daire", 42, 139, 13], ["dikdortgen", 250, 82, 14, 15], ["daire", 26, 139, 9], ["dikdortgen", 18, 82, 14, 19], ["daire", 31, 141, 6], ["dikdortgen", 282, 191, 11, 19]], "rrt_path": [[13.267317006344367, 26.86562764072783], [25.680110733122252, 18.161915747612124], [41.021148240675366, 20.96572293276031], [54.397165699751625, 28.049703268084112], [64.56659287021513, 33.77138012493486], [71.95003752541054, 44.84344992471055], [87.57635533135714, 56.33528295653563], [86.84726445855038, 60.26827501083601], [85.18626361715225, 61.53603121263941], [89.11282403158079, 80.21557241042277], [92.3694902206145, 87.28085750615718], [98.48607750780934, 99.51336772377822], [103.75914654859216, 109.60791813918425], [107.9183909080244, 120.35481696430413], [119.99388891028543, 130.70645158687032], [121.94896649872292, 145.83563554463342], [122.6658247624986, 164.66379993911735], [119.17183888845165, 174.01213673835565], [114.33759904846849, 188.36050908430536], [109.32993305207253, 200.8856875686914], [104.98687253484856, 210.23188454158537]]}