{"harita_boyut": {"genislik": 109, "yukseklik": 141}, "baslangic": [15.080388524391248, 85.4317798772807], "hedef": [97.56563748203048, 25.2777766305127], "engeller": [["dikdortgen", 77, 51, 12, 16], ["dikdortgen", 51, 20, 9, 13], ["daire", 8, 42, 8], ["dikdortgen", 11, 9, 14, 18], ["dikdortgen", 16, 104, 15, 5], ["daire", 97, 89, 10], ["daire", 73, 68, 14]], "rrt_path": [[15.080388524391248, 85.4317798772807], [29.860407038413236, 75.06033240288181], [33.1966639760446, 72.8536630470184], [47.642856547963774, 62.60513252193073], [59.7508846940828, 47.769525997067866], [61.97494828226813, 44.44483937187923], [70.94751666886734, 30.57491107803458], [74.04629001582826, 28.045562595882586], [76.74312409388307, 26.49408533720244], [83.07832713020073, 25.60334491091777], [97.56563748203048, 25.2777766305127]]}