{"harita_boyut": {"genislik": 244, "yukseklik": 119}, "baslangic": [93.95559419873148, 11.18258395442094], "hedef": [41.074220807574534, 103.75897595116282], "engeller": [["dikdortgen", 47, 71, 15, 11], ["daire", 219, 27, 13], ["daire", 186, 74, 12], ["daire", 62, 29, 9], ["dikdortgen", 164, 27, 17, 17], ["dikdortgen", 13, 40, 9, 14], ["dikdortgen", 65, 60, 17, 16], ["dikdortgen", 126, 94, 7, 14], ["daire", 191, 23, 12], ["dikdortgen", 166, 72, 15, 17], ["daire", 163, 99, 15], ["daire", 126, 99, 10], ["dikdortgen", 220, 32, 6, 9], ["dikdortgen", 51, 62, 14, 16]], "rrt_path": [[93.95559419873149, 11.18258395442094], [94.25857662742229, 11.617544253885985], [94.56649709278868, 12.044901258049805], [94.87935559483057, 12.46465496691239], [95.19715213354807, 12.876805380473746], [95.51988670894113, 13.28135249873387], [95.84755932100973, 13.67829632169276], [96.18016996975386, 14.067636849350421], [96.5177186551736, 14.44937408170685], [96.86020537726885, 14.82350801876205], [97.2076301360397, 15.19003866051602], [97.55999293148608, 15.548966006968756], [97.91729376360801, 15.900290058120259], [98.27953263240552, 16.244010813970537], [98.64670953787858, 16.580128274519577], [99.0188244800272, 16.90864243976739], [99.39587745885137, 17.22955330971397], [99.7778684743511, 17.54286088435932], [100.1647975265264, 17.84856516370344], [100.55666461537724, 18.146666147746327], [100.95346974090364, 18.437163836487986], [101.35521290310561, 18.72005822992841], [101.76189410198316, 18.995349328067604], [102.17351333753622, 19.263037130905566], [102.59007060976487, 19.523121638442298], [103.01156591866905, 19.7756028506778], [103.4379992642488, 20.02048076761207], [103.86937064650408, 20.257755389245105], [104.30568006543496, 20.487426715576913], [104.74692752104139, 20.70949474660749], [105.19311301332337, 20.923959482336834], [105.64423654228091, 21.130820922764947], [106.100298107914, 21.33007906789183], [106.56129771022265, 21.521733917717484], [107.02723534920688, 21.705785472241903], [107.49811102486665, 21.882233731465092], [107.97392473720197, 22.051078695387055], [108.45467648621286, 22.21232036400778], [108.94036627189931, 22.365958737327276], [109.43099409426131, 22.51199381534554], [109.92655966597695, 22.650426060656866], [110.42375678385339, 22.786578530108507], [110.91940053419525, 22.92557900189936], [111.4134909170025, 23.067427476029447], [111.90602793227521, 23.21212395249875], [112.39701158001334, 23.359668431307274], [112.88644186021686, 23.510060912455028], [113.37431877288584, 23.663301395942], [113.86064231802024, 23.819389881768192], [114.34541249562007, 23.978326369933608], [114.82862930568531, 24.140110860438252], [115.31029274821596, 24.30474335328211], [115.79040282321206, 24.472223848465195], [116.26895953067357, 24.642552345987497], [116.74596287060052, 24.81572884584903], [117.22141284299286, 24.99175334804978], [117.69530944785063, 25.170625852589755], [118.16765268517385, 25.352346359468946], [118.63844255496247, 25.536914868687365], [119.10767905721656, 25.72433138024501], [119.57536219193601, 25.914595894141872], [120.04149195912093, 26.107708410377956], [120.50606835877126, 26.303668928953265], [120.969091390887, 26.502477449867797], [121.43056105546819, 26.70413397312155], [121.89047735251478, 26.90863849871452], [122.34884028202683, 27.115991026646725], [122.80564984400425, 27.326191556918143], [123.26090603844713, 27.539240089528786], [123.71460886535542, 27.755136624478652], [124.16675832472913, 27.973881161767736], [124.61735441656828, 28.195473701396047], [125.06639714087285, 28.41991424336358], [125.51388649764286, 28.647202787670338], [125.95982248687827, 28.87733933431631], [126.40420510857909, 29.11032388330151], [126.84703436274535, 29.346156434625932], [127.28831024937705, 29.584836988289574], [127.72803276847415, 29.826365544292443], [128.16617115074007, 30.07091265521398], [128.60266911087407, 30.31879030749122], [129.0375254479564, 30.570005157758974], [129.47074016198698, 30.82455720601722], [129.90231325296585, 31.082446452265984], [130.33224472089302, 31.34367289650525], [130.76053456576847, 31.608236538735024], [131.18718278759218, 31.876137378955303], [131.6121893863642, 32.14737541716609], [132.03555436208453, 32.42195065336738], [132.45727771475313, 32.69986308755918], [132.87735944437003, 32.98111271974149], [133.2957995509352, 33.26569954991429], [133.7125980344487, 33.55362357807762], [134.12775489491042, 33.84488480423144], [134.54127013232048, 34.139483228375774], [134.9531437466788, 34.43741885051061], [135.3633757379854, 34.73869167063595], [135.77196610624028, 35.043301688751804], [136.1789148514435, 35.35124890485815], [136.58422197359496, 35.66253331895502], [136.98788747269472, 35.977154931042385], [137.38991134874277, 36.29511374112026], [137.79029360173917, 36.616409749188655], [138.18903423168376, 36.94104295524754], [138.58613323857668, 37.26901335929693], [138.98159062241788, 37.600320961336834], [139.37540638320738, 37.93496576136724], [139.76758052094516, 38.27294775938815], [140.15811303563123, 38.61426695539957], [140.54700392726556, 38.958923349401495], [140.93425319584824, 39.306916941393936], [141.31986084137918, 39.658247731376875], [141.70382686385838, 40.01291571935032], [142.0861512632859, 40.37092090531428], [142.46683403966168, 40.73226328926874], [142.84553028293146, 41.097054465890956], [143.21372817911669, 41.46804840863606], [143.56775986218548, 41.84643184523497], [143.90762533213777, 42.23220477568765], [144.23332458897357, 42.62536719999413], [144.54485763269287, 43.025919118154405], [144.8422244632957, 43.433860530168474], [145.125425080782, 43.849191436036335], [145.39445948515186, 44.27191183575799], [145.64932767640522, 44.70202172933343], [145.8900296545421, 45.139521116762694], [146.11656541956245, 45.58440999804572], [146.32893497146637, 46.036688373182564], [146.52713831025378, 46.49635624217318], [146.7111754359247, 46.9634136050176], [146.88104634847912, 47.437860461715815], [147.03675104791705, 47.919696812267816], [147.1782895342385, 48.40892265667364], [147.30566180744347, 48.905537994933226], [147.41886786753196, 49.409542827046614], [147.51790771450396, 49.920937153013796], [147.60176897347313, 50.43836332997353], [147.65851210165727, 50.94580986332649], [147.6846862982606, 51.438649065119], [147.68029156328308, 51.91688093535106], [147.6453278967247, 52.38050547402269], [147.57979529858542, 52.82952268113383], [147.48369376886535, 53.26393255668454], [147.3570233075644, 53.68373510067479], [147.1997839146826, 54.088930313104576], [147.01197559022, 54.47951819397393], [146.7935983341765, 54.855498743282816], [146.54465214655212, 55.21687196103127], [146.26513702734695, 55.563637847219255], [145.95505297656092, 55.8957964018468], [145.61439999419403, 56.21334762491388], [145.24317808024628, 56.51629151642051], [144.8413872347177, 56.80462807636668], [144.40902745760826, 57.07835730475241], [143.94609874891796, 57.33747920157767], [143.45260110864677, 57.58199376684249], [142.9285345367948, 57.81190100054687], [142.37389903336194, 58.02720090269077], [141.80035664438734, 58.23338647571629], [141.23161939747948, 58.44162644808866], [140.6683787268325, 58.65224649591173], [140.11063463244645, 58.865246619185505], [139.55838711432125, 59.08062681790999], [139.01163617245692, 59.29838709208516], [138.47038180685345, 59.51852744171101], [137.93462401751094, 59.741047866787575], [137.40436280442927, 59.965948367314866], [136.8795981676085, 60.19322894329282], [136.3603301070486, 60.42288959472148], [135.84655862274963, 60.65493032160085], [135.3382837147115, 60.88935112393092], [134.8355053829343, 61.12615200171169], [134.33822362741793, 61.36533295494314], [133.84643844816247, 61.60689398362532], [133.3601498451679, 61.850835087758185], [132.87935781843424, 62.097156267341745], [132.40406236796144, 62.34585752237601], [131.9342634937495, 62.59693885286099], [131.4699611957985, 62.85040025879664], [131.01115547410836, 63.106241740183], [130.5578463286791, 