{"harita_boyut": {"genislik": 324, "yukseklik": 375}, "baslangic": [86.39587702060898, 68.46384615383127], "hedef": [309.0364958510105, 167.43654606994218], "engeller": [["dikdortgen", 217, 343, 10, 20], ["dikdortgen", 311, 217, 10, 18], ["daire", 123, 186, 12], ["daire", 187, 17, 10], ["dikdortgen", 99, 136, 14, 10], ["dikdortgen", 279, 57, 10, 8], ["dikdortgen", 234, 289, 19, 8], ["daire", 134, 46, 14], ["daire", 191, 91, 6], ["daire", 315, 54, 5], ["dikdortgen", 217, 105, 20, 16], ["dikdortgen", 259, 21, 18, 5], ["daire", 138, 118, 9], ["dikdortgen", 280, 79, 17, 16], ["dikdortgen", 0, 151, 20, 7], ["daire", 129, 169, 10], ["dikdortgen", 28, 266, 13, 5], ["daire", 44, 345, 4], ["daire", 269, 102, 9], ["daire", 48, 118, 10], ["dikdortgen", 102, 24, 19, 13], ["daire", 48, 59, 12], ["daire", 98, 206, 9], ["dikdortgen", 214, 254, 11, 12], ["daire", 273, 352, 12], ["dikdortgen", 57, 56, 11, 20], ["dikdortgen", 206, 255, 5, 9], ["dikdortgen", 139, 285, 14, 18], ["dikdortgen", 1, 107, 7, 10], ["daire", 281, 283, 3], ["dikdortgen", 315, 290, 6, 11], ["daire", 146, 10, 6], ["dikdortgen", 102, 256, 14, 15], ["dikdortgen", 177, 20, 16, 9], ["dikdortgen", 96, 135, 15, 12], ["dikdortgen", 200, 153, 19, 12], ["daire", 24, 242, 11], ["dikdortgen", 133, 27, 17, 12], ["daire", 222, 39, 8], ["dikdortgen", 307, 237, 16, 18], ["daire", 253, 124, 6], ["daire", 151, 103, 13], ["daire", 145, 330, 4], ["dikdortgen", 134, 190, 5, 17], ["dikdortgen", 201, 342, 17, 18], ["dikdortgen", 138, 356, 11, 19], ["dikdortgen", 135, 43, 7, 8], ["daire", 240, 31, 8], ["dikdortgen", 144, 28, 7, 6], ["dikdortgen", 16, 8, 9, 12], ["dikdortgen", 279, 292, 6, 12], ["dikdortgen", 226, 137, 18, 5], ["dikdortgen", 186, 123, 7, 5], ["dikdortgen", 104, 304, 9, 18], ["daire", 309, 261, 7], ["dikdortgen", 237, 56, 20, 11], ["daire", 267, 135, 14], ["daire", 162, 87, 8], ["dikdortgen", 24, 138, 20, 12], ["daire", 121, 311, 4]], "rrt_path": [[86.39587702060898, 68.46384615383127], [92.567534627036, 76.55435830449454], [100.44184424389408, 92.52621866958559], [97.74594304211257, 104.10493360467964], [95.13166659153212, 123.79345567324252], [90.18360442827709, 129.73802498705183], [88.96768156181966, 145.04789087024147], [90.47563287224338, 163.1539287008577], [92.44546175254239, 166.63527530559847], [100.07858119514992, 181.74452736683082], [107.68971778703114, 194.51001825790874], [112.796233384759, 200.51111982980422], [121.2194397895498, 210.91141359448167], [126.71746544383683, 224.59757657078953], [131.5950314298529, 236.94516211962315], [136.29734452269332, 250.30096429281335], [139.0185021047353, 250.70627589177016], [151.70371459978938, 254.95711000410287], [163.42850892697325, 252.158207222616], [175.39508289227413, 239.6888810102237], [185.9903818745634, 229.98646738796504], [197.97988208220264, 221.28225983658226], [216.96006070503705, 216.84820726684606], [227.12847736411345, 219.78777864140505], [243.1643137589947, 212.13605659276527], [260.17417969995887, 203.639076003642], [274.6527878929357, 191.3306990886678], [277.34702116779226, 188.37416276035123], [291.66440056534776, 176.07016068073946], [309.0364958510105, 167.43654606994218]]}