{"harita_boyut": {"genislik": 386, "yukseklik": 353}, "baslangic": [345.5998710002844, 294.4589820131244], "hedef": [53.050619012901315, 317.84230102914063], "engeller": [["daire", 294, 254, 8], ["dikdortgen", 263, 44, 16, 13], ["dikdortgen", 352, 48, 17, 19], ["daire", 87, 220, 3], ["dikdortgen", 186, 126, 11, 6], ["dikdortgen", 46, 150, 6, 16], ["dikdortgen", 175, 1, 20, 5], ["daire", 83, 86, 7], ["dikdortgen", 67, 23, 5, 5], ["daire", 137, 214, 7], ["dikdortgen", 162, 104, 8, 7], ["dikdortgen", 238, 292, 16, 19], ["daire", 146, 103, 12], ["daire", 254, 119, 6], ["daire", 100, 132, 8], ["daire", 78, 216, 11], ["daire", 261, 25, 8], ["dikdortgen", 110, 100, 9, 9], ["dikdortgen", 224, 318, 6, 8], ["daire", 263, 211, 12], ["dikdortgen", 120, 27, 15, 5], ["dikdortgen", 159, 255, 14, 8], ["daire", 112, 239, 6], ["dikdortgen", 52, 171, 14, 9], ["daire", 257, 332, 7], ["dikdortgen", 260, 173, 9, 18], ["daire", 259, 229, 8], ["dikdortgen", 73, 304, 5, 12], ["daire", 24, 275, 15], ["daire", 87, 270, 5], ["daire", 190, 217, 14], ["dikdortgen", 222, 261, 9, 14], ["dikdortgen", 27, 273, 12, 5], ["dikdortgen", 129, 260, 14, 15], ["daire", 140, 228, 14], ["dikdortgen", 102, 4, 20, 10], ["dikdortgen", 166, 190, 12, 7], ["dikdortgen", 243, 139, 17, 17], ["daire", 354, 172, 8], ["daire", 177, 163, 8], ["daire", 175, 157, 15], ["daire", 145, 256, 6], ["dikdortgen", 132, 337, 10, 6], ["dikdortgen", 204, 305, 19, 11], ["daire", 260, 341, 7], ["daire", 341, 47, 5], ["daire", 347, 214, 7], ["daire", 284, 196, 9], ["dikdortgen", 45, 189, 14, 17], ["dikdortgen", 248, 106, 15, 15], ["dikdortgen", 38, 151, 16, 11], ["dikdortgen", 296, 150, 9, 8], ["daire", 349, 35, 6], ["daire", 72, 340, 11], ["daire", 101, 190, 5], ["dikdortgen", 125, 254, 10, 16], ["dikdortgen", 328, 44, 17, 19], ["dikdortgen", 218, 246, 11, 9], ["daire", 105, 49, 10], ["dikdortgen", 43, 131, 10, 12], ["daire", 374, 295, 5], ["daire", 154, 189, 12], ["dikdortgen", 54, 165, 9, 11], ["dikdortgen", 3, 304, 12, 19], ["daire", 238, 328, 3], ["dikdortgen", 30, 294, 10, 11], ["dikdortgen", 220, 316, 20, 18], ["daire", 223, 200, 9]], "rrt_path": [[345.5998710002844, 294.4589820131244], [331.8656771228414, 281.99969371785], [329.26905378372214, 278.95707194793823], [311.3974196806788, 270.9827384662448], [296.01224305256386, 268.18985221952323], [285.81124708461147, 266.6738555277254], [270.7143607999804, 257.0468299406314], [255.93764131969775, 247.24535951877684], [242.3709436215148, 240.73536232824316], [230.227609386884, 233.2773954703035], [213.0502023102468, 235.55266108163454], [201.69028306005666, 236.84267139115954], [187.60931951982005, 239.08761999005077], [175.64382954811936, 232.58977478422014], [169.6717679256466, 227.74899057138853], [156.8426811469068, 216.37495195752163], [143.1716608161973, 203.09979988340774], [136.58740039001077, 199.54537374614657], [122.01544955176635, 208.5907863851443], [109.01932100446143, 216.05650374059874], [99.42370115683158, 228.3213034075592], [92.25481368607659, 241.71712622487001], [85.74908849854064, 253.4153387547734], [71.55159118615786, 263.6495335540874], [65.51723236948752, 268.6704395647233], [62.52175340458882, 268.8002997018528], [66.36187321194359, 275.8117179909226], [60.77103327118971, 294.73097458231666], [58.40760302623768, 305.31966568514105], [53.050619012901315, 317.84230102914063]]}