{"harita_boyut": {"genislik": 313, "yukseklik": 461}, "baslangic": [215.96708010751894, 420.17932862135666], "hedef": [126.0177225528054, 255.28088254885026], "engeller": [["daire", 138, 32, 10], ["dikdortgen", 39, 19, 8, 13], ["dikdortgen", 211, 397, 10, 5], ["daire", 85, 295, 13], ["dikdortgen", 283, 299, 20, 5], ["dikdortgen", 223, 43, 19, 12], ["dikdortgen", 241, 62, 10, 5], ["dikdortgen", 151, 428, 20, 19], ["daire", 303, 66, 10], ["dikdortgen", 117, 199, 6, 9], ["dikdortgen", 131, 202, 18, 6], ["dikdortgen", 268, 302, 10, 18], ["daire", 132, 397, 14], ["dikdortgen", 200, 37, 7, 12], ["daire", 226, 440, 15], ["dikdortgen", 156, 100, 20, 11], ["daire", 159, 60, 15], ["daire", 259, 376, 10], ["daire", 31, 308, 9], ["daire", 62, 35, 7], ["dikdortgen", 237, 392, 7, 18], ["daire", 183, 198, 4], ["dikdortgen", 37, 237, 6, 17], ["daire", 282, 75, 11], ["daire", 256, 64, 15], ["dikdortgen", 263, 282, 19, 9], ["dikdortgen", 50, 256, 8, 13], ["daire", 168, 195, 14], ["daire", 53, 421, 5], ["daire", 86, 433, 10], ["daire", 247, 377, 14], ["dikdortgen", 143, 202, 17, 18], ["dikdortgen", 183, 50, 5, 16], ["dikdortgen", 247, 127, 12, 14], ["dikdortgen", 16, 205, 9, 15], ["daire", 70, 96, 6], ["dikdortgen", 162, 407, 16, 7], ["daire", 172, 207, 11], ["daire", 132, 134, 7], ["dikdortgen", 177, 249, 20, 13], ["dikdortgen", 287, 344, 8, 12], ["daire", 87, 275, 13], ["daire", 58, 83, 11], ["daire", 173, 235, 4], ["daire", 284, 387, 11], ["daire", 237, 56, 3], ["daire", 184, 317, 11], ["dikdortgen", 226, 152, 13, 18], ["daire", 219, 219, 4], ["daire", 221, 339, 11], ["daire", 258, 92, 14], ["dikdortgen", 194, 148, 14, 15], ["dikdortgen", 178, 156, 6, 20], ["dikdortgen", 207, 287, 13, 18], ["daire", 223, 61, 13], ["daire", 193, 438, 4], ["dikdortgen", 21, 137, 18, 5], ["dikdortgen", 233, 333, 9, 5], ["dikdortgen", 32, 86, 14, 11], ["dikdortgen", 169, 48, 16, 15], ["daire", 139, 319, 4], ["daire", 65, 371, 9], ["dikdortgen", 166, 374, 13, 11], ["daire", 95, 25, 5], ["dikdortgen", 275, 143, 13, 8], ["dikdortgen", 7, 288, 15, 20], ["dikdortgen", 0, 54, 18, 9], ["dikdortgen", 82, 66, 13, 9], ["daire", 206, 36, 13], ["dikdortgen", 229, 396, 5, 20], ["daire", 221, 16, 5], ["daire", 109, 443, 6]], "rrt_path": [[215.967080107519, 420.1793286213567], [215.55914291645985, 419.88279975541724], [215.1542743319197, 419.58275592828613], [214.75247435389846, 419.27919713996306], [214.3537429823962, 418.9721233904482], [213.9580802174129, 418.6615346797415], [213.56548605894858, 418.3474310078429], [213.1759605070032, 418.0298123747525], [212.78950356157674, 417.7086787804702], [212.4061152226692, 417.384030224996], [212.02579549028067, 417.0558667083302], [211.6485443644111, 416.7241882304725], [211.27436184506044, 416.3889947914228], [210.90324793222877, 416.05028639118143], [210.53520262591604, 415.708063029748], [210.17022592612224, 415.362324707123], [209.80831783284742, 415.01307142330603], [209.44947834609158, 414.6603031782972], [209.09370746585466, 414.3040199720966], [208.74100519213667, 413.94422180470406], [208.39137152493765, 413.58090867611975], [208.04480646425765, 413.2140805863437], [207.7013100100965, 412.8437375353756], [207.36088216245435, 412.4698795232158], [207.0235229213312, 412.09250654986414], [206.6892322867269, 411.7116186153206], [206.35801025864163, 411.32721571958524], [206.02985683707527, 410.939297862658], [205.7047720220279, 410.547865044539], [205.3827558134995, 410.1529172652282], [205.06380821149003, 409.7544545247255], [204.74792921599948, 409.3524768230309], [204.43602699997248, 408.9473891624703], [204.12934915238122, 408.53974790891937], [203.82790325137856, 408.12955644187684], [203.53168929696454, 407.7168147613429], [203.2407072891392, 407.3015228673175], [202.95495722790247, 406.8836807598006], [202.67443911325438, 406.46328843879235], [202.39915294519488, 406.0403459042924], [202.12909872372407, 405.61485315630114], [201.8642764488419, 405.18681019481835], [201.60468612054834, 404.75621701984414], [201.35032773884336, 404.3230736313784], [201.1012013037271, 403.88738002942125], [200.85730681519942, 403.44913621397257], [200.6186442732604, 403.00834218503246], [200.38521367791006, 402.56499794260094], [200.15701502914828, 402.11910348667783], [199.93404832697516, 401.6706588172633], [199.71631357139069, 401.21966393435724], [199.50381076239478, 400.7661188379598], [199.2965398999876, 400.3100235280709], [199.094500984169, 399.85137800469045], [198.89769401493902, 399.3901822678185], [198.70611899229775, 398.9264363174552], [198.51977591624507, 398.4601401536004], [198.338664786781, 397.9912937762541], [198.1627856039056, 397.5198971854163], [197.99213836761885, 397.0459503810871], [197.82581401864357, 396.56990874000445], [197.65998091096816, 396.0936916556621], [197.49421116105253, 395.6175134685501], [197.3285047688966, 395.14137417866834], [197.1628617345005, 394.66527378601694], [196.99728205786408, 394.1892122905958], [196.8317657389874, 393.7131896924049], [196.66631277787047, 393.2372059914442], [196.50092317451328, 392.76126118771384], [196.3355969289158, 392.28535528121375], [196.1703340410781, 391.809488271944], [196.0051345110001, 391.3336601599044], [195.8399983386819, 390.8578709450951], [195.67492552412332, 390.3821206275161], [195.5099160673246, 389.9064092071674], [195.3449699682856, 389.430736684049], [195.18008722700625, 388.9551030581607], [195.01526784348675, 388.47950832950283], [194.85051181772698, 388.0039524980753], [194.6858191497269, 387.5284355638779], [194.52118983948657, 387.05295752691086], [194.35662388700604, 386.57751838717405], [194.19212129228515, 386.10211814466743], [194.02768205532405, 385.62675679939116], [193.8633061761227, 385.1514343513452], [193.69899365468106, 384.6761508005294], [193.53474449099923, 384.2009061469441], [193.37055868507707, 383.7257003905888], [193.20645879298823, 383.25052633021875], [193.04351401310723, 382.7750426138841], [192.8823108959699, 382.29906197963834], [192.72284944157636, 381.8225844274816], [192.5651296499264, 381.3456099574136], [192.40915152102016, 380.8681385694346], [192.2549150548576, 380.39017026354446], [192.1024202514387, 379.9117050397433], [191.95166711076348, 379.43274289803105], [191.80265563283194, 378.9532838384076], [191.6553858176441, 378.4733278608731], [191.50985766519992, 377.9928749654275], [191.3660711754994, 377.5119251520708], [191.22402634854257, 377.030478420803], [191.08372318432944, 376.5485347716241], [190.94516168285998, 376.0660942045342], [190.80834184413416, 375.58315671953306], [190.67326366815206, 375.0997223166209], [190.53992715491364, 374.6157909957976], [190.40833230441888, 374.13136275706324], [190.2784791166678, 373.64643760041776], [190.1503675916604, 373.1610155258612], [190.02399772939668, 372.67509653339357], [189.89936952987665, 372.1886806230148], [189.77648299310027, 371.70176779472496], [189.6553381190676, 371.214358048524], [189.5359349077786, 370.7264513844119], [189.41827335923324, 370.2380478023888], [189.3023534734316, 369.7491473024545], [189.1876886834604, 369.2598608409948], [189.07306502962706, 368.7704652485466], [188.95842488976075, 368.28097366523036], [188.84376826386148, 367.79138609104587], [188.72909515192922, 367.30170252599316], [188.61440555396396, 366.81192297007226], [188.49969946996578, 366.3220474232833], [188.38497689993463, 365.83207588562624], [188.27023784387052, 365.342008357101], [188.1554823017734, 364.8518448377076], [188.04071027364336, 364.361585327446], [187.92592175948033, 363.8712298263162], [187.81111675928432, 363.3807783343184], [187.69629527305534, 362.8902308514523], [187.58145730079337, 362.39958737771815], [187.46660284249847, 361.9088479131157], [187.3517318981706, 361.4180124576452], [187.2368444678098, 360.9270810113066], [187.12194055141595, 360.4360535740998], [187.0070201489892, 359.94493014602483], [186.8920832605295, 359.4537107270818], [186.77712988603673, 358.96239531727036], [186.66216002551107, 358.470983916591], [186.54717367895242, 357.9794765250434], 