{"harita_boyut": {"genislik": 117, "yukseklik": 167}, "baslangic": [73.63553477262433, 38.338654336955415], "hedef": [37.824122087952006, 139.29690124272304], "engeller": [["dikdortgen", 0, 137, 16, 9], ["daire", 23, 145, 10], ["daire", 97, 129, 15], ["daire", 24, 158, 9], ["daire", 56, 13, 9], ["dikdortgen", 51, 77, 17, 14], ["daire", 76, 130, 13], ["dikdortgen", 58, 134, 8, 10], ["daire", 31, 115, 8]], "rrt_path": [[73.63553477262433, 38.338654336955415], [68.27675846694792, 43.25604426608046], [59.50117004254333, 53.04613133366762], [56.631393049826244, 50.63305021518446], [43.85097320004324, 65.33955146982672], [44.51906424440028, 79.55032153357374], [45.06207025803556, 95.31020439935548], [44.86613018983114, 112.87292471426017], [43.139168245453035, 120.43330665209012], [37.824122087952006, 139.29690124272304]]}