{"harita_boyut": {"genislik": 375, "yukseklik": 239}, "baslangic": [10.1416456011689, 208.98350738893654], "hedef": [244.53720244620294, 93.70600288166631], "engeller": [["daire", 139, 206, 14], ["dikdortgen", 195, 229, 9, 7], ["daire", 303, 42, 13], ["dikdortgen", 92, 195, 20, 18], ["daire", 269, 126, 6], ["dikdortgen", 49, 28, 12, 17], ["daire", 308, 18, 13], ["daire", 172, 15, 9], ["daire", 143, 154, 3], ["dikdortgen", 128, 39, 14, 6], ["daire", 259, 184, 6], ["dikdortgen", 92, 46, 9, 7], ["daire", 127, 102, 10], ["daire", 190, 170, 11], ["dikdortgen", 338, 91, 15, 18], ["daire", 27, 220, 14], ["daire", 292, 124, 10], ["dikdortgen", 92, 81, 7, 9], ["dikdortgen", 180, 78, 10, 14], ["daire", 335, 110, 13], ["dikdortgen", 237, 204, 15, 13], ["daire", 158, 117, 13], ["daire", 225, 32, 15], ["daire", 78, 165, 12], ["daire", 65, 25, 7], ["daire", 177, 126, 12], ["dikdortgen", 33, 180, 13, 9], ["dikdortgen", 145, 46, 16, 8], ["daire", 138, 173, 12], ["daire", 259, 145, 3], ["daire", 168, 142, 11], ["dikdortgen", 187, 132, 13, 6], ["daire", 183, 192, 15], ["daire", 347, 129, 12], ["dikdortgen", 290, 205, 10, 6], ["dikdortgen", 223, 223, 7, 15], ["dikdortgen", 212, 91, 8, 11], ["dikdortgen", 298, 33, 19, 14], ["dikdortgen", 55, 222, 7, 16], ["dikdortgen", 23, 161, 16, 6], ["daire", 235, 64, 10], ["dikdortgen", 89, 28, 14, 6], ["dikdortgen", 3, 62, 9, 13], ["dikdortgen", 189, 69, 19, 6]], "rrt_path": [[10.1416456011689, 208.98350738893654], [17.96486581545166, 201.4018719240823], [25.493168849350727, 199.5432523645949], [39.76845239471336, 194.81037330156434], [51.63990347333008, 194.94279344726894], [54.728361219137284, 192.40085938983088], [71.98080683671526, 186.86262458283545], [86.72666362117235, 183.1372939916959], [94.00811142962532, 180.51719129444652], [108.9569518836685, 173.40385004800865], [122.5414535311969, 159.80580547054927], [137.14912222478696, 147.17145320182118], [142.66919318738056, 129.52491426445152], [137.23679343534437, 123.71853862211378], [135.13461578269533, 120.59502052340252], [143.83340807332843, 105.23719066106027], [145.83320275110998, 101.7729705111973], [156.29863255243322, 97.81824417511582], [160.27951978117457, 98.20880386587268], [166.59354696833967, 100.82287807630563], [179.92269188118118, 107.48251780483207], [187.15385303985232, 110.8691689988583], [205.43437575726634, 117.82357834273401], [222.36582876802592, 114.11506581621268], [235.58685442470605, 105.7592311574457], [244.53720244620294, 93.70600288166631]]}