{"harita_boyut": {"genislik": 156, "yukseklik": 370}, "baslangic": [15.937437188957448, 120.59529571578547], "hedef": [70.89309702354437, 307.81696884612546], "engeller": [["dikdortgen", 129, 344, 20, 14], ["daire", 104, 335, 8], ["dikdortgen", 107, 229, 8, 18], ["dikdortgen", 55, 155, 19, 16], ["daire", 145, 16, 4], ["daire", 86, 332, 10], ["daire", 83, 44, 8], ["dikdortgen", 0, 338, 14, 9], ["daire", 100, 246, 14], ["daire", 52, 238, 13], ["daire", 47, 165, 13], ["daire", 130, 118, 13], ["daire", 94, 286, 10], ["daire", 49, 15, 7], ["dikdortgen", 137, 142, 19, 17], ["daire", 80, 139, 7], ["daire", 119, 13, 4], ["daire", 79, 48, 6], ["daire", 17, 355, 5], ["dikdortgen", 91, 32, 20, 12], ["daire", 21, 63, 4], ["dikdortgen", 34, 293, 10, 12], ["daire", 12, 240, 6], ["daire", 102, 127, 13], ["dikdortgen", 7, 43, 10, 5], ["dikdortgen", 127, 324, 9, 11], ["daire", 30, 301, 5], ["dikdortgen", 26, 12, 18, 6]], "rrt_path": [[15.937437188957448, 120.59529571578547], [20.66181355463233, 138.8100684197495], [25.346508797001242, 151.14513000826747], [28.606595745971287, 166.20422369550118], [32.43832993097201, 185.1128487664234], [33.39801158267298, 194.53917331848146], [48.31363399330832, 205.42660480966208], [55.25680737447898, 205.47001918097814], [74.24337279253209, 205.38055263281973], [76.29053383948141, 203.2543433634802], [77.6637843053993, 222.79902814416943], [76.76877164474777, 240.95099709327354], [75.66632541066706, 256.39878969916026], [72.03343685684908, 274.1901589389983], [71.83896987420327, 284.8452758620592], [70.97894518171366, 303.8178901905175], [70.89309702354437, 307.81696884612546]]}