{"harita_boyut": {"genislik": 143, "yukseklik": 258}, "baslangic": [53.361413006805485, 51.625116001760496], "hedef": [77.86580439323744, 240.82653136078324], "engeller": [["daire", 121, 172, 10], ["dikdortgen", 5, 117, 19, 16], ["daire", 119, 132, 8], ["dikdortgen", 54, 232, 11, 13], ["dikdortgen", 54, 149, 12, 17], ["daire", 127, 174, 14], ["dikdortgen", 121, 176, 17, 8], ["daire", 40, 107, 10], ["daire", 51, 189, 12], ["daire", 31, 201, 10], ["dikdortgen", 83, 47, 5, 11], ["dikdortgen", 89, 16, 20, 7], ["daire", 9, 218, 8], ["daire", 121, 65, 8], ["daire", 18, 174, 10], ["dikdortgen", 45, 231, 13, 12], ["daire", 65, 45, 6], ["daire", 63, 172, 3]], "rrt_path": [[53.36141300680548, 51.62511600176048], [53.57375339322335, 52.07862231671941], [53.78623139393833, 52.53211868936287], [53.99884700895038, 52.98560511969082], [54.211600238259514, 53.43908160770327], [54.42449108186573, 53.89254815340023], [54.63751953976903, 54.34600475678168], [54.85068561196942, 54.79945141784765], [55.06398929846691, 55.25288813659812], [55.27743059926147, 55.7063149130331], [55.491009514353124, 56.15973174715258], [55.70472604374184, 56.61313863895655], [55.91858018742768, 57.06653558844505], [56.13257194541056, 57.51992259561802], [56.34670131769057, 57.973299660475526], [56.560968304267625, 58.42666678301752], [56.7753729051418, 58.88002396324403], [56.98991512031303, 59.333371201155025], [57.204594949781374, 59.78670849675054], [57.419412393546786, 60.24003585003056], [57.63436745160928, 60.693353260995075], [57.84946012396886, 61.14666072964409], [58.06469041062553, 61.59995825597762], [58.28005831157928, 62.05324583999564], [58.495563826830136, 62.50652348169819], [58.71120695637806, 62.95979118108523], [58.926987700223066, 63.41304893815676], [59.14290605836517, 63.86629675291282], [59.358962030804356, 64.31953462535337], [59.575155617540624, 64.77276255547842], [59.79148681857397, 65.22598054328797], [60.0079556339044, 65.67918858878204], [60.224562063531934, 66.13238669196062], [60.44130610745654, 66.58557485282368], [60.65818776567823, 67.03875307137126], [60.87520703819702, 67.49192134760335], [61.092363925012876, 67.94507968151993], [61.309658426125836, 68.39822807312103], [61.52709054153587, 68.85136652240662], [61.74466027124299, 69.30449502937671], [61.96236761524719, 69.75761359403131], [62.180212573548474, 70.2107222163704], [62.39819514614686, 70.66382089639403], [62.61631533304232, 71.11690963410214], [62.83457313423486, 71.56998842949476], [63.0529685497245, 72.02305728257187], [63.27150157951121, 72.4761161933335], [63.49017222359501, 72.92916516177964], [63.7089804819759, 73.38220418791026], [63.92792635465388, 73.8352332717254], [64.14700984162893, 74.28825241322505], [64.36623094290108, 74.7412616124092], [64.58556276379173, 75.19427028747164], [64.80279157961166, 75.64805365824189], [65.01650904177087, 76.10310491150106], [65.22671515026934, 76.55942404724917], [65.43340990510707, 77.01701106548622], [65.63659330628408, 77.47586596621217], [65.83626535380037, 77.93598874942708], [66.03242604765592, 78.3973794151309], [66.22507538785075, 78.86003796332368], [66.41421337438484, 79.32396439400539], [66.59984000725822, 79.789158707176], [66.78195528647085, 80.25562090283557], [66.96055921202276, 80.72335098098407], [67.13565178391394, 81.19234894162149], [67.30723300214439, 81.66261478474784], [67.4753028667141, 82.13414851036313], [67.6398613776231, 82.60695011846737], [67.80090853487137, 83.0810196090605], [67.95844433845889, 83.55635698214259], [68.1124687883857, 84.03296223771362], [68.26298188465177, 84.51083537577357], [68.40998362725712, 84.98997639632246], [68.55347401620172, 85.47038529936026], [68.69345305148562, 85.95206208488702], [68.83051627579256, 86.43478217156171], [68.96725442541484, 86.91756858318013], [69.1039686674528, 87.40030774851877], [69.24065900190642, 87.88299966757764], [69.37732542877565, 88.36564434035668], [69.51396794806057, 88.84824176685598], [69.65058655976114, 89.3307919470755], [69.78718126387737, 89.81329488101522], [69.92375206040924, 90.29575056867517], [70.06029894935676, 90.77815901005533], [70.19682193071995, 91.2605202051557], [70.3333210044988, 91.74283415397633], [70.46979617069327, 92.22510085651714], [70.60624742930342, 92.70732031277817], [70.74267478032921, 93.18949252275944], [70.87907822377065, 93.67161748646092], [71.01545775962778, 94.15369520388262], [71.15181338790053, 94.63572567502453], [71.28814510858895, 95.11770889988667], [71.42445292169302, 95.59964487846901], [71.56073682721272, 96.08153361077157], [71.69630018540279, 96.56360639256702], [71.8289724697434, 97.04658387410794], [71.95859782442493, 97.53051780206852], [72.08517624944737, 98.01540817644873], [72.20870774481074, 98.50125499724861], [72.32919231051501, 98.9880582644681], [72.44662994656022, 99.47581797810726], [72.56102065294635, 99.96453413816607], [72.67236442967337, 100.45420674464455], [72.78066127674133, 100.94483579754261], [72.8859111941502, 101.43642129686037], [72.98811418189999, 101.92896324259776], [73.08727023999073, 102.42246163475484], [73.18337936842235, 102.91691647333151], [73.27644156719491, 103.41232775832786], [73.36645683630837, 103.90869548974385], [73.45342517576276, 104.40601966757949], [73.53734658555807, 104.90430029183477], [73.6182210656943, 105.4035373625097], [73.69604861617145, 105.90373087960427], [73.77082923698951, 106.4048808431185], [73.84256292814848, 106.90698725305236], [73.9112496896484, 107.41005010940589], [73.97688952148923, 107.91406941217906], [74.03948253206883, 108.41904377806281], [74.09919300158751, 108.9228767611808], [74.15616907269938, 109.42367785338966], [74.21041074540442, 109.92144705468934], [74.26191801970266, 110.4161843650799], [74.3106908955941, 110.90788978456126], [74.35672937307871, 111.39656331313347], [74.40003345215652, 111.88220495079653], [74.44060313282752, 112.36481469755044], [74.47843841509172, 112.84439255339521], [74.51353929894908, 113.32093851833076], [74.54590578439966, 113.79445259235719], [74.57553787144342, 114.26493477547446], [74.60243556008037, 114.7323850676826], [74.6265988503105, 115.19680346898153], [74.64802774213382, 115.65818997937134], [74.66672223555034, 116.11654459885199], [74.68268233056003, 116.57186732742346], [74.69590802716293, 117.0241581650858], [74.70639932535902, 117.47341711183896], [74.71415622514829, 117.91964416768297], [74.71917872653076, 118.36283933261782], [74.72241659909243, 118.80653174154791], [74.72737073903588, 119.26372995483001], [74.73436700334975, 119.73564478537028], [74.74340539203408, 120.22227623316878], [74.75448590508884, 120.72362429822545], [74.76760854251407, 121.23968898054034], [74.78277330430974, 121.77047028011341], [74.79998019047586, 122.31596819694471], [74.81922920101245, 122.87618273103418], [74.84052033591946, 123.45111388238192], [74.86385359519694, 124.0407616509878], [74.88922897884486, 124.64512603685189], [74.91664648686324, 125.26420703997418], [74.94610611925205, 125.89800466035466], [74.97760787601133, 126.54651889799338], [75.01115175714105, 127.20974975289027], [75.04673776264123, 127.88769722504537], [75.08436589251184, 128.58036131445868], [75.12403614675291, 129.28774202113019], [75.16574852536445, 130.0098393450599], [75.2095030283464, 130.74665328624778], [75.25529965569883, 131.49818384469387], [75.3031384074217, 132.26443102039818], [75.35301928351501, 133.0453948133607], [75.40494228397878, 133.8410752235814], [75.45890740881299, 134.6514722510603], [75.51491465801766, 135.47658589579743], [75.57296403159279, 136.31641615779273], [75.63310783103213, 137.17055255374152], [75.70274550257017, 137.98092123290397], [75.78712797869525, 138.70631075054305], [75.8862552594074, 139.34672110665872], [76.00012734470664, 139.90215230125105], [76.12874423459293, 140.37260433432002], [76.2721059290663, 140.75807720586556], [76.43021242812671, 141.05857091588777], [76.60306373177421, 141.27408546438662], [76.79065984000874, 141.40462085136204], [76.99300075283038, 