{"harita_boyut": {"genislik": 284, "yukseklik": 235}, "baslangic": [146.11194887492283, 136.28352849909572], "hedef": [57.0550229399824, 77.4313374262962], "engeller": [["daire", 27, 181, 3], ["dikdortgen", 167, 14, 12, 20], ["dikdortgen", 107, 166, 18, 9], ["dikdortgen", 81, 30, 13, 12], ["dikdortgen", 179, 138, 12, 15], ["dikdortgen", 174, 83, 16, 15], ["daire", 57, 58, 12], ["dikdortgen", 233, 176, 6, 6], ["dikdortgen", 121, 137, 19, 13], ["daire", 128, 77, 9], ["daire", 53, 227, 8], ["daire", 97, 55, 3], ["daire", 216, 214, 14], ["daire", 25, 163, 10], ["daire", 123, 203, 15], ["daire", 238, 148, 8], ["dikdortgen", 152, 128, 9, 12], ["dikdortgen", 78, 97, 15, 8], ["dikdortgen", 147, 101, 11, 10], ["dikdortgen", 5, 123, 17, 13], ["daire", 192, 146, 6], ["daire", 170, 16, 11], ["dikdortgen", 8, 189, 16, 18], ["dikdortgen", 191, 209, 12, 20], ["dikdortgen", 32, 161, 11, 17], ["daire", 94, 66, 15], ["dikdortgen", 53, 153, 15, 19], ["daire", 170, 221, 9], ["dikdortgen", 226, 212, 14, 9], ["daire", 269, 217, 13], ["dikdortgen", 3, 79, 9, 14], ["daire", 265, 79, 11], ["daire", 215, 176, 10]], "rrt_path": [[146.11194887492283, 136.28352849909572], [146.52470757514232, 132.30488171213497], [138.167159109452, 118.29541412481409], [131.49506292608555, 104.55340124550621], [128.76270860312923, 103.48027600451546], [110.86112419218342, 96.09687279598703], [94.65433285700364, 89.06300495295163], [79.05612484442356, 81.61957446282084], [61.014808381414056, 76.8655642757969], [57.0550229399824, 77.4313374262962]]}