{"harita_boyut": {"genislik": 432, "yukseklik": 341}, "baslangic": [247.51027576500942, 166.1143902942214], "hedef": [330.8974926837663, 8.899378729232899], "engeller": [["daire", 345, 289, 13], ["daire", 215, 98, 11], ["dikdortgen", 303, 147, 8, 13], ["daire", 113, 208, 12], ["daire", 116, 297, 3], ["dikdortgen", 275, 22, 9, 16], ["dikdortgen", 163, 318, 18, 6], ["dikdortgen", 206, 220, 17, 16], ["daire", 358, 262, 9], ["daire", 351, 28, 8], ["dikdortgen", 222, 76, 13, 11], ["dikdortgen", 361, 81, 18, 20], ["dikdortgen", 26, 158, 13, 9], ["daire", 160, 39, 3], ["dikdortgen", 124, 83, 16, 10], ["dikdortgen", 257, 241, 10, 6], ["daire", 197, 112, 12], ["dikdortgen", 5, 113, 14, 13], ["daire", 401, 231, 3], ["dikdortgen", 252, 175, 9, 11], ["dikdortgen", 66, 135, 19, 9], ["daire", 12, 96, 5], ["dikdortgen", 166, 158, 11, 14], ["dikdortgen", 126, 138, 19, 19], ["dikdortgen", 159, 136, 13, 14], ["daire", 397, 43, 13], ["daire", 140, 85, 12], ["daire", 179, 270, 4], ["dikdortgen", 194, 127, 18, 14], ["dikdortgen", 314, 186, 13, 8], ["dikdortgen", 267, 271, 5, 16], ["daire", 306, 329, 7], ["daire", 191, 228, 4], ["dikdortgen", 22, 214, 6, 15], ["daire", 199, 72, 9], ["dikdortgen", 192, 304, 17, 5], ["daire", 367, 39, 14], ["daire", 40, 207, 11], ["daire", 363, 284, 14], ["daire", 170, 218, 6], ["daire", 138, 242, 11], ["daire", 40, 242, 14], ["daire", 229, 240, 13], ["daire", 269, 44, 10], ["dikdortgen", 367, 58, 9, 12], ["dikdortgen", 35, 26, 12, 9], ["dikdortgen", 25, 71, 5, 13], ["daire", 244, 238, 15], ["daire", 398, 246, 15], ["daire", 42, 235, 4], ["daire", 26, 127, 8], ["dikdortgen", 9, 198, 16, 8], ["daire", 110, 160, 13], ["daire", 207, 28, 9], ["dikdortgen", 172, 287, 12, 7], ["dikdortgen", 130, 282, 11, 18], ["dikdortgen", 44, 291, 14, 6], ["dikdortgen", 346, 60, 16, 16], ["daire", 243, 295, 8], ["daire", 388, 188, 3], ["daire", 330, 170, 7], ["dikdortgen", 358, 195, 5, 20], ["daire", 214, 305, 5], ["dikdortgen", 237, 107, 7, 11], ["dikdortgen", 372, 117, 17, 8], ["daire", 22, 325, 12], ["dikdortgen", 316, 29, 8, 6], ["dikdortgen", 259, 104, 17, 11], ["daire", 347, 307, 10], ["daire", 19, 147, 7], ["dikdortgen", 116, 77, 17, 19], ["dikdortgen", 256, 3, 16, 8], ["daire", 63, 210, 6]], "rrt_path": [[247.51027576500945, 166.1143902942214], [247.8557937523154, 165.94119108043816], [248.2098328576919, 165.77451648172053], [248.5723930811389, 165.6143664980686], [248.9434744226565, 165.46074112948236], [249.32307688224458, 165.3136403759617], [249.7112004599032, 165.17306423750676], [250.10784515563233, 165.03901271411746], [250.51301096943206, 164.9114858057939], [250.92669790130228, 164.79048351253593], [251.34890595124315, 164.67600583434373], [251.77963511925446, 164.56805277121714], [252.2188854053363, 164.46662432315617], [252.66665680948864, 164.3717204901609], [253.12294933171165, 164.28334127223133], [253.58776297200504, 164.2014866693674], [254.06109773036908, 164.1261566815691], [254.54295360680362, 164.05735130883656], [255.0333306013088, 163.99507055116968], [255.53222871388436, 163.93931440856838], [256.03964794453054, 163.89008288103284], [256.55558829324724, 163.8473759685629], [257.08004976003446, 163.81119367115866], [257.6130323448922, 163.78153598882005], [258.15453604782056, 163.7584029215472], [258.70456086881944, 163.74179446933994], [259.26310680788885, 163.73171063219837], [259.8301738650287, 163.72815141012245], [260.4057620402392, 163.73111680311223], [260.98987133352017, 163.74060681116765], [261.58250174487176, 163.75662143428877], [262.1836532742938, 163.77916067247554], [262.7933259217865, 163.808224525728], [263.4115196873496, 163.8438129940461], [264.0382345709833, 163.8859260774299], [264.67347057268756, 163.93456377587933], [265.3172276924623, 163.98972608939442], [265.9695059303076, 164.05141301797516], [266.63030528622346, 164.11962456162166], [267.29962576020984, 164.19436072033375], [267.97746735226673, 164.2756214941116], [268.6638300623942, 164.36340688295502], [269.35871389059224, 164.45771688686418], [270.0621188368607, 164.55855150583892], [270.77404490119983, 164.66591073987942], [271.49449208360943, 164.7797945889855], [272.22346038408955, 164.90020305315733], [272.96094980264024, 165.0271361323948], [273.6687269702271, 165.1437650146976], [274.2897112498368, 165.2249650685353], [274.8233552074919, 165.2704953351925], [275.26965884319225, 165.28035581466915], [275.6286221569381, 165.25454650696528], [275.90024514872925, 165.19306741208086], [276.0845278185658, 165.09591853001592], [276.18147016644764, 164.96309986077043], [276.1910721923749, 164.7946114043444], [276.11333389634757, 164.59045316073787], [275.94825527836565, 164.3506251299508], [275.695836338429, 164.07512731198318], [275.3560770765378, 163.7639597068351], [274.9289774926919, 163.4171223145064], [274.45886077332057, 163.04504304955373], [274.0157918706964, 162.66420609090406], [273.6006429273342, 162.2748166274971], [273.21341394323406, 161.87687465933269], [272.854104918396, 161.47038018641098], [272.52271585281994, 161.0553332087319], [272.2192467465059, 160.63173372629544], [271.94369759945386, 160.1995817391016], [271.6960684116639, 159.75887724715042], [271.4763591831359, 159.3096202504419], [271.28456991387, 158.851810748976], [271.12070060386606, 158.38544874275271], [270.98475125312416, 157.9105342317721], [270.8767218616443, 157.4270672160341], [270.7966124294265, 156.93504769553874], [270.7444229564707, 156.43447567028605], [270.7201534427769, 155.92535114027598], [270.7238038883452, 155.40767410550853], [270.75537429317546, 154.88144456598377], [270.8148646572678, 154.3466625217016], [270.9022749806221, 153.80332797266212], [271.0143905175675, 153.25285431351702], [271.1317368526756, 152.703803663149], [271.25103706128124, 152.15761675381816], [271.3722911433844, 151.61429358552454], [271.495499098985, 151.0738341582681], [271.62066092808305, 150.53623847204886], [271.7477766306786, 150.0015065268668], [271.8768462067716, 149.46963832272195], [272.007869656362, 148.94063385961428], [272.1408469794499, 148.41449313754381], [272.2757781760354, 147.89121615651055], [272.41266324611826, 147.37080291651446], [272.55150218969857, 146.85325341755558], [272.69229500677636, 146.33856765963387], [272.8350416973516, 145.82674564274936], [272.97974226142435, 145.31778736690208], [273.12639669899454, 144.81169283209198], [273.2750050100623, 144.30846203831905], [273.4255671946274, 143.80809498558332], [273.57808325269, 143.31059167388483], [273.73255318425004, 142.81595210322345], [273.88897698930765, 142.32417627359933], [274.0473546678626, 141.83526418501236], [274.2076862199151, 141.34921583746262], [274.36997164546506, 140.86603123095009], [274.53421094451244, 140.38571036547472], [274.7004041170573, 139.90825324103656], [274.86855116309965, 139.43365985763558], [275.0386520826395, 138.9619302152718], [275.2107068756768, 138.4930643139452], [275.38471554221155, 138.02706215365583], [275.5609797198848, 137.56363422162667], [275.7406311862725, 137.10169423410423], [275.92377798223964, 136.64113849311914], [276.1104201077861, 136.1819669986714], [276.3005575629121, 135.72417975076104], [276.49419034761763, 135.26777674938802], [276.6913184619025, 134.81275799455236], [276.8919419057668, 134.35912348625402], [277.09606067921055, 133.90687322449307], [277.3036747822338, 133.45600720926947], [277.5147842148365, 133.00652544058326], [277.72938897701863, 132.55842791843435], [277.94748906878016, 132.11171464282282], [278.1690844901211, 131.66638561374862], [278.3941752410416, 131.22244083121183], [278.6227613215415, 130.77988029521234], [278.85484273162086, 130.33870400575023], [279.0904194712797, 129.89891196282548], [279.32949154051784, 129.46050416643808], [279.57205893933553, 129.02348061658802], [279.81812166773267, 128.58784131327533], [280.06767972570924, 128.1535862565], [280.32073311326525, 127.72071544626203], [280.5772818304007, 127.28922888256139], [280.83732587711563, 126.85912656539811], [281.0991737354779, 126.42952025638323], 