{"harita_boyut": {"genislik": 476, "yukseklik": 239}, "baslangic": [45.41386940670899, 110.25682605793403], "hedef": [342.36146509728627, 117.16200500325846], "engeller": [["daire", 348, 172, 7], ["daire", 411, 66, 5], ["dikdortgen", 88, 116, 10, 11], ["dikdortgen", 86, 3, 6, 5], ["daire", 274, 143, 8], ["daire", 15, 20, 15], ["daire", 36, 67, 13], ["dikdortgen", 412, 212, 18, 13], ["dikdortgen", 177, 2, 19, 13], ["daire", 196, 183, 5], ["daire", 371, 18, 15], ["daire", 92, 95, 13], ["daire", 290, 13, 10], ["dikdortgen", 81, 40, 15, 16], ["dikdortgen", 437, 75, 16, 9], ["dikdortgen", 452, 36, 16, 17], ["dikdortgen", 126, 70, 14, 18], ["daire", 447, 150, 5], ["daire", 67, 207, 8], ["daire", 431, 63, 12], ["daire", 334, 159, 15], ["daire", 289, 37, 10], ["daire", 249, 131, 10], ["dikdortgen", 401, 223, 17, 12], ["daire", 260, 93, 12], ["daire", 466, 25, 10], ["daire", 169, 143, 8], ["dikdortgen", 326, 136, 13, 11], ["daire", 437, 154, 3], ["dikdortgen", 306, 218, 12, 6], ["daire", 37, 210, 3], ["dikdortgen", 127, 28, 20, 9], ["daire", 355, 99, 4], ["dikdortgen", 66, 185, 9, 7], ["daire", 203, 149, 15], ["daire", 385, 184, 9], ["daire", 81, 69, 10], ["daire", 110, 226, 7], ["daire", 12, 183, 9], ["dikdortgen", 68, 77, 5, 7], ["daire", 289, 169, 14], ["dikdortgen", 83, 111, 8, 13], ["daire", 443, 61, 15], ["dikdortgen", 403, 47, 7, 7], ["daire", 375, 196, 14], ["daire", 203, 126, 8], ["dikdortgen", 88, 213, 13, 7], ["daire", 135, 51, 13], ["dikdortgen", 452, 199, 11, 10], ["dikdortgen", 142, 138, 17, 19], ["daire", 92, 165, 3], ["daire", 136, 28, 4], ["dikdortgen", 263, 73, 19, 9], ["daire", 443, 162, 6], ["dikdortgen", 134, 183, 12, 5], ["daire", 286, 86, 6]], "rrt_path": [[45.41386940670899, 110.25682605793403], [53.31589504456376, 109.39738611686174], [67.73176270649417, 109.44845664972098], [76.61618460168827, 125.82639036822451], [76.22648006255724, 131.99886894354503], [95.79345323275895, 134.6748608699163], [113.22998901263081, 139.49910947417035], [130.771603166378, 133.4073648660244], [150.16362093965517, 130.30206252198988], [165.23521100447695, 127.79624708664277], [182.94178721027683, 124.81558833416459], [191.58188747403122, 118.33066666713788], [200.98279690218675, 110.9339285319505], [199.0826611913194, 109.30549798896034], [208.89051285869454, 113.74643036183879], [227.8166996026357, 114.71932510914866], [245.54642240769627, 110.4358092241127], [255.22710141133174, 115.63592563784748], [265.0850138039095, 120.94991871508255], [281.42515538241304, 117.45806839475988], [289.41813840246164, 117.31244723127959], [306.4738875635895, 115.76262654841469], [323.8480343836935, 117.00309004603807], [342.36146509728627, 117.16200500325846]]}