{"harita_boyut": {"genislik": 494, "yukseklik": 461}, "baslangic": [365.24324787835565, 109.2062098581815], "hedef": [208.74890380734837, 129.9517140233483], "engeller": [["daire", 323, 95, 15], ["dikdortgen", 142, 450, 7, 8], ["dikdortgen", 478, 266, 8, 6], ["dikdortgen", 88, 150, 15, 5], ["daire", 21, 288, 13], ["daire", 176, 174, 3], ["dikdortgen", 463, 42, 10, 12], ["daire", 396, 122, 6], ["daire", 397, 408, 11], ["daire", 418, 144, 6], ["daire", 317, 71, 9], ["daire", 30, 17, 4], ["dikdortgen", 397, 363, 9, 5], ["dikdortgen", 316, 401, 18, 5], ["daire", 68, 40, 7], ["daire", 393, 83, 15], ["dikdortgen", 23, 331, 12, 15], ["daire", 97, 422, 12], ["dikdortgen", 240, 341, 11, 12], ["daire", 107, 92, 3], ["dikdortgen", 192, 422, 19, 15], ["daire", 212, 435, 4], ["daire", 423, 156, 12], ["daire", 422, 93, 10], ["dikdortgen", 259, 39, 5, 8], ["daire", 385, 330, 14], ["daire", 282, 397, 4], ["dikdortgen", 11, 82, 20, 11], ["dikdortgen", 260, 184, 9, 7], ["dikdortgen", 65, 279, 9, 5], ["dikdortgen", 174, 103, 10, 20], ["dikdortgen", 16, 82, 8, 16], ["dikdortgen", 56, 417, 19, 9], ["dikdortgen", 316, 102, 9, 12], ["dikdortgen", 110, 114, 18, 17], ["daire", 271, 414, 4], ["dikdortgen", 48, 220, 17, 7], ["daire", 417, 307, 5], ["daire", 183, 411, 8], ["daire", 55, 344, 11], ["dikdortgen", 436, 2, 17, 8], ["daire", 446, 117, 11], ["dikdortgen", 439, 428, 13, 5], ["daire", 275, 238, 3], ["daire", 237, 257, 11], ["dikdortgen", 136, 130, 19, 10], ["dikdortgen", 192, 233, 13, 18], ["daire", 139, 428, 12], ["daire", 181, 297, 12], ["daire", 398, 350, 3], ["dikdortgen", 349, 45, 8, 5], ["daire", 167, 112, 8], ["dikdortgen", 139, 117, 12, 13], ["daire", 374, 58, 4], ["daire", 49, 297, 11], ["dikdortgen", 299, 346, 11, 11], ["dikdortgen", 205, 156, 8, 11], ["daire", 211, 394, 6], ["daire", 455, 372, 8], ["dikdortgen", 459, 207, 17, 7], ["daire", 356, 248, 12], ["dikdortgen", 274, 207, 15, 19], ["daire", 379, 391, 5], ["dikdortgen", 240, 68, 15, 5], ["dikdortgen", 312, 174, 17, 5], ["dikdortgen", 97, 224, 19, 18], ["dikdortgen", 406, 170, 12, 8], ["daire", 414, 111, 3], ["dikdortgen", 218, 83, 11, 19], ["dikdortgen", 476, 243, 11, 8], ["daire", 66, 113, 13], ["daire", 315, 381, 15], ["daire", 256, 81, 9], ["dikdortgen", 133, 55, 5, 18], ["daire", 234, 186, 11], ["dikdortgen", 288, 357, 20, 12], ["dikdortgen", 95, 80, 9, 17], ["dikdortgen", 455, 159, 7, 11], ["daire", 117, 296, 10], ["dikdortgen", 236, 259, 12, 7], ["daire", 360, 380, 3], ["daire", 386, 415, 5], ["dikdortgen", 171, 167, 9, 15], ["dikdortgen", 355, 268, 10, 9], ["daire", 221, 228, 14], ["dikdortgen", 172, 144, 14, 10], ["dikdortgen", 442, 0, 7, 6], ["dikdortgen", 324, 144, 6, 5], ["dikdortgen", 219, 209, 5, 18], ["dikdortgen", 353, 234, 18, 16], ["daire", 283, 29, 7], ["daire", 397, 255, 13], ["daire", 66, 135, 9], ["dikdortgen", 446, 3, 20, 6], ["dikdortgen", 167, 420, 8, 5], ["dikdortgen", 126, 210, 5, 14], ["dikdortgen", 293, 446, 19, 11], ["daire", 319, 187, 6], ["dikdortgen", 338, 425, 11, 18], ["daire", 352, 24, 5], ["daire", 129, 252, 3], ["daire", 410, 370, 9], ["dikdortgen", 414, 332, 12, 5], ["daire", 234, 374, 6], ["daire", 49, 188, 11], ["dikdortgen", 480, 293, 13, 20], ["daire", 56, 405, 10], ["daire", 45, 194, 14], ["daire", 409, 290, 5], ["daire", 67, 183, 5], ["daire", 78, 249, 13], ["dikdortgen", 386, 315, 19, 10], ["daire", 238, 324, 4]], "rrt_path": [[365.24324787835553, 109.20620985818148], [364.9442543666963, 109.60808469543493], [364.64683746456956, 110.0113693262071], [364.350997171975, 110.41606375049795], [364.056733488913, 110.82216796830757], [363.76404641538335, 111.22968197963593], [363.4729359513862, 111.63860578448302], [363.1834020969213, 112.04893938284881], [362.89544485198894, 112.46068277473336], [362.6090642165889, 112.87383596013662], [362.3242601907212, 113.2883989390586], [362.041032774386, 113.70437171149933], [361.7593819675832, 114.12175427745879], [361.47930777031274, 114.54054663693698], [361.20081018257474, 114.9607487899339], [360.92388920436906, 115.38236073644953], [360.6485448356959, 115.80538247648391], [360.3747770765551, 116.22981401003703], [360.10258592694663, 116.65565533710884], [359.8319713868706, 117.08290645769938], [359.5629334563269, 117.51156737180867], [359.2954721353157, 117.9416380794367], [359.0295874238369, 118.37311858058344], [358.7652793218905, 118.80600887524892], [358.5025478294765, 119.24030896343312], [358.23930495784674, 119.67416473063173], [357.96982250413686, 120.10248958620791], [357.6937721436705, 120.52499198091618], [357.4111538764476, 120.94167191475654], [357.1219677024682, 121.352529387729], [356.82621362173256, 121.75756439983358], [356.52389163424044, 122.15677695107026], [356.21500173999186, 122.55016704143904], [355.8995439389869, 122.93773467093993], [355.57751823122544, 123.31947983957292], [355.24892461670754, 123.695402547338], [354.91376309543335, 124.06550279423521], [354.57203366740265, 124.42978058026452], [354.22373633261543, 124.7882359054259], [353.8688710910719, 125.14086876971942], [353.50743794277184, 125.48767917314501], [353.1394368877154, 125.82866711570273], [352.76486792590265, 126.16383259739256], [352.3837310573333, 126.49317561821448], [351.9960262820076, 126.81669617816848], [351.6017535999255, 127.13439427725461], [351.20091301108687, 127.44626991547284], [350.7935045154919, 127.75232309282318], [350.37952811314045, 128.0525538093056], [349.95898380403264, 128.34696206492015], [349.5318715881683, 128.63554785966681], [349.09819146554764, 128.91831119354555], [348.6579658665352, 129.1952166220639], [348.2136374570872, 129.46240424120606], [347.76685681717487, 129.7172658022904], [347.31762394679805, 129.95980130531697], [346.8659388459567, 130.19001075028572], [346.411801514651, 130.40789413719668], [345.9552119528809, 130.6134514660499], [345.4961701606462, 130.80668273684523], [345.03467613794726, 130.98758794958283], [344.5707298847838, 131.15616710426264], [344.1043314011559, 131.31242020088462], [343.63548068706353, 131.4563472394488], [343.1641777425068, 131.58794821995522], [342.6904225674856, 131.70722314240382], [342.214215162, 131.81417200679468], [341.7355555260499, 131.9087948131277], [341.25444365963546, 131.99109156140292], [340.77087956275653, 132.0610622516204], [340.2848632354132, 132.11870688378005], [339.79639467760535, 132.1640254578819], [339.3054738893332, 132.19701797392597], [338.81210087059645, 132.21768443191223], [338.31627562139533, 132.2260248318407], [337.81799814172984, 132.2220391737114], [337.3172684315998, 132.2057274575243], [336.8140864910054, 132.17708968327935], [336.3084523199466, 132.13612585097667], [335.8003659184233, 132.0828359606162], [335.2898272864356, 132.01722001219787], [334.77683642398347, 131.9392780057218], [334.26139333106687, 131.84900994118794], [333.74450274795817, 131.74932826239237], [333.22879377009673, 131.6478539365764], [332.7144039137394, 131.544985582548], [332.2013331788863, 131.44072320030705], [331.68958156553737, 131.33506678985367], [331.1791490736927, 131.2280163511878], [330.67003570335214, 131.11957188430938], [330.1622414545158, 131.00973338921852], [329.6557663271837, 130.89850086591514], [329.1506103213557, 130.78587431439928], [328.64677343703204, 130.67185373467095], [328.14425567421245, 130.55643912673008], [327.6430570328971, 130.43963049057677], [327.1431775130859, 130.32142782621094], [326.64461711477895, 130.20183113363262], [326.14737583797614, 130.0808404128418], [325.6514536826776, 129.95845566383852], [325.1568506488832, 129.83467688662276], [324.663566736593, 129.70950408119447], [324.171601945807, 129.5829372475537], [323.6809562765252, 129.45497638570046], [323.19162972874756, 129.3256214956347], [322.7036223024741, 129.19487257735648], [322.216933997705, 129.06272963086576], [321.7315648144399, 128.92919265616254], [321.2475147526791, 128.79426165324685], [320.7647838124224, 128.65793662211863], [320.28337199366996, 128.52021756277796], [319.8032792964217, 128.3811044752248], [319.3245057206776, 