{"harita_boyut": {"genislik": 497, "yukseklik": 316}, "baslangic": [55.2418685229235, 86.28928840085686], "hedef": [229.88161407570487, 145.98470191163943], "engeller": [["dikdortgen", 381, 184, 18, 20], ["dikdortgen", 123, 51, 12, 8], ["daire", 482, 252, 11], ["daire", 67, 273, 11], ["dikdortgen", 250, 102, 17, 7], ["daire", 62, 124, 12], ["daire", 117, 273, 14], ["dikdortgen", 191, 294, 8, 17], ["daire", 107, 109, 8], ["dikdortgen", 133, 225, 19, 5], ["daire", 392, 210, 14], ["daire", 223, 237, 14], ["dikdortgen", 23, 177, 14, 8], ["daire", 14, 52, 10], ["dikdortgen", 382, 27, 17, 16], ["dikdortgen", 19, 177, 16, 12], ["dikdortgen", 287, 141, 11, 15], ["dikdortgen", 322, 235, 9, 9], ["dikdortgen", 392, 13, 6, 14], ["daire", 275, 191, 12], ["dikdortgen", 183, 232, 7, 14], ["dikdortgen", 283, 233, 8, 14], ["daire", 183, 266, 15], ["dikdortgen", 92, 124, 5, 19], ["dikdortgen", 424, 282, 13, 11], ["daire", 437, 91, 8], ["dikdortgen", 123, 181, 8, 13], ["dikdortgen", 262, 141, 14, 17], ["dikdortgen", 243, 302, 7, 8], ["daire", 255, 25, 10], ["dikdortgen", 209, 72, 16, 10], ["dikdortgen", 438, 117, 16, 17], ["daire", 394, 273, 11], ["dikdortgen", 299, 271, 18, 18], ["daire", 142, 90, 7], ["dikdortgen", 431, 157, 6, 6], ["daire", 262, 55, 3], ["daire", 246, 47, 8], ["dikdortgen", 81, 156, 14, 10], ["dikdortgen", 259, 73, 18, 20], ["dikdortgen", 472, 281, 10, 8], ["dikdortgen", 284, 21, 19, 10], ["dikdortgen", 206, 176, 8, 5], ["daire", 186, 73, 11], ["dikdortgen", 215, 117, 10, 11], ["daire", 417, 20, 10], ["daire", 430, 264, 7], ["daire", 409, 255, 15], ["dikdortgen", 235, 72, 9, 7], ["dikdortgen", 48, 14, 10, 15], ["dikdortgen", 334, 87, 20, 11], ["daire", 172, 290, 12], ["dikdortgen", 428, 243, 11, 18], ["daire", 141, 153, 9], ["dikdortgen", 5, 145, 5, 20], ["dikdortgen", 123, 91, 19, 16], ["dikdortgen", 68, 184, 6, 20], ["daire", 305, 76, 9], ["daire", 437, 243, 9], ["dikdortgen", 78, 95, 20, 9], ["dikdortgen", 418, 75, 13, 20], ["daire", 107, 66, 8], ["dikdortgen", 143, 95, 9, 11], ["dikdortgen", 270, 48, 16, 20], ["dikdortgen", 92, 121, 18, 16], ["daire", 116, 286, 9], ["dikdortgen", 415, 89, 6, 5], ["dikdortgen", 361, 53, 19, 12], ["daire", 433, 45, 15], ["dikdortgen", 380, 47, 14, 11], ["daire", 223, 119, 10], ["daire", 454, 230, 13], ["daire", 90, 152, 8], ["daire", 358, 27, 3], ["dikdortgen", 164, 220, 5, 5], ["daire", 290, 294, 11], ["dikdortgen", 5, 198, 8, 13], ["daire", 472, 137, 4]], "rrt_path": [[55.2418685229235, 86.28928840085686], [69.99322991348254, 86.02546516243939], [77.77720067057433, 84.97598065170997], [97.14183423694494, 80.72529691191689], [101.08963112689422, 80.08116981599026], [118.17161868472822, 79.82285279034984], [135.7962977579014, 77.2550960329716], [143.3236439562258, 76.9582655425099], [161.1034958203511, 82.81285189294239], [176.9877713242253, 91.23059434209893], [173.81933329146833, 93.62056626239155], [175.6865018365601, 111.26485179966323], [179.11166687439075, 121.28454791184313], [195.58053639799152, 132.52773300621283], [205.75770409497747, 135.59078785046447], [223.4498797641015, 141.35338689524335], [229.88161407570487, 145.98470191163943]]}