{"harita_boyut": {"genislik": 232, "yukseklik": 106}, "baslangic": [148.2269672074025, 25.429189956040705], "hedef": [51.487014797885486, 56.37223121613913], "engeller": [["daire", 49, 30, 3], ["daire", 145, 60, 12], ["dikdortgen", 132, 95, 9, 8], ["dikdortgen", 154, 88, 13, 8], ["daire", 13, 86, 6], ["daire", 124, 65, 11], ["daire", 170, 63, 13], ["daire", 45, 22, 12], ["daire", 174, 70, 15], ["daire", 117, 66, 5], ["daire", 26, 29, 12], ["dikdortgen", 185, 6, 7, 7]], "rrt_path": [[148.2269672074025, 25.429189956040705], [147.78899382035164, 25.678862297916954], [147.35141125654323, 25.929075937367216], [146.91421951597727, 26.17983087439149], [146.47741859865377, 26.43112710898979], [146.04100850457263, 26.682964641162084], [145.60498923373413, 26.935343470908414], [145.16936078613793, 27.188263598228744], [144.73412316178425, 27.441725023123098], [144.299276360673, 27.69572774559146], [143.86482038280423, 27.950271765633836], [143.43075522817787, 28.205357083250227], [142.997080896794, 28.460983698440636], [142.56379738865255, 28.717151611205058], [142.1309047037536, 28.973860821543497], [141.69840284209707, 29.23111132945595], [141.26629180368303, 29.48890313494241], [140.8345715885114, 29.74723623800289], [140.40324219658226, 30.006110638637384], [139.97230362789557, 30.265526336845895], [139.54175588245133, 30.525483332628422], [139.11159896024952, 30.785981625984956], [138.68183286129022, 31.047021216915507], [138.25245758557332, 31.30860210542008], [137.8234731330989, 31.570724291498657], [137.39487950386692, 31.83338777515125], [136.9666766978774, 32.09659255637786], [136.53886471513033, 32.360338635178486], [136.11144355562573, 32.624626011553126], [135.6844132193636, 32.88945468550178], [135.2577737063439, 33.15482465702445], [134.83152501656664, 33.42073592612113], [134.40566715003186, 33.68718849279183], [133.98020010673952, 33.95418235703654], [133.55512388668964, 34.22171751885527], [133.1304384898822, 34.489793978248], [132.70614391631722, 34.758411735214764], [132.28224016599472, 35.027570789755536], [131.85872723891464, 35.29727114187032], [131.43560513507703, 35.56751279155912], [131.01274280933973, 35.83821240098709], [130.58964455234573, 36.109054725011646], [130.1662624983146, 36.380009323507785], [129.74259664724636, 36.651076196475536], [129.31864699914095, 36.92225534391486], [128.89441355399842, 37.193546765825786], [128.4698963118188, 37.464950462208314], [128.04509527260197, 37.73646643306243], [127.62001043634802, 38.00809467838814], [127.19464180305692, 38.27983519818543], [126.76898937272873, 38.551687992454326], [126.34305314536336, 38.82365306119481], [125.91683312096089, 39.0957304044069], [125.49032929952125, 39.367920022090566], [125.0635416810445, 39.640221914245835], [124.63647026553059, 39.912636080872694], [124.20911505297956, 40.18516252197115], [123.7814760433914, 40.45780123754119], [123.35355323676609, 40.730552227582834], [122.92534663310363, 41.00341549209607], [122.49685623240404, 41.276391031080905], [122.06808203466733, 41.54947884453732], [121.63902403989346, 41.82267893246532], [121.20968224808249, 42.09599129486493], [120.78005665923433, 42.369415931736135], [120.35014727334908, 42.64295284307894], [119.9210069656074, 42.91768246322978], [119.50073186614173, 43.20191283966433], [119.09101878522264, 43.49738519690037], [118.6918677228502, 43.80409953493792], [118.30327867902439, 44.12205585377695], [117.92525165374525, 44.45125415341751], [117.55778664701268, 44.79169443385954], [117.20088365882677, 45.143376695103086], [116.85454268918751, 45.506300937148126], [116.51876373809485, 45.88046715999467], [116.19354680554882, 46.26587536364271], [115.87889189154946, 46.662525548092255], [115.5747989960967, 47.0704177133433], [115.27451527418495, 47.480408204014566], [114.96288292640257, 47.871972679025795], [114.63933356478222, 48.244341515545095], [114.30386718932385, 48.59751471357247], [113.95648380002756, 48.931492273107935], [113.59718339689326, 49.24627419415146], [113.225965979921, 49.54186047670309], [112.84283154911073, 49.818251120762795], [112.44778010446251, 50.075446126330576], [112.0408116459763, 50.313445493406434], [111.62192617365211, 50.53224922199037], [111.19112368748995, 50.73185731208238], [110.74840418748983, 50.912269763682495], [110.2937676736517, 51.07348657679066], [109.8272141459756, 51.21550775140693], [109.34874360446152, 51.33833328753125], [108.85835604910946, 51.44196318516367], [108.35605147991942, 51.526397444304166], [107.8418298968914, 51.59163606495274], [107.31569130002543, 51.6376790471094], [106.77763568932146, 51.66452639077413], [106.2276630647795, 51.67217809594693], [105.66698800758401, 51.662627406117394], [105.10618145984583, 51.653222244842354], [104.5476960157265, 51.64798755290602], [103.99153167522596, 51.646923330308375], [103.43768843834424, 51.65002957704944], [102.88616630508133, 51.657306293129196], [102.33696527543725, 51.66875347854767], [101.79008534941201, 51.68437113330484], [101.24552652700555, 51.70415925740071], [100.70328880821795, 51.7281178508353], [100.16337219304914, 51.75624691360857], [99.62577668149916, 51.78854644572056], [99.09050227356798, 51.825016447171244], [98.55754896925562, 51.865656917960635], [98.02691676856212, 51.91046785808872], [97.4986056714874, 51.95944926755552], [96.9726156780315, 52.01260114636102], [96.44894678819443, 52.069923494505225], [95.92759900197615, 52.13141631198812], [95.40857231937673, 52.19707959880973], [94.89186674039613, 52.26691335497004], [94.37748226503432, 52.34091758046904], [93.86541889329132, 52.41909227530675], [93.35567662516718, 52.50143743948318], [92.84825546066182, 52.5879530729983], [92.3431553997753, 52.67863917585212], [91.84037644250759, 52.77349574804465], [91.3399185888587, 52.87252278957588], [90.84178183882864, 52.975720300445815], [90.34596619241736, 53.08308828065445], [89.85247164962495, 53.194626730201776], [89.36129821045132, 53.31033564908782], [88.87244587489653, 53.430215037312564], [88.38591464296054, 53.554264894876006], [87.90170451464337, 53.68248522177815], [87.41981548994505, 53.81487601801901], [86.94024756886553, 53.95143728359855], [86.46300075140482, 54.09216901851681], [85.98783332933208, 54.236639542267], [85.51245950869291, 54.380766525136465], [85.03631390089741, 54.52354020741555], [84.55939650594563, 54.664960589104275], [84.08170732383746, 54.80502767020261], [83.603246354573, 54.94374145071056], [83.1240135981522, 55.08110193062813], [82.64400905457512, 55.217109109955345], [82.1632327238417, 55.351762988692165], [81.68168460595194, 55.48506356683859], [81.19936470090587, 55.61701084439467], [80.71627300870347, 55.747604821360355], [80.23240952934474, 55.87684549773566], [79.7477742628297, 56.004732873520595], [79.26236720915833, 56.13126694871514], [78.77618836833065, 56.25644772331932], [78.2892377403466, 56.3802751973331], [77.80151532520628, 56.50274937075651], [77.31302112290963, 56.62387024358955], [76.82375513345666, 56.743637815832216], [76.33371735684733, 56.86205208748448], [75.8429077930817, 56.97911305854638], [75.35132644215975, 57.09482072901791], [74.85897330408147, 57.20917509889905], [74.36584837884688, 57.32217616818981], [73.87195166645594, 57.43382393689019], [73.37728316690868, 57.54411840500019], [72.88184288020514, 57.65305957251983], [72.38563080634523, 57.760647439449066], [71.88864694532901, 57.86688200578796], [71.39115229474702, 57.9698503098579], [70.8936411567715, 58.065929402071106], [70.39612528549102, 58.15503313174298], [69.89860468090563, 58.237161498873505], [69.4010793430153, 58.31231450346269], [68.90354927182008, 58.38049214551054], [68.40601446731993, 58.44169442501704], [67.90847492951485, 58.4959213419822], [67.41093065840484, 58.54317289640602], [66.91338165398992, 58.58344908828849], [66.41582791627008, 58.61674991762962], [65.91826944524531, 58.6430753844294], [65.4207062409156, 58.66242548868785], [64.923138303281, 58.67480023040496], [64.42556563234146, 58.68019960958071], [63.92798822809699, 