{"harita_boyut": {"genislik": 353, "yukseklik": 229}, "baslangic": [134.56354407529068, 101.03481788602164], "hedef": [297.390607390405, 52.376410643745444], "engeller": [["dikdortgen", 117, 174, 16, 12], ["daire", 136, 200, 6], ["daire", 162, 118, 4], ["daire", 287, 93, 12], ["dikdortgen", 222, 185, 15, 14], ["dikdortgen", 252, 48, 6, 20], ["daire", 133, 36, 7], ["dikdortgen", 83, 85, 8, 11], ["daire", 266, 200, 13], ["dikdortgen", 344, 212, 8, 15], ["dikdortgen", 150, 44, 19, 20], ["daire", 157, 68, 5], ["daire", 123, 174, 15], ["daire", 201, 200, 14], ["dikdortgen", 330, 103, 8, 15], ["dikdortgen", 249, 5, 17, 5], ["dikdortgen", 175, 56, 17, 6], ["dikdortgen", 206, 209, 13, 18], ["dikdortgen", 140, 71, 9, 15], ["daire", 322, 51, 13], ["dikdortgen", 22, 58, 14, 11], ["daire", 140, 135, 15], ["daire", 107, 192, 3], ["dikdortgen", 136, 72, 11, 9], ["daire", 290, 137, 11], ["daire", 329, 67, 12], ["daire", 221, 125, 7], ["dikdortgen", 285, 214, 7, 6], ["daire", 295, 142, 14], ["dikdortgen", 150, 94, 12, 19], ["dikdortgen", 274, 163, 9, 20], ["dikdortgen", 300, 147, 7, 14], ["dikdortgen", 163, 172, 18, 20], ["daire", 69, 138, 8], ["daire", 288, 120, 5], ["dikdortgen", 259, 112, 13, 8], ["dikdortgen", 257, 76, 20, 15], ["dikdortgen", 154, 125, 20, 20], ["daire", 37, 93, 15], ["dikdortgen", 296, 176, 10, 12]], "rrt_path": [[134.56354407529068, 101.03481788602164], [128.64921515676144, 95.95772080055525], [115.07921517400135, 83.26832598529792], [103.29741258030157, 71.7419841950793], [90.80017103480347, 59.62535793494165], [83.21751441515515, 42.05024189513728], [88.4901516960702, 33.21816817717627], [90.31887914217859, 33.068470264607164], [105.55812102118365, 30.822163068410905], [122.31861616024447, 26.025223262950387], [132.7871828984877, 23.276963394218743], [151.3983577254902, 25.856291413197713], [168.81309251970526, 35.64276613127475], [182.1262289636295, 40.16186419808976], [192.94522575170535, 45.78939419174358], [211.2426870119956, 44.46396279326311], [229.43459494791773, 42.57295675228582], [244.37622994735975, 40.33284689193279], [263.51668865745467, 39.749268017260654], [281.5016628080438, 46.41487425146275], [297.390607390405, 52.376410643745444]]}