{"harita_boyut": {"genislik": 125, "yukseklik": 206}, "baslangic": [50.617137710533555, 45.089065339861165], "hedef": [18.405239425648524, 140.69059746275576], "engeller": [["dikdortgen", 12, 124, 14, 8], ["dikdortgen", 68, 113, 5, 10], ["daire", 108, 20, 15], ["dikdortgen", 80, 155, 13, 16], ["daire", 49, 169, 13], ["dikdortgen", 26, 156, 5, 8], ["daire", 86, 46, 7], ["daire", 75, 163, 14], ["dikdortgen", 28, 51, 11, 8], ["dikdortgen", 18, 42, 14, 17], ["dikdortgen", 31, 171, 17, 15], ["dikdortgen", 67, 188, 7, 18]], "rrt_path": [[50.61713771053356, 45.08906533986117], [50.766375437968385, 45.59011700648824], [50.909754168568526, 46.090997194241126], [51.04727390233402, 46.59170590311982], [51.17893463926482, 47.09224313312433], [51.30473637936098, 47.59260888425466], [51.42467912262246, 48.0928031565108], [51.53876286904927, 48.592825949892756], [51.64698761864142, 49.09267726440053], [51.74935337139891, 49.59235710003413], [51.845860127321714, 50.09186545679353], [51.93650788640986, 50.59120233467875], [52.02129664866335, 51.09036773368979], [52.100226414082165, 51.589361653826636], [52.17329718266632, 52.088184095089304], [52.2405089544158, 52.58683505747779], [52.301861729330625, 53.08531454099209], [52.35735550741078, 53.58362254563221], [52.406990288656274, 54.08175907139815], [52.45076607306709, 54.5797241182899], [52.48868286064322, 55.077517686307445], [52.52074065138473, 55.575139775450836], [52.54693944529154, 56.07259038572003], [52.567279242363696, 56.56986951711504], [52.58176004260119, 57.06697716963586], [52.59038184600401, 57.56391334328251], [52.59314465257217, 58.06067803805497], [52.59004846230567, 58.557271253953246], [52.581093275204495, 59.05369299097733], [52.56627909126864, 59.54994324912723], [52.545605910498125, 60.04602202840296], [52.51907373289295, 60.54192932880449], [52.48668255845311, 61.03766515033185], [52.44843238717861, 61.533229492985015], [52.404323219069425, 62.028622356764], [52.35435505412559, 62.5238437416688], [52.29852789234708, 63.018893647699414], [52.236841733733904, 63.51377207485584], [52.16929657828608, 64.0084790231381], [52.09589242600357, 64.50301449254616], [52.01662927688639, 64.99737848308003], [51.93150713093456, 65.49157099473973], [51.840525988148045, 65.98559202752523], [51.743685848526866, 66.47944158143655], [51.640986712071026, 66.97311965647368], [51.53242857878053, 67.46662625263664], [51.41801144865536, 67.95996136992542], [51.29773532169553, 68.45312500834001], [51.17160019790103, 68.9461171678804], [51.039606077271856, 69.43893784854663], [50.904881398095, 69.93176325781515], [50.77513855489398, 70.42502779184534], [50.6507345052741, 70.91875155606778], [50.531669249235335, 71.41293455048248], [50.41794278677772, 71.90757677508944], [50.309555117901226, 72.40267822988865], [50.206506242605855, 72.8982389148801], [50.10879616089163, 73.39425883006383], [50.016424872758535, 73.8907379754398], [49.929392378206565, 74.38767635100805], [49.847698677235734, 74.88507395676854], [49.77134376984603, 75.38293079272128], [49.70032765603745, 75.88124685886626], [49.63465033581001, 76.38002215520353], [49.57431180916371, 76.87925668173305], [49.51931207609854, 77.37895043845481], [49.46965113661449, 77.87910342536884], [49.425328990711584, 78.37971564247512], [49.386345638389805, 78.88078708977366], [49.352701079649144, 79.38231776726445], [49.32439531448963, 79.88430767494748], [49.301428342911244, 80.3867568128228], [49.28380016491399, 80.88966518089036], [49.27151078049787, 81.39303277915019], [49.26456018966288, 81.89685960760225], [49.262948392409015, 82.40114566624658], [49.266675388736296, 82.90589095508318], [49.275741178644694, 83.41109547411202], [49.29014576213423, 83.9167592233331], [49.309889139204905, 84.42288220274646], [49.3349713098567, 84.92946441235208], [49.36539227408964, 85.43650585214993], [49.40115203190369, 85.94400652214003], [49.44225058329889, 86.45196642232243], [49.488687928275226, 86.96038555269706], [49.540464066832676, 87.46926391326394], [49.597578998971265, 87.97860150402309], [49.6571042092383, 88.48761658084392], [49.71529890233389, 88.99531056788952], [49.7721494649559, 89.50167983119604], [49.82765589710435, 90.00672437076352], [49.881818198779214, 90.51044418659197], [49.93463636998052, 91.01283927868138], [49.98611041070824, 91.51390964703175], [50.0362403209624, 92.01365529164308], [50.08502610074298, 92.51207621251535], [50.13246775005, 93.00917240964858], [50.178565268883425, 93.5049438830428], [50.2233186572433, 93.99939063269795], [50.266727915129586, 94.49251265861406], [50.308793042542305, 94.98430996079114], [50.349514039481456, 95.47478253922918], [50.38889090594703, 95.96393039392815], [50.426923641939034, 96.4517535248881], [50.463612247457476, 96.93825193210904], [50.498956722502335, 97.4234256155909], [50.53295706707362, 97.90727457533373], [50.56561328117134, 98.3897988113375], [50.596925364795474, 98.87099832360225], [50.626893317946056, 99.35087311212797], [50.655517140623054, 99.82942317691462], [50.68279683282648, 100.30664851796224], [50.70873239455634, 100.78254913527084], [50.733323825812626, 101.25712502884038], [50.75657112659533, 101.73037619867088], [50.77847429690448, 102.20230264476234], [50.79903333674005, 102.67290436711477], [50.81824824610203, 103.1421813657281], [50.83611902499046, 103.61013364060247], [50.853771991455886, 104.07855413089536], [50.87557157428703, 104.5543903904279], [50.90195354618189, 105.03833610774893], [50.932917907140485, 105.53039128285846], [50.968464657162784, 106.03055591575645], [51.00859379624879, 106.53883000644294], [51.053305324398515, 107.05521355491788], [51.10259924161197, 107.57970656118135], [51.15647554788913, 108.11230902523329], [51.214934243230005, 108.65302094707371], [51.27797532763461, 109.20184232670263], [51.34559880110292, 109.75877316412], [51.41780466363495, 110.32381345932589], [51.49459291523068, 110.89696321232022], [51.57596355589016, 111.47822242310308], [51.661916585613326, 112.06759109167442], [51.752452004400226, 112.66506921803422], [51.84756981225084, 113.2706568021825], [51.947270009165166, 113.88435384411929], [52.051552595143214, 114.50616034384456], [52.160417570184975, 115.13607630135832], [52.273864934290444, 115.77410171666052], [52.391894687459654, 116.42023658975128], [52.51450682969256, 117.07448092063046], [52.64170136098919, 117.73683470929817], [52.773478281349526, 118.40729795575433], [52.90983759077358, 119.08587065999897], [53.05077928926137, 119.77255282203214], [53.19630337681285, 120.46734444185375], [53.35013180847086, 121.1531638273649], [53.522580098993885, 121.78266853489826], [53.71425093221125, 122.35309258273529], [53.92514430812297, 122.86443597087593], [54.15526022672901, 123.31669869932018], [54.404598688029395, 123.70988076806803], [54.67315969202413, 124.04398217711953], [54.96094323871321, 124.31900292647468], [55.267949328096634, 124.53494301613344], [55.594177960174385, 124.69180244609582], [55.9396291349465, 124.78958121636185], [56.304302852412945, 124.82827932693147], [56.68819911257374, 124.80789677780477], [57.091317915428874, 124.72843356898166], [57.51365926097834, 124.58988970046218], [57.955223149222164, 124.39226517224634], [58.41600958016032, 124.13555998433412], [58.894859880739105, 123.82198497092918], [59.353074806157366, 123.52538116405294], [59.7718064722317, 123.28171172594983], [60.15105487896212, 123.09097665661987], [60.4908200263486, 122.95317595606303], [60.79110191439117, 122.86830962427935], [61.05190054308982, 122.8363776612688], [61.27321591244455, 122.85738006703137], [61.455048022455365, 122.93131684156711], [61.59739687312226, 123.05818798487594], [61.70026246444522, 123.23799349695794], [61.76364479642427, 123.47073337781309], [61.7875438690594, 123.75640762744133], [61.77195968235061, 124.09501624584277], [61.7168922362979, 124.4865592330173], [61.62234153090126, 124.93103658896496], [61.488307566160714, 125.42844831368579], [61.314790342076236, 125.97879440717975], [61.101789858647855, 