{"harita_boyut": {"genislik": 491, "yukseklik": 413}, "baslangic": [335.2385454228432, 115.18032846157212], "hedef": [234.79422647407537, 374.96375653733736], "engeller": [["daire", 197, 163, 3], ["daire", 410, 179, 7], ["daire", 164, 242, 6], ["dikdortgen", 262, 298, 17, 12], ["daire", 424, 316, 3], ["dikdortgen", 336, 69, 13, 14], ["dikdortgen", 28, 215, 7, 6], ["daire", 310, 96, 9], ["daire", 405, 245, 5], ["daire", 314, 311, 15], ["daire", 187, 153, 14], ["daire", 127, 196, 3], ["dikdortgen", 450, 190, 11, 12], ["daire", 202, 66, 12], ["daire", 22, 110, 11], ["dikdortgen", 471, 365, 16, 16], ["daire", 236, 204, 13], ["daire", 274, 120, 5], ["dikdortgen", 219, 191, 20, 7], ["dikdortgen", 49, 41, 9, 11], ["daire", 420, 25, 10], ["dikdortgen", 227, 389, 20, 18], ["dikdortgen", 191, 63, 7, 8], ["dikdortgen", 104, 190, 5, 5], ["dikdortgen", 75, 290, 11, 16], ["dikdortgen", 169, 203, 19, 15], ["daire", 444, 298, 6], ["daire", 188, 155, 12], ["dikdortgen", 462, 6, 12, 17], ["daire", 223, 192, 9], ["daire", 371, 284, 10], ["dikdortgen", 200, 120, 19, 6], ["dikdortgen", 455, 267, 13, 19], ["dikdortgen", 201, 146, 8, 10], ["dikdortgen", 98, 58, 7, 7], ["dikdortgen", 8, 119, 14, 5], ["daire", 368, 389, 10], ["dikdortgen", 392, 333, 11, 20], ["daire", 403, 386, 9], ["daire", 269, 389, 4], ["dikdortgen", 200, 237, 5, 9], ["daire", 390, 97, 5], ["dikdortgen", 246, 33, 11, 16], ["dikdortgen", 253, 203, 5, 8], ["daire", 479, 247, 7], ["dikdortgen", 47, 293, 14, 17], ["daire", 51, 373, 8], ["dikdortgen", 247, 254, 6, 14], ["daire", 270, 239, 8], ["daire", 37, 59, 11], ["dikdortgen", 123, 124, 17, 7], ["daire", 201, 387, 5], ["daire", 119, 298, 10], ["dikdortgen", 133, 261, 6, 13], ["daire", 253, 315, 10], ["dikdortgen", 74, 220, 14, 5], ["daire", 420, 316, 14], ["dikdortgen", 334, 162, 6, 12], ["daire", 103, 334, 7], ["dikdortgen", 403, 27, 16, 7], ["daire", 262, 148, 13], ["daire", 273, 282, 5], ["dikdortgen", 24, 150, 12, 16], ["daire", 178, 183, 4], ["dikdortgen", 367, 83, 18, 8], ["daire", 152, 247, 7], ["daire", 408, 237, 3], ["dikdortgen", 81, 393, 7, 7], ["daire", 41, 76, 5], ["daire", 428, 173, 9], ["dikdortgen", 204, 141, 10, 9], ["dikdortgen", 241, 348, 16, 10], ["dikdortgen", 205, 86, 11, 6], ["daire", 115, 262, 15], ["daire", 158, 317, 4], ["dikdortgen", 410, 193, 14, 9], ["daire", 483, 264, 7], ["dikdortgen", 11, 388, 16, 19], ["daire", 238, 91, 7], ["daire", 196, 235, 14], ["daire", 326, 402, 8], ["daire", 139, 76, 5], ["daire", 461, 120, 7], ["daire", 207, 71, 10], ["daire", 39, 24, 6], ["daire", 449, 113, 9], ["dikdortgen", 388, 287, 11, 18], ["daire", 94, 49, 12], ["dikdortgen", 360, 361, 13, 5], ["daire", 368, 242, 7], ["daire", 444, 218, 10], ["daire", 158, 232, 11], ["dikdortgen", 422, 37, 5, 17], ["daire", 195, 367, 14], ["daire", 241, 248, 14], ["daire", 43, 174, 15], ["dikdortgen", 5, 182, 12, 11], ["daire", 442, 224, 5], ["daire", 185, 375, 8], ["daire", 26, 110, 5], ["dikdortgen", 65, 82, 13, 10]], "rrt_path": [[335.2385454228432, 115.18032846157212], [332.5962587471757, 118.18338042975218], [315.7522424917089, 121.59356376844698], [299.0695515498307, 127.63285761700547], [291.49526012195656, 129.57748981270194], [272.70285059617044, 131.70370477269924], [265.10385593794126, 129.20872163886352], [247.4109009180166, 131.4164053805903], [236.1283804649982, 133.42150816107406], [232.9112119994244, 135.60175278981828], [232.62973006492166, 151.08404241581357], [225.7776950755882, 162.68132671740622], [215.586108478274, 167.8979957469662], [199.24312514897383, 177.50574202106262], [197.39828593429368, 194.47410895970722], [203.36681129734188, 203.85384071496384], [209.0337634024276, 212.93562371346783], [214.8541677102392, 224.8996640061255], [217.18181507845347, 236.2981638251318], [214.9894824941078, 252.02968784388315], [214.06611174430063, 268.0643116243474], [213.35212359141843, 280.30434116817804], [213.42818796681593, 299.2726707677147], [218.1379399118213, 317.99348667358345], [222.01460591734997, 334.22694683389204], [226.52059557572588, 351.01868026269847], [231.97915749419013, 368.5911195684633], [234.79422647407537, 374.96375653733736]]}