{"harita_boyut": {"genislik": 224, "yukseklik": 141}, "baslangic": [166.75929267245473, 72.36855715915931], "hedef": [46.085220861657056, 16.80006774232989], "engeller": [["daire", 85, 94, 6], ["daire", 192, 39, 14], ["daire", 159, 56, 3], ["dikdortgen", 175, 78, 8, 7], ["dikdortgen", 201, 65, 20, 11], ["dikdortgen", 2, 40, 18, 5], ["dikdortgen", 128, 25, 5, 11], ["daire", 175, 36, 3], ["dikdortgen", 75, 106, 14, 15], ["daire", 13, 30, 8], ["dikdortgen", 209, 109, 10, 18], ["daire", 72, 128, 12], ["daire", 39, 104, 7], ["daire", 197, 128, 4], ["dikdortgen", 182, 117, 13, 14]], "rrt_path": [[166.75929267245476, 72.36855715915931], [166.23600403886738, 72.24613582054153], [165.71604359080965, 72.11984383620491], [165.19941132828166, 71.98968120614948], [164.68610725128335, 71.85564793037523], [164.17613135981472, 71.71774400888214], [163.66948365387574, 71.57596944167021], [163.16616413346645, 71.43032422873947], [162.6661727985869, 71.28080837008993], [162.16950964923703, 71.12742186572154], [161.6761746854168, 70.97016471563433], [161.1861679071263, 70.80903691982829], [160.69948931436545, 70.6440384783034], [160.21613890713434, 70.47516939105972], [159.7361166854329, 70.30242965809721], [159.25942264926113, 70.12581927941586], [158.78605679861903, 69.94533825501571], [158.31601913350664, 69.76098658489671], [157.84930965392397, 69.5727642690589], [157.38592835987092, 69.38067130750224], [156.9258752513476, 69.18470770022677], [156.46915032835398, 68.98487344723247], [156.01575359088997, 68.78116854851935], [155.5656850389557, 68.5735930040874], [155.11894467255112, 68.36214681393662], [154.67553249167622, 68.14682997806703], [154.23544849633103, 67.9276424964786], [153.7986926865155, 67.70458436917134], [153.36526506222967, 67.47765559614527], [152.93516562347352, 67.24685617740036], [152.50839437024706, 67.01218611293663], [152.0849513025503, 66.77364540275408], [151.6648364203832, 66.5312340468527], [151.24804972374582, 66.2849520452325], [150.83459121263812, 66.03479939789348], [150.4244608870601, 65.78077610483561], [150.01765874701175, 65.52288216605893], [149.6141847924931, 65.26111758156343], [149.21403902350414, 64.9954823513491], [148.81722144004482, 64.72597647541592], [148.42373204211526, 64.45259995376395], [148.03357082971536, 64.17535278639312], [147.64673780284517, 63.8942349733035], [147.26323296150463, 63.60924651449504], [146.8830563056938, 63.320387409967736], [146.50620783541262, 63.027657659721626], [146.13268755066116, 62.731057263756696], [145.7624954514394, 62.430586222072925], [145.3956315377473, 62.126244534670334], [145.0320958095849, 61.81803220154892], [144.67188826695218, 61.50594922270868], [144.31500890984915, 61.18999559814961], [143.9614577382758, 60.870171327871724], [143.61123475223215, 60.546476411875], [143.2643399517182, 60.21891085015946], [142.92056014233785, 59.887221142200865], [142.5773587895727, 59.54839120107589], [142.23399851570608, 59.20154424183528], [141.8904793207379, 58.846680264479005], [141.5468012046682, 58.4837992690071], [141.20296416749702, 58.112901255419544], [140.8589682092243, 57.73398622371633], [140.51481332985003, 57.34705417389746], [140.17049952937427, 56.952105105962964], [139.82602680779698, 56.54913901991281], [139.48139516511822, 56.13815591574701], [139.13660460133787, 55.71915579346555], [138.791655116456, 55.29213865306846], [138.44654671047266, 54.85710449455571], [138.10127938338778, 54.414053317927326], [137.7558531352014, 53.96298512318329], [137.41026796591348, 53.50389991032359], [137.06452387552403, 53.03679767934826], [136.71862086403308, 52.561678430257274], [136.3725589314406, 52.078542163050656], [136.02633807774663, 51.58738887772837], [135.67995830295106, 51.08821857429044], [135.33341960705403, 50.581031252736864], [134.98738267858505, 50.13442040767389], [134.6426053246734, 49.827062506012176], [134.2990884215446, 49.659048518563154], [133.95683196919865, 49.63037844532682], [133.6158359676356, 49.74105228630318], [133.2761004168554, 49.991070041492236], [132.93762531685806, 50.380431710893994], [132.59848256786577, 50.87986610167657], [132.24962494588303, 51.352023974337065], [131.88989886529174, 51.7793923207496], [131.51930432609186, 52.161971140914154], [131.13784132828334, 52.49976043483076], [130.74550987186635, 52.792760202499416], [130.34230995684072, 53.04097044392011], [129.92824158320656, 53.24439115909285], [129.5033047509638, 53.403022348017615], [129.06749946011246, 53.516864010694434], [128.62082571065253, 53.585916147123285], [128.16328350258402, 53.61017875730418], [127.69487283590692, 53.58965184123709], [127.2155937106213, 53.52433539892209], [126.72544612672705, 53.41422943035909], [126.22443008422425, 53.259333935548156], [125.71254558311287, 53.05964891448925], [125.18979262339289, 52.81517436718238], [124.65623143601056, 52.52617530208294], [124.11913215458391, 52.22463937675229], [123.58350691646525, 51.93261935413748], [123.04935572165462, 51.65011523423848], [122.51667857015192, 51.3771270170553], [121.98547546195726, 51.113654702587965], [121.45574639707053, 50.85969829083643], [120.92749137549181, 50.615257781800715], [120.40071039722108, 50.38033317548084], [119.87540346225835, 50.15492447187678], [119.3515705706036, 49.939031670988555], [118.82921172225682, 49.73265477281615], [118.30832691721804, 49.53579377735955], [117.78891615548723, 49.348448684618795], [117.27097943706443, 49.170619494593836], [116.75451676194959, 49.002306207284725], [116.23952813014274, 48.84350882269143], [115.72601354164388, 48.69422734081395], [115.21397299645304, 48.554461761652306], [114.70340649457013, 48.424212085206484], [114.19431403599522, 48.30347831147647], [113.68669562072832, 48.1922604404623], [113.18055124876936, 48.090558472163934], [112.67588092011844, 47.998372406581396], [112.17268463477546, 47.915702243714684], [111.6709623927405, 47.84254798356379], [111.17071419401353, 47.77890962612873], [110.67194003859453, 47.724787171409496], [110.17463992648351, 47.68018061940606], [109.67881385768047, 47.64508997011846], [109.18446183218543, 47.619515223546685], [108.69158384999838, 47.60345637969074], [108.2001799111193, 47.596913438550615], [107.70994753456065, 47.59852388587874], [107.21911382832151, 47.600301796244906], [106.72739020058376, 47.600947218643576], [106.23477665134735, 47.60046015307476], [105.74127318061231, 47.59884059953847], [105.24687978837866, 47.59608855803469], [104.75159647464638, 47.59220402856342], [104.25542323941546, 47.58718701112467], [103.75836008268594, 47.581037505718434], [103.26040700445778, 47.57375551234472], [102.76156400473099, 47.56534103100351], [102.26183108350557, 47.55579406169482], [101.7612082407815, 47.54511460441864], [101.25969547655882, 47.53330265917498], [100.75729279083755, 47.52035822596384], [100.2540001836176, 47.50628130478521], [99.74981765489903, 47.49107189563908], [99.24474520468188, 47.47472999852548], [98.73878283296607, 47.457255613444396], [98.23193053975162, 47.438648740395834], [97.72418832503857, 47.41890937937978], [97.21555618882687, 47.39803753039624], [96.70603413111655, 47.37603319344522], [96.19562215190761, 47.3528963685267], [95.68432025120005, 47.328627055640695], [95.17212842899382, 47.303225254787215], [94.659046685289, 47.27669096596625], [94.14507502008554, 47.2490241891778], [93.63021343338346, 47.22022492442187], [93.11446192518274, 47.19029317169844], [92.59782049548342, 47.15922893100753], [92.08028914428544, 47.12703220234914], [91.56186787158886, 47.09370298572327], [91.04255667739363, 47.059241281129914], [90.52235556169981, 47.02364708856908], [90.00126452450732, 46.98692040804073], [89.4792835658162, 46.94906123954492], [88.95691975520816, 46.90933276415996], [88.43826445995059, 46.86178984747579], [87.92421053726277, 46.80513508551228], [87.41475798714468, 46.73936847826944], [86.90990680959628, 46.66449002574724], [86.40965700461764, 46.580499727945714], [85.91400857220869, 46.487397584864844], [85.42296151236947, 46.385183596504646], 