{"harita_boyut": {"genislik": 391, "yukseklik": 204}, "baslangic": [39.608136290763916, 192.01032331148477], "hedef": [187.61735369245534, 50.33774384400139], "engeller": [["dikdortgen", 130, 181, 6, 13], ["daire", 215, 172, 13], ["dikdortgen", 85, 0, 15, 12], ["daire", 46, 93, 11], ["daire", 375, 129, 15], ["daire", 371, 184, 10], ["daire", 303, 112, 11], ["dikdortgen", 288, 81, 18, 12], ["dikdortgen", 46, 120, 12, 8], ["dikdortgen", 170, 85, 8, 13], ["daire", 102, 54, 9], ["dikdortgen", 330, 63, 6, 5], ["dikdortgen", 235, 41, 11, 9], ["daire", 90, 102, 9], ["dikdortgen", 262, 81, 15, 7], ["dikdortgen", 82, 121, 12, 7], ["daire", 84, 123, 11], ["dikdortgen", 250, 152, 8, 17], ["dikdortgen", 17, 52, 6, 11], ["dikdortgen", 202, 113, 10, 20], ["daire", 259, 37, 4], ["daire", 327, 167, 5], ["dikdortgen", 321, 146, 12, 17], ["dikdortgen", 230, 58, 10, 11], ["daire", 132, 23, 5], ["daire", 48, 170, 8], ["daire", 372, 130, 6], ["daire", 283, 105, 6], ["daire", 361, 90, 10], ["daire", 349, 79, 6], ["daire", 88, 169, 11], ["dikdortgen", 305, 129, 15, 6], ["dikdortgen", 379, 67, 10, 9], ["dikdortgen", 228, 4, 15, 17], ["daire", 259, 25, 10], ["daire", 254, 157, 10], ["dikdortgen", 241, 7, 8, 14], ["daire", 181, 135, 6], ["daire", 362, 167, 5]], "rrt_path": [[39.608136290763916, 192.01032331148474], [40.037698937924674, 191.76153056162755], [40.4702555177002, 191.51669635749042], [40.90580603009047, 191.27582069907322], [41.344350475095496, 191.03890358637597], [41.785888852715274, 190.8059450193987], [42.23042116294981, 190.5769449981415], [42.6779474057991, 190.35190352260423], [43.128467581263145, 190.13082059278696], [43.58198168934194, 189.91369620868966], [44.03848973003549, 189.70053037031235], [44.49799170334379, 189.49132307765498], [44.960487609266856, 189.28607433071767], [45.42597744780466, 189.0847841295003], [45.894461218957225, 188.88745247400288], [46.365938922724546, 188.69407936422544], [46.840410559106616, 188.50466480016803], [47.31787612810345, 188.3192087818306], [47.798335629715034, 188.13771130921316], [48.28178906394137, 187.96017238231568], [48.76823643078245, 187.78659200113816], [49.25767773023829, 187.6169701656807], [49.75011296230889, 187.45130687594315], [50.24554212699425, 187.28960213192562], [50.74396522429435, 187.13185593362803], [51.245382254209204, 186.97806828105044], [51.74979321673882, 186.82823917419287], [52.257198111883184, 186.68236861305525], [52.7675969396423, 186.54045659763761], [53.28098970001618, 186.40250312793995], [53.79737639300481, 186.2685082039623], [54.3167514905693, 186.1384657805871], [54.83185493018957, 186.00443670757926], [55.33619020575813, 185.85931681223408], [55.829757317274954, 185.70310609455154], [56.31255626474008, 185.53580455453164], [56.78458704815349, 185.35741219217437], [57.24584966751518, 185.16792900747978], [57.69634412282513, 184.96735500044772], [58.13607041408338, 184.75569017107833], [58.56502854128991, 184.53293451937157], [58.9832185044447, 184.29908804532744], [59.390640303547805, 184.05415074894594], [59.78729393859917, 183.79812263022708], [60.173179409598816, 183.5310036891708], [60.548296716546744, 183.2527939257772], [60.912645859442954, 182.96349334004626], [61.26622683828745, 182.66310193197788], [61.60903965308023, 182.3516197015722], [61.94108430382128, 182.02904664882908], [62.26236079051063, 181.69538277374866], [62.57286911314824, 181.35062807633082], [62.87260927173414, 180.9947825565756], [63.16158126626833, 180.62784621448304], [63.43978509675078, 180.2498190500531], [63.70722076318153, 179.8607010632858], [63.963888265560556, 179.4604922541811], [64.20978760388786, 179.04919262273907], [64.44491877816345, 178.62680216895964], [64.66928178838732, 178.19332089284288], [64.88287663455947, 177.7487487943887], [65.08570331667991, 177.2930858735972], [65.27776183474862, 176.8263321304683], [65.45905218876561, 176.34848756500202], [65.62957437873088, 175.8595521771984], [65.78932840464444, 175.35952596705738], [65.93831426650627, 174.84840893457903], [66.07659681160906, 174.32626343069583], [66.21282361001879, 173.80140412878444], [66.35306726992748, 173.27966986602985], [66.4973277913351, 172.76106064243206], [66.64560517424167, 172.245576457991], [66.79789941864719, 171.73321731270676], [66.95421052455168, 171.2239832065793], [67.11453849195512, 170.71787413960863], [67.2788833208575, 170.21489011179474], [67.44724501125884, 169.71503112313763], [67.61962356315914, 169.2182971736373], [67.79601897655837, 168.72468826329373], [67.97643125145657, 168.234204392107], [68.16086038785372, 167.746845560077], [68.34930638574981, 167.2626117672038], [68.54176924514486, 166.7815030134874], [68.73824896603888, 166.3035192989278], [68.93874554843183, 165.8286606235249], [69.14325899232374, 165.35692698727885], [69.35178929771459, 164.88831839018957], [69.56433646460441, 164.42283483225708], [69.78090049299317, 163.96047631348134], [70.0014813828809, 163.50124283386242], [70.22607913426755, 163.04513439340028], [70.45469374715319, 162.59215099209493], [70.68732522153776, 162.14229262994635], [70.92397355742128, 161.69555930695455], [71.16463875480375, 161.25195102311952], [71.40932081368518, 160.81146777844128], [71.65801973406556, 160.37410957291985], [71.91073551594489, 159.9398764065552], [72.16746815932316, 159.5087682793473], [72.42821766420042, 159.08078519129623], [72.69294679757947, 158.65583784467267], [72.9615117569436, 158.23358135082435], [73.23389824901545, 157.81398142948078], [73.51010627379506, 157.39703808064206], [73.79013583128238, 156.9827513043081], [74.07398692147744, 156.57112110047896], [74.36165954438022, 156.1621474691546], [74.65315369999072, 155.755830410335], [74.94846938830898, 155.35216992402022], [75.24760660933498, 154.95116601021027], [75.55056536306867, 154.55281866890508], [75.8573456495101, 154.15712790010465], [76.16794746865928, 153.7640937038091], [76.48237082051615, 153.37371608001823], [76.80061570508077, 152.9859950287322], [77.12268212235313, 152.60093054995096], [77.44857007233321, 152.21852264367453], [77.77827955502103, 151.8387713099029], [78.11181057041657, 151.46167654863604], [78.44916311851983, 151.087238359874], [78.79033719933085, 150.71545674361673], [79.13533281284958, 150.3463316998642], [79.48414995907603, 149.97986322861652], [79.83678863801023, 149.61605132987364], [80.19324884965215, 149.25489600363554], [80.5531131199901, 148.89630669708748], [80.91338943830705, 148.5396344237428], [81.27348804582378, 148.1847512611057], [81.6334089425403, 147.8316572091763], [81.9931521284566, 147.4803522679545], [82.35271760357267, 147.13083643744034], [82.71210536788853, 146.78310971763378], [83.07131542140418, 146.43717210853487], [83.4303477641196, 146.09302361014358], [83.78920239603478, 145.75066422245993], [84.14787931714976, 145.41009394548394], [84.50637852746453, 145.07131277921553], [84.86470002697908, 144.73432072365478], [85.22284381569341, 144.39911777880167], [85.58080989360751, 144.06570394465615], [85.93859826072139, 143.7340792212183], [86.29620891703507, 143.40424360848812], [86.65364186254854, 143.0761971064655], [87.01089709726179, 142.74993971515053], [87.3679746211748, 142.4254714345432], [87.72487443428759, 142.10279226464348], [88.08159653660016, 141.78190220545142], [88.4436011819293, 141.46255727350928], [88.81771226108214, 141.14445255323443], [89.20395041901915, 140.82758712213692], [89.60231565574041, 140.51196098021688], [90.01280797124588, 140.19757412747418], [90.43542736553555, 139.8844265639089], [90.87017383860945, 139.57251828952099], [91.31704739046755, 139.26184930431052], [91.77604802110986, 138.9524196082774], [92.24717573053638, 138.6442292014217], [92.73043051874713, 138.33727808374337], [93.22581238574207, 138.03156625524247], [93.73332133152127, 137.72709371591895], [94.25295735608465, 137.42386046577283], [94.78472045943222, 137.1218665048041], [95.32861064156404, 136.82111183301276], [95.88462790248008, 136.52159645039885], [96.4527722421803, 136.2233203569623], [97.03304366066473,