{"harita_boyut": {"genislik": 211, "yukseklik": 437}, "baslangic": [69.43420188477056, 296.9468345956945], "hedef": [36.08644035724611, 10.738745950911724], "engeller": [["daire", 125, 85, 6], ["daire", 61, 387, 3], ["dikdortgen", 80, 239, 9, 13], ["dikdortgen", 116, 90, 13, 16], ["dikdortgen", 55, 99, 16, 20], ["daire", 141, 330, 10], ["dikdortgen", 70, 235, 5, 17], ["daire", 86, 366, 13], ["dikdortgen", 189, 308, 9, 12], ["dikdortgen", 166, 95, 17, 10], ["daire", 196, 160, 15], ["dikdortgen", 105, 198, 5, 6], ["dikdortgen", 151, 260, 5, 8], ["daire", 141, 369, 3], ["daire", 147, 16, 10], ["daire", 31, 196, 9], ["daire", 32, 83, 8], ["dikdortgen", 200, 2, 5, 20], ["daire", 43, 227, 8], ["daire", 14, 77, 13], ["dikdortgen", 108, 276, 14, 16], ["daire", 126, 62, 10], ["dikdortgen", 65, 259, 7, 10], ["dikdortgen", 76, 345, 7, 14], ["daire", 146, 17, 3], ["dikdortgen", 108, 359, 7, 14], ["dikdortgen", 115, 268, 9, 10], ["daire", 62, 19, 9], ["dikdortgen", 202, 326, 7, 11], ["daire", 17, 142, 12], ["dikdortgen", 6, 243, 11, 17], ["dikdortgen", 165, 307, 18, 11], ["dikdortgen", 12, 269, 10, 10], ["dikdortgen", 140, 101, 14, 10], ["daire", 148, 217, 13], ["dikdortgen", 105, 292, 14, 20], ["dikdortgen", 13, 404, 15, 11], ["dikdortgen", 127, 224, 19, 13], ["daire", 134, 312, 10], ["dikdortgen", 72, 221, 12, 6], ["daire", 110, 304, 3], ["dikdortgen", 117, 248, 13, 20], ["dikdortgen", 198, 78, 5, 10], ["daire", 18, 411, 11], ["daire", 90, 144, 8], ["daire", 72, 140, 14]], "rrt_path": [[69.43420188477056, 296.9468345956945], [72.16210396815585, 289.4568491431514], [82.03159016959185, 272.386757135197], [92.23985110434226, 258.68461969655755], [95.42340565863603, 256.2628475355491], [96.58701140974681, 248.35538243972286], [98.86438808545006, 232.01840329368528], [99.04005175315315, 228.02226237076363], [96.87833825474158, 211.89694420425135], [94.89971622562462, 193.13115417890774], [99.19261389861154, 178.7096835428249], [102.96915123890996, 177.7143308686076], [104.26415977201594, 161.2015485781783], [104.61141792719931, 149.9856479030798], [102.78053928588628, 138.5528161869655], [100.16877351791888, 135.52318261617287], [92.07144085489561, 119.26872144433847], [91.38339993121177, 111.331767223391], [88.57864133093238, 96.13292824138642], [77.37103456720509, 80.97991011373901], [70.10712713116767, 78.5458067601392], [55.08924901323674, 66.59156570664942], [46.555921116261544, 54.689323363386684], [43.76623856993534, 47.43337792702347], [39.49005393121458, 28.49496969722986], [36.08644035724611, 10.738745950911724]]}