{"harita_boyut": {"genislik": 425, "yukseklik": 105}, "baslangic": [205.044730222856, 92.69622227169198], "hedef": [32.98460125241422, 18.033737198109655], "engeller": [["daire", 396, 73, 10], ["daire", 128, 96, 4], ["daire", 345, 56, 11], ["dikdortgen", 312, 73, 18, 19], ["dikdortgen", 369, 70, 16, 17], ["dikdortgen", 372, 2, 16, 15], ["daire", 417, 57, 7], ["dikdortgen", 320, 50, 9, 11], ["dikdortgen", 205, 32, 11, 15], ["dikdortgen", 67, 14, 9, 13], ["dikdortgen", 405, 82, 5, 6], ["daire", 54, 93, 8], ["daire", 53, 36, 15], ["daire", 173, 27, 13], ["dikdortgen", 385, 69, 11, 20], ["dikdortgen", 92, 77, 14, 18], ["dikdortgen", 303, 82, 6, 14], ["daire", 164, 51, 4], ["dikdortgen", 298, 2, 6, 20], ["daire", 301, 91, 10], ["dikdortgen", 355, 53, 19, 15], ["daire", 82, 82, 12]], "rrt_path": [[205.044730222856, 92.69622227169198], [204.5875401233305, 92.48039729920981], [204.12949814762985, 92.26723133883148], [203.6706042957541, 92.05672439055692], [203.21085856770318, 91.8488764543862], [202.75026096347716, 91.6436875303193], [202.28881148307593, 91.44115761835617], [201.82651012649967, 91.24128671849687], [201.3633568937482, 91.04407483074138], [200.89935178482156, 90.84952195508967], [200.43449479971983, 90.65762809154182], [199.96878593844298, 90.46839324009775], [199.50222520099098, 90.28181740075749], [199.0348125873638, 90.09790057352104], [198.5665480975615, 89.9166427583884], [198.09743173158412, 89.73804395535957], [197.62746348943156, 89.56210416443454], [197.15664337110388, 89.38882338561335], [196.68497137660106, 89.21820161889593], [196.21244750592305, 89.05023886428233], [195.73907175906993, 88.88493512177254], [195.26484413604172, 88.72229039136658], [194.7897646368383, 88.56230467306439], [194.31383326145982, 88.40497796686604], [193.83705000990616, 88.2503102727715], [193.35941488217736, 88.09830159078075], [192.88092787827344, 87.94895192089382], [192.40158899819437, 87.80226126311071], [191.92139824194018, 87.65822961743137], [191.44035560951082, 87.51685698385587], [190.95846110090633, 87.37814336238418], [190.47571471612673, 87.24208875301629], [189.99211645517195, 87.1086931557522], [189.50766631804208, 86.97795657059194], [189.02236430473704, 86.84987899753548], [188.5362104152569, 86.72446043658283], [188.0492046496016, 86.60170088773398], [187.5613470077711, 86.48160035098894], [187.07263748976555, 86.3641588263477], [186.58307609558483, 86.2493763138103], [186.09266282522896, 86.13725281337669], [185.601627342149, 86.02707780444332], [185.11132855519676, 85.91464716687948], [184.6219898000039, 85.79926995675369], [184.13361107657036, 85.680946174066], [183.64619238489618, 85.55967581881634], [183.15973372498135, 85.43545889100474], [182.6742350968259, 85.30829539063124], [182.18969650042973, 85.1781853176958], [181.70611793579297, 85.04512867219842], [181.2234994029156, 84.90912545413913], [180.74184090179745, 84.77017566351786], [180.2611424324387, 84.62827930033467], [179.78140399483934, 84.48343636458955], [179.3026255889993, 84.3356468562825], [178.82480721491856, 84.18491077541348], [178.34794887259727, 84.03122812198258], [177.87205056203524, 83.87459889598972], [177.3971122832326, 83.71502309743494], [176.9231340361893, 83.55250072631821], [176.45011582090538, 83.38703178263955], [175.97805763738074, 83.21861626639895], [175.5069594856155, 83.04725417759644], [175.03682136560957, 82.87294551623195], [174.567643277363, 82.69569028230558], [174.09942522087582, 82.51548847581724], [173.63216719614795, 82.33234009676696], [173.16586920317943, 82.14624514515477], [172.70053124197025, 81.95720362098062], [172.23615331252043, 81.76521552424455], [171.77273541482998, 81.57028085494656], [171.31027754889885, 81.37239961308663], [170.8487288724249, 81.17174010121421], [170.3875249251616, 80.97017084405297], [169.9265090604038, 80.76821038696202], [169.46568127815152, 80.56585872994138], [169.00504157840476, 80.36311587299105], [168.54458996116355, 80.15998181611101], [168.0843264264279, 79.95645655930127], [167.62425097419776, 79.75254010256182], [167.16436360447312, 79.54823244589268], [166.70466431725404, 79.34353358929384], [166.2451531125405, 79.1384435327653], [165.7858299903325, 78.93296227630705], [165.32669495062996, 78.7270898199191], [164.867747993433, 78.52082616360146], [164.4089891187416, 78.31417130735412], [163.95041832655565, 78.10712525117704], [163.4920356168753, 77.89968799507031], [163.03384098970048, 77.69185953903384], [162.57583444503118, 77.4836398830677], [162.1180159828674, 77.27502902717185], [161.66038560320914, 77.06602697134629], [161.20294330605643, 76.85663371559104], [160.74568909140922, 76.64684925990608], [160.2886229592676, 76.43667360429141], [159.83174490963148, 76.22610674874707], [159.37505494250087, 76.015148693273], [158.9185530578758, 75.80379943786924], [158.4622392557563, 75.59205898253579], [158.00611353614227, 75.37992732727261], [157.5501758990338, 75.16740447207975], [157.09442634443084, 74.95449041695719], [156.63886487233344, 74.74118516190492], [156.18349148274157, 74.52748870692295], [155.72830617565523, 74.31340105201129], [155.2733089510744, 74.09892219716991], [154.81849980899915, 73.88405214239884], [154.3638692839466, 73.66881490788974], [153.90824693563005, 73.45618067494357], [153.4508221652493, 73.2482064689604], [152.9915949728043, 73.04489228994025], [152.5305653582951, 72.84623813788312], [152.06773332172173, 72.65224401278903], [151.6030988630841, 72.46290991465794], [151.1366619823822, 72.27823584348987], [150.66842267961619, 72.0982217992848], [150.19838095478585, 71.92286778204276], [149.7265368078914, 71.75217379176375], [149.25289023893265, 71.58613982844774], [148.7774412479097, 71.42476589209474], [148.3001898348225, 71.26805198270478], [147.82113599967116, 71.11599810027782], [147.34027974245558, 70.96860424481389], [146.85762106317574, 70.82587041631297], [146.3731599618317, 70.68779661477505], [145.88689643842343, 70.55438284020016], [145.39883049295096, 70.4256290925883], [144.90896212541426, 70.30153537193945], [144.41729133581336, 70.18210167825362], [143.92381812414823, 70.06732801153078], [143.42854249041886, 69.95721437177097], [142.9314644346253, 69.8517607589742], [142.43258395676753, 69.75096717314044], [141.93190105684553, 69.65483361426968], [141.4294157348593, 69.56336008236195], [140.92512799080887, 69.47654657741724], [140.4190378246942, 69.39439309943552], [139.91114523651532, 69.31689964841685], [139.4014502262722, 69.24406622436118], [138.88995279396488, 69.17589282726853], [138.37665293959336, 69.11237945713889], [137.86155066315757, 69.05352611397228], [137.34651623858838, 68.99594089244772], [136.83520992040238, 68.93298560092579], [136.3277276134238, 68.86448630762108], [135.82406931765271, 68.79044301253357], [135.3242350330891, 68.71085571566326], [134.82822475973302, 68.62572441701015], [134.33603849758438, 68.53504911657423], [133.84767624664326, 68.43882981435551], [133.36313800690962, 68.33706651035402], [132.88242377838347, 68.22975920456972], [132.40553356106477, 68.11690789700262], [131.93246735495362, 67.99851258765274], [131.46322516004992, 67.87457327652002], [130.9978069763537, 67.74508996360453], [130.536212803865, 67.61006264890625], [130.07844264258375, 67.46949133242516], [129.62449649251002, 67.32337601416127], [129.17437435364377, 67.17171669411461], [128.72807622598495, 67.01451337228511], [128.28560210953367, 66.85176604867283], [127.84695200428989, 66.68347472327775], [127.41212591025358, 66.50963939609989], [126.98112382742475, 66.33026006713919], [126.55394575580343, 66.14533673639573], [126.13059169538958, 65.95486940386947], [125.71106164618321, 65.75885806956042], [125.29535560818434, 65.55730273346855], [124.88347358139296, 65.3502033955939], [124.47541556580904, 65.13756005593642], [124.07118156143264, 64.91937271449618], [123.6707715682637, 64.6956413712731], [123.27418558630228, 64.46636602626727], [122.88003459620688, 64.23134979477328], [122.47887060190484, 63.98925348311161], [122.06891744751857, 