{"harita_boyut": {"genislik": 484, "yukseklik": 323}, "baslangic": [304.59904780429696, 179.05374508072873], "hedef": [455.2607615005952, 18.634841380211544], "engeller": [["dikdortgen", 180, 20, 10, 14], ["daire", 157, 287, 6], ["dikdortgen", 171, 252, 9, 20], ["daire", 80, 114, 14], ["dikdortgen", 110, 244, 17, 17], ["daire", 404, 210, 6], ["dikdortgen", 400, 231, 5, 20], ["daire", 239, 183, 11], ["dikdortgen", 425, 249, 17, 20], ["dikdortgen", 111, 95, 11, 17], ["daire", 318, 224, 10], ["daire", 172, 312, 10], ["dikdortgen", 188, 293, 18, 11], ["daire", 242, 119, 14], ["daire", 144, 183, 13], ["dikdortgen", 159, 267, 7, 14], ["daire", 247, 10, 8], ["daire", 208, 95, 13], ["dikdortgen", 143, 98, 5, 20], ["dikdortgen", 432, 67, 8, 7], ["dikdortgen", 325, 4, 11, 13], ["dikdortgen", 321, 78, 8, 20], ["daire", 388, 249, 9], ["daire", 123, 203, 10], ["dikdortgen", 458, 98, 6, 15], ["daire", 77, 29, 9], ["daire", 36, 140, 3], ["dikdortgen", 229, 183, 5, 20], ["dikdortgen", 254, 196, 12, 7], ["daire", 89, 81, 8], ["daire", 179, 168, 9], ["daire", 293, 176, 4], ["daire", 300, 286, 14], ["dikdortgen", 354, 38, 17, 7], ["dikdortgen", 355, 266, 8, 11], ["dikdortgen", 109, 12, 7, 6], ["daire", 285, 207, 5], ["dikdortgen", 331, 24, 9, 16], ["dikdortgen", 361, 61, 15, 16], ["dikdortgen", 222, 83, 12, 6], ["dikdortgen", 396, 225, 14, 11], ["daire", 390, 94, 11], ["daire", 474, 269, 8], ["dikdortgen", 304, 154, 19, 18], ["dikdortgen", 200, 37, 8, 11], ["dikdortgen", 183, 194, 11, 15], ["daire", 152, 153, 6], ["dikdortgen", 301, 194, 11, 7], ["daire", 61, 113, 9], ["daire", 346, 70, 11], ["dikdortgen", 32, 259, 17, 13], ["daire", 209, 101, 15], ["daire", 28, 96, 9], ["dikdortgen", 349, 246, 8, 15], ["daire", 241, 42, 4], ["dikdortgen", 466, 168, 5, 15], ["dikdortgen", 294, 156, 20, 7], ["dikdortgen", 478, 254, 6, 7], ["daire", 96, 37, 12], ["dikdortgen", 2, 13, 5, 8], ["daire", 396, 232, 12], ["dikdortgen", 254, 141, 17, 9], ["dikdortgen", 347, 207, 9, 7], ["dikdortgen", 164, 92, 9, 19], ["dikdortgen", 26, 203, 5, 18], ["daire", 75, 130, 6], ["daire", 372, 160, 13], ["daire", 364, 28, 3], ["daire", 74, 167, 8], ["dikdortgen", 203, 9, 14, 15], ["daire", 69, 123, 3], ["daire", 88, 52, 12], ["daire", 312, 188, 4], ["daire", 197, 261, 13], ["dikdortgen", 115, 159, 10, 11], ["daire", 151, 17, 8], ["daire", 147, 195, 6], ["daire", 424, 166, 10]], "rrt_path": [[304.59904780429696, 179.05374508072873], [316.21969771588783, 178.96552949994322], [325.91054228563553, 180.0318790518116], [339.0038349744843, 187.66865614574596], [345.0759470053732, 192.36652063710196], [358.96781286543063, 201.46243958704002], [362.96774023325844, 201.43833456470256], [372.50077760464944, 208.21083939635443], [380.7533133800865, 213.98445471600866], [381.58979219325136, 214.73925699613142], [387.6009027626615, 202.06066808505201], [394.9046206289426, 184.57098615031936], [402.17947613326515, 175.85711748293247], [402.98673118926365, 158.40721131752696], [402.93095901129, 140.51220838550157], [405.0386627075203, 120.68484904603424], [405.8512345449404, 105.58278093195452], [407.1294058150232, 89.07229685515381], [411.3450313240025, 71.04314834564704], [416.42217003877687, 58.410018297648236], [431.2482934999806, 47.875723938011916], [436.83315214182534, 38.45123869851648], [446.958246085817, 27.301319392356536], [455.2607615005952, 18.634841380211544]]}