{"harita_boyut": {"genislik": 305, "yukseklik": 364}, "baslangic": [163.68392633064263, 61.83131289447293], "hedef": [140.59136877722887, 195.72711964855796], "engeller": [["dikdortgen", 68, 110, 15, 10], ["dikdortgen", 161, 249, 10, 18], ["daire", 29, 301, 11], ["dikdortgen", 132, 297, 9, 14], ["dikdortgen", 19, 148, 18, 18], ["dikdortgen", 138, 93, 17, 7], ["daire", 42, 306, 13], ["dikdortgen", 257, 292, 7, 12], ["dikdortgen", 169, 145, 19, 14], ["daire", 174, 238, 7], ["dikdortgen", 25, 75, 12, 18], ["dikdortgen", 18, 236, 10, 7], ["dikdortgen", 55, 308, 5, 9], ["dikdortgen", 116, 310, 5, 12], ["dikdortgen", 205, 165, 10, 7], ["dikdortgen", 120, 213, 17, 14], ["daire", 83, 150, 12], ["dikdortgen", 206, 262, 10, 10], ["dikdortgen", 85, 193, 15, 13], ["daire", 129, 212, 14], ["dikdortgen", 270, 16, 18, 12], ["daire", 14, 355, 4], ["daire", 78, 209, 5], ["dikdortgen", 141, 234, 15, 7], ["dikdortgen", 43, 303, 17, 20], ["daire", 106, 41, 13], ["daire", 272, 189, 3], ["daire", 24, 226, 8], ["daire", 90, 78, 12], ["daire", 261, 33, 11], ["daire", 199, 318, 14], ["daire", 239, 197, 5], ["daire", 63, 29, 10], ["daire", 134, 88, 7], ["daire", 138, 343, 4], ["dikdortgen", 71, 45, 16, 15], ["dikdortgen", 224, 53, 12, 5], ["daire", 204, 108, 14], ["daire", 206, 306, 4], ["daire", 120, 260, 14], ["daire", 231, 222, 9], ["dikdortgen", 164, 192, 20, 12], ["daire", 180, 317, 6], ["daire", 250, 53, 9], ["daire", 106, 313, 7], ["dikdortgen", 264, 245, 10, 14], ["daire", 178, 20, 14], ["daire", 221, 231, 12], ["daire", 266, 76, 10], ["daire", 270, 156, 10], ["daire", 285, 205, 6], ["dikdortgen", 89, 151, 18, 11], ["dikdortgen", 204, 328, 6, 12], ["dikdortgen", 285, 226, 17, 8], ["daire", 169, 169, 6]], "rrt_path": [[163.68392633064263, 61.83131289447293], [165.91640655691847, 79.4723925973284], [175.54247140371672, 91.34594585853966], [179.8877269526517, 105.30854861913599], [181.36698440915117, 119.77909879505609], [182.9237941277231, 139.50188015650653], [181.6762379072858, 135.73349789531858], [165.30393775366156, 139.2346877883218], [158.6907834238738, 143.23686078253047], [141.9942984759607, 152.57970249782238], [134.53568393779256, 168.9544841182675], [134.61072103293236, 175.41898963462523], [137.85052418916925, 192.81374172180278], [140.59136877722887, 195.72711964855796]]}