{"harita_boyut": {"genislik": 437, "yukseklik": 133}, "baslangic": [411.6592020871135, 126.54289378533528], "hedef": [28.087510660944115, 59.42873977192346], "engeller": [["dikdortgen", 62, 7, 5, 12], ["dikdortgen", 339, 127, 19, 5], ["dikdortgen", 292, 32, 20, 6], ["daire", 295, 95, 7], ["dikdortgen", 316, 111, 13, 12], ["daire", 114, 31, 14], ["daire", 329, 92, 3], ["daire", 289, 20, 7], ["dikdortgen", 15, 83, 12, 5], ["daire", 123, 93, 3], ["daire", 135, 51, 6], ["daire", 246, 5, 3], ["dikdortgen", 193, 9, 12, 17], ["daire", 418, 78, 3], ["daire", 239, 73, 13], ["dikdortgen", 279, 86, 11, 16], ["daire", 213, 111, 12], ["daire", 186, 102, 10], ["dikdortgen", 84, 72, 7, 16], ["daire", 284, 13, 7], ["dikdortgen", 85, 24, 16, 8], ["dikdortgen", 45, 117, 10, 8], ["dikdortgen", 411, 100, 13, 19], ["dikdortgen", 194, 47, 19, 14], ["dikdortgen", 426, 66, 6, 7], ["daire", 113, 70, 10], ["daire", 8, 112, 3], ["daire", 119, 76, 9], ["daire", 160, 65, 10]], "rrt_path": [[411.6592020871135, 126.54289378533528], [393.59122605015494, 120.76155145114838], [374.92718435710793, 115.66617022669665], [367.1511074183537, 113.78728788371896], [347.9645939647267, 109.4843510394656], [344.1126881440037, 108.40600900268859], [326.3671114997172, 101.88166541098101], [311.7180409421669, 90.32463153578142], [305.24881911194757, 86.14919621213085], [294.04746470718953, 79.54976729285842], [276.06342217502333, 79.29024100837047], [266.14395127599505, 83.06682942676466], [250.91104282911434, 90.90948815266322], [239.12353796302205, 91.19052632070937], [235.15719165026525, 90.67274554926207], [215.84615511189452, 88.05854333713863], [214.5831677301677, 87.62973724029735], [204.08059226541482, 86.634357627463], [184.2437782592872, 85.45572395081545], [169.3535657839356, 84.60505671129857], [153.73392881278176, 79.08954787895698], [146.55037714071804, 74.47113621435578], [131.9667856231939, 63.75647000903174], [125.75396108934495, 58.71716084241139], [108.85378425545515, 51.486216695085375], [90.41720995783795, 58.45496499008244], [71.19984536275268, 59.69128328596212], [55.48624723259158, 60.23151102761671], [36.07618125136617, 59.44736809679138], [28.087510660944115, 59.42873977192346]]}