{"harita_boyut": {"genislik": 343, "yukseklik": 349}, "baslangic": [121.1708781190809, 35.99139995850736], "hedef": [210.07510621922683, 224.46347902200108], "engeller": [["dikdortgen", 175, 45, 6, 20], ["daire", 74, 298, 7], ["dikdortgen", 310, 149, 14, 10], ["dikdortgen", 123, 107, 18, 8], ["daire", 226, 135, 15], ["dikdortgen", 190, 227, 5, 10], ["dikdortgen", 252, 213, 9, 5], ["dikdortgen", 99, 335, 13, 9], ["dikdortgen", 171, 200, 9, 6], ["daire", 283, 187, 10], ["daire", 192, 177, 4], ["dikdortgen", 84, 331, 14, 6], ["daire", 319, 171, 8], ["daire", 158, 199, 7], ["dikdortgen", 12, 230, 14, 9], ["daire", 100, 181, 9], ["dikdortgen", 142, 322, 12, 17], ["daire", 187, 57, 3], ["daire", 30, 188, 11], ["dikdortgen", 329, 70, 7, 9], ["dikdortgen", 334, 44, 6, 6], ["dikdortgen", 144, 193, 10, 13], ["daire", 257, 41, 4], ["daire", 128, 251, 4], ["daire", 315, 62, 14], ["daire", 79, 295, 13], ["daire", 109, 29, 8], ["dikdortgen", 79, 89, 10, 11], ["dikdortgen", 289, 141, 16, 5], ["daire", 314, 53, 9], ["dikdortgen", 93, 273, 19, 11], ["daire", 211, 259, 15], ["dikdortgen", 307, 84, 14, 6], ["daire", 269, 67, 10], ["dikdortgen", 198, 296, 11, 6], ["daire", 76, 323, 11], ["daire", 291, 14, 8], ["daire", 153, 81, 8], ["daire", 29, 13, 13], ["dikdortgen", 207, 314, 19, 6], ["dikdortgen", 28, 212, 12, 14], ["dikdortgen", 9, 288, 8, 8], ["dikdortgen", 66, 176, 13, 14], ["daire", 304, 273, 12], ["daire", 281, 319, 9], ["daire", 12, 314, 6], ["dikdortgen", 134, 37, 15, 13], ["dikdortgen", 156, 5, 5, 17], ["daire", 101, 247, 6], ["dikdortgen", 192, 286, 6, 15], ["daire", 317, 118, 4], ["daire", 232, 74, 5], ["dikdortgen", 39, 124, 7, 18], ["daire", 273, 30, 14], ["daire", 128, 230, 8], ["daire", 129, 152, 11], ["dikdortgen", 127, 268, 19, 17], ["daire", 301, 78, 5], ["dikdortgen", 151, 188, 13, 18]], "rrt_path": [[121.1708781190809, 35.99139995850736], [119.88113687186352, 54.53811840296162], [117.04884073358129, 70.521105071939], [115.79569532341674, 87.89949666827994], [116.05295885196684, 98.37908876084539], [114.33291288305021, 112.33655334839808], [114.00159362847556, 122.65394049920883], [113.21201598371695, 140.4751091015505], [112.28643225003549, 151.0246274308848], [111.10425016224958, 162.2640252173895], [117.61912586973459, 174.758999757701], [124.83254679582825, 188.19445072869786], [126.67813461548333, 188.6170982976687], [141.30191160794516, 180.3441462616543], [158.68070131627647, 173.68078563474387], [172.9611997327411, 185.2663731176032], [187.03150527872296, 195.6476282914183], [204.44221122252546, 204.8914418045706], [210.23720647075672, 220.46676493309582], [210.07510621922683, 224.46347902200108]]}