{"harita_boyut": {"genislik": 296, "yukseklik": 383}, "baslangic": [108.57583326195024, 79.20328079241071], "hedef": [126.02454729959378, 182.72317417099327], "engeller": [["daire", 60, 289, 7], ["dikdortgen", 271, 293, 18, 12], ["dikdortgen", 65, 49, 16, 7], ["dikdortgen", 264, 240, 16, 12], ["daire", 21, 358, 11], ["dikdortgen", 236, 245, 17, 16], ["dikdortgen", 220, 142, 6, 15], ["dikdortgen", 25, 250, 13, 17], ["dikdortgen", 107, 20, 20, 10], ["daire", 280, 44, 8], ["dikdortgen", 246, 119, 9, 5], ["daire", 90, 96, 8], ["dikdortgen", 52, 60, 7, 9], ["daire", 73, 230, 3], ["dikdortgen", 239, 216, 20, 11], ["dikdortgen", 143, 252, 16, 16], ["daire", 199, 188, 10], ["daire", 164, 329, 3], ["dikdortgen", 196, 335, 10, 5], ["daire", 246, 163, 7], ["dikdortgen", 90, 135, 17, 19], ["daire", 209, 154, 14], ["dikdortgen", 97, 259, 5, 13], ["dikdortgen", 238, 174, 20, 14], ["dikdortgen", 241, 75, 20, 9], ["daire", 156, 117, 11], ["dikdortgen", 144, 131, 16, 9], ["dikdortgen", 261, 38, 7, 13], ["dikdortgen", 71, 122, 17, 10], ["dikdortgen", 247, 357, 17, 9], ["daire", 201, 64, 11], ["dikdortgen", 135, 270, 11, 11], ["dikdortgen", 245, 86, 6, 6], ["daire", 213, 67, 9], ["dikdortgen", 254, 335, 11, 11], ["dikdortgen", 55, 340, 18, 8], ["dikdortgen", 151, 330, 17, 9], ["daire", 87, 317, 7], ["dikdortgen", 154, 156, 19, 8], ["daire", 238, 197, 11], ["daire", 68, 185, 6], ["daire", 208, 19, 13], ["daire", 232, 98, 3], ["daire", 280, 50, 10], ["dikdortgen", 216, 89, 17, 6], ["daire", 6, 239, 4], ["daire", 16, 67, 11], ["dikdortgen", 224, 45, 16, 20], ["daire", 82, 350, 14], ["daire", 200, 70, 13], ["daire", 149, 362, 10], ["dikdortgen", 274, 87, 16, 17], ["daire", 139, 236, 8], ["daire", 27, 94, 5], ["daire", 137, 133, 9], ["dikdortgen", 57, 232, 14, 15]], "rrt_path": [[108.57583326195022, 79.20328079241071], [108.80711086505669, 79.65304247032685], [109.0359688236926, 80.10379446886002], [109.26240713785798, 80.55553678801012], [109.48642580755285, 81.00826942777722], [109.70802483277716, 81.46199238816126], [109.92720421353091, 81.9167056691623], [110.14396394981416, 82.37240927078034], [110.35830404162685, 82.82910319301531], [110.57022448896905, 83.28678743586731], [110.77972529184069, 83.74546199933626], [110.98680645024179, 84.20512688342218], [111.19146796417235, 84.66578208812508], [111.39370983363234, 85.12742761344497], [111.59353205862185, 85.59006345938184], [111.7909346391408, 86.05368962593568], [111.9859175751892, 86.51830611310646], [112.17848086676709, 86.98391292089428], [112.36862451387444, 87.45051004929906], [112.55634851651124, 87.91809749832078], [112.7416528746775, 88.38667526795949], [112.92453758837323, 88.8562433582152], [113.10500265759842, 89.32680176908787], [113.28304808235308, 89.79835050057751], [113.45867386263721, 90.27088955268414], [113.63187999845081, 90.74441892540776], [113.80266648979385, 91.21893861874834], [113.97103333666635, 91.6944486327059], [114.13698053906833, 92.17094896728042], [114.30050809699978, 92.64843962247193], [114.4616160104607, 93.12692059828044], [114.62030427945106, 93.6063918947059], [114.77657290397089, 94.08685351174834], [114.93042188402018, 94.56830544940775], [115.08185121959895, 95.05074770768417], [115.23086091070718, 95.53418028657754], [115.37745095734485, 96.01860318608789], [115.52160407045264, 96.50401482184581], [115.66177929741164, 96.99027398095409], [115.79697844957572, 97.47728918940567], [115.92720152694483, 97.96506044720051], [116.05244852951904, 98.45358775433866], [116.17271945729829, 98.9428711108201], [116.2880143102826, 99.43291051664481], [116.39833308847199, 99.9237059718128], [116.50367579186644, 100.4152574763241], [116.60404242046593, 100.90756503017869], [116.6994329742705, 101.40062863337654], [116.78984745328013, 101.8944482859177], [116.87528585749482, 102.38902398780213], [116.95574818691458, 102.8843557390299], [117.0312344415394, 103.38044353960092], [117.10174462136928, 103.87728738951523], [117.16727872640422, 104.37488728877284], [117.22783675664424, 104.87324323737374], [117.2834187120893, 105.37235523531793], [117.33402459273945, 105.87222328260539], [117.37965439859462, 106.37284737923615], [117.4203081296549, 106.87422752521019], [117.4559857859202, 107.37636372052754], [117.4866873673906, 107.87925596518815], [117.51241287406603, 108.38290425919207], [117.53316230594655, 108.88730860253926], [117.54893566303214, 109.39246899522978], [117.55973294532276, 109.89838543726353], [117.56555461312607, 110.40505786174411], [117.56967745494514, 110.91201005319995], [117.57522609977045, 111.41878790949207], [117.58220054760207, 111.92539143062045], [117.59060079843997, 112.43182061658509], [117.60042685228419, 112.93807546738603], [117.6116787091347, 113.44415598302321], [117.62435636899149, 113.95006216349667], [117.63845983185458, 114.45579400880641], [117.65398909772395, 114.96135151895241], [117.67094416659958, 115.46673469393467], [117.68932503848156, 115.97194353375323], [117.7091317133698, 116.47697803840803], [117.73036419126433, 116.98183820789912], [117.75302247216517, 117.48652404222649], [117.77710655607228, 117.99103554139013], [117.80261644298571, 118.49537270539003], [117.8295521329054, 118.9995355342262], [117.8579136258314, 119.50352402789865], [117.8877009217637, 120.00733818640735], [117.91891402070229, 120.51097800975236], [117.95155292264717, 121.01444349793361], [117.98356578080542, 121.51774135237801], [118.00851823501627, 122.02089258800471], [118.02594328907453, 122.52389873004499], [118.03584094298019, 123.02675977849884], [118.0382111967332, 123.5294757333662], [118.03305405033365, 124.03204659464717], [118.0203695037815, 124.5344723623417], [118.00015755707673, 125.03675303644975], [117.97241821021935, 125.5388886169714], [117.93715146320937, 126.0408791039066], [117.89435731604682, 126.54272449725535], [117.84403576873167, 127.04442479701771], [117.78618682126387, 127.54598000319356], [117.7208104736435, 128.047390115783], [117.64790672587057, 128.54865513478606], [117.56747557794498, 129.04977506020262], [117.4795170298668, 129.55074989203277], [117.38403108163602, 130.05157963027645], [117.28101773325267, 130.55226427493372], [117.17047698471669, 131.05280382600452], [117.05240883602806, 131.55319828348888], [116.92790675934, 132.05342764238657], [116.80675347872328, 132.55331292841146], [116.69126825607704, 133.0528117108214], [116.58145109140132, 133.55192398961648], [116.47730198469607, 134.05064976479662], [116.37882093596131, 134.54898903636183], [116.28600794519703, 135.04694180431215], [116.19886301240328, 135.54450806864756], [116.11738613758, 136.04168782936804], [116.04157732072719, 136.53848108647364], [115.97143656184488, 137.03488783996428], [115.90696386093306, 137.53090808984004], [115.84815921799172, 138.02654183610085], [115.79502263302089, 138.52178907874676], [115.74755410602056, 139.0166498177778], [115.7057536369907, 139.5111240531939], [115.66962122593134, 140.00521178499505], [115.63915687284246, 140.49891301318132], [115.61436057772407, 140.9922277377527], [115.59523234057622, 141.48515595870913], [115.58177216139879, 141.97769767605064], [115.57398004019187, 142.46985288977726], [115.57185597695548, 142.96162159988896], [115.57539997168952, 143.45300380638574], [115.58461202439408, 143.94399950926766], [115.59949213506911, 144.4346087085346], [115.62004030371466, 144.92483140418662], [115.6462565303307, 145.41466759622375], [115.67814081491721, 145.90411728464596], [115.71569315747422, 146.39318046945328], [115.7589135580017, 146.88185715064566], [115.80780201649969, 147.37014732822314], [115.86235853296816, 147.8580510021857], [115.92258310740715, 148.34556817253338], [115.98847573981662, 148.83269883926613], [116.05952247014444, 149.31988528090116], [116.1329069164151, 149.80955108121526], [116.20820159153538, 150.3020641060705], [116.28540649550534, 150.79742435546694], [116.36452162832501, 151.29563182940453], [116.44554698999434, 151.79668652788328], [116.52848258051336, 152.3005884509032], 