{"harita_boyut": {"genislik": 222, "yukseklik": 207}, "baslangic": [94.34219326814753, 106.11807607386561], "hedef": [213.10724759610886, 195.29421104102065], "engeller": [["daire", 122, 195, 5], ["dikdortgen", 7, 166, 17, 9], ["dikdortgen", 21, 12, 6, 14], ["dikdortgen", 27, 120, 19, 18], ["daire", 211, 177, 6], ["dikdortgen", 63, 48, 7, 18], ["daire", 194, 176, 14], ["daire", 76, 167, 13], ["dikdortgen", 38, 46, 12, 9], ["dikdortgen", 174, 83, 12, 11], ["daire", 11, 21, 9], ["daire", 181, 148, 14], ["dikdortgen", 177, 125, 16, 13], ["dikdortgen", 105, 29, 8, 15], ["daire", 197, 160, 6], ["dikdortgen", 77, 126, 20, 6], ["dikdortgen", 65, 5, 7, 5], ["dikdortgen", 55, 49, 10, 20], ["dikdortgen", 181, 33, 18, 16], ["dikdortgen", 81, 140, 8, 20], ["daire", 49, 171, 15], ["dikdortgen", 144, 115, 13, 13]], "rrt_path": [[94.34219326814753, 106.11807607386561], [105.69836286383877, 120.34956971726008], [111.34472413387101, 127.4585744232693], [121.6503331908953, 144.33193745772837], [132.87970665485162, 149.24149934134738], [149.00155173327718, 155.94431757039794], [150.5741261158654, 156.1895059363615], [156.60926508195374, 160.90483481867665], [165.0836674344357, 174.40732987515315], [170.01468927493312, 180.4785963360797], [183.64108259834072, 193.44196323851364], [194.25903491279098, 195.74965192545], [213.10724759610886, 195.29421104102065]]}