{"harita_boyut": {"genislik": 147, "yukseklik": 243}, "baslangic": [44.52713174525796, 16.386764752062145], "hedef": [108.36029300171371, 218.75793609290002], "engeller": [["daire", 61, 83, 15], ["dikdortgen", 54, 217, 18, 9], ["daire", 87, 111, 13], ["dikdortgen", 22, 51, 17, 5], ["daire", 50, 76, 9], ["dikdortgen", 100, 89, 6, 19], ["dikdortgen", 93, 104, 15, 12], ["dikdortgen", 0, 74, 9, 6], ["daire", 19, 181, 5], ["dikdortgen", 121, 130, 12, 20], ["daire", 142, 164, 4], ["daire", 51, 53, 3], ["dikdortgen", 134, 132, 12, 15], ["daire", 85, 122, 7], ["daire", 16, 17, 15], ["dikdortgen", 74, 211, 20, 19], ["dikdortgen", 13, 187, 11, 15]], "rrt_path": [[44.52713174525796, 16.386764752062145], [60.39164939337618, 21.163449689418357], [76.03864707387963, 22.0266765782422], [92.38845746868753, 25.229185796860037], [106.07243842815424, 33.52278685801366], [108.25020903377967, 35.62839739250033], [117.01617613218689, 52.478515490703735], [123.65136080152615, 68.27950616604865], [127.88437423226566, 77.16716242836266], [125.33339858663435, 94.70659516660606], [117.08461368305333, 111.45888556239757], [112.35705288193518, 122.47665693769727], [103.36783924279997, 131.94502063271648], [94.62382157032741, 147.72817678304563], [95.97104467100185, 163.68774005170548], [97.96555526928975, 177.13911293009645], [103.47804782132332, 193.88857100074156], [106.8482956510689, 207.08422153310718], [108.36029300171371, 218.75793609290002]]}