{"harita_boyut": {"genislik": 327, "yukseklik": 342}, "baslangic": [257.5103196381065, 149.18099557375066], "hedef": [312.5072610549114, 52.896482809578366], "engeller": [["dikdortgen", 34, 332, 5, 10], ["daire", 248, 57, 8], ["dikdortgen", 292, 238, 14, 10], ["daire", 27, 291, 14], ["daire", 35, 36, 9], ["dikdortgen", 33, 298, 19, 10], ["daire", 297, 193, 5], ["dikdortgen", 110, 234, 15, 5], ["daire", 119, 176, 10], ["daire", 173, 85, 14], ["dikdortgen", 21, 317, 11, 9], ["daire", 272, 105, 3], ["dikdortgen", 232, 101, 18, 10], ["daire", 234, 140, 9], ["daire", 90, 51, 11], ["dikdortgen", 41, 55, 9, 13], ["daire", 52, 126, 4], ["daire", 184, 126, 15], ["dikdortgen", 103, 149, 9, 15], ["daire", 145, 240, 7], ["dikdortgen", 275, 48, 9, 10], ["daire", 179, 218, 3], ["daire", 133, 245, 15], ["dikdortgen", 289, 164, 15, 11], ["dikdortgen", 199, 8, 12, 6], ["daire", 148, 227, 15], ["dikdortgen", 164, 192, 12, 7], ["dikdortgen", 174, 316, 14, 19], ["dikdortgen", 158, 283, 12, 18], ["dikdortgen", 51, 42, 17, 15], ["dikdortgen", 299, 12, 9, 12], ["dikdortgen", 99, 195, 19, 7], ["daire", 57, 36, 8], ["dikdortgen", 96, 98, 12, 9], ["dikdortgen", 189, 306, 10, 10], ["daire", 19, 165, 8], ["dikdortgen", 45, 204, 18, 8], ["dikdortgen", 17, 95, 13, 6], ["daire", 122, 58, 11], ["daire", 308, 86, 9], ["dikdortgen", 164, 166, 8, 12], ["daire", 289, 144, 10], ["daire", 294, 333, 8], ["dikdortgen", 281, 21, 16, 12], ["daire", 12, 161, 7], ["dikdortgen", 302, 263, 6, 16], ["daire", 262, 192, 7], ["daire", 189, 238, 5], ["daire", 190, 36, 3], ["dikdortgen", 269, 133, 6, 15], ["daire", 287, 189, 13], ["daire", 86, 176, 11], ["daire", 314, 113, 9], ["daire", 121, 99, 12], ["daire", 154, 67, 11]], "rrt_path": [[257.5103196381065, 149.18099557375066], [253.8162227038911, 139.4378455564445], [241.37779830061677, 125.80881086664937], [235.0087922973566, 121.88297960504414], [219.01974031564745, 112.42047355142007], [210.9890100520749, 107.68529550895278], [197.49054493533808, 100.23464961021298], [196.57229664593297, 100.53541573778715], [209.4438654815676, 87.88193787804923], [217.02327477367584, 79.5905950213662], [231.2966511049104, 69.93433680506895], [238.9563499376444, 70.62678271183587], [255.32268686005693, 69.6846884594203], [273.9410866879028, 70.51312988317233], [293.0364277413659, 65.77793755591084], [299.99068518588433, 62.750987336514044], [312.5072610549114, 52.896482809578366]]}