{"harita_boyut": {"genislik": 300, "yukseklik": 400}, "baslangic": [10.61365649739724, 185.42923891366567], "hedef": [63.12695748968406, 324.3904554097868], "engeller": [["daire", 91, 301, 8], ["dikdortgen", 65, 84, 19, 11], ["dikdortgen", 280, 39, 6, 9], ["dikdortgen", 22, 371, 9, 5], ["dikdortgen", 30, 315, 5, 14], ["daire", 26, 250, 3], ["daire", 238, 153, 11], ["dikdortgen", 257, 194, 14, 20], ["daire", 13, 286, 3], ["daire", 134, 78, 11], ["dikdortgen", 158, 176, 10, 14], ["dikdortgen", 256, 324, 7, 12], ["dikdortgen", 12, 130, 5, 9], ["dikdortgen", 116, 122, 13, 10], ["daire", 75, 382, 8], ["dikdortgen", 40, 173, 6, 20], ["daire", 165, 174, 8], ["daire", 74, 90, 7], ["dikdortgen", 133, 168, 20, 11], ["daire", 284, 342, 3], ["daire", 25, 150, 7], ["daire", 45, 80, 5], ["dikdortgen", 37, 392, 15, 5], ["daire", 209, 122, 13], ["daire", 53, 25, 3], ["daire", 138, 235, 6], ["daire", 44, 131, 9], ["dikdortgen", 155, 176, 6, 11], ["dikdortgen", 52, 54, 13, 16], ["dikdortgen", 38, 47, 8, 17], ["daire", 94, 128, 15], ["daire", 43, 47, 15], ["daire", 111, 383, 10], ["daire", 252, 156, 9], ["dikdortgen", 242, 94, 9, 15], ["dikdortgen", 158, 290, 10, 6], ["daire", 93, 65, 13], ["daire", 83, 314, 11], ["daire", 249, 373, 15], ["dikdortgen", 154, 158, 19, 15], ["dikdortgen", 252, 304, 12, 16], ["dikdortgen", 120, 347, 14, 15], ["daire", 104, 53, 8], ["dikdortgen", 225, 8, 8, 6], ["dikdortgen", 170, 61, 8, 15], ["dikdortgen", 99, 132, 11, 7], ["daire", 279, 25, 4], ["dikdortgen", 205, 240, 14, 6], ["daire", 284, 35, 8], ["daire", 263, 152, 15], ["dikdortgen", 180, 70, 9, 9], ["daire", 26, 130, 9], ["daire", 40, 242, 5], ["dikdortgen", 68, 200, 16, 7], ["daire", 80, 154, 13], ["dikdortgen", 269, 133, 8, 18], ["daire", 221, 97, 3], ["daire", 162, 232, 3], ["dikdortgen", 122, 346, 8, 19], ["dikdortgen", 272, 63, 9, 13]], "rrt_path": [[10.61365649739724, 185.42923891366567], [22.244446663929665, 174.84216840181082], [33.69565135292641, 165.90151221909727], [40.998432525762645, 157.04914286867466], [49.80655956868042, 147.5285472678565], [64.88508599231928, 135.91979137637776], [69.0794793686628, 123.87025254028114], [79.872513934584, 109.36499501399727], [86.8203394878302, 107.2986944675195], [101.96867975418428, 106.90065098747837], [119.62685777816547, 108.56543351958507], [131.6441803701986, 109.86802447908178], [149.7512741586738, 112.53371752561634], [154.6006610167889, 112.94028522814094], [172.18764123709204, 114.83805554649808], [175.16947347215105, 117.50426568862173], [186.57850367475115, 131.723795511879], [196.89209902388498, 146.06161700369427], [203.53370089563953, 160.37287237216967], [206.60902481748283, 178.7813990258801], [201.9843682959742, 192.54378767294713], [195.77624917368357, 208.2730175141815], [189.60499027209502, 225.2039878246894], [185.1487382904957, 234.23110614214528], [186.63166857179314, 252.52484820967362], [187.3414347991461, 261.54953900659757], [186.62840296467496, 262.2365472784356], [172.45253758359578, 260.36361469640207], [159.4971642229903, 259.98820289349794], [140.50315064356298, 258.1606405703619], [136.53439835162453, 257.6616363166392], [118.01853938764174, 251.77872185881145], [114.40150653117239, 250.07077768079475], [97.3691095733021, 250.96481010158956], [87.46517582433316, 264.1707127760088], [80.48546123785871, 277.003862659659], [73.79586915247974, 288.32602558765666], [69.60996521242352, 301.1724606350611], [65.12416598274754, 316.80200621022385], [63.12695748968406, 324.3904554097868]]}