{"harita_boyut": {"genislik": 422, "yukseklik": 251}, "baslangic": [100.95825043431691, 208.7109519914939], "hedef": [333.3063867471409, 141.6560337743697], "engeller": [["daire", 111, 127, 4], ["dikdortgen", 314, 94, 17, 15], ["dikdortgen", 134, 50, 12, 10], ["dikdortgen", 271, 113, 9, 18], ["daire", 205, 136, 3], ["dikdortgen", 8, 196, 20, 9], ["dikdortgen", 25, 170, 17, 12], ["dikdortgen", 16, 36, 12, 6], ["dikdortgen", 12, 191, 16, 9], ["daire", 405, 162, 8], ["daire", 252, 53, 5], ["daire", 132, 42, 7], ["dikdortgen", 308, 106, 11, 15], ["daire", 174, 145, 14], ["dikdortgen", 132, 65, 8, 17], ["dikdortgen", 240, 127, 15, 14], ["daire", 80, 124, 7], ["daire", 92, 236, 9], ["daire", 374, 214, 3], ["dikdortgen", 186, 222, 6, 10], ["daire", 237, 142, 7], ["daire", 313, 120, 4], ["daire", 132, 41, 5], ["dikdortgen", 158, 202, 13, 17], ["daire", 367, 15, 13], ["dikdortgen", 161, 179, 7, 12], ["daire", 331, 186, 7], ["daire", 346, 87, 4], ["daire", 52, 226, 14], ["dikdortgen", 173, 71, 17, 12], ["dikdortgen", 328, 39, 10, 7], ["dikdortgen", 171, 157, 9, 7], ["dikdortgen", 183, 197, 14, 8], ["daire", 227, 88, 5], ["daire", 162, 9, 7], ["dikdortgen", 383, 196, 18, 13], ["dikdortgen", 154, 114, 14, 11], ["daire", 357, 74, 9], ["dikdortgen", 51, 66, 16, 18], ["daire", 373, 228, 9], ["dikdortgen", 118, 117, 5, 17], ["dikdortgen", 121, 37, 5, 5], ["daire", 88, 222, 5], ["dikdortgen", 378, 175, 8, 11], ["dikdortgen", 127, 36, 16, 13], ["dikdortgen", 189, 120, 14, 7], ["daire", 387, 208, 15], ["daire", 155, 191, 4], ["dikdortgen", 201, 29, 7, 15], ["dikdortgen", 147, 125, 7, 19], ["dikdortgen", 175, 176, 14, 5], ["dikdortgen", 272, 122, 7, 9]], "rrt_path": [[100.95825043431691, 208.7109519914939], [114.10945120486777, 201.62006305960412], [121.2368621685585, 199.51599083975842], [135.0503865686066, 186.93110086743604], [135.68840431794152, 180.31321349020382], [135.35297413825893, 165.3531870870697], [136.05574394556297, 148.23978795284233], [134.06066709349793, 133.61103750226837], [142.61600933850056, 117.16091675048101], [148.22718614622545, 107.2815136668681], [163.50370199891125, 103.06287406128952], [180.15663435997428, 106.9682334201238], [199.19981154644796, 103.51501884128359], [208.7748498240277, 107.26878308479635], [220.96859736227634, 113.82039652571825], [234.70085532768772, 116.08689948678192], [253.03322688937143, 115.58388760685166], [269.0867486645963, 106.1852061661178], [282.1419949787653, 105.20880792810176], [285.3349035938315, 106.97768370448681], [287.41837817268066, 122.63702702318832], [302.8555393172652, 131.50628602798676], [321.27693296316846, 137.6564242306419], [333.3063867471409, 141.6560337743697]]}