{"harita_boyut": {"genislik": 271, "yukseklik": 281}, "baslangic": [108.30528790655102, 72.49201639133486], "hedef": [263.81403155276575, 172.82724718730907], "engeller": [["dikdortgen", 217, 28, 18, 13], ["daire", 38, 137, 10], ["daire", 233, 18, 3], ["dikdortgen", 197, 186, 20, 17], ["dikdortgen", 123, 115, 14, 14], ["daire", 87, 251, 9], ["dikdortgen", 165, 141, 12, 15], ["dikdortgen", 156, 26, 20, 6], ["daire", 129, 183, 12], ["dikdortgen", 68, 71, 5, 15], ["daire", 163, 154, 7], ["dikdortgen", 99, 268, 16, 9], ["dikdortgen", 222, 97, 5, 13], ["daire", 259, 128, 4], ["dikdortgen", 42, 64, 16, 10], ["daire", 83, 195, 5], ["daire", 192, 196, 4], ["daire", 40, 163, 7], ["daire", 54, 213, 15], ["daire", 253, 28, 15], ["daire", 185, 70, 7], ["dikdortgen", 75, 24, 16, 6], ["dikdortgen", 200, 91, 19, 7], ["dikdortgen", 41, 225, 9, 10], ["dikdortgen", 46, 233, 20, 15], ["daire", 227, 219, 10], ["daire", 152, 189, 3], ["daire", 261, 252, 9], ["dikdortgen", 38, 225, 15, 7], ["dikdortgen", 75, 204, 12, 8], ["dikdortgen", 250, 206, 15, 15], ["daire", 149, 183, 9], ["daire", 14, 12, 10], ["dikdortgen", 207, 105, 5, 14], ["dikdortgen", 115, 33, 14, 13], ["daire", 190, 96, 9], ["dikdortgen", 80, 171, 14, 16], ["daire", 215, 165, 9]], "rrt_path": [[108.30528790655102, 72.49201639133486], [100.60394361543001, 74.45590683712568], [102.54529333681837, 76.37093329272166], [103.19575385504518, 83.08620541757806], [103.40874964529837, 100.54577030116005], [103.86198849249209, 117.05849035737275], [107.49787186207418, 126.59553071391245], [113.66315950843749, 143.21438077097753], [124.00109441128849, 158.1578983150251], [137.10353067012528, 162.99960231692557], [155.1241274812779, 168.64042607567077], [170.60211615132886, 176.17679092032589], [189.04262154416213, 178.6703282936403], [199.70502363333, 179.20835035274345], [218.5210884693415, 178.97477359936707], [232.5884130779603, 178.2410922105113], [249.78841886980092, 172.9059768289567], [263.81403155276575, 172.82724718730907]]}