{"harita_boyut": {"genislik": 279, "yukseklik": 202}, "baslangic": [208.45976635136643, 99.37187837811445], "hedef": [72.32737554292996, 145.8253792822675], "engeller": [["dikdortgen", 262, 89, 7, 5], ["daire", 76, 74, 15], ["dikdortgen", 114, 140, 18, 10], ["dikdortgen", 33, 33, 16, 7], ["dikdortgen", 147, 100, 8, 12], ["dikdortgen", 201, 73, 19, 19], ["dikdortgen", 196, 131, 17, 8], ["dikdortgen", 6, 70, 5, 10], ["daire", 245, 108, 7], ["daire", 28, 78, 15], ["dikdortgen", 179, 11, 15, 6], ["daire", 190, 122, 4], ["dikdortgen", 113, 16, 14, 17], ["dikdortgen", 180, 187, 6, 5], ["daire", 30, 109, 6], ["dikdortgen", 147, 5, 19, 9], ["daire", 96, 65, 4], ["daire", 225, 150, 14], ["daire", 241, 144, 7], ["dikdortgen", 97, 145, 20, 8], ["dikdortgen", 252, 14, 10, 11], ["dikdortgen", 56, 21, 12, 15], ["dikdortgen", 203, 46, 17, 17], ["daire", 106, 122, 15], ["daire", 236, 26, 8], ["dikdortgen", 30, 120, 20, 16], ["daire", 135, 108, 13], ["dikdortgen", 101, 118, 13, 6]], "rrt_path": [[208.45976635136643, 99.37187837811445], [192.94567593388, 99.17970750419425], [181.50739797615998, 94.53738219649162], [162.94765004544254, 88.41218000208008], [148.24874884710985, 82.36081529656376], [146.3783286009097, 84.34527496507287], [142.9225464706201, 86.35961601563282], [125.71859132694235, 90.6968756152626], [109.01999954349068, 99.33202976202331], [91.96371279739249, 105.47228440705042], [83.99401339033427, 117.46920537131751], [85.97006769085658, 128.05330019823296], [76.29442177533748, 145.31298862081746], [72.32737554292996, 145.8253792822675]]}