{"harita_boyut": {"genislik": 336, "yukseklik": 107}, "baslangic": [294.549853018568, 7.829518258705431], "hedef": [36.234076128044535, 93.20641772776386], "engeller": [["daire", 261, 83, 9], ["dikdortgen", 45, 73, 13, 10], ["dikdortgen", 265, 2, 16, 10], ["dikdortgen", 258, 24, 9, 8], ["daire", 48, 15, 12], ["dikdortgen", 82, 23, 7, 20], ["daire", 169, 86, 15], ["dikdortgen", 132, 54, 14, 11], ["dikdortgen", 237, 52, 11, 16], ["daire", 230, 56, 4], ["dikdortgen", 279, 94, 19, 13], ["daire", 307, 74, 12], ["dikdortgen", 76, 12, 8, 19], ["daire", 52, 66, 10], ["dikdortgen", 243, 36, 5, 20], ["dikdortgen", 116, 8, 5, 18], ["daire", 25, 30, 4]], "rrt_path": [[294.549853018568, 7.829518258705431], [286.1919588579015, 17.127943796396202], [267.0996554396572, 17.529403633061012], [261.0151351732996, 17.426695279754313], [257.365340913277, 15.789929609444048], [256.73934738712404, 13.292749676285899], [245.74889967640829, 20.269996054456634], [230.46944831146862, 29.174698376273643], [223.07772832508624, 34.705631384251426], [213.08566496264302, 40.60900586472561], [194.60560910060047, 46.48953492445821], [178.12168737135545, 55.17213002562048], [169.60951360034, 59.759977453744106], [158.186171849479, 67.98910204434848], [143.32520970979425, 71.91439626187868], [128.44633184032753, 72.73262973290656], [110.72278971269262, 76.85028225595724], [98.42664436380613, 79.4495011704229], [80.27971998333007, 84.92424049693315], [71.70875060411329, 86.24613660557424], [56.820556836851026, 89.37183443181638], [41.86807656707943, 92.66994761907243], [36.234076128044535, 93.20641772776386]]}