{"harita_boyut": {"genislik": 236, "yukseklik": 376}, "baslangic": [42.11837227872826, 56.68142625445111], "hedef": [214.85802341729433, 130.014987573414], "engeller": [["daire", 96, 78, 12], ["daire", 222, 229, 10], ["daire", 114, 119, 8], ["dikdortgen", 169, 333, 10, 7], ["dikdortgen", 155, 13, 14, 10], ["dikdortgen", 172, 166, 17, 5], ["dikdortgen", 100, 254, 20, 9], ["daire", 223, 350, 13], ["dikdortgen", 80, 291, 20, 18], ["dikdortgen", 27, 156, 16, 9], ["daire", 151, 302, 8], ["dikdortgen", 93, 81, 20, 15], ["dikdortgen", 89, 107, 18, 14], ["dikdortgen", 216, 1, 14, 7], ["dikdortgen", 205, 344, 9, 18], ["dikdortgen", 193, 133, 11, 7], ["dikdortgen", 187, 78, 19, 12], ["dikdortgen", 87, 327, 20, 8], ["daire", 197, 211, 8], ["daire", 157, 50, 4], ["dikdortgen", 104, 227, 17, 18], ["daire", 57, 266, 10], ["dikdortgen", 106, 75, 5, 14], ["dikdortgen", 69, 253, 19, 6], ["dikdortgen", 86, 97, 9, 18], ["dikdortgen", 50, 181, 5, 10], ["dikdortgen", 112, 194, 20, 11], ["dikdortgen", 176, 204, 5, 12], ["dikdortgen", 117, 13, 18, 18], ["dikdortgen", 85, 298, 17, 20], ["dikdortgen", 28, 0, 12, 18], ["daire", 44, 76, 9], ["daire", 22, 68, 8], ["daire", 192, 156, 7], ["dikdortgen", 113, 304, 5, 8], ["daire", 194, 79, 4], ["dikdortgen", 214, 274, 9, 20], ["daire", 218, 16, 11], ["daire", 181, 118, 3], ["dikdortgen", 109, 87, 20, 11], ["dikdortgen", 61, 7, 19, 7], ["daire", 120, 69, 10], ["dikdortgen", 204, 86, 9, 7], ["daire", 61, 40, 3]], "rrt_path": [[42.11837227872826, 56.68142625445111], [56.705666849029946, 61.752470414765575], [74.29391957853291, 65.59948309751806], [81.3975203723274, 62.458263254452454], [92.901181882693, 57.12448774841456], [112.10429398338252, 53.282352261508805], [125.59223271314809, 53.65645412280478], [126.68508227153517, 53.92109487412837], [129.82211188655756, 56.402837244817235], [143.68348069816201, 68.9162952704718], [145.41104880768623, 77.4947437020424], [150.32363819079816, 94.66937889472871], [161.6786149017363, 98.18406965228293], [177.51419834527408, 108.21948468297713], [197.1249395439336, 111.82970731415982], [202.1725403003611, 117.3334892871667], [214.85802341729433, 130.014987573414]]}