{"harita_boyut": {"genislik": 333, "yukseklik": 389}, "baslangic": [280.96234977418715, 123.27934842694886], "hedef": [209.79421306290206, 298.5387359510228], "engeller": [["dikdortgen", 41, 121, 17, 18], ["daire", 209, 15, 11], ["dikdortgen", 73, 207, 10, 13], ["dikdortgen", 70, 218, 10, 20], ["dikdortgen", 31, 290, 20, 6], ["daire", 230, 325, 10], ["dikdortgen", 295, 170, 20, 12], ["daire", 234, 171, 8], ["dikdortgen", 189, 228, 6, 20], ["daire", 217, 335, 8], ["dikdortgen", 141, 260, 12, 9], ["dikdortgen", 130, 380, 11, 7], ["dikdortgen", 9, 46, 5, 19], ["dikdortgen", 214, 44, 20, 17], ["daire", 294, 166, 6], ["daire", 157, 297, 9], ["dikdortgen", 77, 191, 17, 6], ["daire", 99, 327, 14], ["daire", 117, 272, 5], ["dikdortgen", 233, 107, 15, 13], ["dikdortgen", 206, 72, 9, 13], ["daire", 230, 111, 12], ["daire", 131, 246, 6], ["dikdortgen", 47, 128, 19, 13], ["dikdortgen", 90, 177, 5, 11], ["dikdortgen", 60, 157, 19, 15], ["daire", 111, 38, 14], ["daire", 294, 241, 13], ["daire", 78, 265, 13], ["daire", 203, 17, 12], ["daire", 295, 168, 11], ["dikdortgen", 52, 306, 17, 20], ["dikdortgen", 312, 116, 8, 11], ["daire", 217, 89, 3], ["dikdortgen", 5, 194, 19, 6], ["daire", 28, 251, 8], ["daire", 280, 50, 12], ["dikdortgen", 70, 266, 17, 13], ["daire", 45, 10, 10], ["dikdortgen", 293, 149, 14, 17], ["dikdortgen", 301, 105, 8, 17], ["dikdortgen", 313, 63, 19, 11], ["daire", 315, 300, 10], ["dikdortgen", 205, 77, 20, 5], ["daire", 178, 178, 10], ["dikdortgen", 137, 116, 14, 6], ["dikdortgen", 14, 90, 18, 17], ["daire", 292, 310, 6], ["dikdortgen", 71, 282, 9, 13], ["daire", 321, 188, 3], ["daire", 158, 226, 9], ["dikdortgen", 299, 64, 19, 8], ["dikdortgen", 305, 277, 7, 13], ["dikdortgen", 211, 127, 9, 14], ["dikdortgen", 287, 317, 5, 6], ["daire", 78, 274, 3], ["dikdortgen", 62, 197, 10, 15], ["daire", 185, 326, 13], ["dikdortgen", 265, 22, 9, 17], ["daire", 105, 113, 4], ["dikdortgen", 278, 353, 5, 7], ["dikdortgen", 18, 115, 12, 5], ["dikdortgen", 9, 379, 8, 8], ["dikdortgen", 218, 114, 18, 18]], "rrt_path": [[280.96234977418715, 123.27934842694884], [280.8399407712874, 123.77034054810929], [280.71990244076545, 124.2615869636265], [280.6022347826213, 124.75308767350047], [280.48693779685493, 125.24484267773126], [280.37401148346635, 125.73685197631883], [280.26345584245564, 126.2291155692632], [280.1552708738227, 126.72163345656435], [280.04945657756764, 127.21440563822226], [279.9460129536903, 127.707432114237], [279.84494000219087, 128.2007128846085], [279.74623772306916, 128.69424794933684], [279.64990611632527, 129.18803730842188], [279.55594518195915, 129.68208096186373], [279.46435491997084, 130.17637890966236], [279.37513533036037, 130.6709311518178], [279.2882864131277, 131.16573768833004], [279.2038081682729, 131.66079851919906], [279.1217005957958, 132.15611364442486], [279.0419636956965, 132.65168306400744], [278.9645974679751, 133.14750677794683], [278.8896019126314, 133.64358478624297], [278.8169770296656, 134.1399170888959], [278.7467228190776, 134.63650368590567], [278.67883928086735, 135.13334457727217], [278.613326415035, 135.63043976299545], [278.55018422158037, 136.12778924307554], [278.4894127005035, 136.6253930175124], [278.43101185180456, 137.1232510863061], [278.37498167548335, 137.6213634494565], [278.3213221715399, 138.11973010696377], [278.2700333399744, 138.6183510588278], [278.2211151807867, 139.1172263050486], [278.1745676939767, 139.61635584562623], [278.1303908795445, 140.11573968056055], [278.0885847374902, 140.61537780985174], [278.0491492678137, 141.11527023349973], [278.0120844705149, 141.61541695150447], [277.9773903455939, 142.11581796386596], [277.9450668930508, 142.6164732705843], [277.91511411288553, 143.1173828716594], [277.887532005098, 143.6185467670913], [277.86232056968834, 144.11996495687995], [277.8390910538577, 144.62157685056422], [277.8154354876705, 145.123007145357], [277.79093969896724, 145.62419128897142], [277.76560368774767, 146.12512928140748], [277.7394274540119, 146.6258211226652], [277.71241099775995, 147.12626681274457], [277.68455431899173, 147.6264663516456], [277.65585741770735, 148.12641973936826], [277.6263202939067, 148.62612697591257], [277.59594294758995, 149.12558806127856], [277.564725378757, 149.62480299546618], [277.5326675874078, 150.1237717784755], [277.4997695735424, 150.62249441030644], [277.4660313371607, 151.12097089095903], [277.4314528782629, 151.6192012204333], [277.396034196849, 152.11718539872925], [277.35977529291875, 152.61492342584683], [277.32267616647226, 153.11241530178603], [277.28473681750967, 153.6096610265469], [277.24595724603086, 154.10666060012943], [277.20633745203577, 154.6034140225336], [277.1658774355246, 155.09992129375945], [277.1245771964971, 155.59618241380696], [277.08174546809425, 156.0925528237279], [277.0366517985453, 156.58940811298143], [276.98929604999887, 157.08674835244898], [276.9396782224551, 157.58457354213056], [276.88779831591387, 158.08288368202616], [276.8336563303752, 158.58167877213575], [276.777252265839, 159.08095881245936], [276.71858612230557, 159.58072380299706], [276.6576578997745, 160.0809737437487], [276.59446759824607, 160.5817086347144], [276.52901521772026, 161.08292847589414], [276.46130075819696, 161.58463326728784], [276.3913242196762, 162.08682300889564], [276.31908560215805, 162.5894977007174], [276.24458490564245, 163.09265734275317], [276.1678221301295, 163.59630193500303], [276.08879727561896, 164.10043147746683], [276.007510342111, 164.6050459701447], [275.92396132960573, 165.1101454130366], [275.83815023810297, 165.6157298061425], [275.7500770676027, 166.1217991494624], [275.65974181810515, 166.62835344299637], [275.5671444896101, 167.13539268674432], [275.47228508211754, 167.6429168807063], [275.3751635956276, 168.15092602488232], [275.27578003014025, 168.65942011927234], [275.17413438565546, 169.16839916387642], [275.0702266621732, 169.67786315869446], [274.9640568596935, 170.18781210372657], [274.8556249782164, 170.69824599897265], [274.74493101774186, 171.2091648444328], [274.63197497826985, 171.72056864010693], [274.51675685980047, 172.23245738599513], [274.3992766623336, 172.74483108209733], [274.2795343858693, 173.25768972841354], [274.1575300304076, 173.77103332494374], [274.0314140444944, 174.28285382027394], [273.8956292889546, 174.7871178482302], [273.7498005201932, 175.28341800818075], [273.5939277382104, 175.7717543001255], [273.42801094300626, 176.25212672406457], [273.2520501345806, 176.7245352799979], [273.06604531293345, 177.18897996792543], [272.86999647806493, 177.64546078784733], [272.6639036299749, 178.0939777397634], [272.4477667686635, 178.53453082367378], [272.2215858941306, 178.96712003957842], [271.98536100637637, 179.3917453874774], [271.7390921054006, 179.8084068673705], [271.4827791912034, 180.21710447925796], [271.2164222637848, 180.61783822313964], [270.9400213231448, 181.01060809901566], [270.6535763692832, 181.39541410688588], [270.35708740220025, 181.77225624675037], [270.05055442189587, 182.14113451860914], [269.7339774283701, 182.50204892246222], [269.4073564216228, 182.85499945830952], [269.07069140165413, 183.1999861261511], [268.72398236846396, 183.53700892598692], [268.3672293220524, 183.86606785781706], [268.0004322624194, 184.1871629216414], [267.62359118956493, 184.50029411746002], [267.23670610348904, 184.80546144527293], [266.8397770041917, 185.10266490508008], [266.43280389167296, 185.39190449688152], [266.0157867659327, 185.67318022067724], [265.58872562697104, 185.9464920764672], [265.15162047478805, 186.21184006425145], [264.70447130938345, 186.46922418402994], [264.2476668776054, 186.7189654527681], [263.78966819700355, 186.96805075715605], [263.33391922773495, 187.21932402929104], [262.8804199697999, 187.4727852691731], [262.42917042319806, 187.72843447680216], [261.98017058792976, 187.98627165217837], [261.5334204639948, 188.2462967953016], [261.08892005139325, 188.50850990617178], [260.6466693501251, 188.7729109847891], [260.20666836019035, 