{"harita_boyut": {"genislik": 429, "yukseklik": 185}, "baslangic": [254.46707521350828, 124.206401138372], "hedef": [69.82253406721942, 134.65419110759214], "engeller": [["dikdortgen", 90, 17, 14, 14], ["dikdortgen", 17, 166, 19, 5], ["dikdortgen", 237, 157, 11, 13], ["daire", 56, 27, 11], ["daire", 378, 36, 14], ["dikdortgen", 262, 36, 20, 9], ["daire", 359, 153, 13], ["daire", 307, 49, 3], ["dikdortgen", 208, 144, 11, 18], ["dikdortgen", 56, 148, 12, 8], ["daire", 38, 18, 11], ["dikdortgen", 68, 106, 9, 18], ["dikdortgen", 191, 21, 11, 5], ["dikdortgen", 139, 58, 9, 6], ["daire", 251, 153, 3], ["dikdortgen", 208, 41, 5, 9], ["daire", 223, 53, 3], ["dikdortgen", 236, 159, 14, 5], ["dikdortgen", 104, 73, 13, 11], ["daire", 141, 178, 6], ["dikdortgen", 279, 74, 10, 15], ["daire", 366, 82, 7], ["daire", 170, 176, 9], ["daire", 262, 98, 3], ["dikdortgen", 410, 132, 15, 10], ["daire", 6, 88, 5], ["daire", 369, 178, 3], ["daire", 179, 58, 13], ["dikdortgen", 399, 2, 5, 19], ["dikdortgen", 144, 31, 17, 17], ["dikdortgen", 295, 131, 17, 19], ["dikdortgen", 235, 70, 18, 12], ["dikdortgen", 15, 134, 10, 13], ["dikdortgen", 327, 153, 16, 10], ["dikdortgen", 219, 143, 12, 20], ["dikdortgen", 305, 98, 7, 16], ["daire", 253, 33, 12], ["daire", 386, 153, 3], ["dikdortgen", 375, 20, 6, 10]], "rrt_path": [[254.4670752135083, 124.20640113837199], [253.9782221201234, 124.0908332541716], [253.48917923282343, 123.97626763254674], [252.99994655160847, 123.86270427349736], [252.51052407647842, 123.7501431770235], [252.02091180743332, 123.63858434312516], [251.53110974447333, 123.52802777180236], [251.04111788759812, 123.41847346305498], [250.55093623680796, 123.30992141688321], [250.06056479210272, 123.20237163328687], [249.57000355348248, 123.09582411226607], [249.07925252094716, 122.9902788538208], [248.58831169449687, 122.88573585795103], [248.09718107413156, 122.78219512465677], [247.60586065985112, 122.67965665393798], [247.11435045165572, 122.57812044579475], [246.62265044954526, 122.477586500227], [246.1307606535198, 122.3780548172348], [245.63868106357918, 122.27952539681806], [245.14641167972363, 122.18199823897683], [244.65395250195297, 122.08547334371114], [244.1613035302673, 121.98995071102092], [243.66846476466665, 121.89543034090627], [243.17543620515096, 121.80191223336709], [242.6822178517202, 121.70939638840343], [242.1888097043744, 121.61788280601529], [241.69521176311358, 121.52737148620264], [241.20142402793766, 121.43786242896549], [240.7074464988468, 121.34935563430389], [240.21327917584082, 121.26185110221775], [239.7189220589199, 121.17534883270717], [239.22437514808385, 121.08984882577205], [238.72963844333282, 121.00535108141247], [238.23471194466669, 120.92185559962837], [237.7395956520856, 120.83936238041983], [237.24428956558944, 120.75787142378675], [236.7487936851782, 120.6773827297292], [236.25310801085197, 120.59789629824718], [235.75723254261075, 120.51941212934065], [235.26116728045443, 120.44193022300962], [234.76491222438312, 120.36545057925412], [234.2684673743967, 120.28997319807411], [233.77183273049528, 120.21549807946963], [233.27500829267888, 120.14202522344064], [232.77799406094732, 120.06955462998715], [232.2807900353008, 119.99808629910922], [231.78339621573926, 119.92762023080675], [231.2858126022627, 119.85815642507983], [230.78803919487103, 119.78969488192837], [230.29002594594974, 119.7229610367212], [229.79166291403692, 119.65954848039041], [229.29294618561312, 119.59951393902591], [228.79387576067836, 119.5428574126277], [228.29445163923256, 119.48957890119573], [227.79467382127575, 119.43967840473005], [227.29454230680795, 119.39315592323062], [226.79405709582912, 119.35001145669746], [226.29321818833927, 119.31024500513057], [225.79202558433846, 119.27385656852998], [225.29047928382667, 119.24084614689563], [224.78857928680378, 119.21121374022756], [224.28632559326996, 119.18495934852578], [223.78371820322513, 119.16208297179024], [223.28075711666924, 119.14258461002098], [222.77744233360244, 119.12646426321801], [222.27377385402457, 119.11372193138126], [221.7697516779357, 119.10435761451082], [221.26537580533585, 119.09837131260664], [220.76064623622497, 119.09576302566875], [220.2555629706031, 119.09653275369712], [219.7501260084702, 119.10068049669174], [219.24433534982631, 119.10820625465266], [218.73819099467138, 119.11911002757981], [218.23169294300553, 119.13339181547326], [217.72484119482863, 119.151051618333], [217.21763575014074, 119.172089436159], [216.71007660894182, 119.19650526895124], [216.20216377123197, 119.2242991167098], [215.69389723701102, 119.25547097943456], [215.18527700627908, 119.29002085712563], [214.67630307903616, 119.32794874978299], [214.16697545528223, 119.36925465740659], [213.65729413501728, 119.41393857999645], [213.14726360428136, 119.46197560831146], [212.63804537874248, 119.50691629616045], [212.1305419703031, 119.54374934484774], [211.62475337896322, 119.57247475437336], [211.12067960472277, 119.59309252473726], [210.6183206475818, 119.60560265593946], [210.11767650754035, 119.61000514797996], [209.61874718459836, 119.60630000085877], [209.12153267875595, 119.59448721457593], [208.6260329900129, 119.57456678913132], [208.1322481183694, 119.54653872452506], [207.6401780638254, 119.51040302075711], [207.14982282638087, 119.46615967782742], [206.66118240603578, 119.41380869573607], [206.17425680279027, 119.35335007448302], [205.6890460166442, 119.28478381406826], [205.20555004759763, 119.20810991449181], [204.72376889565055, 119.12332837575369], [204.2437025608029, 119.03043919785385], [203.76535104305475, 118.9294423807923], [203.28871434240614, 118.82033792456909], [202.813792458857, 118.70312582918416], [202.34058539240738, 118.57780609463757], [201.86909314305714, 118.44437872092922], [201.39918411046776, 118.30304546975609], [200.92452516800788, 118.16351590864794], [200.44162580932198, 118.0311414712876], [199.95048603441006, 117.9059221576751], [199.45110584327213, 117.78785796781045], [198.9434852359082, 117.6769489016936], [198.42762421231822, 117.57319495932461], [197.9035227725022, 117.47659614070346], [197.37118091646022, 117.38715244583014], [196.8305986441922, 117.30486387470464], [196.28177595569815, 117.22973042732698], [195.72471285097808, 117.16175210369718], [195.15940933003193, 117.10092890381516], [194.58586539285983, 117.04726082768101], [194.00408103946174, 117.0007478752947], [193.41405626983754, 116.96139004665619], [192.81579108398734, 116.92918734176553], [192.2092854819112, 116.90413976062271], [191.59453946360898, 116.88624730322773], [190.97155302908072, 116.87550996958055], [190.34032617832648, 116.87192775968124], [189.70085891134622, 116.87550067352976], [189.05315122813994, 116.88622871112611], [188.40947130310948, 116.89349403996685], [187.80220106696743, 116.8692708181314], [187.23306356641916, 116.81206778696007], [186.70205880146474, 116.72188494645287], [186.2091867721042, 116.59872229660984], [185.7544474783375, 116.4425798374309], [185.33784092016464, 116.2534575689161], [184.95936709758564, 116.03135549106544], [184.6190260106005, 115.7762736038789], [184.31681765920922, 115.48821190735654], [184.05274204341174, 115.16717040149827], [183.8267991632082, 114.81314908630415], [183.6389890185984, 114.42614796177413], [183.48931160958256, 114.0061670279083], [183.37776693616047, 113.55320628470656], [183.3043549983323, 113.06726573216898], [183.2690204620788, 112.54839650577632], [183.23211503650307, 112.03323853246428], [183.15954020951546, 111.55330305681139], [183.05129598111589, 111.10859007881771], [182.90738235130448, 110.69909959848323], [182.7277993200811, 110.32483161580794], [182.51254688744586, 109.98578613079185], [182.26162505339863, 109.68196314343493], [181.97503381793962, 109.41336265373725], [181.6527731810686, 109.17998466169873], [181.29484314278577, 108.98182916731943], [180.90124370309093, 108.81889617059932], [180.47197486198428, 108.69118567153842], [180.00703661946568, 108.59869767013669], [179.50642897553524, 