{"harita_boyut": {"genislik": 458, "yukseklik": 382}, "baslangic": [29.309330690872606, 78.17334636001065], "hedef": [443.53344532963524, 281.25113950640184], "engeller": [["dikdortgen", 397, 157, 15, 15], ["dikdortgen", 181, 121, 12, 17], ["dikdortgen", 245, 201, 14, 20], ["dikdortgen", 263, 260, 5, 11], ["daire", 299, 136, 5], ["dikdortgen", 305, 262, 13, 20], ["dikdortgen", 289, 279, 9, 14], ["daire", 357, 258, 11], ["daire", 68, 196, 6], ["daire", 235, 15, 6], ["dikdortgen", 365, 345, 16, 18], ["dikdortgen", 264, 278, 14, 7], ["dikdortgen", 111, 62, 15, 13], ["dikdortgen", 263, 313, 5, 19], ["daire", 161, 304, 12], ["dikdortgen", 299, 128, 6, 20], ["dikdortgen", 94, 111, 18, 6], ["daire", 295, 353, 13], ["daire", 14, 332, 5], ["daire", 252, 149, 5], ["dikdortgen", 311, 316, 12, 5], ["dikdortgen", 95, 88, 13, 8], ["dikdortgen", 355, 349, 11, 10], ["dikdortgen", 368, 119, 8, 19], ["dikdortgen", 377, 263, 16, 20], ["dikdortgen", 222, 303, 16, 15], ["dikdortgen", 163, 355, 12, 13], ["daire", 170, 148, 13], ["dikdortgen", 259, 23, 20, 5], ["daire", 335, 138, 4], ["daire", 406, 92, 4], ["dikdortgen", 297, 172, 7, 10], ["daire", 147, 162, 5], ["dikdortgen", 397, 266, 20, 18], ["dikdortgen", 225, 118, 18, 19], ["dikdortgen", 63, 23, 9, 10], ["daire", 333, 283, 3], ["daire", 221, 227, 3], ["daire", 325, 120, 8], ["dikdortgen", 280, 72, 6, 5], ["daire", 141, 338, 11], ["dikdortgen", 203, 361, 13, 17], ["dikdortgen", 439, 344, 16, 12], ["dikdortgen", 305, 71, 8, 12], ["daire", 392, 263, 15], ["daire", 14, 76, 3], ["daire", 365, 290, 11], ["daire", 267, 233, 10], ["daire", 39, 364, 15], ["dikdortgen", 230, 291, 15, 9], ["daire", 68, 20, 10], ["dikdortgen", 6, 234, 13, 13], ["daire", 141, 280, 13], ["dikdortgen", 44, 211, 5, 12], ["daire", 98, 54, 15], ["dikdortgen", 177, 247, 13, 10], ["daire", 78, 302, 10], ["dikdortgen", 372, 162, 13, 8], ["dikdortgen", 265, 192, 9, 12], ["daire", 291, 155, 10], ["dikdortgen", 428, 217, 15, 13], ["daire", 205, 126, 15], ["dikdortgen", 134, 330, 13, 9], ["daire", 8, 271, 3], ["daire", 295, 331, 15], ["dikdortgen", 17, 179, 16, 13], ["dikdortgen", 254, 216, 10, 15], ["dikdortgen", 358, 118, 17, 12], ["dikdortgen", 215, 216, 13, 18], ["dikdortgen", 154, 63, 14, 9], ["dikdortgen", 108, 43, 9, 8], ["daire", 310, 378, 3], ["daire", 177, 97, 9], ["daire", 183, 322, 13], ["daire", 214, 165, 7], ["dikdortgen", 250, 154, 6, 19], ["dikdortgen", 167, 367, 18, 14], ["daire", 430, 302, 12], ["daire", 60, 274, 4], ["daire", 53, 351, 11], ["dikdortgen", 168, 336, 11, 9], ["daire", 204, 219, 4], ["dikdortgen", 208, 301, 6, 5], ["dikdortgen", 120, 161, 19, 5], ["daire", 267, 36, 9], ["daire", 181, 195, 13], ["dikdortgen", 297, 156, 16, 20]], "rrt_path": [[29.309330690872606, 78.17334636001065], [46.685873571479085, 87.72310984843865], [63.589618885823455, 96.62129315226665], [75.46832830894165, 104.70083672037244], [85.77568064674912, 116.98026083839565], [95.49210522469797, 131.2263431767014], [112.71791418726067, 133.584849022658], [127.4070631581447, 134.56749467672907], [137.3360362101412, 135.24973822553181], [154.12324677058086, 137.81811968411353], [166.79279933920247, 125.3508901555203], [173.9120596300932, 114.87838689248946], [173.80418721159168, 114.45529887910148], [187.60164206014392, 109.34838456417448], [197.51269549188945, 104.75208054241835], [214.49550938991712, 101.33560858845257], [222.34321444094962, 102.82148229291802], [239.32931870834472, 104.00061274611083], [257.5645510699259, 103.12187154092548], [269.27236799966136, 105.02789826277424], [288.1537198525712, 109.40203902827545], [295.9720963069034, 111.01368122005483], [310.0641225984319, 121.66805434923315], [318.11130102225945, 136.16021864358635], [326.92561614989586, 151.70398209336057], [329.1097112660349, 157.7562661702132], [333.02302151716276, 177.3675658434833], [333.06251713500785, 195.04350517700198], [330.4304009774524, 209.0357042700001], [336.9773454016554, 222.11220843139506], [351.5396695641932, 227.02747910200105], [368.0074197404435, 232.813417153235], [383.916528635612, 239.63792687649376], [401.9619878083189, 244.97843958140732], [416.34372642979616, 256.5051876011837], [430.0932635040066, 265.26633172777144], [435.6031206230763, 273.8714979985096], [443.53344532963524, 281.25113950640184]]}