{"harita_boyut": {"genislik": 481, "yukseklik": 125}, "baslangic": [258.60515734945625, 113.18065526026449], "hedef": [102.74614144622402, 12.358420491787399], "engeller": [["daire", 27, 89, 7], ["daire", 215, 10, 3], ["dikdortgen", 163, 12, 20, 6], ["dikdortgen", 39, 39, 20, 18], ["daire", 34, 18, 7], ["dikdortgen", 155, 49, 16, 15], ["daire", 305, 103, 10], ["dikdortgen", 58, 71, 12, 19], ["dikdortgen", 279, 52, 14, 5], ["daire", 209, 73, 6], ["daire", 300, 61, 4], ["dikdortgen", 237, 4, 18, 6], ["daire", 161, 80, 9], ["daire", 205, 16, 10], ["dikdortgen", 318, 36, 17, 10], ["daire", 446, 56, 5], ["daire", 158, 44, 15], ["daire", 399, 23, 9], ["dikdortgen", 114, 25, 12, 13], ["daire", 151, 87, 14], ["daire", 99, 40, 8], ["dikdortgen", 280, 5, 14, 10], ["daire", 124, 32, 3], ["daire", 131, 109, 11], ["dikdortgen", 189, 0, 19, 20], ["daire", 317, 62, 10], ["dikdortgen", 49, 75, 6, 9], ["daire", 332, 44, 6], ["dikdortgen", 20, 78, 17, 16], ["dikdortgen", 379, 76, 9, 10]], "rrt_path": [[258.60515734945625, 113.18065526026449], [271.6400332276842, 103.67478675764426], [280.5708300751122, 97.66369380244761], [295.7679131193076, 89.67167282087085], [308.73574861737217, 76.45399080163605], [305.91961319628933, 77.02514721721167], [294.6466586880878, 69.13141480778071], [281.722937677219, 63.58989315462383], [273.8818600976902, 62.482125694978336], [257.74961202641197, 51.10080661840304], [242.20648205630786, 44.470860544007905], [225.1511018069554, 40.95345026336263], [210.86420104026385, 37.11401089176696], [201.28553204743764, 33.335728610239585], [182.97143997760054, 30.23107505351514], [163.80035111672038, 24.788370115711384], [159.88782530326793, 23.956419540816242], [140.6487794581541, 21.099355373416326], [128.97484289029083, 19.02159433566176], [109.75720914145279, 16.174607912098864], [102.74614144622402, 12.358420491787399]]}