{"harita_boyut": {"genislik": 328, "yukseklik": 194}, "baslangic": [196.35287444647258, 160.6728480487997], "hedef": [59.2303224145568, 108.13836551784264], "engeller": [["daire", 297, 126, 11], ["daire", 27, 142, 12], ["dikdortgen", 271, 174, 15, 14], ["daire", 232, 67, 8], ["dikdortgen", 9, 17, 6, 5], ["dikdortgen", 311, 131, 16, 17], ["dikdortgen", 47, 120, 6, 8], ["dikdortgen", 165, 15, 15, 12], ["dikdortgen", 85, 60, 8, 13], ["dikdortgen", 89, 171, 10, 7], ["dikdortgen", 19, 73, 13, 19], ["daire", 121, 191, 3], ["dikdortgen", 301, 145, 13, 20], ["dikdortgen", 12, 70, 6, 13], ["daire", 64, 12, 8], ["daire", 315, 29, 7], ["dikdortgen", 60, 10, 16, 16], ["dikdortgen", 49, 70, 12, 12], ["daire", 281, 125, 4], ["dikdortgen", 230, 66, 11, 19], ["daire", 266, 43, 4], ["daire", 94, 84, 7], ["dikdortgen", 27, 99, 6, 15], ["dikdortgen", 86, 7, 17, 15], ["dikdortgen", 109, 15, 14, 16], ["daire", 222, 176, 11], ["dikdortgen", 205, 16, 20, 10], ["dikdortgen", 129, 164, 13, 9], ["daire", 184, 174, 9], ["daire", 195, 22, 3], ["daire", 43, 31, 7]], "rrt_path": [[196.35287444647258, 160.6728480487997], [190.11680519135365, 155.78201634271505], [178.613480474364, 146.3986835076279], [165.16631411906215, 135.96830807188454], [161.54188463506722, 134.2761169137856], [149.33930022110766, 123.14689684761684], [139.24987157019405, 118.79879117317323], [122.0170148021174, 110.40632567344387], [105.21585673936826, 100.24080250980408], [103.1106888407598, 96.83958682733576], [101.24354374884234, 96.84383258617527], [82.1366932637527, 96.37058556429396], [68.03420047637424, 100.9099002782977], [59.2303224145568, 108.13836551784264]]}