{"harita_boyut": {"genislik": 427, "yukseklik": 473}, "baslangic": [156.01278140538835, 363.42205825088973], "hedef": [263.3343946658537, 341.4388766462585], "engeller": [["dikdortgen", 14, 429, 15, 5], ["dikdortgen", 54, 291, 10, 7], ["dikdortgen", 334, 253, 7, 18], ["daire", 115, 252, 10], ["daire", 125, 458, 6], ["dikdortgen", 299, 422, 15, 13], ["dikdortgen", 132, 324, 9, 20], ["daire", 72, 405, 15], ["dikdortgen", 124, 413, 18, 19], ["daire", 171, 296, 7], ["daire", 163, 299, 7], ["dikdortgen", 218, 89, 12, 16], ["dikdortgen", 132, 46, 20, 13], ["daire", 353, 11, 10], ["dikdortgen", 103, 293, 14, 18], ["dikdortgen", 173, 456, 19, 7], ["daire", 219, 289, 7], ["dikdortgen", 321, 416, 8, 9], ["dikdortgen", 301, 91, 17, 7], ["dikdortgen", 400, 237, 17, 12], ["dikdortgen", 8, 459, 8, 7], ["dikdortgen", 293, 22, 5, 20], ["daire", 177, 463, 7], ["dikdortgen", 272, 8, 17, 5], ["dikdortgen", 251, 275, 7, 12], ["dikdortgen", 373, 212, 14, 5], ["dikdortgen", 354, 407, 13, 18], ["dikdortgen", 99, 68, 5, 18], ["daire", 393, 129, 3], ["dikdortgen", 171, 154, 18, 6], ["dikdortgen", 290, 190, 15, 16], ["dikdortgen", 286, 169, 13, 6], ["dikdortgen", 394, 248, 20, 5], ["dikdortgen", 115, 313, 14, 14], ["dikdortgen", 184, 83, 17, 13], ["daire", 326, 69, 3], ["daire", 94, 109, 4], ["dikdortgen", 133, 421, 8, 20], ["daire", 336, 90, 10], ["daire", 23, 161, 13], ["daire", 333, 86, 12], ["dikdortgen", 72, 443, 10, 17], ["daire", 375, 290, 4], ["dikdortgen", 117, 412, 12, 17], ["daire", 253, 306, 13], ["daire", 265, 364, 5], ["daire", 400, 454, 12], ["dikdortgen", 194, 229, 19, 6], ["dikdortgen", 263, 41, 20, 12], ["daire", 264, 133, 3], ["dikdortgen", 238, 363, 20, 13], ["dikdortgen", 11, 115, 17, 19], ["daire", 272, 199, 4], ["dikdortgen", 178, 397, 18, 8], ["daire", 130, 375, 12], ["daire", 274, 232, 10], ["dikdortgen", 362, 349, 16, 7], ["daire", 358, 350, 9], ["dikdortgen", 90, 98, 20, 7], ["dikdortgen", 188, 269, 12, 9], ["daire", 338, 232, 14], ["daire", 239, 250, 6], ["dikdortgen", 30, 243, 14, 19], ["dikdortgen", 212, 151, 12, 5], ["daire", 178, 258, 7], ["dikdortgen", 271, 299, 5, 12], ["daire", 305, 415, 6], ["dikdortgen", 237, 281, 8, 17], ["daire", 411, 323, 6], ["daire", 353, 356, 3], ["dikdortgen", 63, 164, 7, 14], ["dikdortgen", 347, 94, 12, 13], ["daire", 104, 280, 12], ["dikdortgen", 230, 449, 11, 13], ["daire", 111, 81, 11], ["daire", 188, 425, 7], ["dikdortgen", 292, 407, 11, 11], ["daire", 380, 223, 8], ["dikdortgen", 397, 212, 20, 19], ["dikdortgen", 339, 279, 9, 16], ["daire", 293, 238, 3], ["daire", 282, 189, 9], ["daire", 228, 422, 9], ["dikdortgen", 154, 340, 16, 10], ["daire", 272, 468, 3], ["daire", 263, 203, 15], ["daire", 354, 170, 12], ["dikdortgen", 90, 261, 18, 11], ["daire", 157, 387, 14], ["daire", 218, 310, 10], ["daire", 345, 25, 11], ["dikdortgen", 213, 194, 7, 15], ["dikdortgen", 275, 361, 19, 5], ["dikdortgen", 384, 105, 13, 18], ["dikdortgen", 15, 112, 13, 5], ["dikdortgen", 183, 81, 17, 12], ["daire", 246, 250, 7], ["dikdortgen", 391, 93, 20, 16], ["dikdortgen", 176, 193, 5, 7], ["daire", 408, 66, 15]], "rrt_path": [[156.01278140538835, 363.42205825088973], [156.4830561241116, 363.5984162759478], [156.9536987604382, 363.77411812432103], [157.4247093143682, 363.94916379600966], [157.89608778590153, 364.1235532910135], [158.36783417503824, 364.2972866093325], [158.83994848177826, 364.47036375096684], [159.3124307061217, 364.64278471591643], [159.78528084806845, 364.8145495041813], [160.2584989076186, 364.9856581157613], [160.73208488477212, 365.15611055065665], [161.20603877952897, 365.32590680886716], [161.6803605918892, 365.49504689039304], [162.15505032185277, 365.6635307952341], [162.63010796941973, 365.83135852339046], [163.10553353459005, 365.99853007486206], [163.5813270173637, 366.1650454496489], [164.05748841774076, 366.330904647751], [164.53401773572114, 366.4961076691684], [165.01091497130489, 366.66065451390097], [165.48818012449203, 366.82454518194885], [165.96581319528246, 366.9877796733118], [166.44381418367632, 367.1503579879902], [166.9221830896735, 367.3122801259838], [167.40091991327407, 367.4735460872927], [167.88002465447798, 367.6341558719168], [168.35949731328526, 367.79410947985616], [168.8393378896959, 367.9534069111108], [169.31954638370993, 368.1120481656807], [169.8001227953273, 368.2700332435658], [170.28106712454803, 368.4273621447662], [170.76237937137213, 368.5840348692818], [171.24405953579958, 368.7400514171127], [171.7261076178304, 368.89541178825885], [172.20852361746455, 369.0501159827202], [172.69134984921183, 369.20387758264525], [173.1753101929261, 369.3517968003725], [173.66066576047203, 369.49210622562646], [174.1474165518495, 369.624805858407], [174.6355625670586, 369.7498956987141], [175.12510380609928, 369.86737574654785], [175.61604026897155, 369.9772460019081], [176.10837195567544, 370.07950646479503], [176.60209886621092, 370.17415713520853], [177.09722100057806, 370.26119801314866], [177.59373835877676, 370.34062909861535], [178.09165094080706, 370.41245039160856], [178.59095874666895, 370.47666189212845], [179.09166177636246, 370.53326360017496], [179.59376002988756, 370.58225551574793], [180.09725350724432, 370.6236376388477], [180.6021422084326, 370.65740996947386], [181.10842613345255, 370.68357250762676], [181.61610528230403, 370.7021252533061], [182.1251796549872, 370.7130682065123], [182.6356492515019, 370.71640136724477], [183.1475140718482, 370.71212473550406], [183.66077411602615, 370.7002383112898], [184.17542938403568, 370.6807420946022], [184.69147987587684, 370.65363608544124], [185.20892559154953, 370.61892028380674], [185.7277665310539, 370.576594689699], [186.24800269438984, 370.52665930311775], [186.7696340815574, 370.46911412406314], [187.29266069255658, 370.4039591525351], [187.81708252738724, 370.3311943885336], [188.34276867932866, 370.250788473091], [188.86501183844524, 370.1616137606641], [189.3814566885377, 370.06310603053015], [189.89210322960602, 369.9552652826888], [190.39695146165022, 369.83809151714047], [190.89600138467023, 369.71158473388476], [191.3892529986661, 369.575744932922], [191.87670630363792, 369.4305721142521], [192.3583612995855, 369.27606627787475], [192.834217986509, 369.1122274237904], [193.30427636440834, 368.9390555519988], [193.76853643328354, 368.75655066250005], [194.2269981931346, 368.564712755294], [194.67966164396154, 368.363541830381], [195.1265267857643, 368.15303788776055], [195.567593618543, 367.9332009274331], [196.0028621422975, 367.70403094939843], [196.43233235702783, 367.4655279536564], [196.8560042627341, 367.21769194020743], [197.27387785941616, 366.9605229090511], [197.68595314707417, 366.6940208601877], [198.092230125708, 366.418185793617], [198.4927087953177, 366.1330177093392], [198.88738915590318, 365.8385166073541], [199.27627120746456, 365.5346824876618], [199.65935495000184, 365.22151535026245], [200.03664038351496, 364.89901519515587], [200.408127508004, 364.5671820223421], [200.7738163234688, 364.2260158318211], [201.13370682990953, 363.8755166235929], [201.4877990273261, 363.5156843976576], [201.8360929157185, 363.146519154015], [202.1785884950868, 362.7680208926653], [202.51528576543092, 362.3801896136083], [202.846184726751, 361.9830253168442], [203.17134865711589, 361.57671327705845], [203.49249176314063, 361.16627259638506], [203.81038276556046, 360.75395404660986], [204.1250216643755, 360.33975762773287], [204.43640845958572, 359.9236833397541], [204.74454315119107, 359.50573118267357], [205.0494257391916, 359.0859011564912], [205.35105622358734, 358.66419326120706], [205.6494346043782, 358.2406074968211], [205.94456088156423, 357.8151438633334], [206.23643505514545, 357.3878023607438], [206.52505712512183, 356.95858298905245], [206.81042709149338, 356.5274857482593], [207.09254495426012, 356.0945106383644], [207.37141071342202, 355.6596576593676], [207.6470243689791, 355.2229268112691], [207.91938592093132, 354.78431809406874], [208.1884953692787, 354.34383150776665], [208.45435271402127, 