{"harita_boyut": {"genislik": 175, "yukseklik": 154}, "baslangic": [92.74386103672262, 115.08175410310707], "hedef": [20.717055998503426, 30.614193490304437], "engeller": [["daire", 115, 105, 10], ["daire", 79, 99, 10], ["daire", 94, 138, 7], ["dikdortgen", 89, 129, 5, 9], ["dikdortgen", 4, 77, 18, 15], ["daire", 75, 76, 13], ["daire", 102, 57, 3], ["daire", 120, 72, 15], ["daire", 112, 85, 7], ["daire", 10, 148, 5], ["daire", 18, 112, 5], ["dikdortgen", 126, 35, 17, 14], ["daire", 103, 28, 10]], "rrt_path": [[92.74386103672262, 115.08175410310704], [92.95896863693186, 114.62406789820464], [93.17037021238474, 114.16510085405777], [93.3780657630812, 113.70485297066632], [93.58205528902124, 113.24332424803035], [93.78233879020489, 112.78051468614983], [93.97891626663211, 112.31642428502478], [94.17178771830298, 111.8510530446552], [94.36095314521742, 111.38440096504108], [94.54641254737547, 110.91646804618244], [94.72816592477712, 110.44725428807928], [94.90621327742232, 109.97675969073154], [95.08055460531119, 109.5049842541393], [95.25118990844364, 109.03192797830253], [95.41811918681965, 108.55759086322124], [95.58134244043927, 108.08197290889538], [95.7408596693025, 107.60507411532498], [95.89667087340933, 107.12689448251008], [96.04877605275976, 106.64743401045064], [96.19717520735378, 106.16669269914667], [96.34186833719141, 105.68467054859815], [96.48285544227264, 105.2013675588051], [96.62013652259746, 104.71678372976753], [96.75371157816586, 104.23091906148541], [96.88358060897791, 103.74377355395877], [97.00974361503351, 103.2553472071876], [97.13220059633274, 102.76564002117189], [97.25095155287553, 102.27465199591164], [97.36599648466195, 101.78238313140687], [97.47733539169198, 101.28883342765758], [97.58496827396557, 100.79400288466373], [97.68889513148278, 100.29789150242536], [97.78911596424356, 99.80049928094243], [97.88563077224798, 99.301826220215], [97.97843955549597, 98.80187232024302], [98.06754231398756, 98.30063758102649], [98.15293904772277, 97.79812200256546], [98.23462975670157, 97.29432558485989], [98.31261444092397, 96.78924832790979], [98.38689310038995, 96.28289023171513], [98.45746573509956, 95.77525129627598], [98.52433234505274, 95.26633152159226], [98.58749293024954, 94.75613090766403], [98.64694749068994, 94.24464945449125], [98.7026960263739, 93.73188716207395], [98.75473853730149, 93.21784403041211], [98.80249799052824, 92.70282806644533], [98.84198997018517, 92.18896605989997], [98.87245503273832, 91.67666338430105], [98.89389317818768, 91.16592003964847], [98.90630440653322, 90.65673602594232], [98.90968871777501, 90.14911134318257], [98.90404611191298, 89.64304599136918], [98.88937658894717, 89.13853997050221], [98.86568014887754, 88.6355932805816], [98.83295679170415, 88.13420592160742], [98.79120651742694, 87.63437789357961], [98.74042932604598, 87.13610919649821], [98.68062521756121, 86.6393998303632], [98.61179419197262, 86.14424979517457], [98.53393624928029, 85.65065909093235], [98.44705138948413, 85.15862771763653], [98.35113961258418, 84.66815567528707], [98.24620091858044, 84.17924296388402], [98.13223530747294, 83.69188958342738], [98.00924277926161, 83.20609553391711], [97.87722333394649, 82.72186081535325], [97.73617697152758, 82.23918542773576], [97.58610369200488, 81.75806937106469], [97.4270034953784, 81.27851264534], [97.25887638164812, 80.80051525056172], [97.08172235081406, 80.32407718672982], [96.89554140287618, 79.84919845384431], [96.70033353783454, 79.3758790519052], [96.49609875568909, 78.90411898091247], [96.28283705643986, 78.43391824086616], [96.06270783614005, 77.96492087494276], [95.85537494634946, 77.49388547583882], [95.66556445416768, 77.02003299432441], [95.4932763595947, 76.5433634303996], [95.33851066263057, 76.06387678406438], [95.20126736327524, 75.58157305531871], [95.08154646152872, 75.0964522441626], [94.97934795739101, 74.6085143505961], [94.89467185086212, 74.11775937461914], [94.82751814194206, 73.62418731623177], [94.77788683063083, 73.12779817543398], [94.74577791692839, 72.62859195222575], [94.7311914008348, 72.1265686466071], [94.73412728234999, 71.62172825857802], [94.75338491504493, 71.11431652475432], [94.75966270496227, 70.61033060996436], [94.7403958965711, 70.11234214597872], [94.69558448987144, 69.62035113279735], [94.6252284848633, 69.13435757042029], [94.52932788154665, 68.65436145884755], [94.40788267992153, 68.18036279807907], [94.26089287998788, 67.71236158811492], [94.08835848174576, 67.25035782895506], [93.89027948519514, 66.79435152059949], [93.66665589033603, 66.34434266304822], [93.4174876971684, 65.90033125630123], [93.14277490569228, 65.46231730035856], [92.85520295585549, 65.02731452687361], [92.56790975884834, 64.59223015163941], [92.28089631888552, 64.15706393825474], [91.99416263596706, 63.72181588671953], [91.70770871009289, 63.28648599703382], [91.42153454126307, 62.8510742691976], [91.13564012947758, 62.41558070321088], [90.85002547473641, 61.98000529907363], [90.56469057703957, 61.5443480567859], [90.27963543638707, 61.108608976347654], [89.99486005277886, 60.672788057758886], [89.71036442621502, 60.236885301019626], [89.4261485566955, 59.80090070612985], [89.14221244422032, 59.364834273089585], [88.85855608878943, 58.92868600189878], [88.5751794904029, 58.49245589255749], [88.2920826490607, 58.05614394506568], [88.00926556476281, 57.61975015942336], [87.72672823750928, 57.183274535630545], [87.44447066730005, 56.74671707368721], [87.16249285413515, 56.31007777359337], [86.88079479801459, 55.87335663534902], [86.59937649893837, 55.43655365895416], [86.31823795690647, 54.999668844408816], [86.03737917191889, 54.56270219171293], [85.75680009127711, 54.1256537748698], [85.47290722359672, 53.693569846899706], [85.18216175476454, 53.27141987885366], [84.88456368478055, 52.85920387073168], [84.58011301364473, 52.45692182253372], [84.26880974135712, 52.064573734259824], [83.95065386791771, 51.682159605909966], [83.62564539332647, 51.309679437484164], [83.29378431758342, 50.94713322898239], [82.95507064068859, 50.59452098040469], [82.60950436264193, 50.25184269175102], [82.25708548344346, 49.9190983630214], [81.89781400309319, 49.596287994215835], [81.5316899215911, 49.283411585334306], [81.1587132389372, 48.980469136376826], [80.77888395513149, 48.68746064734339], [80.392202070174, 48.404386118234015], [79.99866758406469, 48.131245549048685], [79.59828049680353, 47.86803893978738], [79.19104080839061, 47.61476629045014], [78.77694851882586, 47.371427601036935], [78.3560036281093, 47.1380228715478], [77.92820613624095, 46.91455210198269], [77.49355604322076, 46.70101529234164], [77.05205334904879, 46.49741244262463], [76.60369805372497, 46.303743552831655], [76.14849015724938, 46.12000862296274], [75.686429659622, 45.946207653017886], [75.21751656084275, 45.782340642997056], [74.74175086091174, 45.62840759290029], [74.2591325598289, 45.48440850272756], [73.76966165759428, 45.35034337247889], [73.27333815420782, 45.226212202154244], [72.77016204966955, 45.112014991753654], [72.26013334397949, 45.007751741277126], [71.74356558540462, 44.91294624479309], [71.22632709197914, 44.818685910047776], [70.71063644811166, 44.7216012301228], [70.19649365380215, 44.62169220501818], [69.68389870905067, 44.518958834733915], [69.17285161385716, 44.41340111926999], [68.66335236822168, 44.30501905862643], [68.1554009721442, 44.19381265280322], [67.6489974256247, 44.07978190180036], [67.14414172866321, 43.96292680561785], [66.64083388125972, 43.84324736425568], [66.13907388341426, 43.72074357771388], [65.63886173512678, 43.59541544599243], [65.1401974363973, 43.46726296909133], [64.64308098722584, 43.33628614701058], [64.14751238761237, 43.20248497975018], [63.6534916375569, 43.06585946731013], [63.16101873705943, 42.92640960969044], [62.67009368611997, 42.78413540689108], [62.18071648473851, 42.6390368589121], [61.69288713291504, 42.49111396575345], [61.20660563064959, 42.340366727415166], [60.72187197794213, 42.18679514389723], [60.23868617479267, 