{"harita_boyut": {"genislik": 121, "yukseklik": 252}, "baslangic": [54.02082496964176, 205.34987670300796], "hedef": [90.84305907709668, 93.592945266532], "engeller": [["dikdortgen", 8, 145, 5, 15], ["dikdortgen", 62, 181, 8, 20], ["daire", 99, 153, 4], ["dikdortgen", 66, 73, 12, 17], ["dikdortgen", 70, 230, 16, 11], ["dikdortgen", 14, 90, 11, 10], ["dikdortgen", 98, 138, 5, 15], ["daire", 60, 167, 4], ["daire", 30, 31, 15], ["dikdortgen", 11, 139, 19, 13], ["daire", 48, 129, 7], ["daire", 52, 125, 7], ["daire", 85, 203, 11], ["dikdortgen", 36, 138, 20, 6], ["daire", 47, 52, 6]], "rrt_path": [[54.02082496964175, 205.34987670300796], [54.11116596383557, 204.83824260701425], [54.19409595127502, 204.32741141049948], [54.26961493196008, 203.81738311346356], [54.33772290589078, 203.3081577159065], [54.39841987306708, 202.79973521782833], [54.451705833489015, 202.29211561922904], [54.49758078715657, 201.78529892010857], [54.53604473406975, 201.27928512046702], [54.56709767422854, 200.7740742203043], [54.590739607632976, 200.26966621962052], [54.60697053428302, 199.76606111841556], [54.61579045417869, 199.2632589166895], [54.61719936731998, 198.76125961444228], [54.61119727370689, 198.26006321167392], [54.59778417333943, 197.7596697083845], [54.57696006621758, 197.26007910457392], [54.54872495234136, 196.7612914002422], [54.513078831710764, 196.26330659538934], [54.47002170432579, 195.7661246900154], [54.41955357018644, 195.2697456841203], [54.36167442929269, 194.77416957770404], [54.29638428164459, 194.27939637076676], [54.223683127242104, 193.78542606330825], [54.143570966085235, 193.29225865532862], [54.056047798173985, 192.79989414682785], [53.96111362350837, 192.30833253780605], [53.858768442088376, 191.81757382826305], [53.74901225391401, 191.32761801819893], [53.63184505898525, 190.8384651076137], [53.50726685730213, 190.35011509650732], [53.37527764886461, 189.86256798487983], [53.23587743367273, 189.37582377273122], [53.08906621172647, 188.88988246006147], [52.93484398302583, 188.40474404687058], [52.77499880741518, 187.9202102973736], [52.61900663977499, 187.43523064642318], [52.46825498129585, 186.9496512667363], [52.322743831977746, 186.46347215831298], [52.182473191820705, 185.97669332115325], [52.047443060824705, 185.48931475525708], [51.917653438989774, 185.0013364606245], [51.79310432631588, 184.5127584372554], [51.67379572280305, 184.02358068514997], [51.55972762845126, 183.53380320430801], [51.45090004326053, 183.0434259947297], [51.347312967230856, 182.5524490564149], [51.24896640036222, 182.06087238936368], [51.155860342654634, 181.568695993576], [51.06799479410811, 181.07591986905192], [50.985369754722626, 180.5825440157914], [50.907985224498205, 180.08856843379442], [50.835841203434846, 179.59399312306104], [50.76893769153253, 179.09881808359125], [50.70727468879126, 178.60304331538495], [50.65085219521103, 178.10666881844222], [50.59967021079187, 177.6096945927631], [50.55372873553377, 177.1121206383475], [50.51302776943669, 176.61394695519547], [50.47756731250068, 176.11517354330704], [50.44734736472573, 175.61580040268217], [50.41659162235808, 175.11588869521964], [50.379111215460476, 174.61550395123987], [50.33490431860128, 174.11464619007145], [50.283970931780495, 173.61331541171427], [50.22631105499811, 173.1115116161684], [50.161924688254125, 172.6092348034338], [50.090811831548535, 172.1064849735104], [50.01297248488135, 171.60326212639833], [49.92840664825257, 171.09956626209754], [49.837114321662185, 170.595397380608], [49.7390955051102, 170.09075548192973], [49.63435019859663, 169.5856405660628], [49.52287840212145, 169.08005263300709], [49.40468011568467, 168.57399168276268], [49.27975533928628, 168.0674577153295], [49.14810407292631, 167.56045073070766], [49.00972631660473, 167.05297072889704], [48.86462207032156, 166.54501770989776], [48.71279133407678, 166.0365916737097], [48.55423410787041, 165.52769262033289], [48.3963600312969, 165.02015865302047], [48.263355716644405, 164.51998972496324], [48.15709467834961, 164.02765059735998], [48.07757691641256, 163.54314127021075], [48.02480243083324, 163.06646174351553], [47.998771221611634, 162.5976120172743], [47.99948328874774, 162.13659209148702], [48.026938632241595, 161.68340196615384], [48.081137252093164, 161.2380416412746], [48.16207914830245, 160.8005111168494], [48.269764320869484, 160.37081039287818], [48.40419276979422, 159.94893946936097], [48.565364495076686, 159.53489834629778], [48.7532794967169, 159.12868702368863], [48.967937774714805, 158.7303055015334], [49.20933932907045, 158.33975377983222], [49.47748415978383, 157.95703185858505], [49.772372266854916, 157.58213973779186], [50.09400365028374, 157.21507741745268], [50.442378310070275, 156.85584489756752], [50.817496246214546, 156.50444217813634], [51.219357458716544, 156.1608692591592], [51.64796194757626, 155.82512614063603], [52.1033097127937, 155.4972128225669], [52.58540075436887, 155.17712930495173], [53.09423258522768, 154.8648755326962], [53.61545573828645, 154.56013363238438], [54.13545918607194, 154.2626020887214], [54.654242928584196, 153.97228090170734], [55.171806965823215, 153.68917007134218], [55.68815129778898, 153.41326959762586], [56.20327592448148, 153.1445794805584], [56.71718084590074, 152.88309972013988], [57.22986606204675, 152.6288303163702], [57.741331572919506, 152.38177126924938], [58.251577378519016, 152.14192257877747], [58.760603478845276, 151.90928424495445], [59.26840987389829, 151.68385626778027], [59.774996563678044, 151.46563864725502], [60.28036354818455, 151.2546313833786], [60.78451082741782, 151.05083447615112], [61.287438401377834, 150.85424792557248], [61.7891462700646, 150.66487173164273], [62.28963443347812, 150.48270589436189], [62.78890289161838, 150.30775041372988], [63.28695164448539, 150.14000528974674], [63.78378069207916, 149.97947052241253], [64.27939003439967, 149.82614611172716], [64.77377967144693, 149.68003205769068], [65.26694960322095, 149.5411283603031], [65.7587245110382, 149.4090145893252], [66.24071486252748, 149.26357187875558], [66.70830477716413, 149.0937309248897], [67.16149425494811, 148.89949172772762], [67.60028329587944, 148.68085428726926], [68.02467189995808, 148.4378186035146], [68.43466006718407, 148.17038467646373], [68.83024779755742, 147.8785525061166], [69.21143509107807, 147.5623220924732], [69.57822194774609, 147.22169343553355], [69.93060836756146, 146.85666653529773], [70.27012753826995, 146.47346100420026], [70.59976310625238, 146.08418046371983], [70.91959197990822, 145.68913690463435], [71.22961415923743, 145.28833032694382], [71.52982964424004, 144.8817607306482], [71.82023843491605, 144.46942811574758], [72.10084053126545, 144.05133248224183], [72.37163593328825, 143.6274738301311], [72.63262464098443, 143.1978521594153], [72.883806654354, 142.7624674700944], [73.12518197339698, 142.3213197621685], [73.35675059811334, 141.87440903563754], [73.5785125285031, 141.42173529050152], [73.79046776456624, 140.96329852676047], [73.99261630630276, 140.49909874441428], [74.1870384609016, 140.030397326107], [74.38082716025332, 139.5614950314708], [74.57457054139012, 139.0927484741101], [74.76826860431197, 138.62415765402477], [74.96192134901891, 138.1557225712149], [75.1555287755109, 137.68744322568048], [75.34909088378798, 137.21931961742143], [75.54260767385014, 136.75135174643788], [75.73607914569735, 136.2835396127297], [75.92950529932965, 135.81588321629695], [76.12288613474699, 135.34838255713964], [76.31622165194942, 134.8810376352578], [76.50951185093692, 134.41384845065136], [76.7027567317095, 133.94681500332035], [76.89595629426714, 133.47993729326473], [77.08911053860984, 133.01321532048456], [77.28221946473761, 132.5466490849798], [77.47528307265047, 132.0802385867505], [77.66830136234839, 131.61398382579665], [77.86127433383137, 131.14788480211817], [78.05420198709943, 130.68194151571515], [78.24708432215256, 130.2161539665875], [78.43992133899077, 129.7505221547354], [78.63271303761402, 129.28504608015862], 