{"harita_boyut": {"genislik": 153, "yukseklik": 332}, "baslangic": [144.3757380789439, 286.99232874066564], "hedef": [80.23362464875362, 39.83560137899139], "engeller": [["daire", 107, 201, 10], ["daire", 65, 222, 6], ["daire", 79, 180, 15], ["dikdortgen", 6, 183, 10, 11], ["daire", 61, 262, 7], ["dikdortgen", 101, 303, 6, 14], ["daire", 121, 166, 4], ["dikdortgen", 55, 45, 13, 19], ["daire", 38, 115, 4], ["dikdortgen", 98, 279, 5, 13], ["daire", 97, 77, 9], ["daire", 83, 176, 9], ["dikdortgen", 55, 75, 19, 15], ["dikdortgen", 92, 208, 16, 8], ["dikdortgen", 98, 206, 11, 15], ["dikdortgen", 13, 284, 12, 12], ["daire", 122, 274, 5], ["daire", 100, 134, 4], ["daire", 142, 74, 7], ["dikdortgen", 50, 155, 12, 14], ["daire", 65, 242, 7], ["dikdortgen", 98, 66, 15, 5], ["dikdortgen", 64, 236, 13, 8], ["daire", 69, 52, 9], ["dikdortgen", 11, 143, 17, 8]], "rrt_path": [[144.3757380789439, 286.99232874066564], [140.29159617170376, 275.7150131187131], [133.59821798397823, 258.2809530465294], [132.27734303525844, 254.50533529974354], [124.40896679507532, 239.07475406277626], [121.1533379294855, 229.07088065083633], [118.48645040253471, 210.89538651833797], [123.77305320951656, 205.00876657612156], [122.07560442384462, 193.26657930190373], [120.87924723271811, 183.0416499294296], [104.98467500155459, 173.59106797647812], [105.06092683832556, 176.2000195337477], [95.25193911877132, 165.06193932289978], [91.36106760502187, 158.77720078061367], [79.29874114190845, 145.32341138933154], [78.110371778516, 132.72347637070465], [81.54589455444841, 115.03399130442722], [82.90253695249822, 100.28712252878209], [82.96754724115884, 92.49214119845698], [82.28674546734126, 73.95476892922863], [83.21155114501019, 54.58791748613775], [83.02704993145775, 47.33205194057139], [80.23362464875362, 39.83560137899139]]}