{"harita_boyut": {"genislik": 366, "yukseklik": 349}, "baslangic": [248.4659704563872, 144.38626778862422], "hedef": [180.74455936371567, 315.6087463368562], "engeller": [["daire", 68, 151, 14], ["dikdortgen", 88, 216, 10, 5], ["daire", 334, 232, 9], ["daire", 190, 280, 13], ["dikdortgen", 171, 69, 8, 9], ["daire", 277, 164, 8], ["dikdortgen", 29, 130, 8, 5], ["daire", 211, 206, 10], ["daire", 122, 267, 9], ["daire", 113, 202, 5], ["dikdortgen", 285, 246, 13, 17], ["daire", 152, 106, 7], ["dikdortgen", 272, 189, 19, 13], ["dikdortgen", 48, 144, 11, 7], ["dikdortgen", 176, 291, 7, 15], ["daire", 280, 185, 6], ["dikdortgen", 60, 195, 10, 14], ["daire", 235, 124, 9], ["daire", 341, 329, 7], ["dikdortgen", 76, 241, 19, 5], ["daire", 69, 34, 8], ["dikdortgen", 188, 223, 17, 9], ["daire", 188, 171, 9], ["dikdortgen", 241, 202, 16, 14], ["daire", 145, 167, 13], ["daire", 14, 266, 6], ["daire", 329, 114, 15], ["dikdortgen", 264, 36, 12, 12], ["dikdortgen", 86, 56, 16, 6], ["daire", 49, 248, 7], ["dikdortgen", 182, 159, 8, 8], ["dikdortgen", 17, 309, 17, 10], ["dikdortgen", 101, 24, 13, 18], ["dikdortgen", 166, 233, 13, 8], ["dikdortgen", 150, 45, 9, 7], ["daire", 29, 31, 4], ["dikdortgen", 189, 234, 9, 14], ["daire", 283, 62, 5], ["dikdortgen", 193, 303, 6, 7], ["daire", 70, 139, 5], ["daire", 195, 198, 7], ["daire", 146, 108, 15], ["daire", 12, 259, 5], ["dikdortgen", 116, 218, 17, 6], ["dikdortgen", 354, 295, 12, 11], ["dikdortgen", 230, 129, 8, 7], ["dikdortgen", 7, 88, 16, 19], ["daire", 174, 27, 13], ["daire", 282, 182, 4], ["daire", 136, 139, 14], ["dikdortgen", 22, 38, 9, 17], ["daire", 77, 123, 6], ["daire", 155, 62, 14], ["dikdortgen", 3, 267, 14, 16], ["daire", 31, 157, 15], ["daire", 65, 247, 14], ["dikdortgen", 335, 277, 20, 10], ["daire", 253, 97, 4], ["dikdortgen", 26, 158, 17, 16], ["daire", 246, 332, 12], ["daire", 251, 52, 3], ["daire", 189, 248, 13], ["dikdortgen", 5, 319, 12, 15]], "rrt_path": [[248.4659704563872, 144.38626778862422], [230.9329206119741, 146.94791546170924], [225.69302840834226, 152.68580581485745], [213.41660771566518, 165.36696047027914], [200.74210576705744, 180.48320504615046], [188.29857604381482, 187.78500556402207], [175.1944430849376, 199.96176952797978], [166.41812349327006, 206.78666546042984], [165.0809516629251, 209.05786994194594], [159.87248821022575, 215.10644223392623], [150.01448215234026, 230.7070575685814], [151.10653660266834, 237.66129950549507], [152.33090992916686, 256.93806685110155], [153.19614320357306, 270.1289110839105], [157.52828842379805, 287.56082381046076], [162.95609536232269, 295.38526339309084], [170.81251584030548, 310.9560313467231], [180.74455936371567, 315.6087463368562]]}