{"harita_boyut": {"genislik": 188, "yukseklik": 365}, "baslangic": [88.80124467906657, 23.072116244564338], "hedef": [128.60269146088356, 245.34314935229744], "engeller": [["dikdortgen", 3, 1, 19, 5], ["dikdortgen", 150, 138, 19, 18], ["dikdortgen", 99, 158, 7, 7], ["dikdortgen", 114, 276, 11, 12], ["dikdortgen", 145, 333, 20, 13], ["dikdortgen", 88, 338, 12, 6], ["daire", 70, 239, 11], ["dikdortgen", 92, 129, 6, 11], ["dikdortgen", 88, 319, 7, 9], ["daire", 114, 260, 8], ["dikdortgen", 40, 316, 14, 18], ["dikdortgen", 31, 107, 10, 6], ["daire", 170, 82, 9], ["dikdortgen", 100, 156, 13, 9], ["dikdortgen", 135, 20, 17, 18], ["dikdortgen", 167, 324, 17, 5], ["daire", 163, 294, 5], ["dikdortgen", 136, 64, 15, 18], ["dikdortgen", 140, 22, 6, 12], ["daire", 112, 348, 10], ["daire", 89, 258, 8], ["daire", 116, 313, 14], ["dikdortgen", 2, 266, 8, 20], ["dikdortgen", 46, 142, 19, 18], ["daire", 100, 177, 13], ["dikdortgen", 11, 345, 6, 15], ["dikdortgen", 164, 147, 9, 15], ["daire", 97, 324, 11], ["dikdortgen", 47, 232, 20, 13], ["daire", 58, 300, 12], ["dikdortgen", 133, 268, 13, 7], ["dikdortgen", 84, 319, 20, 12], ["daire", 105, 21, 4], ["dikdortgen", 168, 322, 11, 10]], "rrt_path": [[88.80124467906657, 23.072116244564338], [94.97238357455605, 37.98292660360146], [101.77298623996174, 49.74058157678205], [105.18667696696721, 63.94376097135171], [102.22473474668851, 82.19554485014979], [100.07292062544994, 100.44257820169315], [94.3684378714186, 108.50970275016127], [87.1914114710133, 123.57895850815747], [85.27187493882751, 131.27316463645604], [86.08686594474358, 142.85053650095585], [90.59256175711623, 153.8569958448251], [88.85163806159852, 156.85938048206862], [84.06972679962345, 165.151731207689], [80.58247539607322, 178.03561519700892], [80.9829664505299, 189.020281397682], [90.42244368888234, 201.40362644472407], [101.67561433748047, 215.90042537427792], [110.013297964821, 228.96814528728024], [123.32031385175404, 239.47919269605046], [128.60269146088356, 245.34314935229744]]}