{"harita_boyut": {"genislik": 224, "yukseklik": 235}, "baslangic": [201.88937183120228, 227.85744682117266], "hedef": [94.72427792895962, 71.16518424589962], "engeller": [["dikdortgen", 55, 6, 11, 5], ["daire", 199, 193, 14], ["dikdortgen", 65, 25, 14, 15], ["daire", 192, 191, 15], ["daire", 60, 56, 7], ["dikdortgen", 10, 207, 5, 16], ["daire", 63, 91, 9], ["daire", 93, 116, 10], ["daire", 19, 57, 13], ["daire", 203, 98, 11], ["dikdortgen", 24, 52, 13, 8], ["dikdortgen", 146, 21, 5, 8], ["daire", 121, 166, 6], ["dikdortgen", 167, 41, 10, 20], ["dikdortgen", 95, 97, 13, 12], ["dikdortgen", 161, 40, 14, 12], ["dikdortgen", 80, 163, 8, 5], ["daire", 106, 91, 3], ["dikdortgen", 31, 124, 13, 11], ["dikdortgen", 133, 7, 19, 8], ["daire", 101, 44, 15], ["dikdortgen", 66, 97, 9, 8], ["dikdortgen", 104, 79, 9, 12], ["dikdortgen", 47, 196, 6, 6], ["dikdortgen", 191, 64, 5, 15], ["daire", 65, 125, 8]], "rrt_path": [[201.88937183120228, 227.85744682117266], [192.12767871420047, 218.18623013437454], [179.14394527913947, 207.71381768031563], [176.60890406072718, 204.61969970891397], [166.58879750720806, 189.0834512589749], [166.31899514881488, 185.09256079600732], [159.69190828194644, 170.29098129670837], [155.64363322470882, 160.29852526031834], [149.15992906602278, 143.44397480398078], [146.1245949818392, 132.63104978663029], [141.16676180861438, 113.91641847372179], [137.43578799215823, 96.8694743872016], [135.200013220476, 93.88053380550295], [130.39528192582728, 83.50271761843733], [122.50210385057126, 76.92571849512701], [114.6274922067915, 71.54374910056316], [94.72427792895962, 71.16518424589962]]}