{"harita_boyut": {"genislik": 405, "yukseklik": 199}, "baslangic": [222.92409897095104, 177.17101373156035], "hedef": [347.83187664135755, 22.200781114923075], "engeller": [["daire", 38, 33, 13], ["dikdortgen", 151, 148, 18, 13], ["daire", 175, 41, 7], ["daire", 256, 139, 4], ["daire", 183, 42, 9], ["dikdortgen", 212, 7, 13, 10], ["dikdortgen", 317, 71, 20, 16], ["daire", 116, 65, 8], ["dikdortgen", 17, 35, 12, 16], ["daire", 99, 32, 4], ["daire", 280, 90, 12], ["daire", 136, 25, 9], ["daire", 155, 170, 13], ["daire", 234, 50, 10], ["dikdortgen", 17, 182, 12, 13], ["daire", 331, 161, 4], ["daire", 124, 186, 8], ["daire", 329, 185, 4], ["dikdortgen", 305, 74, 20, 18], ["daire", 368, 85, 14], ["dikdortgen", 200, 120, 12, 20], ["daire", 253, 93, 4], ["dikdortgen", 202, 70, 11, 18], ["dikdortgen", 281, 1, 17, 20], ["daire", 91, 80, 7], ["daire", 363, 61, 14], ["dikdortgen", 211, 115, 16, 18], ["dikdortgen", 268, 19, 10, 20], ["dikdortgen", 210, 142, 14, 14], ["dikdortgen", 278, 68, 8, 17], ["dikdortgen", 258, 95, 5, 14], ["dikdortgen", 186, 111, 13, 14], ["dikdortgen", 241, 126, 16, 5], ["dikdortgen", 167, 115, 12, 13], ["daire", 226, 86, 5], ["daire", 274, 5, 4], ["daire", 74, 185, 9], ["dikdortgen", 104, 41, 16, 18], ["daire", 252, 67, 9], ["dikdortgen", 362, 155, 17, 11]], "rrt_path": [[222.92409897095104, 177.17101373156035], [239.3307345014482, 169.94396741185219], [243.10563498212585, 168.62104399722088], [259.6084369790822, 161.55966272634956], [274.09972077943837, 157.56294248444118], [289.67000401451224, 147.31701852885126], [302.51220996851356, 135.50730160797553], [312.3987312770621, 124.65563431262439], [323.6614913979092, 111.21680815334216], [336.22537117417215, 104.00110554924682], [345.6118528919171, 95.76439150830366], [346.90440952276356, 94.47211729578714], [346.5091334815302, 82.98839795369875], [341.7518568174734, 64.64345701511841], [331.46570443004754, 48.5020944776876], [338.27960440588066, 32.672810891952075], [347.83187664135755, 22.200781114923075]]}