{"harita_boyut": {"genislik": 297, "yukseklik": 373}, "baslangic": [128.58287441382558, 268.15359348666396], "hedef": [198.67825606327662, 154.73369056955758], "engeller": [["daire", 264, 148, 6], ["daire", 89, 358, 14], ["dikdortgen", 1, 57, 10, 7], ["dikdortgen", 275, 299, 6, 11], ["dikdortgen", 89, 253, 6, 10], ["dikdortgen", 105, 213, 12, 8], ["dikdortgen", 17, 77, 10, 6], ["daire", 248, 135, 15], ["daire", 59, 323, 9], ["daire", 80, 44, 9], ["dikdortgen", 236, 179, 17, 19], ["daire", 56, 284, 15], ["daire", 41, 66, 8], ["daire", 122, 247, 14], ["daire", 201, 72, 14], ["daire", 53, 88, 4], ["daire", 231, 282, 4], ["dikdortgen", 1, 138, 18, 12], ["daire", 230, 205, 12], ["daire", 57, 191, 9], ["dikdortgen", 77, 87, 18, 8], ["daire", 166, 273, 6], ["daire", 278, 144, 15], ["daire", 45, 161, 5], ["dikdortgen", 169, 1, 18, 12], ["daire", 232, 57, 13], ["daire", 118, 162, 7], ["dikdortgen", 200, 187, 18, 18], ["dikdortgen", 127, 153, 19, 16], ["daire", 280, 164, 14], ["dikdortgen", 64, 298, 18, 16], ["daire", 228, 99, 8], ["daire", 196, 248, 13], ["dikdortgen", 21, 233, 19, 17], ["daire", 291, 365, 3], ["daire", 226, 8, 6], ["dikdortgen", 92, 208, 15, 5], ["daire", 260, 26, 11], ["dikdortgen", 175, 268, 19, 10], ["dikdortgen", 93, 147, 17, 18], ["daire", 103, 353, 5], ["dikdortgen", 7, 122, 19, 7], ["dikdortgen", 138, 261, 8, 8], ["dikdortgen", 221, 45, 7, 17], ["daire", 227, 174, 5], ["dikdortgen", 30, 41, 15, 5], ["dikdortgen", 252, 74, 17, 16], ["daire", 160, 64, 10], ["dikdortgen", 123, 26, 9, 12], ["dikdortgen", 184, 71, 9, 20], ["dikdortgen", 222, 10, 13, 9], ["dikdortgen", 57, 327, 8, 8], ["dikdortgen", 172, 249, 13, 12], ["daire", 112, 334, 3], ["daire", 232, 154, 13]], "rrt_path": [[128.58287441382558, 268.15359348666396], [116.73392479943367, 267.2787392939162], [108.3597782179883, 262.6685194309423], [101.48162275489581, 248.8301446890948], [93.00957345047682, 233.10177576995687], [85.49977478798493, 215.96621699000406], [86.21534878014208, 200.8603086158344], [92.72597884865874, 182.1796612352099], [101.43600032774383, 174.2306283889285], [99.26345030065595, 172.20004859978334], [108.34193306702211, 175.46019571651038], [120.8101612692058, 178.2496426036036], [135.29288203895126, 178.9575297572959], [154.0805477615642, 176.5029844550987], [171.8348399468208, 173.82087483571902], [189.00471592572626, 169.54345803243947], [198.67825606327662, 154.73369056955758]]}