{"harita_boyut": {"genislik": 202, "yukseklik": 259}, "baslangic": [73.48587057273795, 99.23418596044169], "hedef": [106.54401738910455, 238.34088031239614], "engeller": [["dikdortgen", 18, 88, 19, 9], ["daire", 168, 175, 5], ["daire", 162, 203, 8], ["dikdortgen", 14, 243, 12, 13], ["dikdortgen", 100, 55, 8, 9], ["dikdortgen", 131, 74, 20, 9], ["daire", 125, 170, 7], ["dikdortgen", 54, 197, 16, 9], ["daire", 48, 137, 13], ["dikdortgen", 2, 120, 12, 6], ["daire", 187, 159, 10], ["dikdortgen", 146, 69, 11, 20], ["dikdortgen", 0, 237, 13, 8], ["daire", 127, 234, 5], ["dikdortgen", 101, 16, 12, 9], ["daire", 132, 112, 14], ["dikdortgen", 148, 21, 8, 5], ["daire", 62, 53, 14], ["daire", 41, 15, 11], ["daire", 59, 30, 6], ["daire", 103, 205, 3], ["daire", 33, 174, 4], ["daire", 12, 213, 10], ["dikdortgen", 130, 33, 7, 15], ["dikdortgen", 180, 159, 12, 14], ["daire", 117, 77, 6]], "rrt_path": [[73.48587057273795, 99.23418596044169], [76.38374502587956, 112.48212408459251], [83.05569635264776, 129.64976551070058], [79.48385446245453, 143.65022078337333], [82.70283243749803, 158.23125576360712], [84.34634611281044, 167.89241321188152], [87.22436718806519, 169.9061962119381], [91.2788866525903, 186.93469315439637], [92.60446019238458, 194.38581430151774], [95.73993175363422, 211.26712842285258], [101.78731453601488, 223.82289692425348], [106.54401738910455, 238.34088031239614]]}