{"harita_boyut": {"genislik": 332, "yukseklik": 242}, "baslangic": [103.5150774129067, 220.42120642789806], "hedef": [21.760496123929048, 117.91568682384633], "engeller": [["daire", 232, 49, 5], ["daire", 54, 20, 7], ["daire", 316, 184, 3], ["dikdortgen", 310, 130, 15, 9], ["daire", 102, 77, 12], ["dikdortgen", 261, 19, 18, 5], ["daire", 267, 110, 7], ["dikdortgen", 2, 194, 5, 19], ["daire", 134, 175, 8], ["dikdortgen", 158, 128, 16, 6], ["dikdortgen", 115, 213, 11, 14], ["dikdortgen", 97, 39, 20, 7], ["dikdortgen", 206, 222, 17, 14], ["daire", 152, 137, 9], ["dikdortgen", 38, 106, 11, 17], ["daire", 91, 119, 14], ["daire", 220, 215, 12], ["daire", 88, 106, 14], ["dikdortgen", 26, 7, 9, 19], ["daire", 17, 191, 9], ["dikdortgen", 26, 66, 20, 11], ["dikdortgen", 24, 168, 5, 7], ["dikdortgen", 233, 148, 18, 17], ["dikdortgen", 202, 182, 14, 10], ["daire", 184, 37, 15], ["dikdortgen", 33, 154, 5, 6], ["daire", 213, 202, 7], ["daire", 211, 206, 8], ["daire", 322, 52, 5], ["dikdortgen", 240, 194, 6, 17], ["dikdortgen", 176, 80, 20, 16], ["daire", 283, 115, 7], ["dikdortgen", 310, 179, 13, 10], ["daire", 193, 143, 13], ["daire", 321, 211, 9], ["daire", 209, 15, 5], ["dikdortgen", 108, 113, 13, 7], ["dikdortgen", 123, 229, 14, 5], ["dikdortgen", 248, 198, 8, 8], ["daire", 138, 84, 4]], "rrt_path": [[103.5150774129067, 220.42120642789806], [95.11103762093609, 202.41575638110982], [93.06219583017149, 198.9803164796683], [88.94915991139864, 179.76959266258575], [77.71683245871017, 164.47390895355394], [69.08403466557377, 147.5641169473524], [70.22044822300191, 147.37481844929604], [66.25753295159987, 147.91823592388485], [50.110814792127805, 143.26242718139352], [35.76000104858059, 131.77965503874697], [21.760496123929048, 117.91568682384633]]}