{"harita_boyut": {"genislik": 259, "yukseklik": 246}, "baslangic": [159.38132549278086, 223.39156524046157], "hedef": [103.44813388571283, 105.06740105278152], "engeller": [["dikdortgen", 225, 102, 12, 19], ["daire", 235, 130, 7], ["dikdortgen", 149, 182, 10, 12], ["dikdortgen", 151, 71, 17, 10], ["dikdortgen", 168, 37, 19, 6], ["dikdortgen", 225, 165, 7, 12], ["dikdortgen", 110, 221, 19, 19], ["dikdortgen", 199, 151, 8, 6], ["daire", 91, 70, 6], ["dikdortgen", 24, 86, 9, 16], ["daire", 129, 180, 5], ["daire", 10, 53, 3], ["dikdortgen", 75, 88, 7, 20], ["daire", 36, 144, 5], ["daire", 35, 92, 5], ["dikdortgen", 14, 30, 11, 18], ["dikdortgen", 141, 175, 14, 9], ["daire", 176, 177, 15], ["daire", 89, 138, 9], ["dikdortgen", 128, 33, 16, 8], ["daire", 165, 17, 13], ["daire", 118, 160, 14], ["dikdortgen", 199, 110, 13, 10], ["dikdortgen", 237, 117, 7, 18], ["dikdortgen", 180, 127, 13, 20], ["dikdortgen", 56, 52, 17, 18], ["dikdortgen", 50, 15, 12, 16], ["daire", 116, 203, 13], ["daire", 74, 217, 5], ["daire", 84, 43, 12], ["dikdortgen", 126, 71, 6, 15]], "rrt_path": [[159.38132549278086, 223.39156524046157], [171.82581030661518, 212.4612028491252], [181.903649445924, 206.78430087303465], [187.9077460741178, 197.7182379495683], [194.83960965556176, 185.02350413887658], [196.1337595529597, 181.23864270903996], [195.87734377563768, 169.6654754100708], [186.11843805749066, 154.0975383315219], [185.39369033152784, 158.01063953876323], [172.74180487499447, 151.7243621384616], [166.40211477016948, 138.08053922233444], [157.3713186845249, 126.93976043612965], [139.95849695975315, 125.1228409723316], [134.62105997193208, 122.7051046560657], [117.79158049681556, 115.28402411862785], [103.44813388571283, 105.06740105278152]]}