{"harita_boyut": {"genislik": 330, "yukseklik": 190}, "baslangic": [110.4338408268896, 24.328192690879554], "hedef": [72.11862847456456, 174.51836430710574], "engeller": [["daire", 278, 107, 11], ["dikdortgen", 129, 3, 11, 15], ["dikdortgen", 63, 74, 9, 8], ["dikdortgen", 137, 108, 20, 17], ["dikdortgen", 8, 105, 7, 6], ["daire", 116, 100, 7], ["daire", 39, 107, 15], ["dikdortgen", 52, 59, 7, 7], ["daire", 304, 159, 12], ["dikdortgen", 29, 131, 7, 19], ["daire", 284, 102, 3], ["dikdortgen", 257, 24, 14, 20], ["daire", 99, 96, 7], ["daire", 37, 17, 3], ["dikdortgen", 141, 95, 12, 18], ["daire", 250, 31, 3], ["daire", 112, 43, 9], ["dikdortgen", 281, 121, 12, 20], ["dikdortgen", 138, 149, 17, 19], ["daire", 189, 160, 14], ["daire", 220, 127, 8], ["daire", 118, 147, 9], ["daire", 253, 23, 10], ["dikdortgen", 62, 47, 8, 19], ["daire", 130, 109, 3], ["dikdortgen", 281, 179, 7, 7], ["daire", 200, 141, 9], ["dikdortgen", 281, 23, 8, 20], ["dikdortgen", 70, 64, 16, 13], ["dikdortgen", 194, 83, 17, 8], ["dikdortgen", 37, 56, 15, 19]], "rrt_path": [[110.4338408268896, 24.328192690879554], [123.5965952832522, 33.098811044231994], [137.22261736543888, 43.407521266256516], [146.39299453524137, 50.425520543868345], [154.77398659004092, 55.46721357731458], [170.21484940016958, 66.37063282070886], [172.72378516557134, 73.0899680186653], [180.4862239021368, 88.9755620250537], [186.80243432509383, 101.06529990049731], [190.01151159269108, 108.3390561956531], [198.82363917108384, 123.44561385561718], [195.45101272487602, 124.10345361686645], [176.10387252117576, 127.31790985111378], [163.42165049568302, 129.81088837793382], [152.26914002684583, 130.87804943434563], [133.63836237397544, 132.94672841383633], [114.0552549781741, 131.86432414405337], [110.81070765762784, 134.2037498609198], [101.08311656986976, 144.50315562218762], [99.00001005899458, 153.84162253294076], [84.64809493907767, 164.7980630820396], [72.11862847456456, 174.51836430710574]]}