{"harita_boyut": {"genislik": 366, "yukseklik": 292}, "baslangic": [308.56180290377876, 142.5788343645124], "hedef": [140.1341116300823, 160.13123477999616], "engeller": [["dikdortgen", 217, 237, 16, 10], ["dikdortgen", 13, 70, 11, 9], ["daire", 25, 17, 5], ["daire", 212, 60, 11], ["dikdortgen", 36, 39, 10, 5], ["daire", 10, 14, 6], ["daire", 214, 168, 14], ["daire", 210, 129, 13], ["daire", 223, 249, 15], ["dikdortgen", 5, 33, 11, 14], ["dikdortgen", 178, 89, 7, 10], ["dikdortgen", 6, 87, 12, 20], ["daire", 300, 61, 10], ["dikdortgen", 261, 18, 10, 5], ["dikdortgen", 288, 280, 20, 7], ["dikdortgen", 129, 201, 5, 7], ["daire", 212, 214, 8], ["dikdortgen", 92, 130, 11, 12], ["daire", 341, 182, 14], ["daire", 64, 257, 13], ["daire", 340, 70, 12], ["dikdortgen", 306, 214, 9, 11], ["dikdortgen", 106, 247, 19, 16], ["daire", 342, 99, 6], ["daire", 259, 276, 11], ["dikdortgen", 239, 38, 5, 10], ["dikdortgen", 62, 87, 14, 14], ["dikdortgen", 251, 14, 11, 15], ["dikdortgen", 35, 255, 17, 20], ["dikdortgen", 101, 201, 19, 17], ["daire", 218, 181, 5], ["daire", 248, 40, 11], ["dikdortgen", 295, 29, 8, 20], ["daire", 12, 21, 6], ["dikdortgen", 260, 97, 5, 12], ["dikdortgen", 344, 62, 6, 15], ["dikdortgen", 187, 251, 17, 7], ["daire", 248, 18, 15], ["daire", 100, 74, 9], ["daire", 203, 82, 10], ["daire", 33, 225, 14], ["dikdortgen", 285, 171, 11, 6], ["daire", 161, 259, 5], ["daire", 213, 152, 14], ["daire", 108, 177, 13], ["dikdortgen", 245, 48, 13, 13], ["daire", 108, 10, 8], ["dikdortgen", 137, 250, 7, 16], ["dikdortgen", 206, 73, 7, 17], ["daire", 171, 146, 10], ["dikdortgen", 107, 50, 10, 15], ["daire", 61, 105, 7], ["dikdortgen", 142, 17, 18, 11]], "rrt_path": [[308.56180290377876, 142.5788343645124], [300.85446496388636, 142.35303867957165], [286.6232977391322, 140.9576280015493], [271.59195699647637, 140.13494688162652], [253.53273661018787, 140.03041907125706], [236.91553905917482, 136.5713771768749], [227.09805596650813, 122.00826027742119], [226.20452865388592, 118.10933620255153], [213.5094344360476, 109.7507499301232], [212.6373968685878, 106.8383686982604], [205.30917517367476, 107.86506745576499], [197.16445058119567, 115.5861265826665], [192.66556901048682, 121.66850642486679], [191.67788999312677, 127.38566874678904], [190.78477686518136, 142.47555277492324], [182.8593609460217, 158.25894012304673], [172.01879868430797, 161.3680191877223], [158.47705009333185, 164.78374805676228], [140.1341116300823, 160.13123477999616]]}