{"harita_boyut": {"genislik": 309, "yukseklik": 204}, "baslangic": [241.2354615740729, 17.5091531416002], "hedef": [76.31058636404852, 39.361189103560456], "engeller": [["daire", 304, 9, 4], ["dikdortgen", 106, 34, 15, 5], ["dikdortgen", 179, 158, 8, 12], ["daire", 106, 109, 6], ["daire", 158, 57, 12], ["dikdortgen", 56, 78, 20, 20], ["dikdortgen", 258, 173, 13, 16], ["daire", 95, 142, 13], ["dikdortgen", 51, 114, 9, 8], ["dikdortgen", 299, 58, 5, 19], ["daire", 131, 101, 3], ["dikdortgen", 75, 134, 11, 12], ["daire", 71, 95, 11], ["daire", 125, 130, 13], ["dikdortgen", 255, 129, 12, 8], ["daire", 261, 201, 3], ["dikdortgen", 240, 101, 13, 10], ["daire", 89, 156, 8], ["dikdortgen", 256, 109, 12, 16], ["daire", 63, 152, 4], ["dikdortgen", 289, 138, 18, 17], ["dikdortgen", 26, 51, 6, 18], ["dikdortgen", 269, 46, 16, 14], ["daire", 214, 61, 8], ["dikdortgen", 286, 171, 15, 7], ["dikdortgen", 57, 176, 20, 14], ["dikdortgen", 226, 177, 14, 8], ["dikdortgen", 223, 62, 10, 20], ["daire", 285, 123, 13], ["dikdortgen", 5, 169, 12, 19], ["dikdortgen", 194, 18, 9, 17]], "rrt_path": [[241.2354615740729, 17.5091531416002], [228.49425984899463, 26.66981994960984], [213.9987669750612, 37.57836504787276], [205.60644039845525, 48.69449207430539], [200.27271650866848, 56.57286563141617], [191.8146165927254, 70.3181698492584], [184.02456934758442, 83.84679295786248], [168.96531540108043, 93.69607289502056], [161.63651189660112, 94.18460755647799], [146.45898438469095, 100.90341969382376], [148.53736917377762, 103.20330808457297], [136.67458794364424, 110.32861446395823], [122.6888699842033, 108.1905750703184], [118.37597643307522, 101.53160122837143], [105.57267755089963, 89.67368609455798], [97.42423383261067, 84.21380109065493], [87.76633385378969, 70.65944715844908], [80.9315660571362, 56.464807363509784], [76.31058636404852, 39.361189103560456]]}