{"harita_boyut": {"genislik": 219, "yukseklik": 283}, "baslangic": [73.1241989131709, 74.58645987057686], "hedef": [74.3767384786983, 227.0751986076546], "engeller": [["dikdortgen", 133, 30, 8, 5], ["dikdortgen", 128, 206, 7, 20], ["daire", 97, 210, 15], ["daire", 96, 166, 11], ["daire", 170, 55, 12], ["dikdortgen", 137, 213, 11, 12], ["dikdortgen", 6, 210, 14, 20], ["dikdortgen", 51, 4, 7, 15], ["dikdortgen", 61, 178, 6, 11], ["daire", 39, 210, 11], ["dikdortgen", 103, 194, 8, 9], ["dikdortgen", 174, 215, 7, 13], ["daire", 139, 252, 9], ["dikdortgen", 179, 86, 15, 16], ["daire", 197, 273, 5], ["daire", 32, 37, 9], ["daire", 133, 260, 6], ["daire", 58, 267, 9], ["dikdortgen", 136, 35, 6, 14], ["dikdortgen", 86, 264, 10, 15], ["dikdortgen", 201, 181, 12, 16], ["dikdortgen", 208, 144, 10, 18], ["daire", 205, 26, 6], ["daire", 122, 238, 8], ["dikdortgen", 173, 168, 19, 20], ["dikdortgen", 194, 175, 5, 6], ["daire", 140, 131, 4], ["dikdortgen", 37, 117, 19, 11], ["daire", 130, 148, 5], ["dikdortgen", 145, 191, 18, 7]], "rrt_path": [[73.1241989131709, 74.58645987057686], [77.04583017250374, 91.16960304493739], [79.27422409522852, 94.49138878835362], [80.33778010942292, 111.26126173455759], [77.74217776783088, 118.79769845636653], [76.5166743363808, 134.95145639118417], [78.80119842186463, 141.88441408127497], [83.93537244508572, 153.8586500680005], [82.29712493859807, 155.56161818752997], [80.35089823415025, 159.0562142464321], [76.16322767574908, 176.14257318322575], [73.93826959662645, 183.37950206230687], [71.10360104227249, 201.2893562615297], [66.38471728734474, 211.47806751484052], [74.3767384786983, 227.0751986076546]]}