{"harita_boyut": {"genislik": 371, "yukseklik": 170}, "baslangic": [65.70081430951467, 102.27840586305639], "hedef": [187.3238831404081, 45.49758438196291], "engeller": [["daire", 295, 46, 7], ["daire", 344, 22, 3], ["daire", 98, 12, 6], ["dikdortgen", 365, 69, 6, 17], ["dikdortgen", 294, 8, 18, 18], ["daire", 13, 72, 3], ["dikdortgen", 82, 81, 11, 20], ["dikdortgen", 230, 0, 17, 5], ["daire", 356, 157, 6], ["daire", 107, 75, 15], ["daire", 68, 151, 4], ["dikdortgen", 218, 96, 17, 12], ["dikdortgen", 250, 62, 12, 14], ["daire", 144, 48, 11], ["daire", 124, 95, 3], ["daire", 171, 119, 10], ["dikdortgen", 39, 103, 16, 18], ["dikdortgen", 48, 126, 13, 12], ["dikdortgen", 244, 2, 13, 11], ["daire", 27, 16, 13], ["daire", 123, 69, 12], ["daire", 138, 140, 12], ["dikdortgen", 155, 78, 19, 18], ["daire", 128, 50, 12], ["daire", 308, 160, 4], ["daire", 38, 43, 14], ["daire", 176, 137, 14], ["dikdortgen", 79, 11, 5, 13], ["daire", 310, 163, 7], ["dikdortgen", 129, 47, 6, 10], ["daire", 155, 109, 5]], "rrt_path": [[65.70081430951467, 102.27840586305636], [65.61171452175067, 102.87902425614989], [65.53301227976894, 103.47353048052963], [65.46470758356948, 104.06192453619556], [65.4068004331523, 104.64420642314776], [65.35929082851737, 105.22037614138615], [65.32217876966475, 105.79043369091079], [65.29546425659436, 106.35437907172161], [65.27914728930624, 106.91221228381868], [65.2732278678004, 107.46393332720196], [65.27770599207685, 108.00954220187145], [65.29258166213555, 108.54903890782718], [65.31785487797652, 109.08242344506911], [65.35352563959975, 109.60969581359727], [65.39959394700529, 110.13085601341164], [65.45605980019305, 110.64590404451224], [65.5229231991631, 111.15483990689907], [65.60018414391541, 111.65766360057208], [65.68784263445002, 112.15437512553135], [65.78589867076687, 112.6449744817768], [65.894352252866, 113.1294616693085], [66.0132033807474, 113.6078366881264], [66.14245205441105, 114.08009953823053], [66.282098273857, 114.54625021962089], [66.4321420390852, 115.00628873229746], [66.59258335009568, 115.46021507626024], [66.76342220688844, 115.90802925150923], [66.94465860946345, 116.34973125804447], [67.13629255782074, 116.78532109586591], [67.3383240519603, 117.21479876497358], [67.55075309188213, 117.63816426536748], [67.77357967758623, 118.05541759704758], [68.00680380907258, 118.46655876001391], [68.25042548634121, 118.87158775426644], [68.50444470939212, 119.27050457980522], [68.76886147822529, 119.66330923663017], [69.04367579284076, 120.05000172474139], [69.32888765323845, 120.43058204413879], [69.62449705941845, 120.80505019482246], [69.93050401138069, 121.1734061767923], [70.24690850912523, 121.5356499900484], [70.57371055265202, 121.89178163459067], [70.91091014196108, 122.2418011104192], [71.25850727705242, 122.58570841753394], [71.61650195792602, 122.9235035559349], [71.98489418458189, 123.25518652562207], [72.36368395702002, 123.58075732659546], [72.75287127524044, 123.9002159588551], [73.15245613924313, 124.21356242240093], [73.56243854902809, 124.52079671723298], [73.98281850459529, 124.82191884335123], [74.4135960059448, 125.11692880075574], [74.85477105307655, 125.40582658944643], [75.30634364599058, 125.68861220942338], [75.76831378468688, 125.96528566068653], [76.24060922336645, 126.23583766642753], [76.71690768794781, 126.49945640746819], [77.19313048507574, 126.7556181543015], [77.66927761475023, 127.00432290692751], [78.14534907697124, 127.2455706653462], [78.62134487173883, 127.47936142955756], [79.09726499905297, 127.70569519956157], [79.57310945891365, 127.92457197535832], [80.0488782513209, 128.13599175694773], [80.52457137627466, 128.3399545443298], [81.00018883377503, 128.53646033750454], [81.4757306238219, 128.72550913647197], [81.95119674641536, 128.9071009412321], [82.42658720155538, 129.0812357517849], [82.9019019892419, 129.24791356813034], [83.37714110947502, 129.4071343902685], [83.85230456225466, 129.55889821819932], [84.32739234758085, 129.7032050519228], [84.80240446545363, 129.840054891439], [85.27734091587293, 129.96944773674784], [85.75220169883877, 130.09138358784935], [86.22698681435119, 130.2058624447436], [86.70169626241015, 130.31288430743047], [87.17633004301567, 130.41244917591004], [87.65088815616774, 130.5045570501823], [88.12537060186635, 130.58920793024723], [88.5997773801115, 130.66640181610478], [89.07410849090323, 130.7361387077551], [89.54836393424151, 130.79841860519804], [90.02254371012633, 130.85324150843365], [90.4966478185577, 130.90060741746197], [90.97067625953564, 130.94051633228298], [91.44462903306012, 130.97296825289664], [91.91850613913114, 130.99796317930296], [92.39230757774874, 131.015501111502], [92.86603334891285, 131.02558204949366], [93.33968345262355, 131.0282059932781], [93.8132578888808, 131.02337294285516], [94.28675665768458, 131.01108289822486], [94.7621015402371, 130.99150347658656], [95.24294732790656, 130.96495344778373], [95.72938202629003, 130.93144048763898], [96.2214056353874, 130.89096459615234], [96.71901815519874, 130.8435257733238], [97.22221958572406, 130.7891240191534], [97.73100992696334, 130.7277593336411], [98.24538917891655, 130.6594317167869], [98.76535734158374, 130.58414116859086], [99.29091441496487, 130.5018876890529], [99.82206039905996, 130.41267127817304], [100.35879529386901, 130.31649193595132], [100.90111909939202, 130.2133496623877], [101.44903181562898, 130.1032444574822], [102.0025334425799, 129.9861763212348], [102.5616239802448, 129.86214525364554], [103.12630342862363, 129.73115125471435], [103.69657178771642, 129.59319432444127], [104.2724290575232, 129.44827446282636], [104.8538752380439, 129.29639166986954], [105.44091032927855, 129.1375459455708], [106.0335343312272, 128.9717372899302], [106.63174724388979, 128.79896570294773], [107.23554906726632, 128.61923118462332], [107.84493980135682, 128.43253373495705], [108.45991944616127, 128.23887335394892], [109.08048800167967, 128.03825004159884], [109.70664546791205, 127.83066379790691], [110.33839184485836, 127.61611462287308], [110.97572713251867, 127.3946025164974], [111.6186513308929, 127.1661274787798], [112.26716443998109, 126.93068950972031], [112.92126645978325, 126.68828860931893], [113.58095739029937, 126.43892477757568], [114.24623723152945, 126.18259801449057], [114.91710598347348, 125.91930832006352], [115.59356364613146, 125.64905569429459], [116.2756102195034, 125.3718401371838], [116.96123153561966, 125.08776712361251], [117.61090115805659, 124.79890651381969], [118.20931495683493, 124.50605973118168], [118.75647293195473, 124.20922677569851], [119.25237508341597, 123.90840764737017], [119.6970214112186, 123.60360234619665], [120.09041191536272, 123.29481087217795], [120.43254659584827, 122.9820332253141], [120.72342545267523, 122.66526940560503], [120.96304848584364, 122.34451941305085], [121.15141569535348, 122.01978324765145], [121.28852708120475, 121.6910609094069], [121.37438264339745, 121.35835239831717], [121.4089823819316, 121.02165771438229], [121.39232629680717, 120.6809768576022], [121.32441438802421, 120.33630982797696], [121.20524665558264, 119.98765662550653], [121.03482309948255, 119.63501725019094], [120.81314371972387, 119.27839170203019], [120.54020851630662, 118.91777998102424], [120.21601748923084, 118.55318208717314], [119.84059689511633, 118.1845986510858], [119.46562058451114, 117.81327073093573], [119.1382834173562, 117.44033181234586], [118.85858539365148, 117.06578189531614], [118.62652651339701, 116.6896209798466], [118.44210677659277, 116.31184906593722], [118.30532618323878, 115.93246615358804], [118.21618473333498, 115.55147224279902], [118.17468242688146, 115.16886733357019], [118.18081926387816, 114.78465142590153], [118.23459524432508, 114.39882451979304], [118.33601036822228, 114.01138661524473], [118.48506463556967, 113.62233771225658], [118.68175804636728, 113.23167781082861], [118.92609060061515, 112.8394069109608], [119.21806229831326, 112.44552501265319], [119.55767313946161, 112.05003211590576], 