{"harita_boyut": {"genislik": 477, "yukseklik": 101}, "baslangic": [318.018266845281, 70.61100205192255], "hedef": [444.47396687112337, 71.54875194219711], "engeller": [["dikdortgen", 33, 13, 8, 17], ["daire", 45, 69, 4], ["dikdortgen", 192, 36, 17, 6], ["dikdortgen", 162, 48, 12, 11], ["daire", 267, 76, 15], ["dikdortgen", 324, 47, 17, 12], ["daire", 338, 69, 6], ["dikdortgen", 427, 19, 20, 15], ["daire", 137, 86, 7], ["daire", 268, 63, 13], ["daire", 176, 7, 3], ["dikdortgen", 215, 1, 20, 5], ["dikdortgen", 288, 9, 17, 5], ["daire", 103, 63, 13], ["daire", 40, 18, 8], ["daire", 132, 48, 13], ["dikdortgen", 36, 59, 5, 16], ["dikdortgen", 288, 65, 14, 18], ["daire", 304, 94, 4], ["daire", 358, 81, 15], ["dikdortgen", 65, 53, 19, 6], ["daire", 101, 37, 14], ["dikdortgen", 153, 1, 6, 12], ["dikdortgen", 21, 47, 7, 16]], "rrt_path": [[318.018266845281, 70.61100205192255], [318.5961519299299, 66.65296607066362], [312.3468289988099, 47.82201739936927], [322.4288643942817, 38.29524178262247], [338.2133838168356, 37.08546500682195], [353.0867627969984, 38.0141950274227], [353.8449793062054, 39.12677899910528], [363.13449601245475, 50.735573864493176], [370.9687251430686, 59.50824691903972], [389.16889717224774, 63.47508084498268], [391.5629861562863, 63.03301173576445], [409.49748792527066, 66.96411493757718], [425.0251692791056, 69.26323368358194], [444.47396687112337, 71.54875194219711]]}