{"harita_boyut": {"genislik": 310, "yukseklik": 289}, "baslangic": [261.82569609048073, 90.20482569083963], "hedef": [152.97023266215274, 131.28652417843804], "engeller": [["daire", 126, 40, 13], ["daire", 155, 16, 11], ["daire", 127, 82, 6], ["daire", 163, 169, 11], ["daire", 267, 141, 6], ["daire", 108, 108, 8], ["daire", 154, 209, 13], ["dikdortgen", 194, 191, 7, 20], ["dikdortgen", 103, 204, 16, 17], ["daire", 111, 175, 13], ["daire", 270, 150, 7], ["daire", 125, 215, 15], ["dikdortgen", 22, 79, 11, 19], ["daire", 33, 238, 12], ["daire", 10, 181, 7], ["daire", 183, 224, 6], ["dikdortgen", 125, 220, 17, 9], ["dikdortgen", 114, 189, 17, 8], ["dikdortgen", 157, 2, 8, 17], ["daire", 168, 84, 7], ["dikdortgen", 180, 199, 17, 18], ["dikdortgen", 142, 87, 20, 19], ["dikdortgen", 226, 32, 19, 9], ["dikdortgen", 212, 278, 16, 7], ["dikdortgen", 240, 67, 14, 13], ["daire", 49, 89, 9], ["daire", 53, 265, 5], ["dikdortgen", 17, 254, 16, 5], ["daire", 94, 109, 15], ["dikdortgen", 283, 258, 6, 11], ["daire", 141, 236, 10], ["daire", 188, 79, 11], ["daire", 195, 55, 13], ["daire", 223, 102, 10], ["dikdortgen", 69, 152, 15, 10], ["dikdortgen", 285, 22, 9, 9], ["dikdortgen", 44, 263, 19, 15], ["dikdortgen", 19, 76, 18, 15], ["dikdortgen", 156, 28, 16, 16], ["dikdortgen", 258, 128, 15, 7], ["daire", 130, 224, 3], ["dikdortgen", 158, 1, 19, 18], ["daire", 237, 39, 14], ["dikdortgen", 233, 177, 18, 19]], "rrt_path": [[261.8256960904807, 90.20482569083963], [261.4269386187725, 90.54432515721464], [261.03415265099227, 90.88739686072698], [260.6473381871397, 91.23404080137657], [260.26649522721505, 91.58425697916347], [259.8916237712181, 91.93804539408765], [259.52272381914906, 92.29540604614913], [259.1597953710078, 92.65633893534788], [258.8028384267944, 93.02084406168392], [258.45185298650875, 93.38892142515728], [258.10683905015094, 93.7605710257679], [257.76779661772093, 94.1357928635158], [257.4347256892187, 94.51458693840098], [257.1076262646443, 94.8969532504235], [256.7864983439977, 95.28289179958325], [256.4713419272789, 95.67240258588029], [256.16215701448795, 96.06548560931466], [255.85894360562477, 96.4621408698863], [255.5617017006894, 96.86236836759522], [255.27043129968192, 97.26616810244145], [254.98513240260218, 97.67354007442495], [254.70580500945027, 98.08448428354576], [254.43244912022618, 98.49900072980384], [254.16506473492984, 98.9170894131992], [253.90365185356137, 99.33875033373187], [253.64821047612068, 99.7639834914018], [253.39874060260786, 100.19278888620903], [253.1552422330228, 100.62516651815356], [252.9177153673656, 101.06111638723537], [252.68616000563617, 101.50063849345447], [252.4605761478345, 101.94373283681085], [252.24096379396067, 102.39039941730452], [252.02732294401466, 102.84063823493548], [251.81965359799645, 103.29444928970372], [251.6179557559061, 103.75183258160926], [251.42222941774355, 104.2127881106521], [251.23247458350878, 104.67731587683221], [251.04869125320187, 105.14541588014964], [250.87087942682268, 105.61708812060431], [250.6990391043714, 106.0923325981963], [250.53317028584786, 106.57114931292554], [250.3690436030367, 107.05140234237567], [250.201486272762, 107.53047931917214], [250.03048549689953, 108.00837377998539], [249.8560412754491, 108.48508572481536], [249.67815360841075, 108.96061515366215], [249.49682249578453, 109.43496206652563], [249.31204793757036, 109.9081264634059], [249.1238299337683, 110.38010834430293], [248.93216848437834, 110.85090770921667], [248.73706358940046, 111.3205245581472], [248.5385152488347, 111.78895889109448], [248.33652346268104, 112.25621070805852], [248.1310882309394, 112.72228000903928], [247.92220955360995, 113.18716679403683], [247.70988743069256, 113.65087106305111], [247.49412186218728, 114.11339281608217], [247.27491284809403, 114.57473205312994], [247.05226038841295, 115.03488877419451], [246.8261644831439, 115.49386297927583], [246.596625132287, 115.95165466837388], [246.3636423358422, 116.40826384148869], [246.12721609380944, 116.86369049862026], [245.8873464061888, 117.31793463976858], [245.64403327298024, 117.77099626493366], [245.3972766941838, 118.22287537411549], [245.14707666979945, 118.67357196731407], [244.89343319982717, 119.1230860445294], [244.636346284267, 119.57141760576147], [244.37581592311892, 120.01856665101033], [244.11184211638295, 120.46453318027594], [243.84442486405908, 120.90931719355828], [243.57356416614726, 121.3529186908574], [243.2992600226476, 121.79533767217325], [243.02151243355996, 122.23657413750587], [242.74025958897346, 122.67644569014017], [242.45406827357067, 123.11072301213072], [242.16233781920178, 123.53763357386875], [241.86506822586668, 123.95717737535428], [241.56225949356545, 124.36935441658726], [241.25391162229803, 124.77416469756771], [240.9400246120644, 125.1716082182956], [240.62059846286468, 125.561684978771], [240.29563317469876, 125.94439497899384], [239.96512874756672, 126.31973821896418], [239.62908518146853, 126.68771469868199], [239.2875024764041, 127.04832441814725], [238.94038063237352, 127.40156737735998], [238.5877196493768, 127.7474435763202], [238.22951952741388, 128.08595301502785], [237.86578026648485, 128.417095693483], [237.49650186658968, 128.74087161168563], [237.12168432772825, 129.0572807696357], [236.7413276499007, 129.36632316733326], [236.35543183310696, 129.66799880477825], [235.96399687734709, 129.96230768197074], [235.5670227826211, 130.24924979891074], [235.16450954892886, 130.52882515559816], [234.75645717627052, 130.80103375203308], [234.34286566464598, 131.06587558821545], [233.92373501405527, 131.32335066414527], [233.49906522449842, 131.5734589798226], [233.06885629597548, 131.8162005352474], [232.63310822848626, 132.0515753304196], [232.19182102203087, 132.27958336533936], [231.7449946766094, 132.50022464000654], [231.29262919222168, 132.7134991544212], [230.8347245688679, 132.9194069085833], [230.37128080654787, 133.11794790249297], [229.90229790526166, 133.30912213615], [229.42777586500938, 133.49292960955455], [228.94774087513574, 133.66940634887933], [228.4652568684046, 133.8427671129018], [227.98242358367258, 134.0159003112114], [227.4992410209397, 134.1888059438081], [227.01570918020593, 134.36148401069187], [226.5318280614713, 134.53393451186278], [226.04759766473575, 134.70615744732078], [225.56301798999934, 134.8781528170659], [225.07808903726206, 135.04992062109812], [224.59281080652386, 135.2214608594174], [224.10718329778481, 135.39277353202385], [223.62120651104482, 135.56385863891734], [223.13488044630404, 135.734716180098], [222.64820510356236, 135.9053461555657], [222.16118048281976, 136.07574856532054], [221.6738065840763, 136.24592340936243], [221.18608340733195, 136.4158706876915], [220.69801095258677, 136.58559040030764], [220.20958921984067, 136.7550825472109], [219.7208182090937, 136.92434712840122], [219.23169792034582, 137.09338414387867], [218.7422283535971, 137.26219359364325], [218.2524095088474, 137.43077547769485], [217.76224138609695, 137.59912979603362], [217.27172398534552, 137.76725654865947], [216.78085730659325, 137.93515573557244], [216.28964134984008, 138.1028273567725], [215.79807611508608, 138.27027141225966], [215.30616160233114, 138.43748790203395], [214.81389781157537, 138.60447682609532], [214.32128474281868, 138.7712381844438], [213.82832239606114, 138.93777197707936], [213.33501077130273, 139.10407820400206], [212.84146189437828, 139.26835861456158], [212.34829789381985, 139.42062673520442], [211.8556145442655, 139.55934518122532], [211.36341184571518, 139.6845139526243], [210.87168979816892, 139.79613304940128], [210.3804484016267, 139.89420247155633], [209.8896876560886, 139.97872221908943], [209.3994075615545, 140.0496922920006], [208.9096081180245, 140.1071126902898], [208.4202893254985, 140.15098341395705], [207.9314511839766, 140.1813044630024], [207.44309369345874, 140.19807583742573], [206.95521685394493, 140.20129753722716], [206.46782066543528, 140.19096956240665], [205.98090512792956, 140.16709191296417], [205.4944702414279,