{"harita_boyut": {"genislik": 269, "yukseklik": 399}, "baslangic": [89.82408786044063, 217.82006180735257], "hedef": [206.1223768450378, 352.19273755971096], "engeller": [["daire", 37, 232, 4], ["daire", 156, 195, 13], ["daire", 239, 241, 15], ["daire", 127, 202, 15], ["dikdortgen", 154, 175, 7, 8], ["daire", 65, 240, 15], ["dikdortgen", 78, 163, 11, 11], ["daire", 186, 379, 14], ["daire", 176, 204, 10], ["dikdortgen", 104, 172, 7, 8], ["dikdortgen", 188, 180, 5, 15], ["dikdortgen", 44, 359, 9, 6], ["dikdortgen", 153, 136, 15, 10], ["daire", 177, 188, 14], ["dikdortgen", 184, 269, 13, 10], ["daire", 164, 347, 3], ["daire", 57, 99, 11], ["dikdortgen", 99, 332, 16, 10], ["dikdortgen", 190, 213, 16, 14], ["daire", 50, 158, 4], ["daire", 213, 32, 3], ["daire", 35, 214, 3], ["daire", 73, 278, 12], ["dikdortgen", 211, 5, 8, 5], ["daire", 188, 53, 11], ["daire", 188, 362, 9], ["daire", 214, 27, 6], ["daire", 177, 265, 13], ["daire", 122, 271, 10], ["dikdortgen", 156, 30, 9, 12], ["daire", 180, 128, 5], ["daire", 113, 311, 15], ["daire", 72, 276, 15], ["daire", 196, 79, 14], ["daire", 107, 223, 12], ["dikdortgen", 57, 170, 15, 20], ["dikdortgen", 111, 219, 16, 5], ["dikdortgen", 87, 135, 8, 17], ["daire", 157, 240, 10], ["daire", 151, 98, 14], ["dikdortgen", 70, 258, 13, 19], ["dikdortgen", 223, 177, 7, 13], ["dikdortgen", 93, 172, 15, 13], ["dikdortgen", 117, 238, 17, 16], ["daire", 52, 373, 10], ["dikdortgen", 158, 293, 10, 13], ["dikdortgen", 252, 249, 7, 9], ["dikdortgen", 127, 61, 13, 8], ["daire", 75, 169, 4], ["daire", 174, 206, 9], ["dikdortgen", 31, 274, 5, 19], ["daire", 212, 106, 14], ["daire", 131, 24, 11]], "rrt_path": [[89.82408786044063, 217.82006180735257], [89.75585181695388, 232.15120243740722], [89.27312973969396, 241.3948935545829], [96.82912160276243, 256.61938463146953], [101.68775036728293, 269.270159012183], [111.75197264966677, 283.41856774676137], [124.1658921628173, 290.2492088368818], [125.70586999438109, 289.4566920666626], [128.72376084400295, 286.8313664069075], [146.35725313406041, 287.78871848879504], [160.8261249441983, 285.7283932652443], [168.73585104457584, 284.5875490878629], [181.20835335501656, 294.08008073335264], [192.19792582043894, 309.7189053433936], [195.34319764410242, 327.7949232085852], [201.86654909124454, 345.4193544247667], [206.1223768450378, 352.19273755971096]]}