{"harita_boyut": {"genislik": 251, "yukseklik": 237}, "baslangic": [88.06487290014596, 218.51848328386063], "hedef": [221.63685257717182, 203.74250195609304], "engeller": [["daire", 134, 26, 8], ["dikdortgen", 135, 98, 17, 14], ["daire", 24, 33, 6], ["daire", 147, 104, 10], ["daire", 141, 43, 11], ["dikdortgen", 210, 106, 16, 18], ["dikdortgen", 182, 103, 11, 19], ["dikdortgen", 143, 143, 12, 16], ["daire", 219, 69, 9], ["dikdortgen", 168, 207, 11, 9], ["daire", 178, 192, 7], ["dikdortgen", 114, 114, 15, 13], ["dikdortgen", 72, 36, 7, 11], ["dikdortgen", 97, 80, 20, 18], ["daire", 69, 55, 8], ["daire", 131, 64, 10], ["dikdortgen", 141, 93, 7, 13], ["daire", 132, 90, 14], ["dikdortgen", 129, 117, 19, 6], ["dikdortgen", 142, 123, 15, 9], ["dikdortgen", 90, 4, 12, 14], ["daire", 177, 47, 5], ["dikdortgen", 165, 183, 11, 9], ["daire", 24, 10, 6], ["dikdortgen", 155, 165, 15, 14], ["dikdortgen", 180, 145, 15, 12], ["dikdortgen", 141, 167, 8, 12], ["daire", 109, 190, 10], ["dikdortgen", 163, 35, 20, 18]], "rrt_path": [[88.06487290014596, 218.51848328386063], [90.27904816182433, 210.1089077070937], [89.4960238732916, 190.66103450470075], [100.10436097256226, 174.49150342656918], [110.66118469707533, 168.51948144228726], [121.53344792337708, 156.70170669968977], [124.77523634266542, 151.0937083458384], [136.37620103505103, 138.90356888430105], [138.65466777038282, 137.88466341875915], [158.58461719156108, 137.74038017552388], [177.58651712002236, 137.9313895751581], [193.90952898626267, 139.05056149686862], [201.3249836723517, 138.93245527852508], [204.52209883613676, 152.80119091619588], [200.091012516995, 162.4725308593031], [206.4843703987094, 177.044312414632], [214.2688777036629, 191.31222632771755], [221.63685257717182, 203.74250195609304]]}