{"harita_boyut": {"genislik": 204, "yukseklik": 473}, "baslangic": [31.820251869743824, 403.24988856262473], "hedef": [114.11907877514315, 285.55992432963797], "engeller": [["daire", 37, 182, 5], ["dikdortgen", 84, 284, 19, 15], ["dikdortgen", 44, 330, 8, 11], ["daire", 36, 419, 5], ["dikdortgen", 173, 247, 20, 12], ["daire", 94, 428, 12], ["daire", 166, 136, 11], ["daire", 67, 58, 13], ["daire", 144, 381, 11], ["daire", 90, 351, 15], ["dikdortgen", 148, 118, 13, 11], ["daire", 123, 398, 5], ["daire", 173, 145, 12], ["daire", 46, 102, 8], ["daire", 63, 111, 4], ["daire", 49, 352, 12], ["daire", 122, 456, 7], ["dikdortgen", 50, 190, 9, 20], ["daire", 19, 33, 5], ["dikdortgen", 31, 381, 13, 12], ["daire", 64, 221, 7], ["daire", 145, 87, 13], ["dikdortgen", 29, 129, 20, 13], ["dikdortgen", 148, 226, 15, 9], ["daire", 114, 391, 5], ["daire", 183, 310, 8], ["daire", 62, 179, 8], ["dikdortgen", 46, 242, 8, 14], ["dikdortgen", 33, 192, 7, 6], ["dikdortgen", 89, 64, 13, 15], ["daire", 48, 447, 3], ["dikdortgen", 101, 229, 12, 16], ["dikdortgen", 135, 153, 12, 13], ["daire", 140, 342, 13], ["daire", 34, 49, 4], ["daire", 57, 407, 10], ["daire", 150, 145, 14], ["dikdortgen", 184, 419, 9, 20], ["daire", 136, 264, 12], ["dikdortgen", 124, 155, 14, 5], ["dikdortgen", 26, 19, 12, 20], ["daire", 153, 416, 11], ["daire", 18, 187, 12], ["dikdortgen", 100, 366, 13, 10], ["daire", 197, 143, 6], ["daire", 158, 150, 8], ["daire", 23, 264, 10], ["daire", 74, 188, 15]], "rrt_path": [[31.820251869743824, 403.24988856262473], [28.86561563452177, 400.5535716825988], [13.620924305157237, 388.71355980831385], [19.454907896925448, 370.17457536619474], [24.566061450295216, 359.3546612850778], [30.20322089153531, 346.10197564417297], [35.119475722349, 332.92832590487194], [39.006233613815475, 317.75440714094657], [40.42400512281751, 310.4485158640869], [37.79759712754106, 309.0469608931873], [48.71077385989418, 306.9766055244754], [66.01150380643142, 316.24137991599014], [75.77342111753735, 321.3483662307102], [83.97286122476598, 325.7653151112265], [101.92576309398547, 318.7894203490093], [110.0925708367808, 303.6516918029189], [114.11907877514315, 285.55992432963797]]}