{"harita_boyut": {"genislik": 206, "yukseklik": 474}, "baslangic": [158.72668015035592, 404.0379415307817], "hedef": [153.86929218993475, 6.148217344341727], "engeller": [["dikdortgen", 14, 359, 16, 6], ["dikdortgen", 162, 361, 18, 18], ["dikdortgen", 187, 179, 8, 12], ["daire", 126, 359, 3], ["dikdortgen", 148, 49, 12, 14], ["daire", 98, 414, 14], ["daire", 167, 136, 4], ["daire", 172, 63, 7], ["dikdortgen", 172, 11, 18, 11], ["dikdortgen", 7, 197, 12, 12], ["dikdortgen", 14, 223, 10, 20], ["dikdortgen", 147, 32, 13, 19], ["daire", 183, 63, 7], ["daire", 197, 434, 4], ["dikdortgen", 78, 241, 10, 15], ["daire", 166, 12, 7], ["dikdortgen", 143, 166, 10, 19], ["daire", 134, 366, 7], ["dikdortgen", 145, 289, 19, 20], ["dikdortgen", 134, 276, 15, 10], ["daire", 63, 353, 10], ["daire", 39, 282, 15], ["daire", 26, 303, 8], ["dikdortgen", 13, 194, 16, 17], ["daire", 81, 100, 14], ["daire", 62, 432, 12], ["daire", 65, 431, 12], ["daire", 140, 117, 4], ["daire", 30, 288, 11], ["daire", 145, 187, 12], ["daire", 179, 330, 7], ["daire", 167, 315, 7], ["daire", 176, 19, 11], ["daire", 190, 180, 6], ["dikdortgen", 4, 331, 10, 18], ["dikdortgen", 180, 383, 7, 9], ["dikdortgen", 25, 90, 16, 15], ["dikdortgen", 85, 268, 19, 13], ["dikdortgen", 191, 122, 6, 20], ["dikdortgen", 14, 11, 8, 14], ["dikdortgen", 48, 92, 8, 5], ["daire", 13, 217, 12], ["dikdortgen", 185, 96, 8, 10], ["dikdortgen", 135, 161, 20, 7], ["dikdortgen", 82, 184, 20, 14], ["daire", 111, 174, 6], ["dikdortgen", 33, 9, 7, 14], ["daire", 162, 431, 11]], "rrt_path": [[158.72668015035592, 404.0379415307817], [154.85873392725696, 392.92416242005794], [151.872448877033, 382.1718689932448], [150.50145916591256, 367.5877589940215], [147.80172335166364, 355.07996998189157], [145.9468344162777, 340.6545631993509], [136.55211741374026, 323.13825153708814], [128.75397601824662, 314.74578769732256], [124.4812598603713, 305.91413790565053], [121.95401918091412, 286.2778922107432], [122.08223520919519, 282.2799476575894], [121.64532525945951, 263.4181616299934], [120.54556142400854, 254.1004932908532], [120.0018163408503, 242.4207135255958], [119.25394976308561, 223.4137205281437], [118.32678311635988, 206.00213206310394], [124.08574039871986, 190.22131086773695], [125.66620077032024, 186.5467843657505], [127.15010233410122, 169.38580524636515], [124.9533634736123, 152.39125276877246], [122.46879212528036, 136.04555004932865], [118.9223590616569, 135.83038004884517], [123.35825495074717, 125.25795310571652], [128.38515842194656, 107.95765582260685], [130.50613591019535, 101.52882432872786], [134.58840520423686, 87.20126466335955], [134.73344979637116, 68.04930523510383], [135.01083955323872, 48.566151841492704], [137.57504476513617, 37.60390905011418], [142.35665242139643, 22.86813165633767], [145.93970069933454, 21.089996386465096], [153.86929218993475, 6.148217344341727]]}