{"harita_boyut": {"genislik": 488, "yukseklik": 339}, "baslangic": [100.51625076474444, 94.31611437446273], "hedef": [326.2517523017784, 326.64484259902713], "engeller": [["daire", 39, 172, 15], ["dikdortgen", 184, 32, 17, 10], ["dikdortgen", 187, 162, 5, 10], ["dikdortgen", 182, 177, 8, 14], ["daire", 262, 121, 10], ["dikdortgen", 57, 222, 20, 15], ["daire", 454, 297, 8], ["daire", 13, 91, 3], ["daire", 319, 179, 11], ["daire", 139, 133, 12], ["dikdortgen", 132, 237, 19, 9], ["daire", 256, 118, 11], ["dikdortgen", 102, 121, 12, 7], ["daire", 268, 7, 7], ["daire", 334, 285, 15], ["dikdortgen", 75, 171, 17, 20], ["daire", 86, 124, 5], ["dikdortgen", 68, 137, 8, 6], ["dikdortgen", 266, 221, 10, 18], ["daire", 54, 270, 6], ["dikdortgen", 265, 162, 13, 20], ["daire", 365, 94, 3], ["daire", 406, 14, 11], ["dikdortgen", 363, 282, 19, 18], ["dikdortgen", 143, 156, 18, 13], ["dikdortgen", 225, 218, 7, 6], ["dikdortgen", 107, 82, 9, 8], ["dikdortgen", 61, 164, 7, 17], ["daire", 100, 155, 9], ["daire", 231, 61, 5], ["dikdortgen", 410, 279, 10, 10], ["daire", 275, 213, 12], ["daire", 373, 104, 11], ["dikdortgen", 455, 309, 17, 8], ["daire", 234, 34, 8], ["daire", 393, 249, 9], ["daire", 185, 105, 7], ["dikdortgen", 327, 220, 16, 6], ["dikdortgen", 290, 148, 9, 9], ["daire", 311, 249, 13], ["dikdortgen", 96, 237, 8, 12], ["daire", 265, 241, 13], ["daire", 372, 23, 10], ["daire", 296, 173, 7], ["daire", 447, 44, 15], ["dikdortgen", 135, 283, 9, 9], ["daire", 478, 282, 10], ["dikdortgen", 424, 238, 5, 8], ["daire", 455, 313, 4], ["daire", 472, 7, 7], ["dikdortgen", 24, 151, 12, 8], ["dikdortgen", 30, 155, 12, 6], ["daire", 249, 302, 15], ["dikdortgen", 394, 3, 9, 13], ["dikdortgen", 219, 97, 20, 11], ["dikdortgen", 2, 194, 12, 13], ["daire", 250, 265, 15], ["daire", 465, 135, 8], ["dikdortgen", 27, 172, 5, 17], ["dikdortgen", 138, 13, 10, 14], ["dikdortgen", 80, 181, 12, 18], ["daire", 254, 122, 7], ["daire", 325, 155, 5], ["dikdortgen", 211, 59, 15, 15], ["daire", 417, 253, 13], ["dikdortgen", 210, 54, 14, 10], ["dikdortgen", 303, 104, 16, 8], ["daire", 129, 113, 9], ["dikdortgen", 66, 204, 6, 9], ["daire", 128, 121, 13], ["dikdortgen", 144, 320, 16, 19], ["daire", 370, 102, 9], ["dikdortgen", 290, 122, 7, 18], ["dikdortgen", 451, 260, 18, 13], ["dikdortgen", 117, 322, 12, 8], ["daire", 367, 313, 7], ["daire", 150, 73, 4], ["dikdortgen", 90, 163, 18, 18], ["dikdortgen", 267, 251, 8, 16], ["daire", 411, 26, 3], ["daire", 402, 324, 9], ["daire", 171, 178, 6]], "rrt_path": [[100.51625076474444, 94.31611437446273], [115.00147669157536, 101.93770070294886], [125.67832422719944, 97.29532252145482], [133.84441150925113, 99.79755645362592], [150.38619999883912, 104.56104375802857], [163.453600277617, 109.62831775460457], [172.1259693557121, 114.04269489403703], [186.76272371853113, 119.35470714532329], [197.51283111778565, 123.23255519175919], [212.56935611492494, 134.54715494083146], [227.04264687016777, 145.40109488797145], [243.50452397283365, 149.35185887030926], [254.408338526292, 151.25864220432652], [271.9800629713858, 155.5018137246418], [284.48781604445975, 156.6474562579917], [283.95986270564595, 159.91523053710569], [283.52505818021854, 175.86874059866432], [284.8229569847531, 179.65231809796148], [294.19879453514756, 194.4444490947361], [294.2408856601729, 213.39664001646634], [289.71143250218785, 230.07238985264223], [287.7229228916837, 246.77150034496012], [283.27999256427233, 263.54737387435324], [281.8220608447607, 271.3218775727113], [278.80417408622765, 288.2624730270736], [287.30265438118863, 297.63655614313944], [298.95802814529674, 309.8212989188863], [314.48200981741985, 318.95556122965127], [326.2517523017784, 326.64484259902713]]}