{"harita_boyut": {"genislik": 414, "yukseklik": 348}, "baslangic": [173.9960965153544, 96.68009079438362], "hedef": [89.8659472835776, 329.4212104395475], "engeller": [["dikdortgen", 162, 184, 9, 6], ["dikdortgen", 92, 280, 17, 15], ["dikdortgen", 163, 232, 8, 19], ["dikdortgen", 389, 212, 14, 14], ["dikdortgen", 337, 321, 8, 5], ["daire", 32, 189, 3], ["daire", 255, 43, 10], ["dikdortgen", 69, 337, 20, 7], ["daire", 313, 26, 15], ["dikdortgen", 297, 303, 7, 19], ["dikdortgen", 136, 77, 5, 10], ["daire", 366, 197, 10], ["daire", 231, 191, 12], ["dikdortgen", 201, 194, 12, 12], ["dikdortgen", 290, 63, 19, 14], ["daire", 91, 178, 12], ["dikdortgen", 345, 302, 20, 7], ["daire", 55, 72, 3], ["dikdortgen", 37, 162, 7, 15], ["dikdortgen", 218, 31, 18, 16], ["dikdortgen", 133, 244, 18, 18], ["dikdortgen", 202, 95, 13, 7], ["daire", 248, 270, 3], ["daire", 107, 276, 7], ["daire", 188, 135, 8], ["dikdortgen", 239, 143, 17, 13], ["dikdortgen", 208, 114, 8, 17], ["dikdortgen", 352, 133, 15, 13], ["dikdortgen", 143, 259, 6, 7], ["dikdortgen", 112, 97, 16, 18], ["daire", 380, 79, 15], ["daire", 117, 259, 4], ["daire", 275, 197, 13], ["dikdortgen", 131, 114, 19, 19], ["dikdortgen", 315, 173, 12, 8], ["daire", 157, 97, 11], ["dikdortgen", 186, 15, 17, 6], ["daire", 119, 139, 6], ["dikdortgen", 293, 174, 8, 6], ["daire", 333, 57, 5], ["dikdortgen", 217, 234, 14, 8], ["dikdortgen", 2, 35, 16, 6], ["dikdortgen", 63, 170, 18, 16], ["daire", 362, 222, 12], ["dikdortgen", 144, 281, 16, 11], ["daire", 404, 209, 9], ["dikdortgen", 235, 24, 18, 8], ["daire", 111, 88, 7], ["dikdortgen", 239, 185, 12, 19], ["daire", 294, 133, 12], ["daire", 66, 32, 8], ["dikdortgen", 130, 11, 20, 20], ["dikdortgen", 232, 274, 18, 20], ["dikdortgen", 147, 158, 20, 18], ["dikdortgen", 10, 262, 19, 12], ["daire", 86, 167, 15], ["dikdortgen", 174, 136, 14, 8], ["daire", 123, 283, 5], ["dikdortgen", 294, 167, 6, 20], ["daire", 259, 297, 15], ["daire", 21, 181, 11], ["daire", 394, 149, 14], ["daire", 144, 101, 14], ["daire", 94, 187, 12], ["daire", 302, 251, 6], ["daire", 295, 283, 7], ["daire", 245, 325, 11], ["daire", 49, 213, 15], ["dikdortgen", 113, 120, 7, 12], ["daire", 138, 80, 14], ["dikdortgen", 342, 71, 17, 19], ["dikdortgen", 167, 20, 5, 7]], "rrt_path": [[173.9960965153544, 96.68009079438362], [173.40254711098322, 107.41657089398403], [171.26485769929297, 124.39249712248466], [156.88008881351615, 137.31517029494685], [143.65944089468672, 149.57581285316607], [138.0619291811626, 154.586017368697], [125.91143239847173, 162.53654753035192], [126.36750473308794, 162.28640155430355], [133.70219395442376, 165.3020623735615], [140.60462859017403, 181.77456075287225], [151.81616075106996, 193.8704232517651], [157.54485051812776, 199.42359564516175], [174.06277448068582, 206.71767496770013], [188.18148932056204, 217.38124243267586], [196.159266928633, 219.95937943337304], [205.32519010164907, 237.44252612766593], [209.02698292256096, 248.3788727247173], [211.64351649469256, 262.21773880550023], [207.53982018879267, 278.4821556307565], [191.56587911346998, 288.04018075667904], [178.0519160812962, 296.12223772716357], [162.43881609520227, 305.76618938894603], [149.8924088971394, 310.2120677260352], [140.29702685529904, 314.8566064779624], [121.46780977755037, 317.5912034401043], [113.61798240947049, 319.62396815367464], [97.82824063462854, 324.84499964096733], [89.8659472835776, 329.4212104395475]]}