{"harita_boyut": {"genislik": 191, "yukseklik": 350}, "baslangic": [74.6851566118202, 148.68369311592497], "hedef": [13.570487102750388, 287.01286673666027], "engeller": [["daire", 86, 40, 12], ["daire", 120, 28, 15], ["daire", 106, 184, 3], ["dikdortgen", 166, 160, 7, 20], ["dikdortgen", 82, 92, 19, 13], ["dikdortgen", 155, 9, 13, 19], ["dikdortgen", 103, 86, 15, 19], ["dikdortgen", 168, 292, 9, 20], ["dikdortgen", 35, 129, 6, 12], ["dikdortgen", 44, 186, 16, 14], ["daire", 13, 178, 7], ["dikdortgen", 31, 81, 15, 5], ["daire", 141, 261, 14], ["daire", 166, 131, 14], ["daire", 121, 40, 15], ["dikdortgen", 71, 253, 5, 20], ["daire", 77, 125, 12], ["dikdortgen", 23, 234, 5, 14], ["dikdortgen", 171, 18, 5, 17], ["dikdortgen", 6, 310, 20, 19], ["dikdortgen", 67, 118, 9, 12], ["dikdortgen", 118, 338, 16, 6], ["daire", 120, 210, 11], ["daire", 143, 33, 15], ["daire", 90, 308, 14], ["dikdortgen", 23, 165, 16, 15], ["dikdortgen", 94, 161, 19, 17], ["daire", 60, 333, 10], ["dikdortgen", 17, 8, 9, 13], ["daire", 156, 52, 4], ["dikdortgen", 27, 285, 11, 20], ["daire", 169, 335, 12], ["dikdortgen", 101, 284, 16, 6]], "rrt_path": [[74.6851566118202, 148.68369311592497], [77.94375974866342, 163.41921366055834], [76.92066081932747, 180.05071597448975], [76.10392919918553, 190.63244392764204], [75.24244256868457, 192.91588079123886], [66.88185879336159, 202.66933186075627], [61.18830715639248, 210.51616572936686], [54.51357825742287, 224.34010248696086], [48.58145838751453, 238.73923241109605], [40.42688946591197, 255.74075115001432], [31.646179922887757, 267.71497905731934], [26.662044937524144, 273.1685171675547], [13.570487102750388, 287.01286673666027]]}