{"harita_boyut": {"genislik": 343, "yukseklik": 171}, "baslangic": [177.8845626136048, 150.8795988177565], "hedef": [146.4898732840055, 28.844374879292282], "engeller": [["daire", 115, 95, 3], ["daire", 122, 84, 8], ["dikdortgen", 129, 47, 6, 20], ["daire", 279, 159, 12], ["daire", 135, 108, 15], ["dikdortgen", 34, 63, 16, 9], ["daire", 6, 45, 3], ["daire", 291, 71, 10], ["daire", 33, 46, 8], ["dikdortgen", 175, 109, 14, 14], ["daire", 174, 100, 6], ["daire", 25, 139, 4], ["dikdortgen", 282, 113, 13, 16], ["dikdortgen", 10, 70, 20, 10], ["daire", 18, 142, 4], ["dikdortgen", 303, 40, 11, 20], ["dikdortgen", 87, 33, 15, 5], ["dikdortgen", 292, 21, 8, 11], ["dikdortgen", 17, 52, 20, 19], ["daire", 204, 74, 4], ["daire", 263, 20, 14], ["dikdortgen", 319, 111, 13, 17], ["dikdortgen", 112, 25, 9, 9], ["dikdortgen", 245, 95, 13, 9], ["daire", 135, 33, 4], ["dikdortgen", 205, 121, 19, 14], ["dikdortgen", 277, 27, 12, 11], ["daire", 46, 13, 3], ["daire", 60, 145, 14]], "rrt_path": [[177.8845626136048, 150.8795988177565], [174.96247998922126, 148.14803641937056], [165.216427997563, 131.44819022965942], [165.42169907107748, 127.45346072863207], [159.27244481852708, 109.65884023482324], [155.2326335779964, 102.92520368009176], [149.07059639194387, 90.92503122725728], [145.52442713202035, 84.16414547551298], [147.1673766247499, 80.71331214337232], [143.11980467650838, 64.10308950583975], [145.54955868273504, 45.542681957033565], [146.4898732840055, 28.844374879292282]]}