{"harita_boyut": {"genislik": 471, "yukseklik": 460}, "baslangic": [268.6539536985071, 122.84517623220353], "hedef": [59.54761693510341, 127.18655860735308], "engeller": [["daire", 462, 7, 4], ["daire", 205, 322, 7], ["daire", 395, 202, 15], ["dikdortgen", 260, 301, 14, 13], ["daire", 420, 93, 3], ["dikdortgen", 171, 171, 11, 9], ["daire", 219, 255, 4], ["dikdortgen", 118, 9, 16, 20], ["dikdortgen", 179, 91, 19, 17], ["daire", 351, 264, 8], ["dikdortgen", 94, 255, 13, 18], ["dikdortgen", 139, 323, 15, 9], ["dikdortgen", 123, 207, 10, 9], ["daire", 177, 259, 3], ["dikdortgen", 282, 185, 8, 7], ["dikdortgen", 245, 173, 6, 18], ["daire", 95, 170, 8], ["dikdortgen", 395, 430, 13, 20], ["dikdortgen", 341, 88, 15, 12], ["daire", 86, 20, 10], ["daire", 23, 398, 6], ["daire", 135, 118, 14], ["daire", 125, 18, 10], ["daire", 427, 412, 10], ["dikdortgen", 293, 12, 13, 9], ["daire", 191, 251, 15], ["daire", 264, 270, 15], ["daire", 186, 174, 5], ["daire", 47, 279, 8], ["daire", 158, 219, 8], ["daire", 196, 222, 4], ["dikdortgen", 204, 428, 12, 15], ["dikdortgen", 163, 178, 11, 17], ["dikdortgen", 260, 342, 12, 10], ["daire", 327, 378, 3], ["dikdortgen", 241, 261, 7, 6], ["dikdortgen", 85, 21, 8, 19], ["daire", 329, 221, 12], ["dikdortgen", 111, 165, 11, 16], ["dikdortgen", 40, 80, 13, 17], ["dikdortgen", 29, 269, 10, 16], ["daire", 329, 173, 11], ["daire", 173, 179, 8], ["daire", 115, 294, 3], ["daire", 21, 371, 9], ["dikdortgen", 110, 246, 11, 19], ["dikdortgen", 217, 63, 20, 12], ["daire", 410, 6, 4], ["dikdortgen", 388, 144, 17, 7], ["daire", 290, 130, 5], ["dikdortgen", 401, 86, 12, 11], ["daire", 326, 301, 7], ["dikdortgen", 362, 379, 7, 14], ["dikdortgen", 102, 435, 18, 8], ["dikdortgen", 283, 241, 19, 17], ["daire", 409, 376, 6], ["dikdortgen", 111, 261, 5, 15], ["daire", 240, 123, 8], ["dikdortgen", 83, 58, 15, 13], ["daire", 40, 34, 4], ["daire", 189, 40, 7], ["dikdortgen", 174, 401, 6, 10], ["daire", 101, 121, 13], ["daire", 161, 284, 11], ["dikdortgen", 28, 187, 15, 10], ["dikdortgen", 205, 227, 9, 20], ["daire", 332, 431, 12], ["daire", 142, 209, 10], ["dikdortgen", 336, 371, 11, 10], ["dikdortgen", 6, 212, 9, 14], ["daire", 111, 309, 10], ["dikdortgen", 129, 338, 5, 19], ["daire", 159, 72, 13], ["daire", 376, 308, 4], ["dikdortgen", 34, 238, 5, 10], ["daire", 352, 269, 9], ["dikdortgen", 35, 357, 20, 7], ["daire", 92, 100, 15], ["daire", 99, 147, 13], ["daire", 353, 128, 15], ["daire", 240, 396, 8], ["daire", 31, 407, 12], ["dikdortgen", 441, 57, 19, 12], ["daire", 115, 298, 13], ["dikdortgen", 416, 286, 10, 13], ["dikdortgen", 243, 207, 12, 15], ["dikdortgen", 9, 267, 9, 18], ["daire", 319, 238, 14], ["dikdortgen", 394, 175, 18, 10], ["dikdortgen", 288, 72, 20, 14], ["dikdortgen", 198, 386, 13, 19], ["dikdortgen", 248, 360, 19, 9], ["daire", 229, 256, 4], ["dikdortgen", 321, 217, 19, 20], ["daire", 137, 343, 8], ["daire", 288, 384, 14], ["dikdortgen", 49, 220, 14, 6], ["daire", 271, 213, 4], ["daire", 114, 373, 7], ["dikdortgen", 151, 185, 17, 6], ["daire", 21, 351, 8], ["dikdortgen", 19, 189, 15, 19], ["dikdortgen", 163, 324, 7, 18], ["dikdortgen", 412, 358, 12, 10], ["dikdortgen", 160, 121, 14, 17], ["daire", 143, 133, 4], ["daire", 134, 383, 9], ["daire", 311, 430, 11]], "rrt_path": [[268.6539536985071, 122.84517623220353], [262.435178638261, 126.63706747241129], [248.1309949797592, 134.11373957385982], [233.081603279388, 139.01719394924544], [217.30937868587057, 145.95375117470425], [200.49612270162135, 153.72412755788625], [185.94829927963906, 162.70473739552398], [167.78648118662645, 165.1213193864298], [164.0792701626931, 166.62351325674985], [158.0581493329223, 171.72727664180528], [155.592280308993, 169.6485861661873], [142.5193392614298, 181.59022347480828], [131.0097442644614, 196.92484747766315], [113.12534387244126, 197.43024036244017], [105.98048708593508, 195.89408854756658], [89.83982335445242, 185.00201411148848], [81.30854299161983, 174.29691709162327], [72.13470204203077, 156.60318433766324], [71.70677930747519, 141.1445224396938], [59.54761693510341, 127.18655860735308]]}