{"harita_boyut": {"genislik": 246, "yukseklik": 215}, "baslangic": [78.39412377437662, 107.74310059867521], "hedef": [158.1899568225561, 183.3298658817194], "engeller": [["dikdortgen", 187, 126, 9, 11], ["dikdortgen", 204, 164, 18, 16], ["dikdortgen", 215, 55, 19, 16], ["daire", 22, 33, 3], ["daire", 38, 46, 8], ["dikdortgen", 104, 94, 11, 20], ["dikdortgen", 197, 174, 8, 14], ["dikdortgen", 217, 126, 20, 17], ["daire", 111, 147, 3], ["daire", 229, 201, 5], ["dikdortgen", 211, 34, 16, 5], ["daire", 60, 20, 10], ["daire", 209, 109, 13], ["dikdortgen", 189, 108, 6, 9], ["daire", 207, 169, 7], ["dikdortgen", 148, 146, 15, 18], ["daire", 196, 150, 15], ["dikdortgen", 35, 144, 16, 14], ["daire", 94, 63, 13], ["dikdortgen", 72, 148, 10, 8], ["daire", 69, 80, 8], ["daire", 38, 184, 15], ["dikdortgen", 212, 154, 5, 17], ["dikdortgen", 1, 4, 9, 12], ["daire", 105, 191, 15], ["dikdortgen", 37, 93, 20, 19]], "rrt_path": [[78.39412377437662, 107.74310059867521], [78.78065574679034, 108.07212730950376], [79.1687701640259, 108.3984785050933], [79.55846702608332, 108.72215418544381], [79.94974633296263, 109.04315435055531], [80.3426080846638, 109.36147900042783], [80.73705228118683, 109.67712813506134], [81.13307892253174, 109.99010175445582], [81.5306880086985, 110.30039985861131], [81.92987953968712, 110.60802244752777], [82.33065351549763, 110.91296952120526], [82.73300993612999, 111.21524107964372], [83.1369488015842, 111.51483712284318], [83.5424701118603, 111.81175765080361], [83.94957386695825, 112.106002663525], [84.35826006687807, 112.39757216100745], [84.76852871161978, 112.6864661432509], [85.18037980118334, 112.97268461025529], [85.59381333556875, 113.25622756202068], [86.00882931477602, 113.53709499854708], [86.42542773880518, 113.81528691983445], [86.84360860765621, 114.09080332588283], [87.2633719213291, 114.3636442166922], [87.68471767982385, 114.63380959226254], [88.10764588314046, 114.9012994525939], [88.53215653127894, 115.16611379768625], [88.9582496242393, 115.42825262753959], [89.38592516202151, 115.68771594215391], [89.81518314462559, 115.94450374152925], [90.24602357205153, 116.19861602566553], [90.67844644429935, 116.45005279456285], [91.11245176136902, 116.69881404822114], [91.54803952326057, 116.94489978664043], [91.98520972997397, 117.1883100098207], [92.42396238150927, 117.42904471776197], [92.86429747786642, 117.66710391046425], [93.30621501904541, 117.90248758792748], [93.74971500504628, 118.13519575015174], [94.19479743586903, 118.36522839713697], [94.64146231151364, 118.5925855288832], [95.08970963198011, 118.81726714539042], [95.53953939726844, 119.03927324665864], [95.99095160737865, 119.25860383268784], [96.44355991076985, 119.47608922109553], [96.89593148605773, 119.6948087236287], [97.34793180070476, 119.9150514674788], [97.79956085471098, 120.13681745264589], [98.25081864807639, 120.36010667912998], [98.701705180801, 120.58491914693109], [99.15222045288478, 120.81125485604917], [99.60236446432779, 121.03911380648427], [100.05213721512996, 121.26849599823633], [100.50153870529132, 121.49940143130539], [100.95056893481186, 121.73183010569144], [101.39922790369161, 121.9657820213945], [101.84751561193053, 122.20125717841454], [102.29543205952865, 122.43825557675157], [102.74297724648596, 122.6767772164056], [103.19015117280243, 122.91682209737658], [103.63695383847815, 123.15839021966464], [104.08338524351302, 123.40148158326963], [104.52944538790709, 123.64609618819162], [104.97513427166035, 123.89223403443061], [105.4204518947728, 124.1398951219866], [105.86539825724441, 124.38907945085955], [106.30997335907523, 124.63978702104953], [106.75417720026525, 124.89201783255649], [107.19800978081446, 125.14577188538044], [107.64147110072285, 125.40104917952144], [108.08456115999041, 125.65784971497933], [108.52727995861716, 125.91617349175424], [108.96962749660315, 126.1760205098462], [109.41160377394829, 126.4373907692551], [109.85320879065262, 126.70028426998098], [110.29588436287176, 126.95828709060507], [110.74123987906337, 127.20423986406148], [111.18927653909378, 127.43813725274283], [111.63999434296304, 127.65997925664915], [112.09339329067106, 127.86976587578039], [112.54947338221791, 128.0674971101366], [113.00823461760358, 128.25317295971774], [113.46967699682803, 128.42679342452385], [113.93380051989134, 128.58835850455492], [114.40060518679343, 128.73786819981092], [114.87009099753433, 128.87532251029182], [115.34225795211405, 129.00072143599775], [115.8171060505326, 129.1140649769286], [116.29463529278993, 129.21535313308436], [116.7748456788861, 129.30458590446514], [117.25773720882104, 129.3817632910708], [117.74330988259483, 129.44688529290144], [118.23156370020742, 129.49995190995705], [118.72249866165882, 129.54096314223756], [119.21611476694903, 129.56991898974306], [119.71241201607805, 129.5868194524735], [120.21139040904589, 129.5916645304289], [120.71304994585253, 129.5844542236092], [121.217390626498, 129.56518853201447], [121.72441245098227, 129.5338674556447], [122.23411541930537, 129.4904909944999], [122.74649953146724, 129.43505914858], [123.26156478746795, 129.3675719178851], [123.77931118730747, 129.2880293024151], [124.2997387309858, 129.19643130217008], [124.82171656787854, 129.0941846113119], [125.34131205505321, 128.9861811454788], [125.85818916303121, 128.8728389003774], [126.37234789181255, 128.75415787600758], [126.88378824139724, 128.63013807236945], [127.39251021178525, 128.50077948946296], [127.89851380297661, 128.36608212728814], [128.4017990149713, 128.22604598584493], [128.90236584776932, 128.0806710651334], [129.40021430137065, 127.92995736515348], [129.89534437577532, 127.77390488590522], [130.3877560709834, 127.61251362738865], [130.87744938699473, 127.44578358960368], [131.36442432380943, 127.2737147725504], [131.84868088142747, 127.09630717622876], [132.33021905984884, 126.91356080063876], [132.80903885907352, 126.72547564578042], [133.28514027910157, 126.53205171165374], [133.75852331993295, 126.33328899825868], [134.22918798156766, 126.12918750559527], [134.69713426400568, 125.91974723366354], [135.16236216724707, 125.70496818246343], [135.6248716912918, 125.48485035199501], [136.08466283613984, 125.2593937422582], [136.5417356017912, 125.02859835325302], [136.99608998824593, 124.79246418497955], [137.44772599550396, 124.5509912374377], [137.89664362356535, 124.30417951062748], [138.34286479162125, 124.05210998502518], [138.7892476196591, 123.80534198810012], [139.23779102954347, 123.57126053890269], [139.6884950212745, 123.34986563743301], [140.1413595948521, 123.14115728369102], [140.59638475027634, 122.94513547767677], [141.05357048754723, 122.76180021939021], [141.51291680666463, 122.59115150883137], [141.97442370762872, 122.43318934600023], [142.4380911904394, 122.28791373089682], [142.9039192550966, 122.1553246635211], [143.37190790160054, 122.03542214387312], [143.842057129951, 121.92820617195282], [144.3143669401481, 121.83367674776026], [144.7888373321918, 121.7518338712954], [145.2654683060821, 121.68267754255824], [145.74425986181902, 121.6262077615488], [146.22521199940255, 121.58242452826707], [146.7083247188327, 121.55132784271306], [147.1935980201094, 121.53291770488674], [147.6810319032328, 121.52719411478816], [148.1706263682027, 121.53415707241729], [148.66238141501927, 121.55380657777411], [149.15629704368246, 121.58614263085866], [149.65237325419224, 121.6311652316709], [150.15061004654862, 121.68887438021088], [150.65100742075163, 121.75927007647854], [151.15356537680123, 121.84235232047394], [151.65827988502153, 121.93804211348704], [152.16467207814793, 122.03695162943772], [152.67241279778176, 122.13262796994086], [153.18150204392296, 122.2250711349964], [153.6919398165716, 122.3142811246044], [154.20372611572768, 122.40025793876491], [154.71686094139116, 122.48300157747784], [155.23134429356207, 122.5625120407432], [155.7471761722404, 122.63878932856105], [156.2643565774261, 122.71183344093134], [156.78288550911924, 122.78164437785408], [157.30276296731984, 