{"harita_boyut": {"genislik": 269, "yukseklik": 188}, "baslangic": [256.6036567051141, 91.32898094202797], "hedef": [47.03358162425295, 94.52865336371197], "engeller": [["dikdortgen", 142, 3, 17, 8], ["dikdortgen", 121, 161, 19, 6], ["daire", 38, 59, 7], ["dikdortgen", 143, 87, 14, 6], ["dikdortgen", 5, 45, 10, 14], ["dikdortgen", 11, 34, 20, 5], ["dikdortgen", 140, 20, 17, 5], ["dikdortgen", 109, 71, 7, 5], ["daire", 249, 164, 12], ["dikdortgen", 108, 165, 10, 18], ["dikdortgen", 133, 106, 9, 17], ["dikdortgen", 68, 159, 14, 19], ["dikdortgen", 70, 159, 12, 5], ["dikdortgen", 206, 108, 14, 9], ["dikdortgen", 179, 157, 13, 19], ["dikdortgen", 96, 46, 9, 14], ["daire", 106, 134, 14], ["dikdortgen", 109, 17, 16, 8], ["daire", 147, 55, 9], ["dikdortgen", 76, 79, 8, 19], ["dikdortgen", 5, 61, 14, 10], ["dikdortgen", 126, 92, 11, 20], ["dikdortgen", 215, 5, 7, 13], ["dikdortgen", 256, 36, 7, 9], ["daire", 211, 47, 9]], "rrt_path": [[256.6036567051141, 91.32898094202797], [242.45145264608553, 86.50250178971568], [228.62606925768188, 85.25044804822454], [214.39208981047068, 82.33034930497273], [196.58692798535589, 78.61238599075064], [177.83498094888893, 76.31398390677148], [159.89170213823297, 75.01803485363503], [155.8928945644966, 74.9203722291129], [139.2286625996393, 80.01247431968287], [123.26676836602269, 83.44229517090142], [119.51223215349587, 84.82195376230176], [117.58269417684744, 86.18935156094611], [114.00278211832088, 100.51895877527407], [100.46856175268957, 101.67727654903261], [84.21780354931305, 103.60355813508302], [68.4686871488425, 103.6769676111303], [56.620608733195766, 97.44738654289492], [47.03358162425295, 94.52865336371197]]}