{"harita_boyut": {"genislik": 329, "yukseklik": 370}, "baslangic": [109.37826362511733, 56.859269067434184], "hedef": [210.8878394841711, 38.61917990215224], "engeller": [["dikdortgen", 222, 10, 13, 10], ["dikdortgen", 54, 58, 9, 20], ["dikdortgen", 68, 285, 11, 14], ["daire", 161, 32, 12], ["dikdortgen", 296, 113, 19, 5], ["dikdortgen", 171, 241, 16, 15], ["daire", 80, 43, 11], ["daire", 189, 67, 8], ["dikdortgen", 184, 153, 19, 17], ["dikdortgen", 147, 62, 17, 5], ["daire", 108, 190, 14], ["daire", 55, 27, 7], ["daire", 308, 266, 13], ["daire", 249, 86, 15], ["dikdortgen", 173, 28, 6, 6], ["dikdortgen", 152, 148, 9, 8], ["daire", 128, 342, 3], ["dikdortgen", 72, 0, 19, 19], ["dikdortgen", 34, 176, 10, 20], ["dikdortgen", 186, 79, 10, 6], ["dikdortgen", 145, 193, 15, 7], ["dikdortgen", 34, 192, 19, 11], ["daire", 154, 209, 14], ["dikdortgen", 223, 95, 18, 12], ["daire", 197, 73, 3], ["daire", 137, 352, 7], ["dikdortgen", 175, 343, 6, 16], ["daire", 115, 107, 14], ["daire", 238, 361, 3], ["daire", 97, 344, 8], ["daire", 181, 159, 4], ["dikdortgen", 3, 176, 15, 11], ["daire", 19, 313, 13], ["dikdortgen", 71, 146, 8, 17], ["dikdortgen", 236, 331, 16, 14], ["dikdortgen", 258, 199, 9, 15], ["daire", 293, 111, 11], ["daire", 125, 21, 15], ["dikdortgen", 163, 282, 6, 15], ["dikdortgen", 97, 225, 8, 9], ["dikdortgen", 236, 34, 17, 16], ["dikdortgen", 197, 252, 14, 11], ["daire", 196, 205, 7], ["daire", 241, 230, 9], ["daire", 286, 249, 15], ["daire", 55, 194, 4], ["dikdortgen", 26, 111, 6, 14], ["dikdortgen", 223, 236, 16, 13], ["dikdortgen", 32, 32, 10, 19], ["dikdortgen", 283, 48, 20, 8], ["dikdortgen", 234, 174, 9, 9], ["dikdortgen", 169, 333, 5, 10], ["daire", 128, 350, 15], ["dikdortgen", 253, 44, 12, 17], ["dikdortgen", 50, 293, 18, 8], ["dikdortgen", 3, 74, 14, 10], ["daire", 114, 332, 3], ["daire", 120, 155, 12], ["dikdortgen", 3, 218, 16, 13], ["daire", 161, 339, 4]], "rrt_path": [[109.37826362511733, 56.859269067434184], [117.25995376065784, 71.13214065785475], [127.88840352505134, 76.27301332110808], [130.90446554836657, 75.02706274066864], [132.28461657457424, 71.27270751708392], [142.91489061617588, 55.90515213247419], [148.86455592106208, 55.044858425563994], [167.64632924141526, 52.92498034752975], [186.39698304844336, 51.29238291361762], [204.59167151795012, 43.696654726243914], [210.8878394841711, 38.61917990215224]]}