{"harita_boyut": {"genislik": 304, "yukseklik": 474}, "baslangic": [59.717821058617105, 297.31441061640686], "hedef": [115.67983567201863, 167.34364481940395], "engeller": [["daire", 269, 201, 13], ["dikdortgen", 221, 25, 19, 11], ["dikdortgen", 227, 329, 19, 5], ["dikdortgen", 62, 17, 12, 6], ["daire", 189, 126, 11], ["daire", 217, 358, 10], ["daire", 275, 186, 14], ["daire", 68, 359, 10], ["daire", 216, 235, 11], ["dikdortgen", 187, 77, 15, 12], ["dikdortgen", 38, 390, 17, 11], ["daire", 19, 189, 6], ["dikdortgen", 62, 165, 5, 19], ["daire", 286, 109, 9], ["daire", 255, 206, 5], ["daire", 122, 376, 9], ["daire", 29, 109, 10], ["dikdortgen", 257, 236, 20, 10], ["daire", 267, 65, 14], ["daire", 263, 252, 15], ["dikdortgen", 105, 127, 10, 9], ["dikdortgen", 256, 329, 14, 20], ["daire", 171, 36, 6], ["daire", 38, 172, 14], ["daire", 115, 270, 15], ["daire", 268, 168, 4], ["daire", 140, 411, 13], ["daire", 144, 234, 11], ["daire", 284, 349, 6], ["daire", 13, 55, 11], ["daire", 237, 70, 7], ["daire", 20, 248, 14], ["dikdortgen", 258, 383, 5, 11], ["dikdortgen", 111, 232, 8, 19], ["dikdortgen", 181, 114, 20, 13], ["dikdortgen", 84, 7, 16, 20], ["daire", 180, 173, 3], ["daire", 280, 377, 11], ["daire", 10, 379, 7], ["daire", 182, 424, 3], ["daire", 293, 444, 4], ["dikdortgen", 273, 270, 18, 5], ["dikdortgen", 25, 207, 19, 13], ["daire", 192, 393, 13], ["dikdortgen", 180, 265, 20, 15], ["dikdortgen", 99, 63, 18, 15], ["daire", 164, 435, 14], ["dikdortgen", 73, 320, 11, 20], ["dikdortgen", 130, 262, 10, 18], ["daire", 154, 73, 9], ["dikdortgen", 262, 310, 9, 16], ["daire", 209, 312, 14], ["daire", 132, 58, 6], ["dikdortgen", 264, 324, 11, 16], ["dikdortgen", 52, 162, 7, 16], ["dikdortgen", 147, 50, 10, 16], ["daire", 40, 80, 5], ["dikdortgen", 237, 3, 16, 11], ["daire", 143, 250, 3], ["dikdortgen", 150, 98, 15, 8], ["daire", 220, 63, 11], ["dikdortgen", 22, 269, 11, 13], ["dikdortgen", 49, 163, 9, 5], ["daire", 136, 417, 4], ["daire", 140, 457, 12], ["daire", 175, 447, 8], ["daire", 45, 319, 10], ["daire", 260, 371, 8], ["daire", 103, 195, 14], ["dikdortgen", 184, 19, 7, 20], ["dikdortgen", 123, 427, 13, 8], ["dikdortgen", 11, 418, 19, 19]], "rrt_path": [[59.717821058617105, 297.31441061640686], [67.38471830779126, 290.58145970324415], [80.52596338280627, 285.56517507458045], [90.86324558805758, 286.0339308836729], [101.14466193413308, 290.4139063500468], [116.65205904792494, 298.50535787983387], [134.36421656814022, 301.7710120271496], [146.40484672840154, 304.6120605548593], [155.912647256916, 307.8893023880408], [169.39858685306515, 303.134335077484], [171.79002153416963, 300.104979766287], [162.2667501073681, 284.2050063702705], [157.52198916457868, 278.10956313230355], [161.68114403412235, 259.0583079433807], [161.77227114142897, 243.0877972441029], [159.90810783795717, 229.7887480775951], [152.9124709784193, 215.81547206513187], [150.4565958961581, 212.65815079856293], [139.27854831884744, 197.40724191004506], [128.64045316361887, 186.28619691148347], [121.06679156486803, 173.97254485663356], [115.67983567201863, 167.34364481940395]]}