{"harita_boyut": {"genislik": 237, "yukseklik": 178}, "baslangic": [80.51111612438058, 62.97762085552468], "hedef": [17.44249728252248, 170.70596520249148], "engeller": [["daire", 227, 73, 5], ["daire", 201, 12, 7], ["dikdortgen", 2, 67, 6, 9], ["dikdortgen", 133, 54, 14, 19], ["dikdortgen", 112, 155, 12, 17], ["daire", 59, 81, 6], ["daire", 145, 163, 8], ["dikdortgen", 65, 131, 20, 5], ["daire", 211, 156, 6], ["daire", 193, 12, 3], ["dikdortgen", 42, 122, 6, 9], ["daire", 32, 71, 8], ["daire", 47, 69, 11], ["dikdortgen", 67, 48, 7, 14], ["daire", 210, 82, 6], ["daire", 153, 57, 8], ["dikdortgen", 152, 37, 7, 10], ["daire", 25, 25, 12], ["dikdortgen", 211, 89, 19, 18], ["dikdortgen", 8, 84, 8, 11], ["daire", 216, 28, 4]], "rrt_path": [[80.51111612438058, 62.97762085552468], [87.63063692924172, 81.34196623923471], [94.08552672444566, 89.40775438468205], [102.69043486411954, 101.27752574082473], [111.05665459552576, 111.93831200114286], [112.65023006599034, 112.66756053958883], [109.61337296927854, 128.86970592936478], [102.04532020645759, 134.54879144537028], [91.15430980434797, 140.69171461457154], [78.29888837899182, 144.21334501537189], [66.76654771449812, 143.4919471154824], [48.87614357848257, 146.5692164168865], [45.774915250236454, 149.09555425179374], [31.515754534337923, 157.9428214287295], [17.44249728252248, 170.70596520249148]]}