{"harita_boyut": {"genislik": 410, "yukseklik": 483}, "baslangic": [148.817912627783, 371.39147286937305], "hedef": [257.2835589676679, 120.54492441389533], "engeller": [["dikdortgen", 115, 165, 19, 19], ["daire", 206, 468, 12], ["dikdortgen", 149, 156, 12, 16], ["dikdortgen", 174, 149, 9, 5], ["daire", 192, 78, 5], ["dikdortgen", 171, 212, 16, 7], ["dikdortgen", 169, 143, 5, 16], ["daire", 172, 121, 11], ["daire", 314, 213, 15], ["daire", 381, 66, 4], ["daire", 162, 308, 6], ["daire", 378, 398, 11], ["dikdortgen", 256, 194, 19, 11], ["daire", 177, 34, 10], ["dikdortgen", 374, 176, 7, 7], ["dikdortgen", 244, 290, 12, 8], ["daire", 399, 252, 4], ["dikdortgen", 55, 152, 20, 9], ["daire", 344, 52, 10], ["dikdortgen", 352, 70, 6, 17], ["dikdortgen", 3, 86, 13, 9], ["daire", 70, 128, 6], ["dikdortgen", 335, 18, 5, 17], ["daire", 52, 240, 13], ["dikdortgen", 334, 449, 19, 7], ["dikdortgen", 92, 267, 20, 7], ["dikdortgen", 338, 137, 15, 10], ["dikdortgen", 106, 422, 10, 9], ["daire", 243, 162, 15], ["daire", 40, 179, 3], ["daire", 76, 417, 14], ["daire", 238, 144, 6], ["dikdortgen", 91, 45, 8, 16], ["dikdortgen", 98, 121, 12, 8], ["dikdortgen", 241, 114, 10, 11], ["dikdortgen", 172, 295, 17, 7], ["dikdortgen", 121, 104, 6, 16], ["dikdortgen", 277, 434, 8, 16], ["dikdortgen", 189, 130, 6, 9], ["daire", 288, 160, 14], ["daire", 254, 404, 13], ["daire", 157, 48, 7], ["daire", 128, 431, 11], ["dikdortgen", 376, 166, 18, 8], ["daire", 309, 223, 13], ["daire", 137, 415, 15], ["daire", 195, 305, 6], ["daire", 291, 138, 14], ["dikdortgen", 36, 332, 7, 10], ["dikdortgen", 132, 115, 15, 16], ["dikdortgen", 23, 150, 6, 8], ["dikdortgen", 13, 75, 12, 10], ["dikdortgen", 298, 474, 19, 5], ["dikdortgen", 263, 1, 17, 11], ["dikdortgen", 198, 72, 6, 5], ["daire", 122, 284, 13], ["daire", 378, 419, 6], ["daire", 179, 141, 13], ["daire", 112, 56, 7], ["daire", 187, 360, 11], ["dikdortgen", 62, 390, 10, 9], ["daire", 292, 400, 9], ["daire", 389, 234, 15], ["dikdortgen", 122, 60, 11, 5], ["daire", 374, 189, 10], ["daire", 152, 15, 15], ["daire", 274, 204, 9], ["dikdortgen", 324, 128, 18, 10], ["dikdortgen", 358, 82, 12, 13], ["dikdortgen", 284, 451, 11, 11], ["daire", 304, 355, 11], ["daire", 280, 180, 13], ["dikdortgen", 135, 244, 12, 18], ["daire", 344, 294, 4], ["dikdortgen", 364, 202, 14, 6], ["dikdortgen", 381, 254, 19, 19], ["daire", 96, 391, 14], ["dikdortgen", 223, 437, 14, 18], ["daire", 209, 393, 4], ["daire", 59, 229, 6], ["daire", 311, 209, 15], ["dikdortgen", 162, 205, 15, 13], ["daire", 215, 117, 14], ["daire", 252, 237, 8], ["dikdortgen", 184, 386, 20, 15], ["dikdortgen", 86, 327, 5, 17], ["daire", 380, 308, 7], ["dikdortgen", 328, 263, 18, 18], ["daire", 135, 69, 13], ["dikdortgen", 145, 280, 13, 7], ["daire", 132, 93, 8], ["daire", 199, 249, 4], ["dikdortgen", 35, 358, 5, 16], ["dikdortgen", 206, 28, 8, 11], ["dikdortgen", 264, 226, 9, 8], ["daire", 76, 89, 11], ["daire", 83, 54, 6], ["dikdortgen", 339, 315, 17, 12], ["dikdortgen", 37, 219, 14, 7]], "rrt_path": [[148.817912627783, 371.39147286937305], [155.30089467488713, 361.95407611687017], [169.68980485909248, 352.166603352706], [174.6741583945651, 343.0547936701196], [181.9109072898044, 329.9839938207851], [193.9637647648423, 318.67377282369813], [201.02737608839433, 317.60899463490955], [213.32404867769134, 313.42658157936955], [221.50148442116574, 302.4756213513698], [223.18183255846458, 283.69398637548375], [228.3837418236708, 266.1958055309314], [229.8949470415334, 256.5880579814515], [229.39639035134508, 237.6464910321523], [229.36865012815434, 233.64658722330674], [229.0892670264971, 232.71194978770356], [227.79404276268272, 214.1286815383828], [240.6293594723342, 199.39068837504314], [248.28617919318938, 189.55218423783722], [260.8248864371836, 178.25104502051002], [263.1651488411189, 170.7050814011275], [263.1159805777308, 151.54484257943133], [259.3918934130883, 135.03757938614797], [257.2835589676679, 120.54492441389533]]}