{"harita_boyut": {"genislik": 402, "yukseklik": 455}, "baslangic": [330.1076678522717, 176.1939719544118], "hedef": [65.89268442093376, 305.8946045276586], "engeller": [["dikdortgen", 255, 254, 13, 16], ["daire", 120, 26, 8], ["dikdortgen", 130, 175, 17, 13], ["daire", 20, 357, 7], ["dikdortgen", 262, 353, 11, 14], ["dikdortgen", 282, 25, 9, 19], ["daire", 24, 331, 15], ["daire", 32, 253, 14], ["dikdortgen", 211, 398, 8, 7], ["daire", 244, 325, 12], ["dikdortgen", 337, 219, 7, 9], ["daire", 105, 342, 11], ["daire", 52, 365, 5], ["dikdortgen", 50, 141, 18, 10], ["dikdortgen", 149, 429, 18, 12], ["daire", 244, 139, 8], ["dikdortgen", 339, 393, 6, 19], ["daire", 226, 266, 4], ["daire", 28, 376, 10], ["dikdortgen", 225, 397, 16, 5], ["dikdortgen", 136, 21, 8, 11], ["dikdortgen", 148, 444, 8, 9], ["dikdortgen", 130, 213, 7, 16], ["daire", 358, 71, 12], ["daire", 290, 326, 11], ["dikdortgen", 211, 298, 7, 15], ["dikdortgen", 123, 256, 7, 8], ["dikdortgen", 83, 240, 20, 19], ["dikdortgen", 366, 155, 17, 17], ["daire", 286, 364, 12], ["daire", 223, 219, 5], ["daire", 67, 44, 15], ["dikdortgen", 251, 389, 13, 17], ["dikdortgen", 52, 0, 19, 6], ["dikdortgen", 19, 234, 18, 13], ["dikdortgen", 137, 430, 12, 10], ["dikdortgen", 178, 205, 14, 13], ["daire", 218, 303, 9], ["dikdortgen", 152, 298, 17, 5], ["daire", 327, 405, 8], ["dikdortgen", 320, 270, 9, 16], ["daire", 389, 264, 11], ["daire", 386, 231, 12], ["daire", 249, 12, 8], ["daire", 252, 112, 15], ["dikdortgen", 120, 354, 5, 15], ["dikdortgen", 15, 440, 16, 6], ["dikdortgen", 246, 221, 12, 16], ["daire", 246, 158, 11], ["daire", 264, 424, 5], ["dikdortgen", 140, 109, 16, 9], ["daire", 200, 212, 10], ["daire", 231, 96, 13], ["dikdortgen", 205, 297, 15, 5], ["daire", 229, 129, 8], ["dikdortgen", 64, 82, 10, 7], ["daire", 40, 231, 10], ["dikdortgen", 156, 431, 11, 5], ["daire", 113, 51, 7], ["dikdortgen", 86, 241, 10, 15], ["dikdortgen", 220, 360, 13, 12], ["dikdortgen", 104, 228, 9, 18], ["dikdortgen", 75, 115, 17, 14], ["daire", 29, 36, 3], ["daire", 390, 399, 4], ["daire", 124, 412, 4], ["dikdortgen", 365, 273, 6, 11], ["daire", 33, 209, 6], ["daire", 60, 82, 3], ["dikdortgen", 240, 355, 16, 16], ["dikdortgen", 378, 353, 12, 13], ["daire", 206, 72, 11], ["daire", 157, 71, 14], ["dikdortgen", 274, 6, 9, 13], ["daire", 299, 290, 5], ["daire", 15, 142, 4], ["dikdortgen", 221, 266, 12, 15], ["daire", 30, 112, 14], ["daire", 172, 357, 4], ["dikdortgen", 213, 359, 12, 19], ["daire", 46, 91, 14], ["daire", 148, 103, 3], ["dikdortgen", 390, 237, 11, 15], ["daire", 282, 144, 12], ["daire", 367, 440, 4], ["dikdortgen", 118, 213, 9, 19], ["dikdortgen", 298, 442, 14, 9], ["daire", 96, 236, 11], ["daire", 55, 241, 14], ["dikdortgen", 2, 171, 8, 13], ["dikdortgen", 248, 306, 6, 16]], "rrt_path": [[330.1076678522717, 176.1939719544118], [327.4136550096125, 181.5546012037196], [318.91866127213973, 197.30282817098444], [318.3773888608189, 201.26603699424155], [318.17295694738283, 219.8375519190646], [315.06779320139543, 233.21863912033], [314.792238812713, 240.47184377095374], [309.9061226590241, 257.3716642084346], [303.72137733142193, 265.9836939486216], [296.40514831772583, 275.3124930672429], [284.50836489925393, 290.8105813683913], [280.35220793483296, 298.2053490183407], [270.91709023082126, 311.2326421917691], [265.80460135175167, 324.29694960906426], [257.3029278089459, 336.28351881094426], [249.18986104520238, 344.8589509738906], [246.0638513252156, 347.0877149691292], [236.9111110716882, 342.23737979977295], [222.1193369621653, 333.63410351081745], [208.57924223041263, 321.4304847767396], [202.1296796970905, 318.9467059495132], [188.83064823469445, 317.924642307453], [172.08365135514447, 314.12876713495984], [154.04435346076647, 313.4769505031822], [140.6599546893403, 315.43919737228015], [126.90073535771137, 318.78947123484085], [119.07981629845577, 320.2271968415218], [100.79235543360603, 321.0460776862983], [94.01683938599464, 317.5426190115216], [76.86141874404797, 309.6601734144502], [65.89268442093376, 305.8946045276586]]}