{"harita_boyut": {"genislik": 320, "yukseklik": 336}, "baslangic": [185.7966541624489, 146.95921140297017], "hedef": [288.30913419987064, 322.1446994737374], "engeller": [["dikdortgen", 262, 75, 11, 11], ["daire", 283, 225, 8], ["daire", 202, 248, 7], ["daire", 194, 79, 10], ["dikdortgen", 196, 80, 13, 12], ["daire", 131, 31, 4], ["dikdortgen", 275, 179, 20, 8], ["dikdortgen", 57, 208, 18, 8], ["daire", 53, 105, 5], ["dikdortgen", 293, 83, 16, 12], ["daire", 158, 317, 7], ["dikdortgen", 160, 210, 17, 7], ["daire", 152, 26, 9], ["dikdortgen", 211, 158, 19, 10], ["dikdortgen", 230, 206, 18, 13], ["dikdortgen", 74, 185, 17, 13], ["dikdortgen", 264, 69, 13, 11], ["daire", 238, 76, 9], ["daire", 140, 314, 8], ["daire", 165, 153, 13], ["daire", 24, 182, 12], ["daire", 144, 254, 8], ["daire", 54, 20, 5], ["daire", 235, 99, 5], ["dikdortgen", 51, 230, 17, 6], ["daire", 236, 322, 9], ["daire", 77, 50, 4], ["dikdortgen", 55, 95, 5, 5], ["dikdortgen", 56, 294, 11, 7], ["dikdortgen", 120, 34, 15, 15], ["daire", 44, 14, 11], ["daire", 146, 306, 11], ["dikdortgen", 35, 202, 13, 7], ["daire", 112, 49, 14], ["dikdortgen", 46, 275, 20, 5], ["daire", 79, 291, 9], ["dikdortgen", 3, 228, 8, 8], ["dikdortgen", 215, 192, 13, 10], ["daire", 158, 288, 13], ["daire", 309, 238, 11], ["daire", 146, 72, 4], ["daire", 107, 191, 3], ["dikdortgen", 233, 152, 20, 12], ["daire", 264, 139, 11], ["dikdortgen", 131, 28, 17, 16], ["daire", 152, 126, 15], ["daire", 19, 273, 7], ["dikdortgen", 218, 43, 7, 20], ["daire", 310, 42, 3], ["daire", 187, 101, 12], ["daire", 213, 325, 4], ["daire", 31, 219, 7], ["daire", 54, 168, 7]], "rrt_path": [[185.7966541624489, 146.95921140297017], [186.03069635606556, 147.4339021462043], [186.2567909826023, 147.90939735664827], [186.474938042059, 148.385697034302], [186.68513753443577, 148.86280117916556], [186.88738945973256, 149.34070979123894], [187.0816938179494, 149.81942287052212], [187.26805060908623, 150.29894041701505], [187.4464598331431, 150.7792624307178], [187.61692149012003, 151.2603889116304], [187.77943558001692, 151.7423198597528], [187.93400210283394, 152.225055275085], [188.08062105857093, 152.708595157627], [188.21929244722793, 153.19293950737878], [188.35001626880506, 153.67808832434042], [188.47279252330213, 154.16404160851184], [188.58762121071922, 154.65079935989306], [188.69450233105638, 155.13836157848408], [188.7934358843136, 155.62672826428494], [188.8844218704908, 156.11589941729557], [188.96746028958802, 156.605875037516], [189.04255114160534, 157.09665512494624], [189.1096944265426, 157.58823967958628], [189.16889014439994, 158.08062870143615], [189.22013829517732, 158.57382219049583], [189.26343887887472, 159.0678201467653], [189.29879189549212, 159.56262257024454], [189.32619734502958, 160.05822946093366], [189.34565522748704, 160.55464081883252], [189.35716554286458, 161.05185664394125], [189.3607282911621, 161.54987693625975], [189.35634347237973, 162.04870169578805], [189.3440110865173, 162.54833092252613], [189.32373113357494, 163.04876461647407], [189.29550361355263, 163.5500027776318], [189.26108451873117, 164.0519547756602], [189.2267586496814, 164.55429623919778], [189.19308649896288, 165.05699824008153], [189.16006806657575, 165.56006077831162], [189.12770335251994, 166.06348385388787], [189.0959923567955, 166.56726746681045], [189.06493507940235, 167.0714116170792], [189.03453152034055, 167.5759163046942], [189.00478167961012, 168.0807815296555], [188.975685557211, 168.586007291963], [188.94724315314323, 169.09159359161677], [188.91945446740675, 169.59754042861672], [188.89231950000172, 170.10384780296303], [188.86583825092794, 170.6105157146555], [188.84001072018546, 171.11754416369422], [188.8148369077744, 171.6249331500792], [188.7903168136946, 172.1326826738104], [188.7664504379462, 172.64079273488784], [188.7432377805291, 173.14926333331155], [188.72067884144337, 173.6580944690815], [188.69876399641572, 174.16727151119056], [188.6765746292427, 174.67539796144416], [188.65350672539344, 175.18155558522093], [188.62956028486795, 175.68574438252082], [188.60473530766626, 176.1879643533439], [188.57903179378837, 176.68821549769012], [188.55244974323426, 177.18649781555953], [188.52498915600395, 177.68281130695206], [188.49665003209745, 178.1771559718678], [188.46743237151472, 178.66953181030667], [188.4373361742558, 179.1599388222687], [188.40636144032067, 179.6483770077539], [188.37450816970932, 180.1348463667622], [188.3417763624217, 180.61934689929373], [188.308166018458, 181.10187860534845], [188.27367713781797, 181.58244148492628], [188.2383097205018, 182.06103553802728], [188.20206376650938, 182.5376607646514], [188.16493927584077, 183.01231716479876], [188.12693624849598, 183.48500473846923], [188.08805468447494, 183.95572348566287], [188.04829458377773, 184.4244734063797], [188.00765594640427, 184.8912545006196], [187.9661387723546, 185.35606676838273], [187.92315810150356, 185.820121865909], [187.87329986405743, 186.29463421819304], [187.81524653297384, 186.78233288281257], [187.74899810825272, 187.28321785976757], [187.67455458989411, 187.79728914905795], [187.59191597789805, 188.32454675068382], [187.50108227226443, 188.8649906646451], [187.40205347299337, 189.4186208909418], [187.2948295800848, 189.98543742957395], [187.17941059353876, 190.56544028054154], [187.0557965133552, 191.15862944384457], [186.92398733953416, 191.76500491948303], [186.78398307207567, 192.38456670745697], [186.63578371097967, 193.0173148077663], [186.47938925624612, 193.6632492204111], [186.31479970787512, 194.3223699453913], [186.14201506586667, 194.99467698270695], [185.96103533022068, 195.68017033235807], [185.7718605009372, 196.3788499943446], [185.57449057801625, 197.0907159686666], [185.3689255614578, 197.81576825532397], [185.15516545126184, 198.5540068543168], [184.9332102474284, 199.30543176564512], [184.7030599499575, 200.07004298930883], [184.46471455884907, 200.84784052530802], [184.21926302411802, 201.6369223625541], [183.9959034011277, 202.38628981028648], [183.80767315444686, 203.07317102238085], [183.65457228407564, 203.69756599883735], [183.53660079001406, 204.259474739656], [183.453758672262, 204.75889724483667], [183.40604593081954, 205.19583351437947], [183.39346256568672, 205.57028354828438], [183.41600857686345, 205.88224734655137], [183.47368396434976, 206.1317249091804], [183.5664887281456, 206.31871623617155], [183.6944228682511, 206.44322132752484], [183.85748638466615, 206.50524018324012], [184.05567927739082, 206.50477280331762], [184.28900154642506, 206.44181918775712], [184.5574531917689, 206.31637933655878], [184.86103421342233, 206.12845324972247], [185.19974461138526, 205.8780409272482], [185.57358438565788, 205.56514236913614], [185.98249317262068, 205.18996232525296], [186.40787799425274, 204.81556708972835], [186.8349815347973, 204.49201261460135], [187.26380379425433, 204.21929889987186], [187.69434477262385, 203.99742594553996], [188.12660446990594, 203.8263937516057], [188.56058288610043, 203.70620231806896], [188.99628002120753, 203.63685164492983], [189.43369587522707, 203.61834173218827], [189.8728304481591, 203.65067257984427], [190.31368374000365, 203.73384418789783], [190.75625575076074, 203.86785655634907], [191.20054648043026, 204.05270968519773], [191.6465559290123, 204.28840357444406], [192.09428409650684, 204.5749382240879], [192.5437309829139, 204.91231363412942], [192.99489658823342, 205.30052980456844], [193.44701625575087, 205.7295126676211], [193.89681853347668, 206.15616206021332], [194.3439310509429, 206.57557213994224], [194.7883538081496, 206.987742906808], [195.23008680509682, 207.39267436081045], [195.66913004178448, 207.79036650194968], [196.10548351821262, 208.18081933022572], [196.5391472343812, 208.5640328456384], [196.9701211902902, 208.9400070481879], [197.39840538593978, 209.30874193787415], [197.82399982132978, 209.67023751469713], [198.24690449646025, 210.0244937786569], [198.66711941133116, 210.37151072975337], [199.08464456594254, 210.71128836798664], 