{"harita_boyut": {"genislik": 466, "yukseklik": 491}, "baslangic": [239.3053518457503, 190.75310329949568], "hedef": [340.0180478022866, 96.72439123638642], "engeller": [["dikdortgen", 103, 105, 17, 9], ["daire", 73, 426, 3], ["dikdortgen", 192, 369, 11, 19], ["dikdortgen", 411, 355, 14, 12], ["dikdortgen", 128, 405, 16, 11], ["daire", 278, 276, 12], ["dikdortgen", 115, 402, 13, 11], ["daire", 224, 419, 14], ["dikdortgen", 132, 169, 14, 14], ["daire", 120, 371, 12], ["daire", 118, 22, 15], ["dikdortgen", 81, 75, 5, 9], ["daire", 134, 295, 5], ["dikdortgen", 13, 349, 13, 12], ["dikdortgen", 112, 386, 17, 6], ["dikdortgen", 47, 177, 7, 16], ["dikdortgen", 282, 108, 16, 19], ["daire", 351, 419, 3], ["dikdortgen", 81, 311, 12, 5], ["daire", 120, 304, 5], ["daire", 151, 298, 7], ["daire", 264, 148, 14], ["daire", 168, 61, 3], ["daire", 190, 243, 3], ["dikdortgen", 66, 446, 14, 6], ["dikdortgen", 218, 53, 20, 14], ["dikdortgen", 140, 433, 13, 5], ["dikdortgen", 305, 255, 7, 17], ["daire", 227, 431, 10], ["daire", 200, 442, 4], ["dikdortgen", 60, 318, 6, 19], ["dikdortgen", 355, 287, 15, 11], ["daire", 182, 205, 13], ["daire", 429, 264, 14], ["dikdortgen", 320, 424, 12, 18], ["daire", 432, 393, 6], ["dikdortgen", 432, 122, 9, 15], ["dikdortgen", 355, 236, 14, 12], ["daire", 135, 243, 3], ["dikdortgen", 63, 10, 6, 7], ["daire", 15, 452, 6], ["dikdortgen", 258, 281, 15, 8], ["dikdortgen", 409, 29, 15, 8], ["dikdortgen", 18, 123, 14, 10], ["daire", 289, 430, 14], ["daire", 187, 416, 12], ["dikdortgen", 222, 152, 17, 16], ["dikdortgen", 278, 95, 10, 18], ["daire", 420, 132, 4], ["daire", 192, 110, 4], ["dikdortgen", 267, 264, 14, 16], ["dikdortgen", 140, 321, 17, 17], ["dikdortgen", 76, 237, 8, 16], ["dikdortgen", 255, 423, 14, 16], ["daire", 99, 187, 14], ["daire", 400, 225, 5], ["daire", 96, 341, 9], ["daire", 77, 397, 11], ["daire", 67, 15, 11], ["daire", 47, 336, 4], ["dikdortgen", 9, 138, 14, 20], ["dikdortgen", 80, 268, 6, 6], ["daire", 190, 193, 6], ["dikdortgen", 354, 251, 8, 6], ["dikdortgen", 218, 210, 11, 9], ["daire", 257, 136, 3], ["dikdortgen", 181, 23, 5, 17], ["daire", 36, 301, 6], ["daire", 420, 415, 8], ["dikdortgen", 390, 436, 18, 12], ["dikdortgen", 440, 214, 18, 15], ["dikdortgen", 4, 267, 5, 17], ["daire", 446, 426, 15], ["dikdortgen", 263, 160, 9, 14], ["daire", 120, 279, 10], ["daire", 131, 437, 4], ["dikdortgen", 167, 396, 8, 7], ["dikdortgen", 208, 419, 16, 5], ["daire", 122, 164, 9], ["daire", 139, 465, 7], ["dikdortgen", 323, 285, 8, 19], ["daire", 37, 330, 11], ["daire", 153, 386, 4], ["dikdortgen", 248, 391, 9, 14], ["daire", 222, 408, 3], ["daire", 179, 350, 12], ["dikdortgen", 421, 376, 11, 5], ["daire", 411, 18, 6], ["dikdortgen", 4, 212, 16, 10], ["dikdortgen", 87, 241, 12, 6], ["dikdortgen", 365, 218, 14, 5], ["daire", 184, 326, 3], ["dikdortgen", 310, 190, 19, 6], ["daire", 180, 97, 4], ["dikdortgen", 315, 223, 6, 18], ["dikdortgen", 414, 362, 10, 9], ["dikdortgen", 202, 25, 5, 12], ["dikdortgen", 223, 182, 9, 5], ["dikdortgen", 45, 3, 11, 15], ["dikdortgen", 206, 446, 6, 13], ["dikdortgen", 411, 175, 18, 8], ["dikdortgen", 194, 428, 5, 12], ["daire", 163, 21, 9], ["daire", 234, 240, 4], ["dikdortgen", 286, 414, 6, 13], ["dikdortgen", 412, 236, 17, 5], ["dikdortgen", 4, 454, 14, 20], ["daire", 97, 291, 4], ["dikdortgen", 402, 387, 13, 11], ["daire", 67, 431, 15], ["daire", 369, 395, 13], ["dikdortgen", 28, 471, 13, 5], ["daire", 425, 273, 8], ["dikdortgen", 50, 42, 15, 9]], "rrt_path": [[239.30535184575032, 190.75310329949568], [239.42101212802856, 191.12396553129838], [239.53354242594182, 191.50325579107232], [239.6429427394903, 191.89097407881778], [239.7492130686738, 192.28712039453453], [239.85235341349247, 192.69169473822265], [239.95236377394622, 193.10469710988212], [240.04924415003518, 193.526127509513], [240.14299454175915, 193.9559859371152], [240.23361494911825, 194.39427239268878], [240.3211053721124, 194.84098687623373], [240.40546581074184, 195.29612938775006], [240.48669626500632, 195.75969992723776], [240.5647967349059, 196.23169849469681], [240.63976722044055, 196.7121250901272], [240.71160772161033, 197.20097971352894], [240.7803182384153, 197.69826236490212], [240.8458987708554, 198.20397304424668], [240.9083493189305, 198.7181117515625], [240.96766988264076, 199.24067848684973], [241.02386046198615, 199.77167325010834], [241.07692105696668, 200.31109604133832], [241.12685166758223, 200.85894686053965], [241.17365229383302, 201.41522570771235], [241.2173229357188, 201.97993258285638], [241.2578635932398, 202.55306748597184], [241.29527426639586, 203.13463041705862], [241.3295549551871, 203.72462137611677], [241.36070565961336, 204.32304036314628], [241.38872637967484, 204.9298873781472], [241.41361711537132, 205.54516242111941], [241.435377866703, 206.16886549206305], [241.45400863366973, 206.800996590978], [241.46950941627168, 207.44155571786442], [241.4818802145086, 208.0905428727221], [241.49112102838075, 208.74795805555118], [241.49723185788793, 209.4138012663516], [241.5002127030303, 210.08807250512342], [241.50006356380777, 210.77077177186663], [241.49678444022032, 211.46189906658114], [241.490375332268, 212.16145438926705], [241.4808362399508, 212.86943773992436], [241.4681671632687, 213.58584911855294], [241.45236810222173, 214.31068852515295], [241.43343905680987, 215.04395595972431], [241.41361507763833, 215.78006875163265], [241.41423448201272, 216.46572842202718], [241.44061302139673, 217.08765737910457], [241.49275069579016, 217.64585562286462], [241.5706475051932, 218.14032315330746], [241.6743034496058, 218.5710599704331], [241.8037185290279, 218.93806607424148], [241.95889274345961, 219.24134146473267], [242.13982609290088, 219.48088614190664], [242.34651857735162, 219.65670010576338], [242.57897019681195, 219.76878335630283], [242.83718095128182, 219.81713589352512], [243.12115084076123, 219.80175771743012], [243.43087986525023, 219.722648828018], [243.76636802474872, 219.57980922528859], [244.12761531925673, 219.3732389092419], [244.51462174877435, 219.10293787987806], [244.92738731330152, 218.76890613719695], [245.35575968037682, 218.40044596738622], [245.78294779915518, 218.04602073382782], [246.20870049168718, 217.7063554017637], [246.6330177579728, 217.38144997119383], [247.05589959801202, 217.0713044421183], [247.47734601180485, 216.77591881453702], [247.89735699935136, 216.4952930884501], [248.31593420633928, 216.22942411457484], [248.73594467156028, 215.97282536308842], [249.1599919590562, 215.7205145045566], [249.58807606882695, 215.47249153897943], [250.02019700087263, 215.22875646635694], [250.45635475519313, 214.98930928668906], [250.89654933178852, 214.75414999997577], [251.34078073065876, 214.52327860621713], [251.7890489518039, 214.2966951054131], [252.24135399522393, 214.07439949756375], [252.6976958609188, 213.85639178266905], [253.15807454888852, 213.64267196072893], [253.6224900591331, 213.43324003174345], [254.09094239165262, 213.2280959957126], [254.56343154644696, 213.0272398526364], [255.03995752351616, 212.83067160251483], [255.52052032286025, 212.63839124534786], [256.00511994447925, 212.45039878113556], [256.4937563883731, 212.26669420987793], [256.9864296545417, 212.08727753157487], [257.4831397429854, 211.91214874622648], [257.9838860264526, 211.74130719104176], [258.4820296269813, 211.56773783270137], [258.9711854362453, 211.38469378597685], [259.4513534542445, 211.19217505086814], [259.9225336809789, 210.99018162737536], [260.3847261164485, 210.77871351549834], [260.8379307606535, 210.5577707152373], [261.28214761359357, 210.32735322659204], [261.71737667526895, 210.0874610495627], [262.1436179456796, 209.83809418414916], [262.56087142482534, 209.57925263035145], [262.96913711270645, 209.3109363881697], [263.36841500932275, 209.03314545760378], [263.7587051146743, 208.7458798386537], [264.14000742876107, 208.44913953131947], [264.5123219515831, 208.1429245356011], [264.8756486831403, 207.8272348514986], [265.22998762343275, 207.50207047901196], 