{"harita_boyut": {"genislik": 402, "yukseklik": 226}, "baslangic": [9.591857671492143, 198.82150415007135], "hedef": [249.27073344837558, 93.35246841585374], "engeller": [["dikdortgen", 310, 146, 14, 8], ["daire", 69, 110, 3], ["dikdortgen", 370, 53, 19, 12], ["dikdortgen", 25, 34, 16, 5], ["dikdortgen", 35, 202, 15, 7], ["daire", 120, 119, 8], ["dikdortgen", 79, 74, 12, 14], ["daire", 229, 107, 5], ["dikdortgen", 276, 193, 11, 15], ["daire", 47, 169, 14], ["daire", 388, 199, 8], ["dikdortgen", 78, 112, 20, 14], ["daire", 245, 187, 11], ["daire", 383, 27, 15], ["dikdortgen", 84, 203, 9, 9], ["dikdortgen", 267, 189, 13, 19], ["daire", 163, 149, 15], ["daire", 241, 205, 15], ["dikdortgen", 3, 79, 5, 20], ["daire", 56, 191, 11], ["daire", 70, 96, 12], ["dikdortgen", 166, 10, 16, 6], ["dikdortgen", 130, 8, 13, 8], ["daire", 69, 16, 3], ["dikdortgen", 231, 130, 17, 15], ["dikdortgen", 260, 181, 5, 16], ["daire", 282, 129, 13], ["dikdortgen", 145, 52, 11, 10], ["dikdortgen", 174, 108, 10, 13], ["daire", 355, 120, 14], ["dikdortgen", 83, 214, 14, 9], ["dikdortgen", 299, 190, 12, 15], ["dikdortgen", 74, 87, 6, 15], ["daire", 161, 13, 12], ["dikdortgen", 94, 76, 19, 19], ["dikdortgen", 76, 169, 15, 9], ["daire", 357, 144, 10], ["dikdortgen", 37, 115, 17, 9], ["dikdortgen", 366, 214, 15, 9], ["daire", 15, 177, 3], ["daire", 276, 176, 8], ["dikdortgen", 106, 134, 18, 15], ["dikdortgen", 4, 85, 20, 6], ["daire", 343, 201, 3], ["dikdortgen", 290, 152, 11, 14]], "rrt_path": [[9.591857671492143, 198.82150415007135], [7.154694275661634, 192.66895845931145], [6.129983411754255, 173.28133120895484], [8.662210876874191, 157.57318602304198], [10.07752249615137, 156.8917350653131], [25.189716116186602, 155.38763000996582], [41.82519714352342, 149.76373225995692], [59.52052876903064, 149.1866407670335], [70.0877066697672, 160.12205553317742], [78.01699066857816, 160.0927442924036], [94.5562934117648, 159.06345420284168], [97.23445089464231, 160.15047290596112], [114.19032497471686, 169.5645370685451], [128.10622478342844, 156.80538763500368], [131.6027408240434, 147.19286176368095], [141.04861827932868, 134.8130119570485], [149.25222772005415, 125.45698497093852], [160.79141040327272, 109.2737501472432], [164.33158504860214, 103.03383324403165], [180.80265096448343, 101.34447511931198], [199.49398307405767, 100.40476778298545], [216.05485828520438, 98.94243947411127], [231.04802190266037, 96.50671674506222], [249.27073344837558, 93.35246841585374]]}