{"harita_boyut": {"genislik": 204, "yukseklik": 119}, "baslangic": [67.69905205514496, 49.625711873203464], "hedef": [186.01613466466142, 27.916261755825047], "engeller": [["daire", 14, 61, 11], ["dikdortgen", 162, 1, 16, 8], ["daire", 100, 83, 15], ["daire", 57, 80, 8], ["dikdortgen", 125, 89, 19, 7], ["daire", 150, 46, 14], ["dikdortgen", 42, 23, 14, 14], ["daire", 71, 78, 13], ["dikdortgen", 100, 51, 7, 17], ["daire", 41, 59, 12], ["daire", 179, 99, 4], ["dikdortgen", 174, 76, 15, 19]], "rrt_path": [[67.69905205514496, 49.625711873203464], [85.14069096690223, 48.495716370575536], [94.65187650150118, 46.67923264793168], [97.0422664262028, 44.87245491278774], [110.28953347824202, 40.92362074351886], [124.19807722268621, 37.58314089171997], [137.20111513160933, 30.888934248059606], [147.41145509415588, 26.313304349776363], [151.40984630372395, 26.426740390119367], [168.72912645704073, 31.591726077877247], [186.01613466466142, 27.916261755825047]]}