{"harita_boyut": {"genislik": 307, "yukseklik": 213}, "baslangic": [87.83241753940436, 41.035610802029275], "hedef": [250.12708961708583, 175.7325472604346], "engeller": [["dikdortgen", 124, 182, 10, 6], ["dikdortgen", 187, 35, 15, 15], ["daire", 268, 11, 9], ["daire", 177, 114, 11], ["dikdortgen", 223, 137, 18, 10], ["daire", 206, 58, 9], ["dikdortgen", 212, 25, 20, 13], ["daire", 186, 118, 10], ["daire", 284, 21, 10], ["daire", 147, 156, 13], ["dikdortgen", 273, 132, 6, 6], ["daire", 45, 108, 7], ["daire", 161, 96, 4], ["dikdortgen", 219, 5, 16, 12], ["dikdortgen", 201, 23, 16, 19], ["dikdortgen", 168, 31, 18, 20], ["dikdortgen", 202, 124, 8, 10], ["daire", 296, 134, 5], ["dikdortgen", 167, 87, 16, 14], ["dikdortgen", 88, 169, 19, 10], ["daire", 294, 62, 7], ["daire", 239, 32, 5], ["daire", 251, 55, 5], ["daire", 191, 114, 6], ["daire", 224, 170, 12], ["daire", 98, 182, 13], ["daire", 197, 199, 12], ["dikdortgen", 102, 178, 10, 8], ["daire", 14, 32, 14], ["daire", 210, 139, 3], ["daire", 203, 20, 10], ["dikdortgen", 50, 47, 7, 20]], "rrt_path": [[87.83241753940436, 41.035610802029275], [99.2084541399212, 51.56674468474488], [107.02736500030446, 67.5164772880918], [102.53058614605317, 79.80889465793173], [99.63523402230284, 87.09706084808826], [94.93995470762091, 105.34977846110942], [93.68014538000938, 122.593195003041], [103.61351528505631, 134.76259801948606], [106.05715728618162, 134.03812856515484], [116.61362794604374, 129.86562396408956], [135.43054607977075, 131.22598228290082], [151.3605194251824, 128.42222618367012], [167.4320656686261, 138.25021127160664], [184.29931353782374, 143.93186476401752], [191.40567017316042, 146.4963187249376], [207.97179070104306, 150.7899620526102], [219.8426474758839, 152.35044147030717], [227.78154086294637, 152.7361968327875], [234.9196196344048, 156.01655387693376], [244.94536944090473, 169.65313058101205], [250.12708961708583, 175.7325472604346]]}