{"harita_boyut": {"genislik": 142, "yukseklik": 405}, "baslangic": [71.94573669243884, 236.59312948994543], "hedef": [42.17639288371033, 12.310111628233976], "engeller": [["daire", 12, 332, 12], ["daire", 115, 297, 10], ["daire", 101, 177, 15], ["daire", 40, 248, 13], ["dikdortgen", 56, 294, 16, 9], ["daire", 24, 142, 12], ["dikdortgen", 97, 259, 19, 19], ["daire", 32, 58, 8], ["daire", 26, 43, 15], ["dikdortgen", 22, 355, 9, 9], ["dikdortgen", 22, 363, 8, 7], ["daire", 78, 53, 3], ["dikdortgen", 99, 303, 5, 19], ["dikdortgen", 5, 26, 9, 18], ["dikdortgen", 96, 158, 20, 14], ["daire", 58, 21, 4], ["daire", 16, 89, 14], ["dikdortgen", 89, 223, 20, 18], ["daire", 66, 183, 3], ["daire", 55, 220, 10], ["daire", 51, 368, 11], ["daire", 127, 355, 15], ["dikdortgen", 44, 295, 19, 14], ["daire", 108, 198, 9], ["dikdortgen", 114, 173, 20, 15], ["dikdortgen", 80, 55, 20, 20], ["daire", 15, 83, 13], ["dikdortgen", 23, 74, 18, 20]], "rrt_path": [[71.94573669243886, 236.59312948994545], [72.08106204404284, 236.1098485020266], [72.21718124885788, 235.62681753124255], [72.35409430688397, 235.14403657759317], [72.49180121812113, 234.66150564107846], [72.63030198256939, 234.17922472169855], [72.76959660022871, 233.69719381945336], [72.90968507109908, 233.2154129343429], [73.05056739518052, 232.73388206636713], [73.19224357247306, 232.25260121552617], [73.33471360297662, 231.77157038181983], [73.47797748669127, 231.29078956524825], [73.622035223617, 230.81025876581143], [73.76688681375377, 230.3299779835093], [73.91253225710165, 229.84994721834192], [74.05897155366057, 229.37016647030927], [74.20620470343056, 228.89063573941135], [74.35423170641162, 228.41135502564816], [74.50305256260377, 227.9323243290197], [74.65266727200695, 227.45354364952595], [74.80307583462124, 226.97501298716696], [74.95427825044658, 226.49673234194267], [75.10627451948295, 226.01870171385303], [75.25906464173045, 225.54092110289824], [75.41264861718898, 225.06339050907812], [75.56702644585859, 224.58610993239273], [75.72219812773926, 224.10907937284207], [75.87816366283103, 223.63229883042618], [76.03492305113383, 223.155768305145], [76.19247629264773, 222.6794877969985], [76.35082338737266, 222.20345730598672], [76.5099643353087, 221.7276768321097], [76.66989913645578, 221.25214637536743], [76.83053729154928, 220.77683796630518], [76.9915711186934, 220.30165651359954], [77.15297521697282, 219.8265941669132], [77.31474958638758, 219.3516509262462], [77.47689422693765, 218.87682679159857], [77.63940913862301, 218.40212176297024], [77.80229432144371, 217.9275358403613], [77.96554977539972, 217.45306902377166], [78.12917550049106, 216.97872131320136], [78.2931714967177, 216.5044927086504], [78.45753776407967, 216.03038321011877], [78.62227430257695, 215.55639281760654], [78.78738111220954, 215.08252153111357], [78.95285819297746, 214.60876935063993], [79.1187055448807, 214.1351362761857], [79.28492316791923, 213.66162230775075], [79.45151106209309, 213.18822744533514], [79.61846922740227, 212.71495168893892], [79.78579766384678, 212.24179503856197], [79.95349637142658, 211.7687574942044], [80.12068935358748, 211.2955579062343], [80.28323663750733, 210.82086755728506], [80.44060585296882, 210.34451558402395], [80.59279699997195, 209.86650198645108], [80.73981007851671, 209.3868267645664], [80.88164508860311, 208.90548991836997], [81.01830203023114, 208.42249144786172], [81.1497809034008, 207.93783135304164], [81.27608170811209, 207.45150963390978], [81.39720444436499, 206.96352629046612], [81.51314911215955, 206.47388132271067], [81.62391571149575, 205.98257473064342], [81.72950424237357, 205.48960651426438], [81.82991470479304, 204.99497667357357], [81.9251470987541, 204.49868520857086], [82.01520142425684, 204.0007321192565], [82.10007768130117, 203.50111740563023], [82.17977586988717, 202.99984106769222], [82.25429599001478, 202.49690310544239], [82.32363804168403, 201.99230351888076], [82.38780202489491, 201.4860423080073], [82.44678793964744, 200.9781194728221], [82.5005957859416, 200.4685350133251], [82.54922556377738, 199.95728892951627], [82.59267727315478, 199.44438122139564], [82.63093002151221, 198.9298448403627], [82.66276047026412, 198.41560921561634], [82.68745469346645, 197.90280033923943], [82.70501269111924, 197.3914182112321], [82.71543446322246, 196.8814628315942], [82.71872000977613, 196.37293420032586], [82.71486933078027, 195.86583231742708], [82.70388242623486, 195.3601571828978], [82.68575929613989, 194.85590879673805], [82.66049994049536, 194.35308715894783], [82.62810435930128, 193.8516922695271], [82.58857255255765, 193.35172412847592], [82.54190452026447, 192.85318273579423], [82.48810026242175, 192.35606809148211], [82.42715977902947, 191.8603801955395], [82.35908307008762, 191.36611904796638], [82.28387013559625, 190.87328464876288], [82.20152097555531, 190.3818769979288], [82.11203558996482, 189.8918960954643], [82.01541397882478, 189.40334194136932], [81.91165614213519, 188.9162145356438], [81.80076207989605, 188.43051387828788], [81.68273179210736, 187.94623996930147], [81.55756527876912, 187.4633928086846], [81.42526253988132, 186.9819723964372], [81.28582357544397, 186.50197873255934], [81.13924838545707, 186.02341181705106], [80.98553696992062, 185.54627164991223], [80.82468932883462, 185.07055823114297], [80.65670546219906, 184.5962715607432], [80.48158856406312, 184.12341106144677], [80.3027398192414, 183.6513620310403], [80.12316527057243, 183.1795811820263], [79.94286491805624, 182.70806851440477], [79.76183876169287, 182.23682402817582], [79.58008680148228, 181.76584772333933], [79.39760903742444, 181.2951395998954], [79.21440546951939, 180.8246996578439], [79.03047609776715, 180.35452789718497], [78.84582092216768, 179.8846243179185], [78.660439942721, 179.41498892004458], [78.47433315942708, 178.94562170356318], [78.28750057228595, 178.47652266847422], [78.09994218129759, 178.00769181477776], [77.91165798646206, 177.5391291424739], [77.72264798777925, 177.07083465156248], [77.53291218524926, 176.60280834204357], [77.34245057887205, 176.13505021391717], [77.1512631686476, 175.66756026718326], [76.95934995457594, 175.20033850184188], [76.76671093665709, 174.73338491789298], [76.573346114891, 174.26669951533663], [76.37925548927768, 173.80028229417275], [76.18443905981718, 173.3341332544014], [75.98961948783948, 172.86808285706877], [75.80091327313626, 172.40069614926938], [75.61970830734957, 171.93164752661983], [75.4460045904794, 171.46093698911994], [75.27980212252578, 170.98856453676981], [75.12110090348864, 170.51453016956935], [74.96990093336805, 170.03883388751865], [74.82620221216396, 169.56147569061764], [74.6900047398764, 169.08245557886633], [74.56130851650538, 168.60177355226477], [74.44011354205088, 168.11942961081297], [74.32641981651287, 167.63542375451084], [74.22022733989142, 167.14975598335846], [74.12153611218646, 166.66242629735575], [74.03034613339804, 166.17343469650282], [73.94665740352616, 165.68278118079962], [73.87046992257078, 165.19046575024606], [73.80178369053192, 164.69648840484226], [73.74059870740959, 164.2008491445882], [73.68691497320377, 163.70354796948382], [73.6407324879145, 163.20458487952922], [73.60205125154172, 162.70395987472432], [73.57087126408548, 162.2016729550691], [73.54719252554577, 161.69772412056363], [73.53101503592256, 161.19211337120788], [73.52233879521589, 160.68484070700183], [73.52116380342574, 160.17590612794555], [73.52749006055211, 159.66530963403892], [73.54131756659498, 159.153051225282], [73.56264426755476, 158.6391335565418], [73.59020540281877, 158.1251913754502], [73.62292620499255, 157.61261385671406], [73.66080667407613, 157.10140100033328], [73.70384681006946, 156.59155280630787], [73.7520466129726, 156.0830692746379], [73.80540608278554, 155.57595040532337], [73.86392521950825, 155.0701961983642], [73.92760402314076, 154.56580665376043], [73.99644249368303, 154.06278177151208], [74.07044063113509, 153.56112155161915], [74.14959843549696, 153.06082599408157], [74.2339159067686, 