{"harita_boyut": {"genislik": 125, "yukseklik": 400}, "baslangic": [104.37139678992583, 331.1481161003824], "hedef": [88.22779559994892, 106.91834271840445], "engeller": [["daire", 72, 40, 7], ["daire", 66, 40, 7], ["dikdortgen", 29, 204, 8, 6], ["dikdortgen", 31, 304, 10, 16], ["daire", 18, 52, 11], ["daire", 38, 350, 13], ["dikdortgen", 25, 331, 14, 19], ["daire", 50, 143, 8], ["dikdortgen", 29, 138, 10, 17], ["daire", 31, 297, 5], ["daire", 85, 342, 6], ["dikdortgen", 48, 350, 11, 6], ["dikdortgen", 59, 22, 5, 9], ["daire", 80, 218, 3], ["daire", 19, 116, 9], ["dikdortgen", 10, 289, 5, 5], ["dikdortgen", 45, 199, 7, 10], ["daire", 86, 171, 15], ["dikdortgen", 6, 317, 9, 7], ["daire", 11, 126, 4], ["dikdortgen", 74, 95, 5, 7], ["dikdortgen", 48, 179, 15, 18], ["daire", 66, 321, 10], ["dikdortgen", 83, 261, 14, 7], ["daire", 89, 59, 3]], "rrt_path": [[104.37139678992583, 331.1481161003824], [95.92355682800101, 314.750376149731], [86.47122474123206, 301.73248772988546], [82.37305298287498, 295.1376881848637], [74.13691284405121, 284.14636920053266], [56.34530187903139, 278.0542706331272], [39.433214131107775, 267.41102526809436], [40.33771040794803, 265.4399440045635], [35.242238741189915, 247.79182774552305], [31.87483494905903, 236.76113339690852], [24.32338491976359, 220.216450735021], [22.43588375931718, 200.40170077485132], [33.858252229606016, 185.3684431415287], [43.613490227406636, 172.34188238789062], [49.77287736929335, 167.92124108608652], [65.75339004044304, 156.92010503254815], [68.94527233359226, 154.50931938743565], [75.2162875643949, 137.20796498480345], [79.5127949065426, 128.6193054948015], [84.46222560194515, 115.73444337748882], [88.22779559994892, 106.91834271840445]]}