{"harita_boyut": {"genislik": 123, "yukseklik": 239}, "baslangic": [81.04387910264529, 57.37327194895277], "hedef": [36.95512953944646, 220.00203414504995], "engeller": [["dikdortgen", 79, 175, 12, 5], ["daire", 41, 193, 7], ["daire", 45, 79, 8], ["dikdortgen", 74, 173, 20, 7], ["dikdortgen", 105, 121, 9, 7], ["daire", 56, 100, 4], ["dikdortgen", 54, 82, 7, 6], ["daire", 55, 107, 15], ["daire", 67, 80, 9], ["dikdortgen", 74, 134, 18, 5], ["daire", 48, 178, 14], ["dikdortgen", 99, 58, 19, 9], ["dikdortgen", 99, 103, 10, 7], ["dikdortgen", 43, 34, 14, 19]], "rrt_path": [[81.04387910264529, 57.37327194895277], [80.5561923181291, 65.02247587758539], [81.55257575981003, 84.06011651299251], [81.19551098406052, 100.7898581627732], [79.62527851200981, 115.68289412369151], [69.64939942740128, 128.739578830442], [64.40362911188902, 134.72175513436235], [60.42105802836623, 134.55027010683935], [43.079153121753336, 138.12264889856223], [35.721531161597795, 150.54171323836866], [28.61639480147232, 167.93454143815782], [26.27771081105622, 186.60279356767546], [30.82271686443448, 200.5736476444828], [36.30046889677179, 216.055970354013], [36.95512953944646, 220.00203414504995]]}