{"harita_boyut": {"genislik": 149, "yukseklik": 259}, "baslangic": [136.56754833630248, 27.29613189680023], "hedef": [89.8895769361759, 178.9386647852113], "engeller": [["daire", 22, 113, 7], ["daire", 68, 102, 10], ["daire", 141, 224, 6], ["daire", 30, 206, 9], ["daire", 131, 70, 7], ["dikdortgen", 124, 174, 9, 18], ["dikdortgen", 61, 31, 16, 7], ["dikdortgen", 122, 8, 7, 15], ["daire", 45, 234, 9], ["daire", 83, 93, 15], ["dikdortgen", 4, 31, 11, 8], ["daire", 85, 124, 11], ["daire", 134, 169, 8], ["daire", 115, 167, 5], ["dikdortgen", 110, 210, 19, 20], ["daire", 30, 233, 11], ["daire", 125, 219, 9], ["dikdortgen", 125, 97, 8, 14], ["daire", 58, 125, 14]], "rrt_path": [[136.56754833630245, 27.29613189680023], [136.23108724403954, 27.66126247053618], [135.8944714415321, 28.026696618734665], [135.55770092878024, 28.392434341395706], [135.2207757057839, 28.7584756385193], [134.88369577254304, 29.124820510105433], [134.5464611290577, 29.491468956154108], [134.20907177532789, 29.858420976665336], [133.8715277113536, 30.225676571639113], [133.5338289371348, 30.593235741075432], [133.19597545267155, 30.961098484974293], [132.85796725796388, 31.32926480333571], [132.51980435301164, 31.69773469615967], [132.1814867378149, 32.06650816344617], [131.84301441237375, 32.435585205195224], [131.5043873766881, 32.804965821406824], [131.16560563075797, 33.174650012080974], [130.82666917458334, 33.544637777217666], [130.48757800816426, 33.91492911681691], [130.14833213150067, 34.28552403087869], [129.8089315445926, 34.65642251940302], [129.46937624744007, 35.0276245823899], [129.12966624004306, 35.39913021983932], [128.78980152240155, 35.7709394317513], [128.44978209451557, 36.14305221812582], [128.1096079563851, 36.51546857896288], [127.76927910801018, 36.8881885142625], [127.42879554939074, 37.26121202402465], [127.08815728052681, 37.634539108249356], [126.74736430141846, 38.00816976693661], [126.40641661206558, 38.38210400008641], [126.06531421246825, 38.75634180769875], [125.72405710262643, 39.13088318977365], [125.3826452825401, 39.505728146311085], [125.04107875220932, 39.880876677311065], [124.69935751163405, 40.25632878277359], [124.35748156081429, 40.63208446269867], [124.01545089975005, 41.00814371708629], [123.67326552844135, 41.384506545936475], [123.33092544688816, 41.761172949249186], [122.9884306550905, 42.138142927024454], [122.64578115304833, 42.51541647926226], [122.3029769407617, 42.892993605962616], [121.96001801823058, 43.270874307125524], [121.616904385455, 43.64905858275097], [121.27363604243493, 44.027546432838975], [120.93021298917034, 44.4063378573895], [120.58664078528311, 44.78543520531222], [120.24851974501529, 45.1672045785515], [119.92078223808178, 45.55372987616525], [119.60342826448259, 45.94501109815348], [119.29645782421775, 46.341048244516195], [118.99987091728723, 46.74184131525339], [118.71366754369105, 47.147390310365076], [118.4378477034292, 47.55769522985123], [118.17241139650166, 47.972756073711864], [117.91735862290847, 48.392572841946986], [117.67268938264961, 48.81714553455659], [117.43840367572506, 49.24647415154067], [117.21450150213485, 49.68055869289923], [117.00098286187897, 50.11939915863226], [116.79784775495744, 50.5629955487398], [116.60509618137023, 51.01134786322179], [116.42272814111735, 51.464456102078294], [116.2507436341988, 51.92232026530925], [116.08914266061456, 52.3849403529147], [115.93792522036466, 52.85231636489463], [115.79709131344913, 53.32444830124904], [115.66664093986789, 53.80133616197792], [115.54657409962098, 54.28297994708129], [115.4368907927084, 54.769379656559146], [115.33759101913017, 55.260535290411475], [115.24867477888625, 55.75644684863828], [115.17014207197667, 56.25711433123958], [115.10199289840142, 56.76253773821535], [115.0442272581605, 57.2727170695656], [114.99684515125391, 57.78765232529034], [114.95671243864399, 58.30588339729737], [114.91561431797112, 58.82358323794876], [114.87311968247852, 59.34055100661283], [114.82922853216617, 59.85678670328959], [114.78394086703412, 60.372290327979], [114.73725668708232, 60.88706188068109], [114.6891759923108, 61.40110136139585], [114.63969878271953, 61.914408770123266], [114.58882505830854, 62.42698410686337], [114.53655481907782, 62.93882737161614], [114.48288806502737, 63.449938564381576], [114.42782479615718, 63.96031768515968], [114.37136501246727, 64.46996473395048], [114.31350871395765, 64.97887971075393], [114.25425590062827, 65.48706261557005], [114.19360657247915, 65.99451344839885], [114.1315607295103, 66.5012322092403], [114.06811837172175, 67.00721889809445], [114.00327949911345, 67.51247351496126], [113.93704411168541, 68.01699605984072], [113.86941220943766, 68.52078653273287], [113.80038379237016, 69.02384493363769], [113.72995886048291, 69.52617126255518], [113.65813741377595, 70.02776551948534], [113.5849194522493, 70.52862770442817], [113.51030497590286, 71.02875781738368], [113.43429398473671, 71.52815585835185], [113.35688647875082, 72.02682182733268], [113.2780824579452, 72.5247557243262], [113.19788192231988, 73.0219575493324], [113.11628487187481, 73.51842730235126], [113.03329130661001, 74.01416498338278], [112.94890122652548, 74.50917059242698], [112.86311463162119, 75.00344412948385], [112.77593152189719, 75.49698559455338], [112.68735189735347, 75.9897949876356], [112.59737575799002, 76.48187230873047], [112.50607047866694, 76.97324322350143], [112.41522217237163, 77.46458813075932], [112.32562456940201, 77.95620939275933], [112.23727766975809, 78.4481070095015], [112.15018147343984, 78.94028098098578], [112.06433598044731, 79.43273130721221], [111.97974119078044, 79.92545798818075], [111.89639710443926, 80.41846102389144], [111.81430372142378, 80.91174041434428], [111.73346104173399, 81.40529615953922], [111.65386906536986, 81.89912825947629], [111.57552779233143, 82.39323671415549], [111.4984372226187, 82.88762152357687], [111.42259735623165, 83.38228268774033], [111.3480081931703, 83.87722020664593], [111.2746697334346, 84.37243408029369], [111.20258197702461, 84.86792430868354], [111.1317449239403, 85.36369089181555], [111.06215857418171, 85.8597338296897], [110.9938229277488, 86.35605312230598], [110.92673798464155, 86.85264876966438], [110.86090374486, 87.3495207717649], [110.79632020840415, 87.84666912860757], [110.73298737527396, 88.34409384019239], [110.6709052454695, 88.84179490651931], [110.61007381899066, 89.33977232758835], [110.55049309583758, 89.83802610339957], [110.49216307601014, 90.33655623395288], [110.43508375950842, 90.83536271924835], [110.37925514633235, 91.33444555928594], [110.32467723648202, 91.83380475406568], [110.27132833646311, 92.3334370796671], [110.2175458141967, 92.83309544848723], [110.16228957449177, 93.33262528957133], [110.10555961734829, 93.83202660291943], [110.04735594276629, 94.33129938853153], [109.98767855074573, 94.83044364640762], [109.92652744128664, 95.3294593765477], [109.86390261438903, 95.82834657895181], [109.79980407005287, 96.32710525361985], [109.73423180827818, 96.82573540055193], [109.66718582906495, 97.32423701974801], [109.59866613241321, 97.82261011120808], [109.52867271832294, 98.32085467493215], [109.45720558679412, 98.8189707109202], [109.38426473782674, 99.31695821917225], [109.30985017142083, 99.81481719968828], [109.23396188757641, 100.31254765246834], [109.15659988629344, 100.81014957751236], [109.07776416757196, 101.3076229748204], [108.99745473141192, 101.80496784439242], [108.91567157781336, 102.30218418622846], [108.83241470677625, 102.79927200032849], [108.74768411830063, 103.2962312866925], [108.66147981238643, 103.7930620453205], [108.57380178903375, 104.28976427621251], [108.48465004824249, 104.7863379793685], [108.39402459001273, 105.28278315478852], [108.30205783040546, 105.7790990282411], [108.21147116331822, 106.27526968784588], [108.12334242181143, 106.77128883155628], [108.03767160588507, 107.26715645937233], [107.95445871553915, 107.76287257129404], [107.87370375077369, 108.25843716732142], [107.79540671158867, 