{"harita_boyut": {"genislik": 202, "yukseklik": 269}, "baslangic": [21.381508043965333, 159.24532559501432], "hedef": [180.43303754576937, 237.76442769642227], "engeller": [["dikdortgen", 133, 92, 6, 11], ["daire", 178, 129, 10], ["dikdortgen", 110, 102, 20, 7], ["dikdortgen", 73, 150, 16, 14], ["daire", 127, 220, 7], ["dikdortgen", 100, 239, 12, 20], ["daire", 64, 99, 5], ["dikdortgen", 10, 16, 19, 7], ["dikdortgen", 177, 194, 20, 12], ["daire", 65, 73, 15], ["daire", 171, 221, 3], ["dikdortgen", 81, 16, 15, 11], ["dikdortgen", 178, 99, 18, 17], ["dikdortgen", 32, 3, 6, 10], ["dikdortgen", 36, 37, 12, 11], ["dikdortgen", 23, 95, 13, 17], ["daire", 68, 115, 13], ["daire", 119, 260, 3], ["daire", 63, 29, 15], ["dikdortgen", 22, 232, 9, 9], ["dikdortgen", 90, 38, 14, 18], ["dikdortgen", 98, 35, 9, 6], ["daire", 167, 84, 11], ["dikdortgen", 77, 167, 17, 12], ["dikdortgen", 52, 164, 8, 15], ["dikdortgen", 11, 43, 9, 11], ["dikdortgen", 52, 230, 20, 18]], "rrt_path": [[21.381508043965336, 159.24532559501435], [21.823039067406143, 158.999621080394], [22.266351720712212, 158.7584970378134], [22.71144600388355, 158.52195346727257], [23.15832191692017, 158.2899903687715], [23.606979459822053, 158.0626077423101], [24.05741863258921, 157.8398055878885], [24.509639435221633, 157.62158390550658], [24.963641867719335, 157.4079426951645], [25.419425930082312, 157.1988819568622], [25.87699162231054, 156.99440169059955], [26.33633894440406, 156.7945018963767], [26.797467896362843, 156.59918257419358], [27.260378478186894, 156.40844372405022], [27.72507068987622, 156.2222853459466], [28.19154453143081, 156.04070743988265], [28.659800002850684, 155.86371000585856], [29.129837104135824, 155.6912930438742], [29.601655835286227, 155.52345655392952], [30.0752561963019, 155.36020053602465], [30.550638187182855, 155.2015249901595], [31.027801807929077, 155.04742991633412], [31.506747058540572, 154.8979153145485], [31.987473939017327, 154.75298118480256], [32.469982449359364, 154.61262752709644], [32.95427258956667, 154.47685434143], [33.44034435963925, 154.3456616278034], [33.928197759577095, 154.2190493862165], [34.41783278938021, 154.09701761666932], [34.909249449048595, 153.9795663191619], [35.402447738582254, 153.86669549369424], [35.89742765798119, 153.75840514026632], [36.3941892072454, 153.65469525887818], [36.89273238637486, 153.55556584952973], [37.39305719536961, 153.46101691222106], [37.89354348295943, 153.3674033379964], [38.39175661711033, 153.26924755251147], [38.88767249886142, 153.16649533654643], [39.381291128212666, 153.05914669010113], [39.8726125051641, 152.94720161317565], [40.3616366297157, 152.8306601057699], [40.848363501867475, 152.70952216788405], [41.33279312161942, 152.5837877995179], [41.81492548897154, 152.4534570006716], [42.294760603923834, 152.31852977134506], [42.77229846647629, 152.1790061115383], [43.24753907662894, 152.03488602125137], [43.720482434381736, 151.8861695004842], [44.191128539734734, 151.73285654923686], [44.65947739268789, 151.57494716750924], [45.12552899324122, 151.41244135530147], [45.589283341394726, 151.24533911261346], [46.050740437148406, 151.07364043944526], [46.50990028050225, 150.89734533579684], [46.96676287145628, 150.71645380166822], [47.42132821001047, 150.53096583705943], [47.873596296164855, 150.3408814419704], [48.323567129919404, 150.14620061640116], [48.77124071127411, 149.9469233603517], [49.216617040228996, 149.74304967382201], [49.65969611678407, 149.5345795568122], [50.1004779409393, 149.32151300932208], [50.53896251269471, 149.10385003135178], [50.97514983205029, 148.88159062290129], [51.409039899006046, 148.65473478397058], [51.84063271356199, 148.4232825145597], [52.26992827571807, 148.18723381466856], [52.69692658547436, 147.94658868429724], [53.1216276428308, 147.70134712344571], [53.54403144778743, 147.45150913211398], [53.96413800034422, 147.197074710302], [54.381951229143475, 146.93804611344873], [54.79935759963594, 146.6755063639562], [55.21792564932412, 146.41035596135526], [55.637655378208024, 146.14259490564598], [56.05854678628762, 145.87222319682834], [56.48059987356294, 145.59924083490233], [56.90381464003396, 145.32364781986792], [57.3281910857007, 145.04544415172518], [57.753729210563165, 144.76462983047404], [58.18042901462132, 144.48120485611454], [58.60829049787519, 144.19516922864668], [59.03731366032478, 143.90652294807046], [59.467498501970056, 143.61526601438587], [59.898845022811074, 143.3213984275929], [60.3313532228478, 143.02492018769158], [60.76502310208022, 142.72583129468185], [61.199854660508365, 142.4241317485638], [61.635847898132226, 142.11982154933736], [62.073002814951785, 141.81290069700256], [62.511319410967054, 141.5033691915594], [62.95079768617805, 141.19122703300783], [63.391437640584726, 140.87647422134788], [63.83323927418715, 140.55911075657966], [64.27620258698526, 140.23913663870297], [64.7203275789791, 139.91655186771797], [65.16561425016864, 139.5913564436246], [65.61206260055391, 139.26355036642286], [66.05967263013487, 138.93313363611276], [66.50844433891153, 138.60010625269425], [66.95837772688392, 138.26446821616742], [67.40947279405204, 137.92621952653218], [67.86172954041585, 137.5853601837886], [68.31514796597537, 137.24189018793663], [68.76972807073061, 136.8958095389763], [69.22546985468156, 136.54711823690764], [69.6823733178282, 136.19581628173052], [70.14043846017057, 135.84190367344513], [70.59966528170867, 135.4853804120513], [71.06005378244245, 135.12624649754912], [71.51989195550935, 134.77492417087015], [71.97653822583273, 134.44749463617822], [72.42996302299812, 134.14413791026556], [72.88016634700554, 133.86485399313224], [73.32714819785498, 133.60964288477822], [73.77090857554646, 133.37850458520356], [74.21144748007995, 133.17143909440816], [74.6487649114555, 132.98844641239214], [75.08286086967306, 132.82952653915538], [75.51373535473265, 132.69467947469798], [75.94138836663424, 132.58390521901987], [76.36581990537789, 132.49720377212108], [76.78702997096354, 132.43457513400162], [77.20501856339125, 132.39601930466142], [77.61978568266099, 132.38153628410063], [78.03133132877272, 132.39112607231908], [78.4396555017265, 132.42478866931688], [78.8447582015223, 132.482524075094], [79.24663942816012, 132.56433228965042], [79.64529918163998, 132.67021331298616], [80.04073746196187, 132.80016714510123], [80.43295426912577, 132.95419378599559], [80.82194960313173, 133.1322932356693], [81.20772346397969, 133.3344654941223], [81.59027585166967, 133.56071056135463], [81.9696067662017, 133.81102843736625], [82.34571620757575, 134.08541912215725], [82.71860417579181, 134.3838826157275], [83.08827067084991, 134.70641891807708], [83.45471569275004, 135.05302802920602], [83.81793924149218, 135.4237099491142], [84.17794131707639, 135.81846467780179], [84.53472191950259, 136.2372922152686], [84.89112742020787, 136.67221205850885], [85.25725344757781, 137.09491862813468], [85.63398841944456, 137.50292102605474], [86.02133233580811, 137.89621925226902], [86.41928519666847, 138.2748133067776], [86.82784700202562, 138.63870318958035], [87.2470177518796, 138.98788890067735], [87.67679744623035, 139.32237044006862], [88.11718608507792, 139.64214780775404], [88.5681836684223, 139.94722100373374], [89.02979019626349, 140.2375900280077], [89.50200566860146, 140.51325488057586], [89.98483008543626, 140.77421556143827], [90.47826344676783, 141.0204720705949], [90.9823057525962, 141.25202440804574], [91.4969570029214, 141.46887257379086], [92.0222171977434, 141.67101656783018], [92.5580863370622, 141.85845639016372], [93.10456442087781, 142.03119204079152], [93.6616514491902, 142.18922351971355], [94.22934742199942, 142.33255082692983], [94.80765233930543, 142.4611739624403], [95.39656620110827, 142.57509292624508], [95.99608900740787, 142.67430771834398], [96.6062207582043, 142.7588183387372], [97.22696145349752, 142.82862478742462], [97.85587496793603, 142.88571709472308], [98.4510788635643, 142.96430832820798], [98.99742549246685, 143.07677234974207], 