{"harita_boyut": {"genislik": 381, "yukseklik": 123}, "baslangic": [330.3095217907378, 107.74872961738322], "hedef": [92.43724389324329, 12.43048813209112], "engeller": [["dikdortgen", 188, 59, 16, 6], ["daire", 280, 80, 14], ["dikdortgen", 56, 70, 11, 16], ["daire", 260, 52, 11], ["daire", 243, 55, 14], ["dikdortgen", 182, 83, 12, 17], ["dikdortgen", 230, 64, 6, 19], ["dikdortgen", 286, 15, 15, 16], ["dikdortgen", 261, 105, 11, 13], ["daire", 88, 70, 4], ["dikdortgen", 211, 38, 13, 19], ["daire", 12, 78, 3], ["dikdortgen", 169, 23, 16, 17], ["daire", 353, 107, 5], ["daire", 235, 80, 6], ["daire", 282, 60, 14], ["dikdortgen", 346, 89, 16, 11], ["dikdortgen", 162, 69, 14, 14], ["dikdortgen", 305, 15, 19, 20], ["daire", 314, 72, 13], ["daire", 72, 93, 5], ["dikdortgen", 180, 42, 16, 10], ["daire", 278, 51, 8]], "rrt_path": [[330.3095217907378, 107.74872961738322], [334.2302202616681, 90.8091896751718], [337.2602615504598, 74.25514289842323], [338.3130344830161, 66.32484047469104], [323.37604523442565, 56.47456251428405], [306.82667737868576, 47.11040228659447], [291.57231833634387, 40.10941559178505], [280.45851423583036, 36.78226893591733], [280.0727187415556, 33.51363519989947], [273.5757383259492, 29.680639990164394], [256.7894924780688, 26.974881545766305], [237.36271915592548, 24.46748265098796], [225.71885073905767, 22.403525651351238], [206.75903134670457, 16.68387861969335], [193.57199658200526, 11.826809096408777], [174.34699397485784, 8.832359065671106], [158.95803432232066, 11.473270321590919], [140.45303526868608, 13.445675385593633], [128.35219398537234, 14.942617930719146], [115.36937984364583, 16.35435640236551], [100.18969138330762, 13.572697752126736], [92.43724389324329, 12.43048813209112]]}