{"harita_boyut": {"genislik": 414, "yukseklik": 218}, "baslangic": [279.16891387196574, 145.96360131992037], "hedef": [51.968707914111796, 103.08489543276113], "engeller": [["daire", 372, 30, 7], ["daire", 240, 82, 3], ["daire", 127, 177, 7], ["daire", 73, 166, 10], ["daire", 56, 141, 9], ["dikdortgen", 123, 154, 6, 15], ["daire", 386, 111, 4], ["daire", 178, 42, 8], ["daire", 211, 80, 14], ["dikdortgen", 162, 121, 13, 20], ["dikdortgen", 31, 65, 9, 12], ["daire", 93, 178, 7], ["daire", 393, 166, 12], ["daire", 129, 18, 5], ["daire", 72, 126, 10], ["daire", 330, 169, 8], ["dikdortgen", 197, 142, 9, 12], ["dikdortgen", 259, 178, 19, 9], ["daire", 42, 205, 4], ["daire", 112, 90, 7], ["daire", 28, 160, 12], ["daire", 360, 135, 11], ["dikdortgen", 337, 182, 6, 10], ["daire", 154, 14, 11], ["daire", 297, 94, 12], ["dikdortgen", 54, 171, 6, 18], ["dikdortgen", 212, 17, 16, 7], ["daire", 74, 23, 14], ["dikdortgen", 154, 56, 10, 15], ["daire", 26, 107, 11], ["dikdortgen", 395, 85, 16, 7], ["daire", 175, 79, 7], ["dikdortgen", 361, 69, 17, 13], ["daire", 92, 209, 5], ["dikdortgen", 112, 131, 13, 19], ["dikdortgen", 81, 138, 17, 15], ["dikdortgen", 175, 26, 20, 6], ["dikdortgen", 292, 120, 18, 6], ["daire", 185, 37, 6], ["daire", 19, 100, 12], ["daire", 318, 136, 10], ["daire", 8, 115, 3], ["dikdortgen", 171, 84, 8, 7], ["dikdortgen", 272, 78, 16, 6], ["dikdortgen", 226, 138, 17, 19]], "rrt_path": [[279.16891387196574, 145.96360131992037], [267.0277827026137, 142.49935249041857], [254.54139502736217, 134.75894810931638], [248.61238085282744, 131.1115061718797], [237.90082098969518, 131.76037761460273], [222.0721599734207, 131.66984279385804], [211.9730357211127, 131.016711245516], [195.28531743451586, 127.6786730004961], [181.47384995597375, 116.50284692151155], [175.0632388161324, 112.22854335507625], [174.19640867572926, 112.1875516695888], [155.1202765086049, 108.66208920070751], [135.1886426540501, 109.05753103495783], [116.63374546881077, 107.15349664916108], [100.0909279777167, 107.70370935808309], [89.33882660144197, 107.55770776813476], [70.84193920394169, 107.35031222566818], [51.968707914111796, 103.08489543276113]]}