{"harita_boyut": {"genislik": 299, "yukseklik": 437}, "baslangic": [283.1636886693883, 10.032951765245265], "hedef": [31.274816201318284, 375.1606686574084], "engeller": [["daire", 12, 183, 7], ["daire", 156, 346, 11], ["dikdortgen", 148, 54, 5, 12], ["daire", 188, 259, 14], ["daire", 219, 105, 9], ["daire", 110, 405, 4], ["dikdortgen", 40, 391, 17, 9], ["dikdortgen", 207, 212, 20, 9], ["dikdortgen", 144, 151, 13, 5], ["daire", 247, 242, 3], ["dikdortgen", 108, 8, 20, 16], ["daire", 204, 13, 7], ["dikdortgen", 66, 218, 13, 17], ["dikdortgen", 108, 173, 10, 6], ["dikdortgen", 86, 265, 14, 16], ["dikdortgen", 253, 112, 19, 7], ["daire", 136, 204, 8], ["dikdortgen", 232, 246, 18, 13], ["daire", 170, 183, 15], ["daire", 253, 340, 11], ["dikdortgen", 237, 278, 16, 17], ["daire", 180, 351, 12], ["daire", 38, 108, 11], ["daire", 258, 399, 14], ["dikdortgen", 123, 225, 16, 14], ["dikdortgen", 233, 214, 13, 9], ["daire", 178, 53, 14], ["dikdortgen", 110, 357, 17, 18], ["dikdortgen", 216, 29, 14, 14], ["dikdortgen", 98, 117, 6, 5], ["dikdortgen", 58, 337, 14, 12], ["dikdortgen", 196, 142, 7, 15], ["daire", 240, 329, 3], ["daire", 179, 255, 11], ["dikdortgen", 268, 155, 7, 5], ["dikdortgen", 265, 190, 6, 5], ["dikdortgen", 252, 354, 14, 9], ["daire", 209, 90, 8], ["dikdortgen", 263, 176, 17, 19], ["daire", 178, 210, 14], ["dikdortgen", 201, 11, 6, 12], ["dikdortgen", 38, 170, 18, 12], ["daire", 272, 126, 3], ["dikdortgen", 93, 14, 17, 9], ["daire", 109, 372, 3], ["dikdortgen", 124, 299, 5, 11], ["dikdortgen", 172, 378, 14, 17], ["dikdortgen", 60, 398, 5, 6], ["dikdortgen", 216, 424, 7, 7], ["daire", 143, 168, 8], ["dikdortgen", 194, 271, 7, 9], ["dikdortgen", 157, 54, 10, 5], ["dikdortgen", 117, 216, 9, 9], ["dikdortgen", 10, 357, 8, 13], ["dikdortgen", 237, 89, 19, 18], ["daire", 121, 203, 13], ["daire", 50, 88, 6], ["daire", 160, 421, 13], ["dikdortgen", 264, 104, 10, 20], ["daire", 88, 318, 3], ["daire", 146, 160, 14], ["dikdortgen", 107, 250, 6, 14], ["dikdortgen", 280, 30, 18, 14], ["daire", 83, 138, 11], ["dikdortgen", 269, 120, 10, 7]], "rrt_path": [[283.1636886693883, 10.032951765245265], [270.8639020723682, 19.940071558333447], [260.09281038729085, 30.300728764227983], [254.9026564789065, 35.897849649189496], [242.68721642841837, 48.251584260629706], [231.8862283659447, 57.31946378921522], [215.77398035469213, 65.86467942710755], [198.89355574315778, 71.58245177453337], [187.37055759173595, 83.79957941750168], [181.67212215951074, 93.2803166545973], [176.98483534392238, 103.11269280515941], [178.65360084310157, 117.19164279723032], [180.14517334916764, 127.55577099379643], [181.41021033828048, 142.01499914446512], [182.45344404475588, 156.5138836935972], [189.68574718287206, 171.89035916505642], [192.98161137405938, 177.29221975870635], [196.47522219566125, 195.96717595549822], [197.2718577901364, 205.42699903098958], [197.12014348704577, 216.40726378836905], [190.8665442072697, 225.4332734252866], [181.24682264730887, 232.10579270405006], [172.18461132050487, 237.91045296292705], [163.49070719396408, 244.663794169167], [151.87722620789256, 253.5938369251837], [151.05832659552655, 255.5669408349551], [136.50981346042647, 257.11739827625127], [127.70967689364359, 263.0020262336488], [119.59112542517279, 268.108810627911], [112.78689944671488, 280.8247937590605], [111.27766302102691, 287.2922933072203], [105.60996641675803, 303.78282986895806], [101.94571353039957, 318.2781283472523], [98.65712685395978, 335.9942904101925], [94.12728247163346, 354.3826226600776], [82.8698650341399, 367.20811803153566], [65.96396728319343, 369.1459619153719], [49.20594004287593, 373.46832610933444], [31.274816201318284, 375.1606686574084]]}