{"harita_boyut": {"genislik": 450, "yukseklik": 242}, "baslangic": [43.38519413195395, 72.57661330655841], "hedef": [316.75797868870654, 57.555968110617755], "engeller": [["daire", 420, 177, 5], ["daire", 28, 92, 4], ["dikdortgen", 351, 200, 8, 11], ["daire", 106, 216, 8], ["dikdortgen", 246, 101, 17, 19], ["daire", 187, 47, 12], ["daire", 274, 91, 9], ["daire", 106, 106, 9], ["daire", 161, 88, 15], ["dikdortgen", 176, 4, 13, 17], ["dikdortgen", 86, 224, 12, 15], ["dikdortgen", 408, 190, 10, 11], ["daire", 287, 209, 7], ["dikdortgen", 0, 142, 9, 17], ["dikdortgen", 108, 215, 9, 18], ["daire", 136, 32, 14], ["dikdortgen", 54, 96, 7, 10], ["dikdortgen", 74, 104, 11, 19], ["dikdortgen", 164, 7, 14, 7], ["dikdortgen", 99, 51, 6, 13], ["dikdortgen", 305, 157, 20, 20], ["daire", 267, 181, 15], ["dikdortgen", 124, 5, 10, 20], ["daire", 23, 205, 10], ["dikdortgen", 338, 202, 12, 17], ["dikdortgen", 240, 169, 18, 7], ["daire", 407, 37, 10], ["dikdortgen", 105, 127, 19, 16], ["daire", 170, 225, 10], ["daire", 156, 158, 15], ["daire", 380, 58, 12], ["daire", 181, 85, 13], ["dikdortgen", 136, 213, 6, 12], ["daire", 368, 82, 6], ["dikdortgen", 427, 232, 18, 6], ["dikdortgen", 119, 200, 6, 16], ["dikdortgen", 378, 72, 15, 12], ["dikdortgen", 124, 29, 9, 16], ["dikdortgen", 28, 118, 5, 13], ["daire", 58, 90, 14], ["dikdortgen", 121, 25, 19, 13], ["dikdortgen", 94, 39, 13, 17], ["dikdortgen", 126, 226, 18, 10], ["dikdortgen", 246, 167, 11, 13], ["dikdortgen", 370, 77, 16, 20], ["daire", 375, 213, 8], ["dikdortgen", 435, 39, 10, 13], ["dikdortgen", 303, 97, 7, 12], ["dikdortgen", 268, 40, 7, 19], ["dikdortgen", 388, 2, 6, 14], ["dikdortgen", 356, 118, 15, 7], ["daire", 63, 188, 12], ["daire", 21, 128, 10], ["dikdortgen", 127, 221, 19, 19]], "rrt_path": [[43.38519413195395, 72.57661330655841], [54.988795298983256, 70.57519151646363], [62.76450438169055, 71.12597076972888], [73.54352767285847, 76.07473762225426], [89.09877027960248, 84.05824624578811], [106.22373196626668, 89.91526298194358], [113.4039986665603, 92.6049886796858], [124.15524144042594, 105.12550321458984], [128.8877989446319, 111.44930108997356], [139.77323709536026, 128.10603210873134], [147.56667450873962, 128.9010830837642], [148.49503418942703, 125.69751650953934], [151.5129149908266, 123.07217929909497], [166.36292022600668, 110.082867421347], [177.20205591590937, 107.42119553359996], [194.10346909956996, 101.93289779237786], [209.2074296127503, 96.39069236495892], [225.70763114860333, 90.77222334586206], [234.72419513267346, 87.53798711442275], [251.3782073109123, 80.31172513944006], [269.75948915942, 73.68527269009607], [273.75405108113716, 73.89377941317039], [291.77590303173577, 68.89700475658896], [306.30431181166455, 63.51831562865129], [316.75797868870654, 57.555968110617755]]}