{"harita_boyut": {"genislik": 381, "yukseklik": 485}, "baslangic": [173.73171501217368, 112.33342392316779], "hedef": [112.3538423992095, 438.9592016206835], "engeller": [["daire", 142, 125, 15], ["dikdortgen", 142, 157, 17, 16], ["daire", 328, 450, 14], ["daire", 152, 176, 14], ["dikdortgen", 14, 69, 9, 15], ["daire", 122, 229, 8], ["daire", 117, 53, 8], ["dikdortgen", 95, 287, 18, 11], ["dikdortgen", 226, 334, 18, 12], ["daire", 71, 63, 15], ["daire", 75, 46, 9], ["daire", 360, 124, 13], ["dikdortgen", 133, 398, 16, 19], ["dikdortgen", 274, 109, 15, 7], ["daire", 304, 181, 8], ["dikdortgen", 209, 83, 11, 18], ["dikdortgen", 281, 42, 20, 8], ["daire", 199, 261, 6], ["daire", 60, 393, 7], ["dikdortgen", 97, 72, 15, 12], ["dikdortgen", 119, 216, 18, 16], ["dikdortgen", 67, 34, 17, 12], ["dikdortgen", 196, 272, 15, 18], ["dikdortgen", 117, 462, 8, 7], ["daire", 87, 71, 15], ["daire", 208, 212, 11], ["daire", 225, 90, 8], ["daire", 162, 171, 5], ["daire", 162, 155, 12], ["dikdortgen", 69, 57, 8, 7], ["dikdortgen", 204, 114, 5, 16], ["dikdortgen", 366, 223, 13, 14], ["dikdortgen", 30, 378, 17, 7], ["dikdortgen", 21, 470, 15, 7], ["daire", 230, 344, 12], ["daire", 99, 210, 15], ["dikdortgen", 116, 406, 14, 7], ["daire", 172, 31, 15], ["daire", 168, 445, 13], ["dikdortgen", 326, 236, 14, 17], ["dikdortgen", 344, 450, 9, 16], ["dikdortgen", 51, 338, 6, 15], ["dikdortgen", 15, 430, 11, 15], ["daire", 64, 216, 14], ["daire", 160, 316, 14], ["dikdortgen", 320, 118, 6, 11], ["dikdortgen", 337, 192, 7, 17], ["daire", 133, 375, 11], ["daire", 233, 121, 5], ["dikdortgen", 61, 58, 10, 12], ["daire", 114, 303, 9], ["daire", 114, 35, 9], ["daire", 362, 53, 14], ["daire", 18, 385, 8], ["dikdortgen", 286, 119, 12, 16], ["daire", 246, 195, 5], ["dikdortgen", 20, 295, 20, 11], ["dikdortgen", 358, 55, 17, 15], ["daire", 228, 401, 7], ["dikdortgen", 235, 256, 17, 18], ["dikdortgen", 94, 369, 18, 14], ["daire", 236, 14, 13], ["daire", 50, 333, 15], ["daire", 32, 256, 5], ["daire", 35, 339, 7], ["dikdortgen", 56, 389, 11, 9], ["dikdortgen", 254, 93, 12, 20], ["dikdortgen", 192, 438, 9, 20], ["dikdortgen", 110, 447, 17, 5], ["daire", 187, 361, 13], ["daire", 97, 47, 14], ["dikdortgen", 54, 146, 6, 12], ["daire", 275, 88, 14], ["daire", 65, 174, 6], ["dikdortgen", 32, 146, 5, 15], ["daire", 125, 466, 9], ["daire", 66, 108, 12], ["dikdortgen", 191, 201, 13, 16], ["daire", 122, 377, 15], ["daire", 178, 374, 10], ["daire", 162, 93, 8], ["dikdortgen", 227, 370, 13, 9], ["dikdortgen", 57, 15, 17, 16], ["dikdortgen", 153, 367, 10, 8], ["daire", 281, 461, 8], ["dikdortgen", 144, 252, 14, 6], ["dikdortgen", 5, 207, 20, 10], ["daire", 161, 246, 9], ["dikdortgen", 225, 344, 15, 20], ["daire", 222, 125, 8], ["daire", 121, 416, 3], ["dikdortgen", 26, 412, 18, 13]], "rrt_path": [[173.73171501217368, 112.33342392316779], [189.12584246876725, 120.8318441142409], [198.49526928222295, 136.87589221477307], [205.78974412610307, 151.9689121088451], [207.4592382354537, 155.6038521934742], [219.95210178212855, 168.7750831897898], [227.53295692737112, 173.62299513514265], [233.7437181275664, 191.4550998440917], [231.04785641496454, 201.09658219660753], [226.32620824086052, 218.41211156978778], [224.5832665733523, 230.26341809211897], [223.1932723020543, 244.8313335833626], [225.97100258808726, 256.29031368742864], [229.17745286241777, 270.0654735566608], [227.42285283774598, 273.08779783892294], [228.75631410815456, 280.96662883850036], [248.6101220781512, 283.09601839797045], [256.4067067088808, 298.76798206105053], [257.5318500749244, 317.7033945656582], [258.4590583582383, 335.43250734262676], [258.87758173510935, 346.62902287250665], [258.54176860723567, 364.96723336492414], [255.17215408374955, 383.9328617595144], [249.27543855215836, 396.4419401881387], [246.345792111177, 403.0236797959176], [236.80867319833916, 419.4904260096307], [217.57606294852837, 424.19740734797233], [204.29838407091327, 422.7618458739964], [186.08279347679257, 420.95085087981806], [174.18190200248185, 420.8832604730267], [159.30171015066134, 421.7220223077451], [147.68050603389145, 422.8108650853128], [136.7720832964058, 423.7310933485181], [119.95827634212577, 430.942965678045], [112.3538423992095, 438.9592016206835]]}