{"harita_boyut": {"genislik": 244, "yukseklik": 488}, "baslangic": [128.01996286484416, 128.60831628060293], "hedef": [84.60111066136368, 22.644100478427536], "engeller": [["daire", 225, 303, 5], ["dikdortgen", 67, 246, 10, 11], ["daire", 89, 414, 10], ["dikdortgen", 2, 353, 9, 10], ["daire", 214, 30, 9], ["daire", 21, 296, 4], ["daire", 125, 320, 6], ["dikdortgen", 182, 8, 9, 18], ["dikdortgen", 223, 404, 6, 7], ["daire", 148, 420, 13], ["dikdortgen", 117, 455, 11, 10], ["daire", 99, 305, 5], ["daire", 59, 447, 12], ["dikdortgen", 90, 96, 16, 6], ["dikdortgen", 6, 77, 9, 14], ["dikdortgen", 10, 45, 7, 16], ["daire", 72, 373, 7], ["daire", 123, 346, 6], ["daire", 13, 365, 8], ["dikdortgen", 178, 231, 5, 20], ["daire", 131, 26, 11], ["dikdortgen", 25, 3, 19, 10], ["dikdortgen", 49, 392, 5, 5], ["daire", 180, 51, 3], ["daire", 16, 268, 12], ["dikdortgen", 199, 183, 16, 6], ["daire", 38, 196, 9], ["daire", 170, 442, 15], ["dikdortgen", 193, 72, 10, 8], ["dikdortgen", 109, 20, 10, 15], ["dikdortgen", 65, 375, 18, 20], ["daire", 218, 366, 3], ["dikdortgen", 226, 325, 11, 12], ["dikdortgen", 122, 70, 15, 5], ["daire", 62, 433, 10], ["dikdortgen", 62, 100, 8, 6], ["dikdortgen", 124, 434, 18, 8], ["dikdortgen", 173, 327, 12, 7], ["daire", 171, 338, 15], ["dikdortgen", 62, 58, 11, 5], ["daire", 21, 370, 4], ["daire", 79, 406, 3], ["daire", 39, 182, 13], ["dikdortgen", 217, 65, 9, 10], ["dikdortgen", 71, 134, 6, 14], ["dikdortgen", 212, 387, 14, 10], ["daire", 71, 255, 7], ["dikdortgen", 101, 178, 5, 8], ["dikdortgen", 35, 326, 13, 7], ["dikdortgen", 185, 396, 18, 15], ["daire", 118, 419, 6], ["dikdortgen", 187, 330, 18, 12], ["dikdortgen", 232, 447, 5, 9], ["daire", 91, 393, 14], ["dikdortgen", 131, 460, 12, 17], ["daire", 137, 399, 11], ["daire", 201, 319, 10], ["dikdortgen", 93, 17, 20, 5], ["daire", 165, 405, 12]], "rrt_path": [[128.01996286484416, 128.60831628060293], [124.68016122448202, 121.38431255656224], [117.08047785004744, 104.03293636657398], [113.51930394292445, 94.29564056165522], [103.46119721409423, 81.81106902883572], [94.05682890274075, 75.74820686450288], [91.92106740405505, 76.6558978130424], [90.90469646036898, 58.4864307332135], [90.15289872491735, 54.55771590963954], [86.76739539742684, 37.11087518792377], [84.60111066136368, 22.644100478427536]]}