{"harita_boyut": {"genislik": 139, "yukseklik": 279}, "baslangic": [68.99347129508145, 256.23844642746064], "hedef": [132.90161796779023, 90.26565730484009], "engeller": [["dikdortgen", 6, 211, 16, 10], ["dikdortgen", 100, 231, 5, 13], ["dikdortgen", 31, 142, 19, 12], ["daire", 61, 245, 8], ["dikdortgen", 61, 38, 10, 18], ["daire", 106, 219, 4], ["daire", 71, 60, 13], ["daire", 47, 257, 11], ["daire", 11, 224, 8], ["daire", 37, 42, 14], ["dikdortgen", 49, 115, 19, 19], ["dikdortgen", 21, 209, 14, 5], ["daire", 17, 10, 3], ["dikdortgen", 111, 201, 20, 16], ["dikdortgen", 8, 88, 20, 17], ["dikdortgen", 97, 43, 19, 13], ["dikdortgen", 97, 199, 19, 7], ["dikdortgen", 12, 85, 9, 14], ["dikdortgen", 5, 12, 19, 12]], "rrt_path": [[68.99347129508145, 256.23844642746064], [73.73098613024972, 249.83180655514025], [74.74963077934545, 239.06276527869198], [74.97007290169259, 223.87251207577128], [72.90871114092809, 208.46211341295404], [76.22472637678544, 191.81027559859038], [78.14766429593594, 192.18832103363087], [83.02690885877612, 181.69792712697262], [89.64050088548132, 169.95971137852686], [97.25173771180113, 152.8852230500462], [101.29252992347949, 142.17271269691886], [110.38398220223759, 126.23297552074688], [119.755979704713, 111.15637080875396], [125.98083025075042, 98.21663613195878], [132.90161796779023, 90.26565730484009]]}