{"harita_boyut": {"genislik": 403, "yukseklik": 194}, "baslangic": [148.76342521242, 22.75429077842391], "hedef": [8.901368121196565, 75.96931354501561], "engeller": [["dikdortgen", 257, 149, 13, 17], ["daire", 347, 56, 4], ["dikdortgen", 199, 84, 13, 14], ["dikdortgen", 179, 44, 19, 9], ["daire", 309, 132, 15], ["dikdortgen", 46, 62, 7, 20], ["daire", 17, 44, 9], ["dikdortgen", 240, 42, 5, 19], ["dikdortgen", 63, 26, 7, 8], ["dikdortgen", 244, 11, 10, 14], ["dikdortgen", 176, 153, 8, 8], ["daire", 262, 37, 5], ["dikdortgen", 69, 34, 8, 18], ["daire", 209, 163, 14], ["daire", 227, 78, 11], ["daire", 342, 68, 3], ["dikdortgen", 133, 53, 17, 19], ["dikdortgen", 375, 37, 9, 6], ["dikdortgen", 92, 91, 8, 19], ["daire", 191, 34, 6], ["daire", 286, 55, 10], ["dikdortgen", 165, 78, 15, 7], ["daire", 386, 79, 4], ["daire", 7, 84, 3], ["daire", 188, 176, 12], ["dikdortgen", 312, 73, 15, 20], ["daire", 283, 38, 8], ["daire", 166, 26, 10], ["daire", 285, 13, 11], ["daire", 282, 166, 8], ["daire", 309, 33, 14], ["dikdortgen", 359, 50, 18, 10], ["dikdortgen", 373, 178, 6, 8], ["dikdortgen", 98, 14, 11, 7], ["dikdortgen", 107, 89, 7, 11], ["dikdortgen", 196, 51, 16, 7], ["dikdortgen", 317, 152, 15, 10], ["dikdortgen", 71, 97, 17, 12], ["dikdortgen", 375, 21, 6, 6]], "rrt_path": [[148.76342521242, 22.75429077842391], [134.69831064938893, 26.246035960449184], [120.82205828984016, 35.06715603025689], [116.04766923131916, 41.42184343271857], [102.4995854272642, 54.78458203426349], [89.01298122090937, 63.772570330948284], [72.62851186869983, 61.83936979813763], [60.15578972810966, 56.25324313735015], [54.54372697003042, 51.62723699739596], [52.87846971767668, 48.61548178207294], [43.06881471091818, 54.76324888785915], [26.516547426816516, 65.48902532016685], [12.705008304107443, 74.73144385924667], [8.901368121196565, 75.96931354501561]]}