{"harita_boyut": {"genislik": 451, "yukseklik": 373}, "baslangic": [61.12702388941431, 72.51212038850791], "hedef": [441.9066745111621, 353.4051453641764], "engeller": [["daire", 126, 116, 14], ["dikdortgen", 441, 332, 10, 8], ["daire", 132, 186, 13], ["daire", 203, 122, 10], ["daire", 203, 332, 7], ["daire", 326, 58, 5], ["daire", 331, 131, 14], ["daire", 17, 194, 9], ["daire", 417, 326, 8], ["dikdortgen", 126, 171, 11, 20], ["daire", 198, 273, 11], ["dikdortgen", 254, 8, 20, 17], ["dikdortgen", 106, 172, 19, 6], ["daire", 86, 258, 6], ["daire", 13, 41, 7], ["daire", 104, 254, 13], ["daire", 303, 359, 4], ["daire", 160, 31, 12], ["daire", 124, 277, 8], ["dikdortgen", 434, 149, 8, 7], ["daire", 66, 165, 8], ["dikdortgen", 287, 317, 19, 6], ["daire", 382, 84, 10], ["dikdortgen", 104, 323, 14, 5], ["dikdortgen", 426, 271, 11, 8], ["daire", 71, 341, 11], ["dikdortgen", 353, 125, 6, 14], ["dikdortgen", 256, 200, 5, 20], ["daire", 223, 51, 13], ["daire", 195, 103, 5], ["daire", 287, 297, 3], ["dikdortgen", 205, 125, 6, 19], ["dikdortgen", 365, 214, 10, 20], ["daire", 56, 155, 7], ["daire", 50, 289, 11], ["dikdortgen", 324, 168, 7, 6], ["dikdortgen", 403, 84, 9, 16], ["daire", 262, 337, 5], ["daire", 319, 79, 15], ["dikdortgen", 124, 338, 10, 13], ["dikdortgen", 308, 69, 9, 11], ["dikdortgen", 430, 40, 6, 9], ["dikdortgen", 165, 147, 15, 6], ["dikdortgen", 53, 78, 16, 6], ["daire", 98, 146, 10], ["daire", 403, 110, 5], ["daire", 312, 274, 11], ["dikdortgen", 321, 28, 17, 14], ["daire", 54, 286, 8], ["daire", 368, 176, 15], ["daire", 59, 192, 3], ["dikdortgen", 415, 287, 10, 17], ["dikdortgen", 382, 112, 8, 13], ["daire", 118, 132, 9], ["daire", 368, 41, 12], ["daire", 203, 99, 3], ["dikdortgen", 126, 39, 9, 16], ["daire", 69, 160, 13], ["daire", 257, 213, 5], ["daire", 446, 7, 5], ["daire", 115, 83, 4], ["daire", 41, 304, 9], ["dikdortgen", 218, 330, 5, 13], ["daire", 230, 286, 14], ["daire", 441, 77, 10], ["daire", 212, 22, 4], ["dikdortgen", 8, 7, 15, 16], ["dikdortgen", 324, 90, 6, 17], ["daire", 328, 265, 15], ["dikdortgen", 244, 318, 17, 16], ["daire", 179, 198, 4], ["daire", 315, 312, 11], ["dikdortgen", 249, 1, 8, 10], ["dikdortgen", 275, 10, 17, 10], ["daire", 62, 164, 7], ["daire", 10, 256, 6], ["daire", 298, 45, 4], ["dikdortgen", 399, 330, 11, 18], ["daire", 377, 269, 7], ["dikdortgen", 258, 305, 12, 13], ["daire", 375, 23, 5], ["dikdortgen", 129, 303, 17, 18], ["dikdortgen", 30, 173, 16, 17], ["daire", 161, 55, 8]], "rrt_path": [[61.12702388941431, 72.51212038850791], [72.85242913786777, 72.21707078912978], [87.06634808883643, 84.34079480573064], [102.00114084425822, 91.82516210389173], [112.25383939058793, 93.88406595561854], [124.02917004360064, 95.26079312812283], [142.98720016818314, 97.10275123938939], [162.55986406356936, 99.7234614239048], [177.0671015612256, 90.43446036518604], [193.34601378867478, 81.89126747235504], [204.5047064621944, 81.61917150766755], [221.78388533774498, 72.75726324108163], [239.02127570045087, 77.82673680767265], [254.53983367155783, 83.11655622972889], [258.4068852966227, 84.13925448878818], [261.04387363121776, 85.62792373151579], [256.6930550542648, 103.16269518785671], [251.79078969491877, 116.79456068041793], [244.23748275772738, 135.1416149570196], [237.99258836093819, 147.9639333398872], [225.99693420944743, 162.32797129290088], [212.5510557710806, 172.86038975990175], [206.69081171722735, 182.3634584196872], [198.34013185710614, 198.32272311444893], [204.27674234604262, 212.48361420176633], [212.8977076600179, 229.49271256898624], [220.5415242953764, 236.07778288810047], [232.51681258265955, 250.8790644783343], [240.6689894437081, 257.6421091221969], [256.953095135394, 266.9742313792339], [273.2479562814232, 275.39114998405853], [289.6944569215656, 283.7392759466275], [307.96488463748886, 289.61774421234514], [322.4795131177914, 295.47660289014414], [333.3223896343946, 299.731064721023], [350.0064521047862, 295.40581426948745], [369.03954554610687, 294.13783100696105], [380.9195422147557, 292.85258156313137], [395.8750066320505, 299.2003118075065], [409.0705247093629, 309.0727470027154], [417.0605163305853, 309.4367510783356], [432.55332119053736, 320.950346845481], [431.4533270804394, 339.05005747064763], [441.9066745111621, 353.4051453641764]]}