{"harita_boyut": {"genislik": 470, "yukseklik": 389}, "baslangic": [410.36622374343335, 301.2116553904628], "hedef": [453.6656318994771, 137.45445225929024], "engeller": [["daire", 281, 362, 10], ["daire", 226, 63, 7], ["dikdortgen", 223, 332, 19, 5], ["daire", 75, 170, 7], ["dikdortgen", 221, 157, 8, 20], ["daire", 136, 279, 8], ["daire", 370, 336, 13], ["dikdortgen", 112, 60, 11, 18], ["daire", 37, 364, 8], ["dikdortgen", 223, 362, 7, 16], ["daire", 92, 105, 3], ["dikdortgen", 399, 204, 12, 14], ["daire", 231, 225, 6], ["daire", 420, 153, 9], ["dikdortgen", 164, 177, 14, 17], ["dikdortgen", 448, 12, 5, 14], ["daire", 284, 107, 15], ["dikdortgen", 386, 295, 5, 5], ["dikdortgen", 441, 254, 18, 12], ["daire", 312, 107, 12], ["daire", 208, 24, 15], ["dikdortgen", 321, 181, 10, 14], ["daire", 373, 95, 4], ["dikdortgen", 294, 57, 19, 15], ["dikdortgen", 415, 340, 15, 5], ["dikdortgen", 224, 169, 5, 14], ["daire", 65, 304, 14], ["dikdortgen", 400, 235, 7, 17], ["daire", 255, 131, 10], ["dikdortgen", 104, 273, 12, 9], ["dikdortgen", 374, 43, 15, 15], ["daire", 442, 166, 8], ["daire", 134, 349, 4], ["daire", 197, 270, 11], ["dikdortgen", 395, 16, 6, 10], ["daire", 308, 223, 7], ["daire", 192, 159, 7], ["dikdortgen", 317, 179, 9, 5], ["dikdortgen", 427, 146, 12, 18], ["dikdortgen", 90, 144, 10, 11], ["daire", 316, 58, 9], ["dikdortgen", 328, 119, 14, 20], ["daire", 212, 172, 7], ["dikdortgen", 97, 63, 5, 20], ["dikdortgen", 33, 116, 10, 12], ["dikdortgen", 401, 68, 20, 18], ["dikdortgen", 10, 250, 14, 16], ["daire", 448, 224, 3], ["dikdortgen", 172, 197, 5, 9], ["daire", 69, 312, 4], ["dikdortgen", 169, 129, 9, 6], ["dikdortgen", 179, 93, 13, 6], ["dikdortgen", 299, 161, 13, 12], ["dikdortgen", 417, 112, 18, 8], ["dikdortgen", 402, 159, 9, 7], ["dikdortgen", 314, 311, 17, 8], ["daire", 28, 213, 11], ["daire", 283, 47, 3], ["dikdortgen", 326, 261, 14, 6], ["daire", 126, 213, 15], ["dikdortgen", 391, 213, 5, 9], ["dikdortgen", 339, 232, 7, 7], ["daire", 23, 298, 12], ["dikdortgen", 211, 333, 16, 9], ["dikdortgen", 192, 212, 20, 17], ["daire", 319, 368, 10], ["daire", 368, 238, 7], ["dikdortgen", 280, 15, 13, 18], ["daire", 308, 283, 10], ["dikdortgen", 314, 213, 15, 11], ["dikdortgen", 7, 368, 12, 13], ["dikdortgen", 78, 296, 16, 11], ["daire", 320, 185, 7], ["dikdortgen", 57, 339, 11, 18], ["dikdortgen", 109, 303, 10, 7], ["dikdortgen", 301, 31, 11, 11], ["dikdortgen", 18, 166, 14, 13], ["daire", 313, 135, 12], ["dikdortgen", 206, 319, 7, 15], ["daire", 423, 365, 6], ["dikdortgen", 103, 202, 13, 16], ["dikdortgen", 390, 373, 13, 6], ["dikdortgen", 453, 249, 17, 19], ["daire", 264, 107, 15], ["daire", 331, 240, 3], ["daire", 261, 346, 6], ["dikdortgen", 259, 160, 18, 13], ["daire", 316, 301, 5], ["daire", 219, 303, 12], ["dikdortgen", 20, 59, 5, 5], ["dikdortgen", 77, 351, 10, 13]], "rrt_path": [[410.36622374343335, 301.2116553904628], [396.91764703562126, 290.51561102789327], [391.14413771771035, 286.9522101311367], [383.55131365583037, 285.6830626689691], [367.58755198028945, 276.36501702778804], [361.518871323584, 259.82336466630426], [356.4147931047366, 246.41558822739077], [353.16120930233717, 229.34195630354088], [352.1046410129062, 222.8690303097008], [348.1134555218849, 204.51830065617833], [345.3176314334064, 193.64188054171117], [342.50799726629293, 191.65770292137375], [349.32102172927495, 181.87431493921414], [363.9617854078654, 171.4028690063559], [370.5502605252342, 168.24109500327177], [386.56934844835064, 158.32890288800365], [401.22208342166147, 145.9273956323336], [415.49062788766065, 139.30654825322847], [430.5886338946416, 137.67678077989768], [445.8763380751513, 137.7660581588765], [453.6656318994771, 137.45445225929024]]}