{"harita_boyut": {"genislik": 242, "yukseklik": 203}, "baslangic": [122.00707449991523, 51.952209980935365], "hedef": [45.6910440068699, 194.80674846577918], "engeller": [["dikdortgen", 95, 144, 9, 9], ["dikdortgen", 215, 34, 18, 18], ["dikdortgen", 222, 10, 20, 9], ["dikdortgen", 116, 183, 18, 6], ["dikdortgen", 83, 3, 9, 20], ["dikdortgen", 44, 164, 7, 15], ["dikdortgen", 185, 137, 11, 19], ["daire", 66, 161, 14], ["daire", 48, 43, 12], ["daire", 67, 180, 3], ["daire", 186, 141, 11], ["dikdortgen", 94, 18, 6, 13], ["dikdortgen", 183, 130, 7, 16], ["dikdortgen", 113, 19, 7, 9], ["dikdortgen", 22, 42, 8, 15], ["daire", 141, 151, 5], ["dikdortgen", 15, 42, 12, 11], ["daire", 149, 24, 7], ["daire", 227, 42, 3], ["daire", 5, 172, 3], ["dikdortgen", 131, 35, 16, 7], ["dikdortgen", 172, 57, 17, 17], ["dikdortgen", 114, 97, 8, 11], ["dikdortgen", 199, 17, 17, 16]], "rrt_path": [[122.00707449991523, 51.952209980935365], [119.76123807268033, 68.24472911274086], [122.25340875423397, 87.71606668488305], [123.88454430564954, 86.02832649772922], [130.62769197076594, 95.19899745168036], [144.04089994839143, 109.94864048632475], [146.54746652160875, 113.06587066936056], [147.08436437522602, 130.74250278852475], [132.03579422635332, 140.12690792085087], [122.72950245863078, 147.23543318895264], [109.28847111807266, 158.88266392700223], [98.16632844162007, 170.56489305352358], [84.56663745425202, 179.7648371515043], [68.3372518472182, 188.50840414887784], [49.621939937707396, 194.06643962419668], [45.6910440068699, 194.80674846577918]]}