{"harita_boyut": {"genislik": 258, "yukseklik": 140}, "baslangic": [110.24427467912389, 45.73138172851569], "hedef": [239.44030058568853, 13.25957105746239], "engeller": [["dikdortgen", 24, 46, 15, 15], ["dikdortgen", 190, 6, 19, 6], ["dikdortgen", 151, 16, 13, 8], ["daire", 187, 91, 11], ["dikdortgen", 91, 124, 20, 15], ["dikdortgen", 6, 36, 11, 5], ["dikdortgen", 154, 30, 9, 10], ["dikdortgen", 208, 118, 20, 7], ["daire", 38, 62, 13], ["daire", 165, 8, 6], ["daire", 210, 105, 12], ["dikdortgen", 190, 67, 18, 5], ["daire", 132, 24, 15], ["daire", 27, 64, 14], ["daire", 230, 114, 14], ["daire", 124, 67, 12], ["dikdortgen", 156, 87, 20, 15], ["dikdortgen", 219, 126, 14, 12]], "rrt_path": [[110.24427467912389, 45.73138172851569], [125.17748223127597, 47.7390634907846], [134.87590353072065, 50.32001730955234], [148.27984340346228, 58.63153917999111], [151.53694442890642, 57.097906430951504], [157.24451109249213, 52.32154002301199], [169.88533917905104, 45.42223517348472], [184.01539698415905, 39.469583763180964], [197.98148942926625, 32.474708805543955], [208.38173118022883, 27.336966051269147], [221.61961463004494, 21.141699187284885], [239.44030058568853, 13.25957105746239]]}