{"harita_boyut": {"genislik": 376, "yukseklik": 150}, "baslangic": [362.7856795789008, 6.487955388314573], "hedef": [164.8410940027732, 111.61727278801574], "engeller": [["daire", 344, 120, 6], ["dikdortgen", 194, 68, 17, 14], ["dikdortgen", 130, 118, 11, 13], ["dikdortgen", 297, 116, 9, 6], ["daire", 109, 21, 15], ["daire", 352, 87, 14], ["dikdortgen", 204, 16, 11, 18], ["dikdortgen", 215, 15, 17, 16], ["dikdortgen", 16, 84, 16, 20], ["dikdortgen", 156, 16, 19, 19], ["daire", 314, 49, 8], ["daire", 28, 54, 10], ["dikdortgen", 205, 98, 6, 13], ["dikdortgen", 345, 0, 12, 11], ["daire", 229, 23, 12], ["daire", 134, 55, 12], ["dikdortgen", 75, 129, 6, 18], ["daire", 182, 125, 5], ["daire", 14, 32, 4], ["dikdortgen", 175, 0, 13, 18], ["daire", 167, 43, 4], ["dikdortgen", 346, 85, 5, 20], ["daire", 249, 75, 5], ["daire", 71, 22, 15], ["dikdortgen", 131, 88, 13, 7], ["dikdortgen", 235, 115, 17, 17], ["daire", 304, 53, 3], ["dikdortgen", 206, 65, 6, 14]], "rrt_path": [[362.7856795789008, 6.487955388314573], [362.1491833941515, 18.354423071172608], [347.3760479303248, 26.189440310389134], [331.02796051963116, 32.902598825652944], [327.0425092905914, 33.243448500649784], [307.5581078961448, 36.711414670951335], [293.3321959477564, 41.954082938281466], [276.9266348067999, 49.553820604065194], [262.84720629750126, 48.535946982207506], [253.01817935401448, 49.064397418848486], [238.9095785507566, 47.98106746302602], [231.21369524406654, 49.604866114899394], [212.6120656963741, 52.57849445253883], [205.0343432266549, 54.95689348594619], [186.65591964679066, 58.71530806198909], [175.31435955206948, 62.18268963930998], [174.9000683569602, 65.19702010819464], [185.74167359301407, 78.93076985988313], [179.20360417048826, 94.21268932204764], [170.6623290294596, 106.36958991296254], [164.8410940027732, 111.61727278801574]]}