{"harita_boyut": {"genislik": 448, "yukseklik": 406}, "baslangic": [295.32822310660157, 267.87266952095024], "hedef": [247.03296649843307, 399.59945033080464], "engeller": [["daire", 248, 315, 15], ["daire", 77, 176, 3], ["daire", 183, 378, 4], ["dikdortgen", 89, 36, 9, 18], ["dikdortgen", 264, 205, 18, 8], ["daire", 210, 149, 14], ["daire", 118, 19, 4], ["dikdortgen", 404, 267, 16, 8], ["daire", 267, 396, 8], ["dikdortgen", 198, 47, 18, 13], ["daire", 378, 305, 13], ["dikdortgen", 410, 111, 13, 16], ["daire", 346, 312, 4], ["dikdortgen", 343, 1, 20, 19], ["daire", 65, 353, 5], ["daire", 126, 309, 3], ["dikdortgen", 168, 182, 13, 17], ["daire", 263, 387, 3], ["daire", 190, 155, 5], ["dikdortgen", 397, 393, 20, 7], ["dikdortgen", 249, 141, 9, 20], ["daire", 208, 190, 15], ["dikdortgen", 42, 237, 10, 20], ["dikdortgen", 114, 285, 19, 7], ["dikdortgen", 407, 205, 15, 13], ["dikdortgen", 180, 304, 20, 11], ["daire", 108, 182, 6], ["daire", 313, 387, 8], ["daire", 99, 263, 15], ["dikdortgen", 346, 195, 9, 20], ["dikdortgen", 44, 277, 6, 13], ["dikdortgen", 326, 231, 20, 17], ["dikdortgen", 375, 248, 11, 14], ["daire", 199, 163, 6], ["dikdortgen", 411, 366, 7, 17], ["daire", 251, 30, 14], ["dikdortgen", 340, 322, 8, 8], ["dikdortgen", 99, 54, 8, 9], ["dikdortgen", 302, 201, 14, 19], ["daire", 175, 328, 14], ["daire", 250, 263, 8], ["dikdortgen", 206, 107, 9, 12], ["daire", 94, 254, 14], ["daire", 357, 48, 6], ["daire", 141, 90, 5], ["daire", 20, 315, 13], ["daire", 179, 264, 9], ["dikdortgen", 296, 32, 10, 12], ["daire", 51, 97, 12], ["daire", 165, 61, 6], ["dikdortgen", 95, 167, 9, 6], ["daire", 256, 51, 4], ["dikdortgen", 219, 134, 11, 5], ["dikdortgen", 85, 177, 20, 13], ["daire", 131, 75, 3], ["daire", 141, 224, 7], ["daire", 433, 257, 15], ["daire", 220, 284, 5], ["dikdortgen", 351, 214, 13, 14], ["dikdortgen", 163, 25, 18, 7], ["daire", 241, 20, 6], ["daire", 77, 182, 11], ["daire", 167, 121, 6], ["dikdortgen", 381, 253, 12, 17], ["daire", 99, 299, 11], ["dikdortgen", 30, 377, 7, 20], ["daire", 189, 322, 13], ["daire", 46, 214, 13], ["daire", 438, 9, 9], ["daire", 203, 91, 6], ["daire", 290, 115, 3], ["dikdortgen", 50, 298, 9, 16], ["dikdortgen", 120, 171, 13, 11], ["daire", 60, 240, 12], ["dikdortgen", 388, 307, 17, 13], ["daire", 299, 285, 8], ["daire", 139, 176, 14], ["dikdortgen", 342, 34, 12, 7], ["daire", 74, 155, 8], ["dikdortgen", 244, 183, 7, 6], ["dikdortgen", 54, 312, 15, 5], ["dikdortgen", 283, 366, 19, 10], ["dikdortgen", 275, 49, 16, 19], ["daire", 219, 188, 12], ["dikdortgen", 414, 31, 17, 10], ["daire", 403, 86, 6], ["dikdortgen", 360, 352, 12, 16], ["dikdortgen", 358, 90, 19, 20], ["dikdortgen", 402, 247, 13, 20], ["daire", 84, 192, 9]], "rrt_path": [[295.32822310660157, 267.87266952095024], [283.55040370262293, 266.9199139245267], [265.8267308077611, 265.5055466792332], [265.4575289323467, 266.0525433110862], [262.9751511891751, 269.1890701705609], [254.2342463022986, 276.43014387293834], [245.39855933868282, 285.5787228957787], [231.4472036980189, 297.275546379051], [228.09317841019606, 310.3698924783331], [226.5003630566044, 319.58520126923383], [228.5378027462823, 326.37046089346546], [232.1256702459871, 343.5129013488571], [235.71358006228397, 354.80000194663097], [242.93950999438667, 371.2785872120317], [246.90673587531975, 389.6533094464392], [247.03296649843307, 399.59945033080464]]}