{"harita_boyut": {"genislik": 140, "yukseklik": 267}, "baslangic": [71.34043394143629, 198.29787252441608], "hedef": [8.409030060126959, 49.15757700218459], "engeller": [["dikdortgen", 17, 223, 19, 12], ["dikdortgen", 58, 157, 12, 10], ["dikdortgen", 21, 182, 20, 5], ["dikdortgen", 54, 236, 15, 15], ["daire", 99, 105, 8], ["dikdortgen", 67, 24, 11, 15], ["daire", 14, 129, 12], ["dikdortgen", 4, 262, 11, 5], ["daire", 60, 131, 9], ["daire", 52, 208, 3], ["dikdortgen", 12, 214, 9, 5], ["daire", 18, 130, 14], ["daire", 38, 160, 3], ["dikdortgen", 25, 36, 19, 9], ["daire", 126, 28, 10], ["dikdortgen", 93, 183, 12, 6], ["dikdortgen", 96, 139, 19, 15], ["daire", 33, 30, 3]], "rrt_path": [[71.34043394143629, 198.29787252441608], [70.25808209107282, 186.6419848957183], [69.57194920612834, 184.17846517000658], [58.14983754942891, 180.63686774504586], [51.30123216168625, 169.42878451210285], [48.93354051944005, 158.5667050766752], [45.55600667109343, 139.88205882451928], [40.835336124949016, 122.7770074947899], [34.72511109348224, 105.6451236717172], [29.56027756246065, 88.48769646158246], [24.457175470990894, 73.7399082005576], [17.72642828036136, 60.80201054928746], [8.409030060126959, 49.15757700218459]]}