{"harita_boyut": {"genislik": 432, "yukseklik": 475}, "baslangic": [227.28260869639178, 234.83089529726055], "hedef": [111.48768361235494, 85.9064287974433], "engeller": [["daire", 24, 249, 8], ["daire", 259, 245, 7], ["daire", 139, 244, 11], ["dikdortgen", 96, 150, 18, 17], ["dikdortgen", 95, 453, 13, 8], ["dikdortgen", 110, 332, 5, 10], ["daire", 377, 426, 12], ["dikdortgen", 82, 418, 14, 8], ["daire", 189, 210, 14], ["dikdortgen", 235, 424, 19, 15], ["daire", 346, 295, 4], ["daire", 421, 3, 3], ["daire", 390, 86, 14], ["daire", 125, 398, 7], ["dikdortgen", 325, 102, 18, 19], ["dikdortgen", 239, 246, 15, 13], ["daire", 178, 326, 7], ["dikdortgen", 101, 67, 13, 5], ["dikdortgen", 149, 446, 20, 14], ["daire", 99, 185, 4], ["daire", 200, 114, 13], ["daire", 231, 183, 11], ["daire", 204, 355, 7], ["daire", 250, 248, 10], ["dikdortgen", 48, 294, 13, 10], ["dikdortgen", 405, 86, 11, 18], ["dikdortgen", 268, 8, 7, 9], ["dikdortgen", 61, 245, 12, 17], ["dikdortgen", 412, 51, 14, 16], ["dikdortgen", 144, 151, 13, 18], ["dikdortgen", 128, 96, 16, 15], ["daire", 56, 205, 14], ["dikdortgen", 70, 11, 14, 5], ["daire", 99, 110, 4], ["daire", 310, 73, 6], ["daire", 162, 412, 11], ["dikdortgen", 228, 363, 5, 19], ["daire", 367, 447, 13], ["dikdortgen", 407, 197, 20, 17], ["dikdortgen", 14, 279, 13, 16], ["daire", 116, 170, 13], ["daire", 131, 431, 10], ["daire", 56, 156, 6], ["dikdortgen", 256, 147, 6, 5], ["daire", 417, 183, 7], ["daire", 274, 67, 3], ["dikdortgen", 166, 68, 17, 19], ["daire", 121, 123, 7], ["daire", 84, 175, 13], ["dikdortgen", 174, 245, 16, 7], ["daire", 171, 156, 11], ["dikdortgen", 336, 345, 9, 16], ["daire", 310, 138, 3], ["daire", 81, 106, 12], ["daire", 241, 140, 13], ["dikdortgen", 108, 425, 8, 12], ["dikdortgen", 202, 344, 19, 17], ["daire", 302, 225, 9], ["daire", 127, 346, 12], ["daire", 242, 314, 10], ["dikdortgen", 371, 334, 7, 8], ["dikdortgen", 82, 105, 12, 15], ["dikdortgen", 81, 463, 9, 5], ["daire", 281, 77, 10], ["dikdortgen", 292, 197, 15, 16], ["dikdortgen", 263, 211, 15, 14], ["dikdortgen", 398, 239, 18, 16], ["daire", 171, 195, 15], ["daire", 349, 88, 6], ["dikdortgen", 400, 90, 10, 5], ["dikdortgen", 57, 93, 17, 14], ["daire", 329, 120, 3], ["dikdortgen", 323, 185, 13, 9], ["daire", 38, 31, 11], ["dikdortgen", 216, 123, 19, 8], ["dikdortgen", 157, 309, 18, 9], ["dikdortgen", 262, 58, 11, 6], ["daire", 313, 82, 4], ["dikdortgen", 292, 217, 8, 18], ["daire", 131, 301, 15], ["dikdortgen", 170, 117, 20, 13], ["daire", 403, 37, 12], ["daire", 284, 418, 10], ["dikdortgen", 235, 193, 18, 13], ["dikdortgen", 235, 356, 7, 6], ["dikdortgen", 338, 191, 9, 20], ["dikdortgen", 265, 224, 17, 14], ["dikdortgen", 126, 247, 18, 16], ["daire", 200, 144, 14], ["daire", 257, 123, 11], ["daire", 335, 138, 12], ["dikdortgen", 336, 269, 19, 6], ["daire", 395, 186, 4], ["daire", 30, 385, 7], ["dikdortgen", 31, 227, 16, 8], ["dikdortgen", 305, 351, 19, 14], ["daire", 105, 416, 3], ["dikdortgen", 341, 69, 20, 7], ["daire", 101, 354, 5], ["dikdortgen", 275, 163, 18, 8], ["daire", 184, 101, 7], ["dikdortgen", 413, 27, 14, 15]], "rrt_path": [[227.28260869639178, 234.83089529726055], [218.98585875293136, 242.24312382785016], [208.71356917718558, 254.58355394141128], [195.44077338145883, 263.6251058190663], [196.37869857473015, 261.282132944344], [199.95084482146612, 254.54956675361626], [195.35610205453185, 238.47643143284222], [187.92814761567965, 239.1415674342504], [170.84595853553273, 231.4914737341704], [167.4524772531693, 226.95100614692308], [153.5079839184319, 213.34015992969466], [149.2143063988394, 207.3776447434595], [138.81706435298145, 192.6261028228783], [136.20307253818896, 173.2939989185852], [133.07864505556626, 160.48317941495645], [120.05538318434672, 146.51479974083304], [116.91632433292943, 144.03562457006782], [109.28624539626117, 128.43363056482482], [107.87002408525238, 116.9303413827648], [109.29556926184495, 107.16821777245215], [110.11021465753329, 89.661768899019], [111.48768361235494, 85.9064287974433]]}