{"harita_boyut": {"genislik": 267, "yukseklik": 301}, "baslangic": [211.9212943373966, 154.5233069158802], "hedef": [79.09943432262311, 293.57814347682347], "engeller": [["daire", 153, 30, 7], ["dikdortgen", 181, 109, 8, 16], ["daire", 163, 115, 11], ["daire", 149, 208, 9], ["daire", 242, 270, 11], ["dikdortgen", 185, 106, 7, 20], ["daire", 17, 286, 6], ["dikdortgen", 228, 133, 16, 19], ["dikdortgen", 243, 120, 19, 8], ["daire", 15, 272, 11], ["daire", 247, 237, 15], ["daire", 235, 180, 10], ["dikdortgen", 176, 162, 11, 14], ["daire", 120, 92, 9], ["daire", 101, 233, 15], ["dikdortgen", 5, 158, 5, 19], ["daire", 50, 255, 14], ["daire", 54, 283, 6], ["dikdortgen", 195, 231, 11, 8], ["daire", 182, 49, 5], ["daire", 173, 72, 11], ["dikdortgen", 41, 181, 15, 20], ["daire", 123, 143, 13], ["dikdortgen", 22, 201, 15, 6], ["daire", 51, 68, 9], ["dikdortgen", 118, 236, 14, 15], ["daire", 217, 17, 4], ["daire", 226, 12, 9], ["dikdortgen", 47, 257, 7, 11], ["daire", 159, 221, 15], ["daire", 163, 22, 13], ["dikdortgen", 37, 258, 12, 18], ["dikdortgen", 68, 155, 7, 12], ["daire", 51, 147, 14], ["daire", 216, 130, 6], ["daire", 160, 27, 13], ["daire", 55, 37, 11], ["dikdortgen", 97, 282, 5, 11], ["dikdortgen", 66, 52, 13, 10], ["daire", 77, 94, 13]], "rrt_path": [[211.9212943373966, 154.5233069158802], [194.54006519484233, 153.04922354964214], [176.83900875888185, 155.0535237071668], [172.90105228322264, 154.35174112273359], [154.56716635309988, 151.9287959077019], [151.61196087108678, 149.23310294316016], [140.72155005516967, 132.6380555921415], [135.77363764385348, 125.34833080056414], [131.28592005220506, 112.10391235575739], [128.17732513192647, 114.16211783824365], [125.17463635304628, 116.80481723416196], [112.00040816132997, 127.80195988934132], [105.96149790572412, 132.70553298014337], [102.85180042642986, 147.02183795062933], [103.88693702780473, 160.99004595085677], [102.97524964972973, 177.2961149712153], [92.5714328395587, 194.3674522509005], [88.02762876962012, 200.20052461481467], [81.00679604208773, 216.82960726909144], [80.05309980389225, 232.39925436413273], [79.88759487583326, 247.70066785581923], [81.05080147283252, 266.6441460157577], [80.15055632692788, 271.6752554449023], [77.84503525771197, 289.77992244771656], [79.09943432262311, 293.57814347682347]]}