{"harita_boyut": {"genislik": 332, "yukseklik": 212}, "baslangic": [128.03269797655702, 86.4470698704938], "hedef": [317.538541018751, 58.01847587250847], "engeller": [["daire", 319, 175, 13], ["dikdortgen", 168, 101, 11, 20], ["dikdortgen", 174, 190, 15, 11], ["daire", 32, 21, 4], ["dikdortgen", 75, 84, 19, 19], ["daire", 201, 175, 14], ["daire", 206, 170, 9], ["daire", 125, 191, 12], ["daire", 304, 172, 12], ["dikdortgen", 4, 112, 20, 12], ["daire", 173, 20, 8], ["dikdortgen", 223, 71, 12, 7], ["dikdortgen", 291, 44, 6, 19], ["daire", 160, 185, 12], ["dikdortgen", 172, 1, 17, 13], ["dikdortgen", 25, 192, 20, 20], ["daire", 251, 48, 14], ["daire", 182, 53, 8], ["daire", 220, 44, 15], ["dikdortgen", 27, 167, 20, 5], ["daire", 199, 61, 11], ["dikdortgen", 89, 65, 8, 17], ["dikdortgen", 194, 0, 7, 12], ["dikdortgen", 28, 165, 12, 16], ["dikdortgen", 128, 62, 14, 17], ["dikdortgen", 148, 157, 6, 5], ["daire", 245, 77, 14], ["daire", 174, 139, 14], ["dikdortgen", 22, 35, 20, 12], ["daire", 133, 61, 10], ["daire", 306, 148, 12], ["dikdortgen", 34, 76, 10, 16], ["daire", 24, 94, 7], ["dikdortgen", 51, 103, 8, 13], ["daire", 162, 176, 15]], "rrt_path": [[128.03269797655702, 86.4470698704938], [128.54014344688898, 86.3971748487558], [129.0472532621815, 86.35080390254498], [129.55402742243453, 86.30795703186139], [130.06046592764812, 86.26863423670501], [130.5665687778222, 86.23283551707586], [131.07233597295684, 86.20056087297392], [131.57776751305198, 86.1718103043992], [132.08286339810763, 86.14658381135168], [132.5876236281239, 86.1248813938314], [133.09204820310057, 86.10670305183828], [133.59613712303783, 86.09204878537243], [134.09989038793566, 86.08091859443377], [134.60330799779396, 86.07331247902235], [135.10638995261283, 86.06923043913812], [135.60913625239218, 86.0686724747811], [136.11154689713211, 86.07163858595133], [136.6136218868325, 86.07812877264875], [137.1153612214935, 86.08814303487338], [137.61676490111498, 86.10168137262525], [138.117832925697, 86.11874378590431], [138.61856529523953, 86.13933027471062], [139.1189620097426, 86.16344083904411], [139.6190230692062, 86.19107547890482], [140.11874847363032, 86.22223419429275], [140.61813822301497, 86.25691698520788], [141.11719231736018, 86.29512385165026], [141.61591075666587, 86.33685479361984], [142.11429354093212, 86.38210981111662], [142.6123406701589, 86.43088890414063], [143.11005214434618, 86.48319207269186], [143.607427963494, 86.5390193167703], [144.10446812760233, 86.59837063637595], [144.60117263667124, 86.66124603150882], [145.09754149070065, 86.72764550216891], [145.59357468969057, 86.7975690483562], [146.08927223364105, 86.87101667007072], [146.58463412255205, 86.94798836731245], [147.07966035642357, 87.02848414008139], [147.57435093525564, 87.11250398837757], [148.0687058590482, 87.20004791220094], [148.56272512780131, 87.29111591155153], [149.05640874151493, 87.38570798642934], [149.54978598921608, 87.48340557105747], [150.0431556491631, 87.57993886317034], [150.53659585691025, 87.67419123745357], [151.03010661245756, 87.7661626939072], [151.52368791580497, 87.85585323253119], [152.01733976695252, 87.94326285332556], [152.51106216590023, 88.02839155629033], [153.00485511264804, 88.11123934142546], [153.49871860719603, 88.19180620873098], [153.9926526495441, 88.27009215820686], [154.4866572396923, 88.34609718985313], [154.9807323776407, 88.41982130366976], [155.47487806338918, 88.4912644996568], [155.96909429693778, 88.5604267778142], [156.46338107828652, 88.62730813814196], [156.95773840743544, 88.69190858064013], [157.45216628438445, 88.75422810530864], [157.9466647091336, 88.81426671214757], [158.44123368168286, 88.87202440115686], [158.9358732020323, 88.92750117233652], [159.43058327018184, 88.98069702568657], [159.92536388613155, 89.031611961207], [160.42021504988136, 89.0802459788978], [160.91513676143134, 89.126599078759], [161.41012902078143, 89.17067126079054], [161.90563019171256, 89.21269000589828], [162.4023014579879, 89.25299842336241], [162.90014948136584, 89.29159997018122], [163.39917426184635, 89.3284946463547], [163.89937579942944, 89.36368245188282], [164.40075409411514, 89.39716338676565], [164.90330914590342, 89.42893745100314], [165.40704095479424, 89.45900464459527], [165.91194952078774, 89.48736496754208], [166.41803484388382, 89.51401841984358], [166.92529692408243, 89.53896500149973], [167.43373576138367, 89.56220471251055], [167.9433513557875, 89.58373755287604], [168.45414370729392, 89.6035635225962], [168.96611281590293, 89.62168262167106], [169.47925868161454, 89.63809485010054], [169.99358130442872, 89.65280020788472], [170.5090806843455, 89.66579869502355], [171.0257568213649, 89.67709031151706], [171.54360971548687, 89.68667505736526], [172.0626393667114, 89.69455293256812], [172.58284577503855, 89.70072393712562], [173.1042289404683, 89.70518807103781], [173.6267888630006, 89.70794533430465], [174.15052554263553, 89.70899572692619], [174.67543897937304, 89.7083392489024], [175.20152917321315, 89.70597590023326], [175.72879612415582, 89.7019056809188], [176.2572398322011, 89.696128590959], [176.78686029734897, 89.68864463035388], [177.31765751959944, 89.67945379910341], [177.84813303064024, 89.67124460244732], [178.3715071463536, 89.67618093876486], [178.88695249251776, 89.69574725715107], [179.3944690691328, 89.72994355760596], [179.8940568761987, 89.77876984012954], [180.38571591371547, 89.84222610472182], [180.8694461816831, 89.92031235138273], [181.34524768010158, 90.01302858011235], [181.8131204089709, 90.12037479091066], [182.2730643682911, 90.24235098377764], [182.72507955806216, 90.37895715871332], [183.16916597828407, 90.53019331571767], [183.60532362895682, 90.6960594547907], [184.03355251008048, 90.8765555759324], [184.45385262165493, 91.0716816791428], [184.8662239636803, 91.28143776442188], [185.2706665361565, 91.50582383176963], [185.6671803390836, 91.74483988118607], [186.05576537246145, 91.99848591267117], [186.43642163629028, 92.266761926225], [186.80914913056995, 92.54966792184747], [187.1739478553004, 92.84720389953864], [187.5308178104818, 93.1593698592985], [187.87975899611402, 93.48616580112702], [188.2207714121971, 93.82759172502423], [188.55385505873107, 94.18364763099012], [188.87900993571583, 94.55433351902468], [189.1962360431515, 94.93964938912794], [189.505533381038, 95.33959524129989], [189.8069019493754, 95.75417107554051], [190.1003417481636, 96.18337689184979], [190.38761965399144, 96.6244811563211], [190.6755496284098, 97.06694970537237], [190.9648075592009, 97.50973763841115], [191.2553934463648, 97.95284495543746], [191.54730728990143, 98.39627165645129], [191.8405490898108, 98.84001774145266], [192.13511884609295, 99.28408321044152], [192.43101655874787, 99.72846806341794], [192.72824222777547, 100.17317230038184], [193.02679585317594, 100.61819592133331], [193.32667743494915, 101.06353892627229], [193.62788697309512, 101.5092013151988], [193.9304244676138, 101.95518308811279], [194.23428991850528, 102.40148424501436], [194.5394833257695, 102.84810478590343], [194.84600468940653, 103.29504471078003], [195.15385400941625, 103.74230401964414], [195.4630312857988, 104.1898827124958], [195.7735365185541, 104.63778078933498], [196.0853697076821, 105.08599825016167], [196.39853085318293, 105.53453509497588], [196.7130199550565, 105.98339132377762], [197.02883701330282, 106.4325669365669], [197.3460613956, 106.8818319508518], [197.6752328515468, 107.3006454974275], [198.023747162596, 107.66757693490169], [198.3916043287475, 107.9826262632744], [198.77880435000134, 108.24579348254561], [199.18534722635755, 108.45707859271533], [199.61123295781604, 108.61648159378356], [200.0564615443769, 108.7240024857503], [200.52103298604013, 108.77964126861558], [201.0049472828057, 108.78339794237935], [201.50820443467347, 108.73527250704163], [202.02664138668314, 108.64390458895983], [202.54335062912517, 108.54438249897967], [203.05653346024036, 108.44043909945258], [203.56618988002847, 108.33207439037851], 