{"harita_boyut": {"genislik": 101, "yukseklik": 491}, "baslangic": [8.105242986607037, 296.77075361410647], "hedef": [94.22741962033707, 32.57103210618661], "engeller": [["daire", 95, 167, 4], ["dikdortgen", 33, 8, 7, 11], ["dikdortgen", 40, 204, 15, 8], ["dikdortgen", 0, 402, 14, 14], ["dikdortgen", 34, 404, 14, 11], ["dikdortgen", 22, 153, 13, 10], ["dikdortgen", 26, 381, 6, 15], ["dikdortgen", 0, 44, 15, 13], ["daire", 67, 225, 5], ["daire", 16, 90, 5], ["dikdortgen", 62, 315, 18, 10], ["dikdortgen", 3, 45, 20, 13], ["dikdortgen", 27, 200, 10, 18], ["dikdortgen", 46, 218, 16, 12], ["daire", 62, 12, 4], ["daire", 58, 466, 10], ["daire", 50, 58, 15], ["daire", 34, 93, 3], ["daire", 84, 69, 9], ["dikdortgen", 28, 348, 5, 13], ["dikdortgen", 27, 266, 12, 16], ["dikdortgen", 27, 48, 5, 16], ["dikdortgen", 93, 362, 8, 18], ["dikdortgen", 29, 9, 17, 12]], "rrt_path": [[8.105242986607037, 296.77075361410647], [13.583989011693044, 281.81816382249536], [18.297700237833258, 267.1474695535723], [27.296841700694127, 251.32064941290756], [39.22038821460905, 245.61591768646272], [50.024231493698274, 243.3294816450738], [66.41946311908667, 238.11153479575418], [77.59271431428739, 229.6538868535415], [77.30818092166504, 213.85767404125838], [76.59258099003169, 213.98242431908346], [68.61371334711176, 202.07494221896502], [67.02619251994585, 186.10378621854457], [66.39474437913762, 172.34002595700127], [66.78582197900333, 161.16381810818558], [64.70172317094759, 144.21736091543735], [64.90938954155571, 124.49314943842411], [66.35444924790997, 111.54620580483508], [67.25235076911557, 99.70948100728975], [67.00096160234865, 83.9091301121604], [70.11267486878596, 64.64572842210988], [72.53807741285871, 57.253201420908624], [80.294824926515, 52.04661443172065], [89.49926007209162, 39.91781198583219], [94.22741962033707, 32.57103210618661]]}