{"harita_boyut": {"genislik": 111, "yukseklik": 450}, "baslangic": [8.935496005497257, 209.23000736492003], "hedef": [57.33322494643751, 114.54488434741964], "engeller": [["daire", 65, 421, 10], ["daire", 37, 326, 4], ["daire", 71, 266, 6], ["dikdortgen", 69, 202, 20, 20], ["dikdortgen", 95, 58, 9, 6], ["daire", 69, 193, 4], ["daire", 61, 412, 6], ["daire", 71, 187, 6], ["daire", 81, 245, 4], ["dikdortgen", 91, 285, 14, 13], ["dikdortgen", 17, 57, 5, 17], ["daire", 44, 382, 7], ["dikdortgen", 64, 183, 12, 11], ["daire", 82, 402, 8], ["dikdortgen", 42, 373, 13, 9], ["daire", 61, 271, 6], ["daire", 67, 162, 12], ["dikdortgen", 34, 220, 11, 11], ["daire", 85, 270, 4], ["dikdortgen", 91, 420, 10, 13], ["dikdortgen", 32, 304, 17, 8], ["daire", 12, 245, 4], ["dikdortgen", 40, 29, 19, 12], ["daire", 69, 149, 12]], "rrt_path": [[8.935496005497257, 209.23000736492003], [9.137371650088303, 208.76676208729475], [9.337470188753619, 208.30289182651373], [9.535791621493194, 207.8383965825767], [9.73233594830704, 207.3732763554839], [9.927103169195151, 206.9075311452352], [10.120093284157527, 206.44116095183065], [10.311306293194164, 205.9741657752702], [10.500742196305069, 205.50654561555382], [10.68840099349024, 205.0383004726816], [10.874282684749675, 204.56943034665352], [11.058387270083378, 204.0999352374696], [11.240714749491342, 203.62981514512973], [11.421265122973576, 203.15907006963403], [11.600038390530077, 202.68770001098244], [11.777034552160838, 202.215704969175], [11.952253607865865, 201.74308494421166], [12.12569555764516, 201.2698399360924], [12.297360401498718, 200.79596994481736], [12.467248139426545, 200.3214749703864], [12.635358771428635, 199.84635501279956], [12.80169229750499, 199.37061007205688], [12.966248717655612, 198.8942401481583], [13.129028031880495, 198.41724524110379], [13.290030240179647, 197.93962535089346], [13.449255342553064, 197.4613804775273], [13.606703339000747, 196.9825106210052], [13.762374229522695, 196.50301578132726], [13.91626801411891, 196.02289595849348], [14.068384692789387, 195.54215115250372], [14.218724265534131, 195.06078136335816], [14.36728673235314, 194.5787865910567], [14.514072093246412, 194.09616683559938], [14.659080348213955, 193.61292209698618], [14.80231149725576, 193.1290523752171], [14.943775739455207, 192.64456502956955], [15.083762713995178, 192.15966905285205], [15.222404853796858, 191.6744600037107], [15.359702158860257, 191.18893788214552], [15.495654629185362, 190.70310268815643], [15.630262264772181, 190.21695442174354], [15.763525065620714, 189.73049308290678], [15.895443031730963, 189.24371867164618], [16.026016163102923, 188.7566311879617], [16.155244459736593, 188.26923063185342], [16.28312792163198, 187.78151700332123], [16.409666548789072, 187.29349030236517], [16.534860341207878, 186.80515052898522], [16.658709298888404, 186.31649768318152], [16.78121342183064, 185.8275317649539], [16.902372710034587, 185.33825277430248], [17.022187163500245, 184.84866071122715], [17.14065678222762, 184.35875557572797], [17.257781566216707, 183.86853736780495], [17.373561515467507, 183.3780060874581], [17.487996629980014, 182.8871617346873], [17.601086909754237, 182.39600430949275], [17.71283235479017, 181.90453381187427], [17.823232965087822, 181.412750241832], [17.932288740647188, 180.92065359936586], [18.03999968146826, 180.42824388447582], [18.146365787551044, 179.93552109716194], [18.251387058895542, 179.4424852374242], [18.355063495501756, 178.94913630526264], [18.457395097369677, 178.4554743006772], [18.558381864499317, 177.9614992236679], [18.658310423690644, 177.46727154633206], [18.7586248941826, 176.97309594680576], [18.85952521229506, 176.47901460735733], [18.961011378028044, 175.98502752798686], [19.06308339138154, 175.49113470869418], [19.16574125235555, 174.99733614947942], [19.268984960950075, 174.50363185034257], [19.37281451716512, 174.0100218112836], [19.477229921000678, 173.5165060323025], [19.582231172456748, 173.02308451339923], [19.68781827153333, 172.52975725457392], [19.793991218230435, 172.03652425582646], [19.900750012548052, 171.5433855171569], [20.008094654486182, 171.05034103856525], [20.116025144044826, 170.55739082005144], [20.224541481223987, 170.06453486161553], [20.333643666023665, 169.57177316325752], [20.443331698443856, 169.07910572497738], [20.553605578484568, 168.58653254677512], [20.664465306145786, 168.09405362865076], [20.775910881427524, 167.6016689706043], [20.887942304329776, 167.10937857263568], [21.000559574852545, 166.617182434745], [21.113762692995827, 166.12508055693218], [21.22755165875962, 165.6330729391972], [21.34192647214394, 165.14115958154017], [21.45688713314877, 164.64934048396103], [21.572433641774104, 164.1576156464597], [21.68856599801996, 163.6659850690363], [21.805284201886337, 163.17444875169082], [21.922588253373224, 162.68300669442317], [22.040478152480624, 162.19165889723342], [22.158953899208548, 161.70040536012158], [22.27801549355698, 161.20924608308758], [22.397662935525922, 160.71818106613148], [22.517896225115386, 160.2272103092533], [22.638715362325364, 159.73633381245298], [22.760753860092777, 159.24578629999468], [22.886053338997208, 158.75632421718518], [23.014768733124495, 158.2680049689917], [23.146900042474627, 157.78082855541416], [23.282447267047605, 157.29479497645264], [23.421410406843425, 156.80990423210702], [23.5637894618621, 156.32615632237741], [23.709584432103618, 155.8435512472638], [23.85879531756798, 155.36208900676613], [24.011422118255194, 154.8817696008844], [24.16746483416525, 154.40259302961869], [24.326923465298155, 153.92455929296892], [24.489798011653903, 153.44766839093512], [24.656088473232497, 152.97192032351728], [24.825794850033937, 152.49731509071543], [24.998917142058232, 152.0238526925295], [25.175455349305366, 151.5515331289596], [25.355409471775342, 151.08035640000563], [25.538779509468178, 150.61032250566768], [25.725565462383848, 150.14143144594564], [25.91576733052237, 149.6736832208396], [26.109385113883736, 149.2070778303495], [26.306418812467953, 148.7416152744754], [26.506868426275012, 148.27729555321724], [26.710733955304924, 147.8141186665751], [26.918015399557675, 147.3520846145489], [27.128712759033277, 146.89119339713864], [27.342826033731715, 146.43144501434438], [27.560355223653012, 145.97283946616608], [27.78130032879716, 145.51537675260374], [28.005661349164136, 145.0590568736574], [28.23343828475397, 144.60387982932698], [28.46463113556665, 144.1498456196126], [28.699239901602176, 143.69695424451413], [28.937264582860543, 143.24520570403166], [29.178705179341762, 142.79459999816513], [29.423561691045826, 142.34513712691458], [29.672187492552503, 141.8976588672649], [29.925277939326804, 141.4538216321566], [30.182851537876903, 141.0136695061208], [30.444908288202786, 140.57720248915751], [30.711448190304456, 140.14442058126667], [30.982471244181916, 139.7153237824483], [31.257977449835167, 139.28991209270237], [31.53796680726419, 138.86818551202893], [31.82243931646902, 138.45014404042797], [32.11139497744963, 138.03578767789946], [32.40483379020602, 137.62511642444346], [32.702755754738206, 137.21813028005988], [33.00516087104617, 136.8148292447488], [33.31204913912994, 136.41521331851015], [33.623420558989494, 136.019282501344], [33.93927513062483, 135.62703679325037], [34.259612854035936, 135.23847619422912], [34.58443372922286, 134.8536007042804], [34.913737756185554, 134.47241032340412], [35.24752493492404, 134.09490505160034], [35.58579526543831, 133.72108488886903], [35.92854874772838, 133.35094983521014], [36.27578538179423, 132.9844998906238], [36.62750516763586, 132.62173505510987], [36.983708105253285, 132.26265532866842], [37.34439419464649, 131.90726071129941], [37.70930715272313, 131.5553897592745], [38.074401003451214, 131.20449373849726], [38.43827913621395, 130.8536928639492], [38.8009415510113, 130.50298713563035], [39.16238824784328, 130.15237655354065], [39.5226192267099, 129.80186111768012], [39.88163448761114, 129.45144082804873], [40.23943403054703, 