{"harita_boyut": {"genislik": 175, "yukseklik": 356}, "baslangic": [53.45505957582234, 161.97756063278945], "hedef": [146.44658639129148, 31.975533156416045], "engeller": [["daire", 19, 331, 7], ["daire", 100, 38, 13], ["dikdortgen", 150, 115, 13, 15], ["dikdortgen", 34, 273, 5, 9], ["dikdortgen", 36, 147, 11, 20], ["dikdortgen", 84, 40, 5, 15], ["dikdortgen", 117, 91, 5, 14], ["dikdortgen", 104, 29, 7, 12], ["dikdortgen", 117, 333, 16, 19], ["daire", 125, 142, 6], ["dikdortgen", 170, 5, 5, 17], ["dikdortgen", 28, 333, 6, 19], ["dikdortgen", 131, 276, 16, 9], ["daire", 36, 303, 8], ["daire", 45, 275, 8], ["daire", 79, 85, 12], ["dikdortgen", 135, 37, 6, 10], ["dikdortgen", 88, 188, 6, 19], ["dikdortgen", 111, 302, 10, 7], ["daire", 154, 275, 9], ["daire", 121, 71, 8], ["daire", 80, 216, 14], ["dikdortgen", 96, 154, 10, 7], ["daire", 48, 300, 15], ["daire", 150, 138, 4], ["dikdortgen", 125, 216, 10, 8], ["daire", 140, 131, 8], ["dikdortgen", 68, 149, 8, 14], ["dikdortgen", 2, 217, 19, 7], ["dikdortgen", 15, 283, 13, 6], ["dikdortgen", 68, 209, 15, 15]], "rrt_path": [[53.45505957582234, 161.97756063278945], [61.29878932353868, 147.79999402547602], [64.60279941039445, 140.59413233365026], [81.08191668946176, 135.9847556985187], [88.43572802959572, 136.82115958667117], [105.26039055514065, 130.2490261754883], [108.44345411147765, 128.08733350996468], [123.19184441230408, 123.73329164659924], [129.9973206485425, 105.34686110307086], [129.0428306449945, 97.41693862731563], [133.62821041114623, 79.26900919645165], [138.52198730937582, 67.06662496653853], [143.64358603021623, 58.538178729672545], [147.80197793313812, 47.76507367698008], [146.44658639129148, 31.975533156416045]]}