{"harita_boyut": {"genislik": 296, "yukseklik": 355}, "baslangic": [59.6520859996746, 110.19404154817505], "hedef": [169.489311818295, 220.9889813552346], "engeller": [["daire", 133, 111, 8], ["daire", 23, 77, 7], ["dikdortgen", 241, 73, 14, 12], ["dikdortgen", 38, 208, 5, 16], ["dikdortgen", 0, 292, 20, 19], ["dikdortgen", 43, 284, 7, 6], ["daire", 143, 345, 7], ["dikdortgen", 227, 228, 9, 19], ["dikdortgen", 71, 120, 14, 19], ["daire", 36, 144, 10], ["dikdortgen", 128, 198, 15, 9], ["dikdortgen", 171, 275, 15, 5], ["daire", 70, 45, 9], ["dikdortgen", 41, 94, 13, 7], ["daire", 223, 294, 11], ["dikdortgen", 9, 10, 7, 15], ["dikdortgen", 245, 22, 13, 11], ["daire", 175, 100, 12], ["daire", 131, 150, 10], ["dikdortgen", 178, 222, 19, 14], ["daire", 21, 156, 10], ["daire", 199, 20, 10], ["daire", 96, 242, 6], ["daire", 56, 245, 10], ["dikdortgen", 81, 101, 8, 11], ["daire", 111, 24, 9], ["daire", 102, 48, 6], ["daire", 28, 19, 6], ["daire", 52, 248, 9], ["dikdortgen", 232, 290, 10, 14], ["daire", 135, 205, 15], ["dikdortgen", 256, 341, 5, 7], ["dikdortgen", 11, 27, 6, 12], ["daire", 189, 315, 13], ["daire", 43, 338, 3], ["dikdortgen", 264, 187, 5, 12], ["dikdortgen", 151, 230, 20, 6], ["dikdortgen", 100, 247, 10, 19], ["dikdortgen", 81, 16, 16, 9], ["dikdortgen", 113, 269, 19, 14], ["dikdortgen", 81, 164, 13, 20], ["daire", 116, 146, 15], ["daire", 212, 244, 10], ["dikdortgen", 219, 298, 6, 17], ["daire", 249, 85, 15], ["daire", 231, 183, 14], ["dikdortgen", 145, 9, 20, 16], ["dikdortgen", 228, 132, 18, 8], ["daire", 84, 241, 14], ["dikdortgen", 78, 45, 14, 15], ["dikdortgen", 192, 337, 5, 11], ["dikdortgen", 284, 162, 10, 17]], "rrt_path": [[59.6520859996746, 110.19404154817505], [61.41350750202194, 124.57045534110242], [63.587782305295285, 135.47156853809884], [65.48076103501997, 146.81281158996845], [83.14220837307676, 155.15163388639527], [98.87656320360216, 158.28205210454692], [108.1870345496038, 165.81213151784294], [110.22239193878015, 165.7151885433968], [123.37170868633348, 167.29992652172785], [140.3561074223982, 176.46460228560395], [149.02628641219252, 187.7861689360173], [158.70469177861983, 200.8643608464035], [162.4885888166728, 207.57466169498375], [169.489311818295, 220.9889813552346]]}