{"harita_boyut": {"genislik": 339, "yukseklik": 330}, "baslangic": [179.43261244789568, 258.36092870627374], "hedef": [237.55668801541503, 39.336440098735075], "engeller": [["dikdortgen", 198, 294, 17, 20], ["daire", 170, 314, 15], ["daire", 159, 61, 10], ["dikdortgen", 249, 30, 6, 9], ["daire", 291, 260, 13], ["dikdortgen", 165, 168, 14, 5], ["dikdortgen", 43, 110, 12, 7], ["daire", 205, 59, 5], ["dikdortgen", 141, 85, 13, 6], ["daire", 314, 54, 3], ["daire", 22, 201, 3], ["dikdortgen", 244, 102, 15, 20], ["daire", 259, 233, 14], ["daire", 325, 18, 4], ["dikdortgen", 313, 164, 18, 6], ["dikdortgen", 324, 256, 13, 5], ["dikdortgen", 113, 135, 18, 19], ["daire", 269, 135, 6], ["daire", 258, 149, 10], ["daire", 35, 79, 13], ["daire", 86, 301, 10], ["dikdortgen", 93, 73, 9, 20], ["dikdortgen", 274, 19, 10, 16], ["daire", 308, 194, 11], ["dikdortgen", 177, 242, 5, 10], ["dikdortgen", 42, 228, 8, 14], ["daire", 228, 87, 4], ["daire", 195, 166, 3], ["dikdortgen", 51, 64, 19, 5], ["daire", 40, 57, 14], ["dikdortgen", 156, 37, 8, 9], ["dikdortgen", 116, 280, 19, 7], ["daire", 17, 146, 6], ["dikdortgen", 7, 43, 14, 6], ["daire", 202, 305, 3], ["daire", 49, 261, 14], ["daire", 175, 130, 13], ["daire", 288, 40, 12], ["dikdortgen", 82, 18, 15, 16], ["daire", 133, 238, 6], ["daire", 19, 48, 3], ["daire", 72, 92, 5], ["daire", 145, 161, 7], ["dikdortgen", 50, 29, 13, 13], ["daire", 107, 154, 7], ["daire", 262, 109, 9], ["daire", 206, 48, 12], ["dikdortgen", 288, 42, 6, 17], ["dikdortgen", 294, 193, 19, 6], ["dikdortgen", 289, 246, 6, 18], ["daire", 283, 206, 9], ["dikdortgen", 73, 321, 19, 8], ["dikdortgen", 36, 97, 18, 14], ["dikdortgen", 203, 300, 20, 6], ["daire", 77, 133, 9]], "rrt_path": [[179.43261244789568, 258.36092870627374], [162.9900365824672, 257.00747718187057], [160.8599849265061, 239.17620858190028], [161.4851271534793, 235.22536092651606], [163.51876335308464, 217.09302075750776], [165.62717724826425, 215.26610057807187], [182.1972927531157, 205.03801157890427], [186.39731600950614, 198.69339102073673], [185.23041622534902, 183.72236107854224], [186.7330899925621, 167.9821468490834], [187.21696348256447, 151.150456531342], [193.20844374361, 134.37005131933725], [193.6050397636773, 122.3940883514584], [203.85232992111673, 105.63666055363737], [208.94146062552156, 99.48957500446917], [214.53725312790502, 82.2862999001662], [222.1967794694352, 63.895049909017814], [230.40423149351557, 52.10195992833717], [237.55668801541503, 39.336440098735075]]}