{"harita_boyut": {"genislik": 412, "yukseklik": 408}, "baslangic": [378.31528467600435, 216.8319664885434], "hedef": [43.83293682743124, 289.97691530589253], "engeller": [["daire", 315, 125, 13], ["dikdortgen", 177, 285, 19, 15], ["daire", 125, 354, 14], ["dikdortgen", 98, 286, 7, 18], ["dikdortgen", 234, 218, 9, 15], ["daire", 23, 160, 14], ["dikdortgen", 142, 395, 8, 8], ["daire", 295, 177, 5], ["daire", 238, 37, 11], ["dikdortgen", 383, 156, 15, 11], ["daire", 196, 173, 3], ["daire", 265, 159, 15], ["dikdortgen", 236, 114, 11, 9], ["daire", 365, 327, 6], ["dikdortgen", 277, 368, 6, 12], ["dikdortgen", 117, 190, 13, 17], ["dikdortgen", 377, 252, 11, 15], ["daire", 87, 384, 15], ["dikdortgen", 303, 159, 9, 15], ["daire", 188, 44, 12], ["dikdortgen", 374, 234, 9, 16], ["daire", 320, 83, 10], ["dikdortgen", 226, 84, 15, 7], ["dikdortgen", 264, 184, 18, 5], ["dikdortgen", 394, 198, 14, 19], ["dikdortgen", 341, 315, 12, 14], ["daire", 280, 269, 7], ["dikdortgen", 177, 365, 8, 15], ["daire", 171, 239, 7], ["daire", 101, 105, 3], ["daire", 71, 89, 14], ["dikdortgen", 360, 266, 11, 10], ["dikdortgen", 400, 243, 9, 6], ["daire", 47, 191, 11], ["dikdortgen", 33, 354, 13, 12], ["daire", 326, 214, 3], ["daire", 376, 250, 8], ["dikdortgen", 194, 135, 11, 15], ["dikdortgen", 223, 200, 10, 18], ["dikdortgen", 250, 38, 12, 11], ["daire", 267, 234, 6], ["daire", 350, 157, 6], ["daire", 134, 353, 10], ["dikdortgen", 353, 276, 17, 8], ["daire", 131, 57, 3], ["dikdortgen", 221, 55, 12, 20], ["daire", 233, 193, 13], ["dikdortgen", 67, 182, 18, 18], ["daire", 368, 32, 12], ["daire", 373, 332, 11], ["daire", 332, 351, 9], ["dikdortgen", 225, 366, 15, 12], ["daire", 230, 338, 10], ["daire", 79, 18, 10], ["dikdortgen", 24, 344, 5, 17], ["daire", 375, 115, 8], ["daire", 81, 400, 4], ["daire", 97, 297, 9], ["daire", 183, 332, 11], ["daire", 287, 261, 7], ["dikdortgen", 24, 221, 5, 6], ["daire", 38, 347, 11], ["daire", 25, 284, 14], ["daire", 135, 116, 3], ["dikdortgen", 20, 186, 14, 18], ["dikdortgen", 354, 373, 19, 15], ["dikdortgen", 79, 266, 7, 17], ["dikdortgen", 14, 288, 19, 9], ["daire", 304, 209, 12], ["dikdortgen", 108, 18, 18, 7], ["daire", 261, 137, 5], ["dikdortgen", 202, 149, 13, 15], ["daire", 361, 227, 5], ["dikdortgen", 307, 397, 13, 11], ["daire", 202, 26, 8], ["daire", 134, 242, 11], ["dikdortgen", 323, 212, 12, 9], ["daire", 216, 257, 15], ["daire", 96, 251, 13], ["daire", 257, 284, 14], ["daire", 62, 237, 15], ["daire", 276, 93, 8], ["daire", 44, 231, 9], ["dikdortgen", 35, 138, 12, 10]], "rrt_path": [[378.31528467600435, 216.8319664885434], [370.9251184072426, 216.1233602168726], [358.11165533553304, 215.47984634524272], [340.598703221802, 222.200216381003], [339.97188153285873, 226.15079792936652], [338.5580731015038, 229.89260841620703], [324.4807245678609, 241.98163127698953], [314.7771843668375, 250.29465729259894], [299.7505952860922, 263.0379303427673], [295.64643497799153, 272.3833960737454], [284.80130713057326, 280.9678220670985], [273.8800339720658, 294.7945964214316], [261.98015121334475, 305.46127193280296], [249.2506491045556, 316.6922390357042], [248.9564907641581, 320.2074428684998], [230.59503234709598, 312.3312291791854], [226.8622685913308, 310.89370535550603], [211.3751917618887, 306.4870015524812], [199.370468829005, 307.34365286850044], [187.81367713093493, 306.88790349421544], [170.49534408030496, 316.6225964634193], [155.69879486747934, 324.208849507536], [136.2138537211501, 328.1855391608687], [122.53520668142872, 333.5379554498396], [103.88504954198268, 337.70856114437925], [89.17309571921761, 334.6094336222618], [70.75655181412236, 331.2046018287637], [56.771173369434294, 318.9173182984022], [51.22256924360614, 304.93197987725716], [43.83293682743124, 289.97691530589253]]}