{"harita_boyut": {"genislik": 268, "yukseklik": 198}, "baslangic": [234.46149046487471, 183.58477857463566], "hedef": [137.5170428630944, 153.4130962537091], "engeller": [["daire", 49, 127, 15], ["daire", 239, 100, 15], ["daire", 132, 99, 3], ["dikdortgen", 61, 82, 12, 19], ["daire", 179, 189, 9], ["daire", 166, 100, 6], ["daire", 167, 172, 4], ["dikdortgen", 244, 64, 8, 12], ["daire", 32, 150, 9], ["dikdortgen", 102, 105, 12, 12], ["dikdortgen", 12, 132, 16, 14], ["daire", 117, 47, 13], ["daire", 129, 66, 14], ["daire", 134, 103, 12], ["daire", 25, 101, 10], ["dikdortgen", 65, 117, 11, 17], ["dikdortgen", 64, 47, 19, 11], ["daire", 176, 113, 3], ["dikdortgen", 231, 54, 10, 5], ["daire", 251, 188, 9], ["dikdortgen", 63, 152, 18, 5], ["dikdortgen", 176, 162, 11, 12], ["daire", 26, 154, 7], ["dikdortgen", 46, 139, 6, 11], ["dikdortgen", 205, 109, 11, 9], ["dikdortgen", 228, 107, 5, 8]], "rrt_path": [[234.4614904648747, 183.58477857463564], [234.15744848394212, 183.13714948489314], [233.85014761510556, 182.6947940852347], [233.53958785836494, 182.25771237566028], [233.22576921372033, 181.82590435616999], [232.90869168117163, 181.39937002676362], [232.58835526071894, 180.97810938744135], [232.26475995236217, 180.56212243820315], [231.93790575610143, 180.15140917904895], [231.60779267193666, 179.74596960997883], [231.27442069986782, 179.34580373099274], [230.93778983989503, 178.95091154209072], [230.5979000920181, 178.5612930432727], [230.25475145623722, 178.17694823453874], [229.90834393255227, 177.79787711588884], [229.55867752096327, 177.42407968732294], [229.2057522214703, 177.05555594884112], [228.8495680340733, 176.69230590044333], [228.4901249587722, 176.3343295421296], [228.12742299556712, 175.9816268738999], [227.76146214445797, 175.63419789575426], [227.39224240544482, 175.29204260769265], [227.0197637785276, 174.95516100971506], [226.64402626370642, 174.62355310182159], [226.26502986098117, 174.2972188840121], [225.88277457035187, 173.97615835628662], [225.4972603918186, 173.66037151864526], [225.10848732538122, 173.3498583710879], [224.71645537103987, 173.04461891361456], [224.32116452879447, 172.74465314622535], [223.92261479864504, 172.44996106892012], [223.52080618059153, 172.16054268169893], [223.11573867463412, 171.87639798456183], [222.7074122807726, 171.59752697750875], [222.295826999007, 171.3239296605397], [221.88098282933743, 171.0556060336547], [221.46287977176382, 170.79255609685373], [221.04151782628617, 170.53477985013683], [220.61689699290454, 170.282277293504], [220.18901727161884, 170.03504842695517], [219.75787866242908, 169.79309325049036], [219.32348116533532, 169.5564117641097], [218.88582478033754, 169.325003967813], [218.44490950743568, 169.09886986160035], [218.00073534662985, 168.87800944547175], [217.55330229792, 168.66242271942718], [217.10261036130606, 168.4521096834667], [216.64865953678813, 168.24707033759023], [216.19144982436615, 168.04730468179778], [215.7309812240401, 167.85281271608937], [215.2672537358101, 167.66359444046506], [214.800267359676, 167.47964985492476], [214.33002209563796, 167.30097895946852], [213.85651794369582, 167.12758175409633], [213.3797549038497, 166.95945823880817], [212.89973297609947, 166.79660841360402], [212.41645216044526, 166.63903227848397], [211.929912456887, 166.48672983344795], [211.44046956910756, 166.33900031769815], [210.95234528645747, 166.18752651492252], [210.46676493166376, 166.0298944548048], [209.98372850472649, 165.86610413734496], [209.50323600564568, 165.696155562543], [209.02528743442124, 165.52004873039888], [208.54988279105322, 165.33778364091265], [208.07702207554163, 165.14936029408432], [207.6067052878865, 164.9547786899139], [207.13893242808783, 164.75403882840132], [206.6737034961455, 164.54714070954662], [206.21101849205965, 164.3340843333498], [205.75087741583016, 164.11486969981084], [205.29328026745713, 163.88949680892978], [204.83822704694055, 163.6579656607066], [204.38571775428034, 163.42027625514132], [203.9357523894766, 163.17642859223386], [203.48833095252925, 162.92642267198434], [203.0434534434384, 162.6702584943927], [202.60111986220392, 162.4079360594589], [202.16133020882586, 162.13945536718302], [201.7240844833042, 161.86481641756498], [201.28938268563903, 161.58401921060485], [200.85722481583022, 161.29706374630257], [200.42761087387788, 161.0039500246582], [200.00054085978198, 160.7046780456717], [199.57601477354245, 160.39924780934305], [199.15403261515934, 160.0876593156723], [198.73459438463271, 159.76991256465945], [198.31770008196247, 159.44600755630444], [197.90334970714866, 159.1159442906074], [197.49154326019126, 158.7797227675681], [197.08228074109036, 158.43734298718678], [196.6755621498458, 158.0888049494633], [196.27138748645768, 157.73410865439774], [195.869756750926, 157.37325410199003], [195.4701839054313, 157.0077931879834], [195.0670344287991, 156.65571667168925], [194.6586982853326, 156.3221653208515], [194.24517547503163, 156.00713913546997], [193.82646599789632, 155.71063811554484], [193.4025698539266, 155.432662261076], [192.97348704312256, 155.17321157206345], [192.53921756548408, 154.93228604850725], [192.0997614210112, 154.70988569040733], [191.655118609704, 154.50601049776375], [191.2052891315624, 154.32066047057648], [190.75027298658648, 154.15383560884558], [190.2900701747761, 154.00553591257093], [189.82468069613134, 153.8757613817526], [189.35410455065227, 153.7645120163906], [188.87834173833875, 153.67178781648494], [188.39739225919084, 153.59758878203556], [187.91125611320865, 153.54191491304252], [187.41993330039202, 153.5047662095058], [186.923423820741, 153.48614267142537], [186.42172767425558, 153.48604429880126], [185.91484486093583, 153.50447109163352], [185.40462598830922, 153.53246922804894], [184.89535987477188, 153.5492880543331], [184.3872197751179, 153.55408930924352], [183.88020568934735, 153.54687299278024], [183.3743176174602, 153.52763910494318], [182.86955555945647, 153.49638764573243], [182.36591951533615, 153.4531186151479], [181.8634094850992, 153.39783201318966], [181.36202546874563, 153.33052783985767], [180.8617674662755, 153.25120609515196], [180.36263547768874, 153.15986677907247], [179.86462950298545, 153.05650989161933], [179.36774954216548, 152.94113543279238], [178.87199559522895, 152.8137434025917], [178.37736766217589, 152.67433380101733], [177.88386574300614, 152.52290662806917], [177.3914898377198, 152.35946188374731], [176.9002399463169, 152.18399956805172], [176.41011606879738, 151.99651968098237], [175.92111820516132, 151.7970222225393], [175.43324635540858, 151.58550719272247], [174.9459587173213, 151.37107183837682], [174.45816694961692, 151.17199018823104], [173.9698403567601, 150.9887776422837], [173.4809789387509, 150.8214342005348], [172.9915826955893, 150.66995986298443], [172.50165162727527, 150.53435462963247], [172.01118573380882, 150.41461850047895], [171.52018501518992, 150.3107514755239], [171.02864947141862, 150.22275355476722], [170.53657910249493, 150.15062473820907], [170.04397390841876, 150.09436502584936], [169.55083388919024, 150.05397441768807], [169.05715904480928, 150.02945291372527], [168.56294937527588, 150.02080051396086], [168.0682048805901, 150.02801721839495], [167.57292556075186, 150.05110302702747], [167.0771114157612, 150.09005793985844], [166.58076244561815, 150.14488195688787], [166.08387865032267, 150.21557507811576], [165.58646002987476, 150.30213730354205], [165.08865061526024, 150.39794540661399], [164.5906903625242, 150.49196507245676], [164.09258296315988, 150.58402654873356], [163.5943284171673, 150.6741298354445], [163.09592672454647, 150.76227493258955], [162.5973778852974, 150.8484618401687], [162.09868189942, 150.93269055818195], [161.59983876691442, 151.01496108662926], [161.10084848778058, 151.09527342551075], [160.60171106201847, 151.1736275748263], [160.10242648962804, 151.25002353457597], [159.60299477060937, 151.3244613047597], [159.10341590496245, 151.39694088537755], [158.60368989268733, 151.46746227642956], 