{"harita_boyut": {"genislik": 324, "yukseklik": 303}, "baslangic": [52.68639691957216, 274.1168781473792], "hedef": [10.828739747975192, 63.78060439602046], "engeller": [["daire", 130, 89, 13], ["dikdortgen", 163, 99, 17, 12], ["daire", 72, 86, 8], ["daire", 246, 206, 13], ["daire", 119, 37, 9], ["dikdortgen", 273, 214, 19, 11], ["daire", 288, 21, 11], ["dikdortgen", 300, 207, 7, 19], ["daire", 265, 47, 3], ["dikdortgen", 74, 8, 9, 14], ["daire", 264, 114, 5], ["dikdortgen", 300, 78, 17, 7], ["daire", 78, 42, 10], ["dikdortgen", 33, 63, 19, 19], ["daire", 155, 131, 5], ["daire", 271, 60, 12], ["dikdortgen", 228, 191, 18, 8], ["dikdortgen", 151, 136, 16, 20], ["dikdortgen", 84, 19, 8, 6], ["daire", 209, 163, 14], ["daire", 252, 298, 3], ["daire", 170, 19, 5], ["dikdortgen", 179, 35, 9, 10], ["dikdortgen", 76, 224, 18, 17], ["daire", 130, 43, 13], ["dikdortgen", 77, 222, 5, 10], ["dikdortgen", 236, 206, 16, 16], ["dikdortgen", 207, 262, 10, 17], ["daire", 170, 286, 6], ["daire", 243, 55, 11], ["daire", 204, 89, 14], ["daire", 72, 177, 12], ["daire", 18, 149, 15], ["daire", 34, 233, 4], ["daire", 256, 111, 7], ["daire", 93, 150, 13], ["daire", 264, 229, 7], ["daire", 223, 279, 8], ["daire", 134, 38, 9], ["dikdortgen", 109, 271, 6, 8], ["daire", 214, 190, 15], ["daire", 231, 214, 3], ["daire", 217, 103, 4], ["daire", 41, 133, 3], ["daire", 139, 19, 9], ["dikdortgen", 217, 220, 14, 11], ["dikdortgen", 286, 199, 12, 8], ["dikdortgen", 51, 253, 16, 5], ["dikdortgen", 200, 87, 13, 11]], "rrt_path": [[52.68639691957216, 274.1168781473792], [68.30677622267027, 263.16058715269054], [72.10671620606924, 264.409769334186], [73.92809262124098, 260.848507204792], [87.62495601771533, 246.68518183221025], [99.52697893618856, 246.29526228124604], [115.77328496169655, 236.60632410543744], [130.35681347849953, 227.49548041856463], [145.76821182007208, 215.0243031420507], [142.91523483851222, 201.74279376364487], [140.81316055020304, 191.63938927426034], [135.55917733181022, 174.64981780204565], [121.66774427204136, 163.62241335643796], [119.0692220416678, 163.17823641673448], [111.64287849710705, 146.15808840714791], [109.76671485254639, 142.62538264826722], [105.54612826939699, 136.19696653528283], [92.5096990217763, 127.26193048101331], [73.75283165241879, 120.45008968819839], [64.19552332461264, 118.79081558908108], [47.600106727896076, 111.59861396361077], [39.78394382554304, 100.7106550053516], [27.90255347881788, 86.8761804199793], [20.53659164909099, 75.73474409166313], [10.828739747975192, 63.78060439602046]]}