{"harita_boyut": {"genislik": 476, "yukseklik": 264}, "baslangic": [352.33374520641365, 45.94275451298959], "hedef": [111.57566238965538, 7.0441212473249655], "engeller": [["dikdortgen", 284, 219, 10, 15], ["daire", 255, 153, 5], ["daire", 365, 233, 7], ["daire", 135, 167, 13], ["daire", 444, 52, 12], ["dikdortgen", 208, 72, 11, 20], ["daire", 53, 248, 8], ["daire", 23, 53, 4], ["dikdortgen", 142, 155, 9, 9], ["dikdortgen", 460, 6, 6, 19], ["dikdortgen", 237, 146, 18, 11], ["dikdortgen", 260, 92, 7, 20], ["dikdortgen", 388, 225, 8, 12], ["dikdortgen", 368, 34, 9, 19], ["daire", 366, 221, 7], ["dikdortgen", 467, 152, 6, 15], ["daire", 307, 124, 13], ["daire", 258, 247, 10], ["daire", 360, 69, 15], ["daire", 83, 248, 10], ["daire", 435, 130, 8], ["dikdortgen", 335, 76, 10, 16], ["daire", 243, 193, 10], ["daire", 202, 226, 13], ["daire", 381, 40, 5], ["daire", 11, 145, 4], ["daire", 101, 125, 7], ["daire", 102, 81, 5], ["dikdortgen", 172, 255, 11, 7], ["daire", 220, 157, 6], ["dikdortgen", 437, 1, 5, 12], ["dikdortgen", 407, 61, 20, 15], ["dikdortgen", 105, 180, 19, 17], ["dikdortgen", 409, 181, 5, 16], ["daire", 443, 208, 9], ["daire", 129, 123, 13], ["daire", 454, 167, 3], ["daire", 120, 207, 11], ["daire", 446, 193, 10], ["dikdortgen", 352, 109, 13, 17], ["dikdortgen", 418, 169, 16, 18], ["daire", 379, 42, 7], ["dikdortgen", 55, 256, 14, 5], ["dikdortgen", 191, 121, 10, 19], ["daire", 285, 112, 15], ["dikdortgen", 31, 103, 5, 10], ["daire", 192, 253, 6], ["daire", 55, 225, 12], ["dikdortgen", 49, 176, 11, 6], ["dikdortgen", 356, 131, 9, 5], ["dikdortgen", 41, 37, 16, 18], ["dikdortgen", 140, 7, 10, 20], ["dikdortgen", 28, 120, 6, 10], ["daire", 303, 19, 9], ["daire", 208, 76, 8], ["dikdortgen", 335, 141, 10, 13], ["dikdortgen", 352, 62, 18, 19], ["daire", 111, 166, 3], ["dikdortgen", 165, 73, 17, 10], ["daire", 439, 86, 3], ["dikdortgen", 172, 207, 10, 7], ["daire", 390, 179, 13]], "rrt_path": [[352.33374520641365, 45.94275451298959], [342.03375285771716, 51.30145388968046], [328.29209012264545, 58.08609877721128], [318.15360763532374, 67.18729241139359], [312.20639350262934, 72.21956972714393], [298.3831043276625, 84.63397794780349], [286.0722589407607, 90.15821773019864], [272.6088383510009, 86.85481706155275], [261.1952830146919, 85.82296320331787], [249.66812287088214, 87.84032763836353], [236.50421021956362, 98.34590469425682], [230.4072849885995, 103.50712376267498], [228.07371637598803, 106.18419999790683], [220.5634496142639, 103.94726029479659], [202.11146358320175, 97.19669949990514], [196.5193698664846, 83.75038059778308], [194.65102648806703, 77.15062863404322], [188.01050169923212, 59.61944010134333], [171.21020365699752, 52.34405775399505], [154.9713112836686, 47.99644362784795], [145.28551982766137, 41.70757145804149], [133.2429093234932, 33.722058380062975], [132.55908332070098, 26.71425967285716], [122.04175395946173, 11.46990065720037], [111.57566238965538, 7.0441212473249655]]}