{"harita_boyut": {"genislik": 423, "yukseklik": 300}, "baslangic": [60.1507857146247, 243.48200765032536], "hedef": [199.09468338625243, 149.9737081102952], "engeller": [["daire", 33, 80, 13], ["daire", 67, 208, 4], ["dikdortgen", 377, 147, 14, 15], ["dikdortgen", 388, 93, 20, 10], ["dikdortgen", 172, 97, 6, 20], ["dikdortgen", 89, 213, 9, 14], ["daire", 17, 60, 7], ["dikdortgen", 65, 204, 17, 19], ["daire", 415, 174, 5], ["daire", 207, 74, 10], ["dikdortgen", 52, 119, 6, 5], ["dikdortgen", 303, 154, 8, 19], ["dikdortgen", 399, 167, 9, 11], ["dikdortgen", 271, 129, 14, 6], ["daire", 366, 9, 6], ["dikdortgen", 62, 21, 5, 8], ["dikdortgen", 328, 38, 6, 11], ["dikdortgen", 381, 25, 9, 12], ["daire", 34, 165, 10], ["daire", 25, 99, 11], ["daire", 144, 112, 8], ["dikdortgen", 158, 246, 12, 13], ["dikdortgen", 61, 79, 7, 8], ["dikdortgen", 376, 53, 7, 8], ["dikdortgen", 250, 107, 17, 20], ["daire", 283, 173, 3], ["daire", 276, 242, 6], ["dikdortgen", 356, 97, 5, 5], ["daire", 176, 189, 11], ["dikdortgen", 266, 278, 14, 17], ["dikdortgen", 327, 138, 14, 6], ["dikdortgen", 36, 121, 6, 12], ["daire", 406, 155, 13], ["dikdortgen", 258, 218, 13, 20], ["dikdortgen", 184, 206, 11, 17], ["daire", 172, 214, 8], ["daire", 205, 240, 6], ["daire", 73, 79, 11], ["dikdortgen", 30, 30, 15, 6], ["daire", 155, 239, 12], ["daire", 355, 60, 15], ["daire", 409, 205, 7], ["dikdortgen", 371, 3, 8, 7], ["dikdortgen", 109, 6, 17, 16], ["dikdortgen", 142, 198, 5, 18], ["daire", 59, 206, 13], ["dikdortgen", 393, 95, 9, 18], ["dikdortgen", 188, 220, 18, 8], ["daire", 249, 162, 11], ["dikdortgen", 351, 239, 8, 17], ["daire", 355, 229, 7], ["daire", 293, 112, 14], ["dikdortgen", 307, 197, 5, 15], ["dikdortgen", 81, 117, 6, 10], ["daire", 411, 222, 4], ["dikdortgen", 273, 174, 12, 14], ["daire", 161, 15, 8], ["daire", 44, 193, 7], ["daire", 221, 148, 14], ["daire", 42, 272, 11], ["dikdortgen", 310, 134, 19, 10], ["daire", 102, 184, 12], ["daire", 146, 79, 10]], "rrt_path": [[60.15078571462471, 243.4820076503254], [60.595755250997485, 243.2216420093443], [61.041930602755265, 242.96580758645496], [61.48931176989805, 242.71450438165738], [61.93789875242583, 242.46773239495153], [62.38769155033865, 242.22549162633757], [62.83869016363646, 241.98778207581537], [63.29089459231928, 241.75460374338493], [63.74430483638711, 241.52595662904625], [64.19892089583993, 241.30184073279932], [64.65474277067777, 241.08225605464423], [65.11177046090063, 240.86720259458093], [65.57000396650848, 240.65668035260938], [66.02944328750137, 240.45068932872965], [66.49008842387924, 240.24922952294168], [66.95193937564213, 240.05230093524548], [67.41499614279002, 239.8599035656411], [67.87925872532291, 239.67203741412843], [68.34472712324082, 239.48870248070756], [68.81140133654372, 239.30989876537848], [69.27928136523164, 239.13562626814115], [69.74836720930458, 238.96588498899564], [70.21865886876252, 238.80067492794194], [70.69015634360545, 238.63999608497997], [71.16285963383342, 238.48384846010978], [71.63676873944638, 238.33223205333138], [72.11188366044435, 238.1851468646448], [72.58820439682731, 238.0425928940499], [73.06573094859532, 237.9045701415469], [73.54446331574829, 237.77107860713562], [74.02440149828628, 237.6421182908161], [74.5055454962093, 237.5176891925884], [74.98789530951733, 237.39779131245245], [75.47145093821035, 237.2824246504083], [75.95621238228837, 237.1715892064559], [76.44217964175141, 237.06528498059532], [76.92935271659947, 236.96351197282652], [77.41773160683252, 236.86627018314948], [77.90731631245058, 236.7735596115642], [78.39810683345365, 236.68538025807072], [78.89010316984172, 236.60173212266903], [79.38330532161483, 236.52261520535916], [79.87771328877291, 236.44802950614098], [80.37332707131601, 236.37797502501468], [80.87014666924412, 236.31245176198007], [81.36817208255724, 236.25145971703728], [81.86740331125537, 236.19499889018624], [82.3678403553385, 236.14306928142702], [82.86923007889709, 236.09432806008886], [83.37110283700956, 236.04628386251608], [83.87344814919979, 235.99888109207367], [84.37626601546783, 235.9521197487619], [84.87955643581364, 235.90599983258048], [85.38331941023725, 235.8605213435296], [85.88755493873867, 235.81568428160924], [86.39226302131783, 235.77148864681925], [86.89744365797479, 235.72793443915978], [87.40309684870957, 235.68502165863075], [87.9092225935221, 235.64275030523228], [88.41582089241244, 235.60112037896428], [88.92289174538055, 235.56013187982674], [89.43043515242647, 235.51978480781966], [89.93845111355016, 235.480079162943], [90.44693962875162, 235.44101494519697], [90.95590069803089, 235.4025921545813], [91.46533432138793, 235.3648107910961], [91.97524049882277, 235.32767085474143], [92.4856192303354, 235.29117234551723], [92.99647051592582, 235.25531526342348], [93.50779435559402, 235.22009960846026], [94.01959074933998, 235.18552538062744], [94.53185969716375, 235.15159257992514], [95.04460119906531, 235.11830120635332], [95.55781525504466, 235.08565125991197], [96.0715018651018, 235.0536427406011], [96.58566102923672, 235.0222756484207], [97.10029274744943, 234.99154998337085], [97.61539701973993, 234.9614657454514], [98.13024433797642, 234.930522599295], [98.64025344225236, 234.88929854401403], [99.14462571160668, 234.8361511040542], [99.64336114603931, 234.77108027941554], [100.13645974555035, 234.694086070098], [100.62392151013972, 234.60516847610162], [101.10574643980745, 234.5043274974264], [101.58193453455355, 234.3915631340723], [102.052485794378, 234.26687538603937], [102.51740021928079, 234.13026425332754], [102.97667780926197, 233.9817297359369], [103.43031856432148, 233.82127183386746], [103.87832248445936, 233.64889054711904], [104.3206895696756, 233.4645858756919], [104.7574198199702, 233.26835781958582], [105.18851323534312, 233.0602063788009], [105.61396981579443, 232.8401315533371], [106.03378956132411, 232.60813334319448], [106.44797247193213, 232.364211748373], [106.85651854761849, 232.10836676887268], [107.25942778838326, 231.8405984046935], [107.65670019422635, 231.5609066558355], [108.04833576514778, 231.2692915222986], [108.43433450114762, 230.96575300408293], [108.81469640222576, 230.6502911011882], [109.18942146838229, 230.3229058136148], [109.55850969961716, 229.98359714136254], [109.9219610959304, 229.63236508443134], [110.279775657322, 229.26920964282135], [110.63195338379197, 228.89413081653254], [110.97890595068968, 228.50780920802907], [111.32709725113087, 228.12093125163264], [111.67875172011625, 227.73717449555045], [112.03386935764591, 227.3565389397824], [112.39245016371977, 226.97902458432856], [112.75449413833789, 226.60463142918883], [113.12000128150021, 226.23335947436328], [113.48897159320681, 225.86520871985192], [113.86140507345763, 225.50017916565477], [114.23730172225267, 225.13827081177178], [114.61666153959196, 224.7794836582029], [114.99948452547547, 224.42381770494825], [115.3857706799032, 224.07127295200777], [115.7755200028752, 223.72184939938143], [116.16873249439139, 223.37554704706926], [116.56540815445186, 223.03236589507134], [116.96554698305654, 222.6923059433875], [117.36914898020547, 222.35536719201792], [117.7762141458986, 222.02154964096243], [118.18674248013599, 221.69085329022116], [118.60073398291765, 221.36327813979406], [119.01818865424349, 221.0388241896811], [119.43910649411357, 220.71749143988237], [119.8634875025279, 220.39927989039776], [120.29133167948646, 220.08418954122732], [120.72263902498926, 219.77222039237108], [121.15740953903628, 219.463372443829], [121.59564322162755, 219.15764569560113], [122.03734007276306, 218.85504014768742], [122.48250009244279, 218.55555580008786], [122.93112328066675, 218.25919265280248], [123.38320963743493, 217.96595070583126], [123.8387591627474, 217.67582995917428], [124.29777185660404, 217.3888304128314], [124.76024771900495, 217.1049520668027], [125.22618674995007, 216.82419492108818], [125.69558894943947, 216.54655897568784], [126.16845431747308, 216.2720442306017], [126.64437177083444, 