{"harita_boyut": {"genislik": 318, "yukseklik": 222}, "baslangic": [8.775962916408663, 154.18895443073998], "hedef": [99.52476126249555, 215.67179380062814], "engeller": [["dikdortgen", 284, 188, 12, 17], ["dikdortgen", 54, 114, 7, 16], ["dikdortgen", 136, 61, 15, 18], ["dikdortgen", 248, 89, 20, 15], ["daire", 295, 106, 12], ["daire", 198, 31, 3], ["dikdortgen", 32, 15, 11, 18], ["daire", 272, 144, 3], ["daire", 98, 41, 11], ["dikdortgen", 54, 142, 12, 19], ["daire", 247, 108, 3], ["daire", 265, 192, 8], ["daire", 294, 135, 7], ["daire", 298, 89, 15], ["dikdortgen", 42, 170, 6, 7], ["daire", 189, 121, 8], ["dikdortgen", 186, 152, 14, 20], ["daire", 139, 28, 8], ["dikdortgen", 235, 131, 12, 16], ["daire", 126, 128, 6], ["dikdortgen", 52, 117, 14, 12], ["daire", 182, 113, 12], ["daire", 179, 205, 8], ["dikdortgen", 44, 7, 5, 7], ["daire", 95, 121, 15], ["daire", 252, 10, 7], ["dikdortgen", 27, 70, 14, 5], ["daire", 116, 27, 6], ["daire", 32, 201, 13], ["dikdortgen", 163, 98, 9, 10], ["dikdortgen", 137, 54, 5, 9], ["dikdortgen", 81, 209, 7, 9], ["dikdortgen", 103, 87, 8, 19], ["daire", 111, 29, 4], ["dikdortgen", 135, 113, 18, 19]], "rrt_path": [[8.775962916408663, 154.18895443073998], [19.883130173129835, 152.0350451337799], [36.779052809932715, 144.49810106714673], [45.77486442159145, 127.56428484314844], [46.589850761987584, 113.59704985080857], [50.28785457470022, 101.02648786823944], [60.733491660000375, 93.85408842092752], [72.05901130319555, 94.59717499405654], [73.19431313122055, 96.45174178622189], [73.0388604338689, 103.35157798477742], [72.69605697406749, 119.43360220589211], [78.757119571087, 136.59473238874747], [88.59046277678836, 149.43129360733536], [96.25151371957595, 165.4154872036145], [97.68337827984529, 180.15040173604294], [98.29760545031701, 196.97800031089733], [99.52476126249555, 215.67179380062814]]}