{"harita_boyut": {"genislik": 434, "yukseklik": 308}, "baslangic": [157.57858228421293, 87.65052591417829], "hedef": [403.332340270605, 299.1050460982248], "engeller": [["daire", 260, 238, 13], ["dikdortgen", 1, 258, 15, 19], ["daire", 88, 198, 15], ["daire", 296, 207, 13], ["dikdortgen", 153, 250, 11, 11], ["daire", 48, 145, 15], ["dikdortgen", 314, 216, 10, 17], ["dikdortgen", 99, 22, 14, 5], ["dikdortgen", 176, 186, 9, 14], ["daire", 248, 12, 8], ["daire", 161, 17, 9], ["daire", 321, 43, 12], ["dikdortgen", 143, 27, 15, 10], ["daire", 257, 132, 7], ["dikdortgen", 315, 213, 5, 8], ["dikdortgen", 109, 283, 18, 19], ["daire", 193, 260, 14], ["dikdortgen", 50, 153, 16, 5], ["dikdortgen", 108, 162, 19, 20], ["daire", 171, 244, 12], ["daire", 375, 225, 8], ["dikdortgen", 262, 39, 18, 9], ["dikdortgen", 47, 26, 20, 10], ["dikdortgen", 306, 11, 17, 16], ["daire", 150, 119, 3], ["daire", 182, 64, 14], ["dikdortgen", 372, 68, 5, 10], ["daire", 239, 178, 3], ["dikdortgen", 262, 205, 20, 13], ["dikdortgen", 253, 19, 17, 5], ["daire", 51, 43, 10], ["daire", 33, 53, 5], ["daire", 293, 187, 7], ["daire", 11, 85, 10], ["daire", 111, 178, 11], ["dikdortgen", 334, 169, 17, 8], ["daire", 142, 16, 9], ["daire", 158, 129, 8], ["dikdortgen", 73, 182, 17, 8], ["daire", 261, 116, 6], ["dikdortgen", 286, 100, 19, 15], ["dikdortgen", 6, 174, 7, 5], ["daire", 321, 182, 9], ["daire", 356, 276, 14], ["daire", 396, 105, 14], ["daire", 319, 237, 3], ["daire", 177, 147, 8], ["dikdortgen", 200, 153, 17, 11], ["daire", 197, 43, 8], ["daire", 406, 214, 15], ["dikdortgen", 288, 173, 11, 12], ["daire", 205, 181, 10], ["daire", 376, 115, 8], ["dikdortgen", 81, 73, 12, 16], ["dikdortgen", 112, 277, 16, 13], ["dikdortgen", 297, 225, 20, 12], ["daire", 217, 18, 3], ["dikdortgen", 401, 5, 20, 12], ["daire", 24, 18, 13], ["dikdortgen", 332, 32, 20, 9], ["dikdortgen", 337, 73, 7, 20], ["daire", 169, 69, 7], ["dikdortgen", 301, 273, 16, 13], ["dikdortgen", 233, 35, 13, 12], ["daire", 79, 203, 12], ["daire", 375, 206, 8]], "rrt_path": [[157.57858228421293, 87.65052591417829], [171.35868755199, 89.24890786425799], [188.31933336719757, 93.07961633234129], [202.1125073553214, 100.35558563210463], [218.71962531466983, 101.24121180628543], [229.6821185719695, 103.01714688284589], [244.10090277493347, 104.85746781892871], [251.68735008892764, 105.19919344705151], [265.7358332939459, 91.48464865991755], [265.7154903421906, 90.49632266925227], [277.4369769291617, 91.91312495064147], [296.6066451815018, 93.01364439286264], [308.00033430965703, 93.94227886251458], [325.60577015447353, 99.28194307357653], [336.8953103853498, 108.59955830980026], [351.47368607307084, 122.09757000006883], [360.0428900854035, 135.947510476681], [365.0554572867941, 155.06401196157088], [360.08346601030803, 169.2683466525336], [356.86470867385566, 182.91349764508547], [352.75428268648506, 189.46304250225847], [347.44933446968633, 206.59951705106536], [350.34716152931594, 224.38772612602872], [355.4912736139751, 235.97236947801065], [361.8296475320529, 253.0065378375871], [374.83067497118657, 267.08472840520574], [387.7571586780017, 279.2901197150251], [397.18889196330366, 293.98090124327604], [403.332340270605, 299.1050460982248]]}