{"harita_boyut": {"genislik": 434, "yukseklik": 442}, "baslangic": [286.1500630361031, 232.19560597116296], "hedef": [274.13009426006624, 22.320553805260438], "engeller": [["daire", 346, 201, 9], ["dikdortgen", 32, 287, 5, 15], ["dikdortgen", 37, 83, 9, 9], ["dikdortgen", 302, 265, 10, 10], ["dikdortgen", 283, 284, 5, 20], ["dikdortgen", 247, 423, 15, 10], ["dikdortgen", 386, 36, 8, 12], ["dikdortgen", 229, 269, 11, 5], ["daire", 195, 251, 7], ["dikdortgen", 274, 204, 16, 11], ["dikdortgen", 407, 392, 11, 6], ["daire", 183, 168, 5], ["daire", 276, 431, 8], ["dikdortgen", 76, 239, 7, 20], ["daire", 14, 193, 6], ["daire", 394, 215, 13], ["dikdortgen", 259, 232, 17, 14], ["daire", 193, 320, 14], ["dikdortgen", 409, 149, 5, 8], ["dikdortgen", 25, 355, 10, 12], ["dikdortgen", 312, 13, 20, 11], ["daire", 126, 65, 9], ["dikdortgen", 363, 244, 11, 19], ["dikdortgen", 125, 252, 14, 8], ["dikdortgen", 162, 291, 9, 10], ["dikdortgen", 369, 364, 10, 10], ["daire", 46, 195, 6], ["dikdortgen", 357, 81, 5, 8], ["daire", 35, 227, 4], ["daire", 158, 41, 5], ["daire", 86, 312, 7], ["dikdortgen", 129, 227, 17, 14], ["dikdortgen", 386, 119, 6, 7], ["daire", 78, 138, 7], ["dikdortgen", 321, 116, 15, 11], ["daire", 360, 71, 14], ["daire", 201, 360, 4], ["daire", 340, 138, 6], ["dikdortgen", 116, 81, 19, 20], ["dikdortgen", 307, 372, 13, 17], ["dikdortgen", 16, 41, 8, 19], ["dikdortgen", 403, 121, 7, 14], ["dikdortgen", 336, 49, 12, 12], ["dikdortgen", 169, 292, 16, 20], ["dikdortgen", 250, 291, 7, 16], ["dikdortgen", 104, 277, 6, 18], ["daire", 405, 399, 9], ["daire", 406, 338, 3], ["daire", 164, 211, 10], ["daire", 10, 387, 9], ["daire", 381, 173, 9], ["dikdortgen", 106, 326, 8, 15], ["dikdortgen", 289, 355, 16, 15], ["daire", 203, 159, 8], ["dikdortgen", 295, 153, 14, 5], ["dikdortgen", 414, 4, 20, 12], ["dikdortgen", 89, 331, 20, 20], ["daire", 376, 224, 14], ["dikdortgen", 101, 371, 9, 15], ["daire", 45, 326, 15], ["daire", 179, 337, 8], ["dikdortgen", 97, 239, 5, 19], ["dikdortgen", 224, 49, 16, 9], ["dikdortgen", 50, 197, 19, 12], ["dikdortgen", 58, 164, 11, 20], ["dikdortgen", 3, 349, 16, 14], ["dikdortgen", 18, 408, 5, 5], ["daire", 364, 51, 15], ["daire", 393, 383, 11], ["daire", 263, 314, 12], ["dikdortgen", 336, 131, 5, 8], ["daire", 334, 90, 4], ["dikdortgen", 147, 300, 7, 17], ["dikdortgen", 268, 168, 14, 5], ["dikdortgen", 415, 289, 10, 13], ["dikdortgen", 31, 332, 16, 13], ["dikdortgen", 347, 378, 12, 12], ["dikdortgen", 248, 82, 16, 8], ["dikdortgen", 214, 255, 5, 10], ["daire", 232, 183, 10], ["daire", 409, 295, 7], ["daire", 173, 306, 5], ["daire", 315, 54, 11], ["daire", 387, 84, 9], ["dikdortgen", 29, 48, 9, 19], ["daire", 221, 57, 8], ["dikdortgen", 348, 385, 18, 7], ["dikdortgen", 281, 57, 15, 12], ["daire", 154, 405, 13], ["dikdortgen", 182, 427, 8, 13], ["dikdortgen", 293, 318, 9, 13], ["dikdortgen", 327, 118, 18, 20], ["daire", 77, 411, 15], ["daire", 29, 257, 13], ["dikdortgen", 123, 79, 7, 13]], "rrt_path": [[286.1500630361031, 232.19560597116296], [288.95555794619725, 238.99957770431354], [296.23386482651483, 251.24933921609986], [288.61413591958785, 267.17725880892056], [281.3301334525594, 273.6863997965459], [264.4981714310063, 277.5798277158715], [245.13701816561795, 282.17347294020607], [227.2324373212154, 288.0135139010938], [210.4924067763945, 290.04960975426087], [206.51148382776125, 289.65941431983697], [192.24853759937977, 276.5985697694123], [182.2865607081693, 264.7813222651482], [178.3591368019166, 259.7016850641424], [176.27603407662926, 259.1989439411856], [177.41073883657413, 255.36326341385296], [185.92442355360023, 239.5648827194557], [189.10577053970275, 237.14021132852116], [203.11885826779994, 223.5507054869765], [206.37699475099316, 221.23024289152593], [217.3570085586645, 207.14781408599865], [216.84541880152344, 188.92264591192557], [215.9209028886566, 179.19805296350333], [220.23093910133625, 160.6691716062159], [220.14764302201394, 153.6993962863765], [225.95599240256104, 136.20607588679735], [229.2299049191257, 125.81248864226896], [234.8490922133871, 108.73098498418373], [236.35626601283238, 96.61884741507006], [238.63582659735584, 82.9543140229226], [242.3856832733712, 72.58332340552754], [246.73344861073605, 58.814044343657855], [249.19552062566342, 47.801192871487935], [258.1186573398326, 31.232626489004605], [274.13009426006624, 22.320553805260438]]}