{"harita_boyut": {"genislik": 172, "yukseklik": 263}, "baslangic": [38.97737127271063, 74.02206765081918], "hedef": [72.70585859227452, 229.22964730374113], "engeller": [["dikdortgen", 15, 231, 18, 20], ["daire", 135, 251, 8], ["daire", 139, 106, 11], ["dikdortgen", 18, 199, 14, 8], ["daire", 41, 161, 5], ["dikdortgen", 128, 217, 7, 18], ["dikdortgen", 137, 80, 7, 9], ["dikdortgen", 92, 177, 9, 14], ["daire", 155, 124, 13], ["daire", 28, 224, 10], ["dikdortgen", 54, 251, 6, 11], ["daire", 132, 81, 13], ["dikdortgen", 31, 233, 6, 17], ["dikdortgen", 11, 120, 5, 13], ["daire", 9, 26, 8], ["daire", 120, 114, 3], ["daire", 112, 50, 8], ["daire", 148, 237, 4], ["daire", 51, 131, 9], ["dikdortgen", 104, 184, 12, 12], ["daire", 86, 115, 11], ["daire", 27, 37, 11]], "rrt_path": [[38.97737127271063, 74.02206765081917], [39.61978534268055, 74.06059075845505], [40.252284409211775, 74.10807594391379], [40.8748684723043, 74.16452320719546], [41.48753753195812, 74.22993254829996], [42.09029158817325, 74.30430396722737], [42.68313064094966, 74.38763746397763], [43.2660546902874, 74.47993303855081], [43.83906373618641, 74.58119069094683], [44.40215777864674, 74.69141042116577], [44.95533681766837, 74.81059222920757], [45.49860085325128, 74.93873611507226], [46.031949885395505, 75.07584207875982], [46.55538391410103, 75.22191012027024], [47.06890293936785, 75.37694023960356], [47.57250696119597, 75.54093243675976], [48.0661959795854, 75.71388671173885], [48.54996999453611, 75.89580306454079], [49.023829006048146, 76.08668149516565], [49.48777301412146, 76.28652200361334], [49.94180201875609, 76.49532458988395], [50.38591601995201, 76.71308925397744], [50.82011501770924, 76.9398159958938], [51.244399012027756, 77.17550481563302], [51.65876800290758, 77.42015571319514], [52.06322199034871, 77.67376868858017], [52.45776097435112, 77.93634374178802], [52.84238495491484, 78.20788087281878], [53.21709393203986, 78.48838008167242], [53.581887905726184, 78.77784136834893], [53.93676687597382, 79.07626473284833], [54.28173084278273, 79.3836501751706], [54.61677980615295, 79.69999769531576], [54.94191376608448, 80.02530729328382], [55.2571327225773, 80.35957896907472], [55.56243667563141, 80.70281272268852], [55.85782562524683, 81.0550085541252], [56.143299571423555, 81.41616646338476], [56.41885851416158, 81.78628645046717], [56.68450245346091, 82.1653685153725], [56.940231389321525, 82.55341265810071], [57.18604532174344, 82.95041887865177], [57.42194425072667, 83.35638717702574], [57.64792817627118, 83.77131755322257], [57.863997098377, 84.19521000724228], [58.07015101704411, 84.62806453908487], [58.266389932272546, 85.06988114875037], [58.45271384406226, 85.5206598362387], [58.62912275241328, 85.98040060154995], [58.7956166573256, 86.44910344468406], [58.95219555879922, 86.92676836564105], [59.098859456834134, 87.41339536442092], [59.23560835143036, 87.90898444102368], [59.36244224258789, 88.41353559544933], [59.47936113030669, 88.92704882769782], [59.58734828549559, 89.44852940877294], [59.6939437002133, 89.97034948284606], [59.800723896929206, 90.49091415618086], [59.90768887564328, 91.0102234287773], [60.01483863635553, 91.5282773006354], [60.12217317906594, 92.04507577175511], [60.22969250377454, 92.56061884213653], [60.33739661048131, 93.0749065117796], [60.44528549918627, 93.58793878068431], [60.55335916988939, 94.09971564885066], [60.66161762259068, 94.61023711627867], [60.77006085729016, 95.11950318296833], [60.87868887398782, 95.62751384891968], [60.98750167268364, 96.13426911413265], [61.096499253377644, 96.6397689786073], [61.20568161606982, 97.14401344234358], [61.31504876076018, 97.6470025053415], [61.424600687448695, 98.14873616760109], [61.534337396135406, 98.64921442912234], [61.644258886820296, 99.14843728990526], [61.75436515950335, 99.64640474994981], [61.86465621418458, 100.14311680925601], [61.97513205086399, 100.63857346782387], [62.085792669541576, 101.1327747256534], [62.19663807021733, 101.62572058274458], [62.30766825289128, 102.1174110390974], [62.418883217563376, 102.60784609471187], [62.53028296423366, 103.09702574958801], [62.641868442280376, 103.58505518490755], [62.753645256731076, 104.07255537909754], [62.86561432671325, 104.55962816187298], [62.9777756522269, 105.04627353323383], [63.09012923327204, 105.5324914931801], [63.20267506984867, 106.01828204171181], [63.315413161956755, 106.50364517882892], [63.42834350959633, 106.98858090453146], [63.54146611276739, 107.47308921881944], [63.65478097146992, 107.95717012169283], [63.76828808570394, 108.44082361315164], [63.88198745546942, 108.92404969319585], [63.9958790807664, 109.40684836182554], [64.10996296159486, 109.88921961904062], [64.2242390979548, 110.37116346484113], [64.33870748984621, 110.85267989922707], [64.45336813726911, 111.33376892219843], [64.56822104022349, 111.81443053375523], [64.68326619870935, 112.29466473389743], [64.79850361272669, 112.77447152262508], [64.91393328227551, 113.25385089993813], [65.02955520735581, 113.73280286583662], [65.14536938796759, 114.21132742032054], [65.26137582411086, 114.68942456338985], [65.3775745157856, 115.1670942950446], [65.49396546299181, 115.6443366152848], [65.61054866572951, 116.1211515241104], [65.72732412399868, 116.59753902152141], [65.84429183779935, 117.07349910751788], [65.96128575431115, 117.54954567413438], [66.0775159236878, 118.0281234189856], [66.19287997344179, 118.50954915936953], [66.30737790357317, 118.99382289528626], [66.4210097140819, 119.48094462673568], [66.53377540496801, 119.97091435371786], [66.64567497623148, 120.4637320762328], [66.75670842787231, 120.95939779428048], [66.86687575989052, 121.4579115078609], [66.97617697228607, 121.95927321697403], [67.08461206505902, 122.46348292161997], [67.19218103820933, 122.97054062179862], [67.29888389173699, 123.48044631751003], [67.40472062564203, 123.99320000875417], [67.50969123992442, 124.50880169553108], [67.6137957345842, 125.02725137784073], [67.71703410962132, 125.54854905568308], [67.81940636503585, 126.07269472905827], [67.92091250082771, 126.59968839796613], [68.02155251699693, 127.12953006240673], [68.12132641354354, 127.66221972238012], [68.22023419046752, 128.19775737788623], [68.31827584776885, 128.73614302892508], [68.41545138544754, 129.2773766754967], [68.5117608035036, 129.82145831760104], [68.60720410193704, 130.36838795523815], [68.70178128074787, 130.91816558840802], [68.79549233993603, 131.4707912171106], [68.88833727950157, 132.02626484134595], [68.98031609944445, 132.58458646111401], [69.07142879976473, 133.14575607641484], [69.16167538046237, 133.7097736872484], [69.25105584153738, 134.27663929361472], [69.33957018298975, 134.8463528955138], [69.42721840481947, 135.4189144929456], [69.51400050702658, 135.99432408591016], [69.59991648961105, 136.57258167440747], [69.68953808166566, 137.14839218558006], [69.797356756171, 137.7049712904167], [69.924443063118, 138.24107905538565], [70.07079700250668, 138.75671548048695], [70.23641857433704, 139.25188056572063], [70.42130777860909, 139.7265743110867], [70.62546461532281, 140.1807967165851], [70.8488890844782, 140.61454778221588], [71.0915811860753, 141.02782750797903], [71.35354092011406, 141.42063589387453], [71.63476828659446, 141.7929729399024], [71.93526328551658, 142.14483864606262], [72.25502591688037, 142.4762330123552], [72.59405618068585, 142.78715603878018], [72.952354076933, 143.0776077253375], [73.32991960562181, 143.34758807202718], [73.72675276675231, 143.5970970788492], [74.1428535603245, 143.8261347458036], [74.57822198633836, 144.03470107289039], [75.0328580447939, 144.22279606010952], [75.5067617356911, 144.39041970746098], [75.99993305902998, 144.53757201494483], [76.51237201481057, 144.66425298256104], [77.02957877646226, 144.78268016221915], [77.51698572856175, 144.92198022200515], [77.9731048834333, 145.0834069401335], [78.39793624107695, 145.26696031660424], [78.79147980149264, 145.47264035141728], [79.15373556468045, 145.70044704457274], [79.48470353064033, 