{"harita_boyut": {"genislik": 447, "yukseklik": 163}, "baslangic": [349.7736211221947, 128.35080654062847], "hedef": [293.75510170995966, 5.149134699185265], "engeller": [["dikdortgen", 260, 128, 18, 19], ["dikdortgen", 290, 39, 9, 8], ["dikdortgen", 177, 103, 6, 12], ["daire", 188, 29, 14], ["daire", 224, 49, 4], ["daire", 421, 61, 7], ["dikdortgen", 62, 94, 12, 19], ["daire", 391, 143, 3], ["daire", 309, 55, 11], ["dikdortgen", 176, 133, 12, 16], ["daire", 139, 41, 12], ["daire", 277, 63, 11], ["daire", 221, 47, 3], ["daire", 108, 6, 5], ["dikdortgen", 125, 43, 17, 11], ["daire", 65, 121, 8], ["daire", 241, 22, 15], ["dikdortgen", 158, 56, 6, 11], ["daire", 230, 84, 15], ["dikdortgen", 44, 65, 10, 11], ["daire", 72, 109, 11], ["daire", 24, 32, 7], ["dikdortgen", 341, 5, 20, 6], ["dikdortgen", 116, 110, 16, 8], ["dikdortgen", 406, 102, 18, 16], ["daire", 329, 79, 7], ["dikdortgen", 141, 121, 12, 5], ["dikdortgen", 129, 115, 17, 11], ["daire", 275, 71, 5], ["dikdortgen", 241, 106, 9, 19], ["daire", 136, 58, 4], ["dikdortgen", 206, 146, 20, 12], ["dikdortgen", 244, 60, 11, 15], ["dikdortgen", 420, 34, 7, 14], ["dikdortgen", 213, 41, 11, 5], ["dikdortgen", 396, 95, 9, 17]], "rrt_path": [[349.77362112219475, 128.3508065406285], [350.14632926201557, 128.01330177525566], [350.5154760524636, 127.67216237842017], [350.88106149353877, 127.32738835012208], [351.24308558524115, 126.9789796903614], [351.60154832757064, 126.62693639913806], [351.9564497205274, 126.27125847645216], [352.30778976411136, 125.91194592230366], [352.65556845832253, 125.54899873669254], [352.9997858031608, 125.18241691961877], [353.34044179862633, 124.81220047108245], [353.6775364447192, 124.43834939108353], [354.01106974143886, 124.06086367962192], [354.34104168878616, 123.6797433366978], [354.66745228676035, 123.294988362311], [354.99030153536194, 122.90659875646163], [355.3095894345906, 122.51457451914965], [355.62531598444644, 122.11891565037504], [355.93748118492954, 121.71962215013784], [356.2460850360398, 121.31669401843803], [356.5511275377773, 120.91013125527562], [356.8526086901419, 120.49993386065057], [357.1505284931338, 120.08610183456294], [357.4448869467528, 119.6686351770127], [357.735684050999, 119.24753388799985], [358.02291980587245, 118.8227979675244], [358.30659421137307, 118.39442741558634], [358.58670726750086, 117.96242223218566], [358.86325897425587, 117.52678241732238], [359.13624933163806, 117.08750797099648], [359.40567833964747, 116.64459889320801], [359.67154599828405, 116.19805518395691], [359.9338523075478, 115.74787684324318], [360.1925972674388, 115.29406387106687], [360.44744015748455, 114.83668712492984], [360.69311015299945, 114.37684274521703], [360.92780855144633, 113.91490479682538], [361.1515353528251, 113.45087327975479], [361.36429055713563, 112.98474819400529], [361.56607416437834, 112.5165295395769], [361.7568861745527, 112.04621731646961], [361.936726587659, 111.57381152468339], [362.10559540369724, 111.09931216421829], [362.2634926226674, 110.62271923507426], [362.4104182445694, 110.14403273725132], [362.5463722694033, 109.6632526707495], [362.67135469716914, 109.18037903556875], [362.78536552786693, 108.69541183170911], [362.8884047614966, 108.20835105917055], [362.98047239805794, 107.71919671795307], [363.06156843755144, 107.22794880805671], [363.1316928799767, 106.73460732948143], [363.19084572533393, 106.23917228222726], [363.239026973623, 105.74164366629417], [363.27623662484405, 105.24202148168216], [363.302474678997, 104.74030572839126], [363.32079073524415, 104.236833818933], [363.34681056019815, 103.73333461302857], [363.38273874048986, 103.2300520296564], [363.4285752761194, 102.72698606881646], [363.48432016708637, 102.22413673050866], [363.5499734133911, 101.72150401473307], [363.60843376211403, 101.22258179152443], [363.64055336046016, 100.73128206133231], [363.6463171252505, 100.24760790572425], [363.6257250564851, 99.77155932470029], [363.57877715416413, 99.30313631826046], [363.50547341828747, 98.84233888640468], [363.4058138488551, 98.389167029133], [363.27979844586696, 97.94362074644542], [363.12742720932323, 97.50570003834197], [362.9487001392238, 97.07540490482258], [362.74361723556865, 96.6527353458873], [362.51217849835774, 96.2376913615361], [362.2543839275913, 95.83027295176899], [361.97023352326903, 95.43048011658598], [361.6597272853911, 95.03831285598706], [361.3228652139575, 94.65377116997225], [360.9596473089682, 94.27685505854149], [360.57007357042323, 93.90756452169485], [360.1541439983226, 93.54589955943234], [359.71185859266626, 93.19186017175387], [359.2502215592598, 92.8432351422499], [358.7934831393106, 92.49236870911318], [358.3437016271863, 92.13861107215126], [357.90087702288685, 91.78196223136408], [357.46500932641214, 91.42242218675163], [357.0360985377623, 91.05999093831397], [356.6141446569372, 90.69466848605103], [356.199147683937, 90.32645482996286], [355.7911076187615, 89.95534997004943], [355.39002446141086, 89.58135390631074], [354.9958982118851, 89.20446663874681], [354.60872887018417, 88.82468816735764], [354.2285164363079, 88.44201849214319], [353.8552609102565, 88.05645761310349], [353.48896229202995, 87.66800553023857], [353.1296205816282, 87.2766622435484], [352.7772357790513, 86.88242775303296], [352.4318078842992, 86.48530205869228], [352.09333689737184, 86.08528516052634], [351.76182281826937, 85.68237705853517], [351.43726564699165, 85.27657775271874], [351.11966538353875, 84.86788724307705], [350.8090220279107, 84.45630552961013], [350.5053355801075, 84.04183261231795], [350.2086060401291, 83.62446849120053], [349.91883340797534, 83.20421316625783], [349.63601768364657, 82.78106663748991], [349.36015886714256, 82.35502890489673], [349.09125695846336, 81.9260999684783], [348.829311957609, 81.49427982823462], [348.5743238645794, 81.05956848416568], [348.32629267937466, 80.62196593627151], [348.0852184019947, 80.18147218455209], [347.85110103243954, 79.7380872290074], [347.62394057070924, 79.29181106963748], [347.40373701680375, 78.84264370644229], [347.190436624053, 78.39060680672802], [346.979597733707, 77.93749097035604], [346.76839199486795, 77.4844364120548], [346.5568194075358, 77.03144313182435], [346.3448799717105, 76.57851112966465], [346.1325736873922, 76.12564040557571], [345.9199005545808, 75.67283095955754], [345.7068605732763, 75.22008279161014], [345.49345374347877, 74.76739590173351], [345.27968006518813, 74.31477028992765], [345.0655395384043, 73.86220595619253], [344.8510321631275, 73.40970290052816], [344.6361579393576, 72.9572611229346], [344.4209168670946, 72.5048806234118], [344.2053089463385, 72.05256140195972], [343.9893341770893, 71.60030345857844], [343.77299255934713, 71.14810679326793], [343.5562840931117, 70.69597140602815], [343.33920877838335, 70.24389729685917], [343.1217666151619, 69.79188446576096], [342.9039576034473, 69.33993291273349], [342.6857817432396, 68.88804263777679], [342.46723903453886, 68.43621364089087], [342.248329477345, 67.98444592207568], [342.0290530716581, 67.53273948133129], [341.80940981747807, 67.08109431865765], [341.58939971480504, 66.6295104340548], [341.3690227636389, 66.17798782752267], [341.1482789639796, 65.72652649906132], [340.92716831582726, 65.27512644867076], [340.7056908191818, 64.82378767635093], [340.48384647404333, 64.37251018210189], [340.2616352804117, 63.92129396592361], [340.0390572382871, 63.47013902781609], [339.81611234766933, 63.01904536777934], [339.5928006085585, 62.56801298581334], [339.3690889001238, 62.117074383133655], [339.14472604869627, 61.666476034522574], [338.9196600345387, 61.21626898654667], [338.6938908576509, 60.76645323920596], [338.4674185180331, 60.317028792500416], [338.24024301568517, 59.867995646430046], [338.01236435060724, 59.41935380099487], [337.78378252279913, 58.97110325619485], [337.5544975322608, 58.52324401203002], [337.3245093789926, 58.075776068500375], [337.0938180629942, 57.628699425605895], [336.8624235842657, 57.182014083346594], [336.63032594280713, 