{"harita_boyut": {"genislik": 471, "yukseklik": 493}, "baslangic": [86.07017359288055, 166.05040748010026], "hedef": [159.73529724319576, 484.27937597098816], "engeller": [["dikdortgen", 63, 26, 6, 18], ["daire", 417, 397, 4], ["dikdortgen", 376, 119, 8, 16], ["dikdortgen", 270, 398, 15, 8], ["daire", 437, 308, 8], ["daire", 270, 36, 5], ["dikdortgen", 420, 45, 10, 19], ["daire", 377, 84, 5], ["daire", 35, 483, 6], ["daire", 149, 450, 9], ["dikdortgen", 231, 23, 16, 18], ["dikdortgen", 389, 172, 20, 11], ["daire", 200, 444, 12], ["dikdortgen", 72, 230, 20, 12], ["dikdortgen", 416, 318, 6, 8], ["daire", 51, 217, 9], ["dikdortgen", 9, 138, 13, 7], ["dikdortgen", 305, 286, 18, 20], ["dikdortgen", 200, 179, 20, 7], ["daire", 203, 446, 10], ["daire", 37, 94, 14], ["daire", 92, 390, 11], ["daire", 246, 324, 13], ["daire", 199, 80, 4], ["dikdortgen", 279, 74, 19, 20], ["daire", 91, 489, 4], ["daire", 324, 383, 14], ["dikdortgen", 25, 240, 17, 16], ["dikdortgen", 402, 68, 19, 16], ["daire", 245, 295, 3], ["dikdortgen", 133, 427, 14, 18], ["dikdortgen", 306, 201, 12, 9], ["daire", 57, 213, 9], ["dikdortgen", 357, 25, 7, 19], ["dikdortgen", 367, 386, 7, 9], ["daire", 106, 147, 9], ["dikdortgen", 439, 165, 12, 8], ["daire", 76, 297, 15], ["dikdortgen", 227, 74, 18, 14], ["dikdortgen", 272, 329, 9, 5], ["daire", 131, 110, 15], ["dikdortgen", 22, 132, 17, 10], ["daire", 167, 353, 13], ["daire", 97, 483, 8], ["daire", 382, 186, 15], ["dikdortgen", 171, 54, 15, 14], ["daire", 83, 227, 15], ["dikdortgen", 417, 86, 14, 17], ["dikdortgen", 242, 11, 7, 19], ["daire", 97, 443, 14], ["daire", 459, 365, 8], ["daire", 204, 332, 10], ["daire", 377, 163, 15], ["dikdortgen", 272, 116, 14, 7], ["dikdortgen", 226, 122, 19, 6], ["daire", 110, 309, 11], ["daire", 214, 404, 3], ["dikdortgen", 52, 195, 16, 18], ["dikdortgen", 319, 142, 16, 15], ["dikdortgen", 397, 361, 15, 15], ["dikdortgen", 4, 177, 10, 19], ["dikdortgen", 135, 465, 13, 19], ["daire", 172, 293, 8], ["dikdortgen", 250, 302, 5, 9], ["dikdortgen", 232, 171, 8, 11], ["daire", 47, 25, 9], ["daire", 457, 483, 7], ["dikdortgen", 225, 347, 9, 13], ["dikdortgen", 171, 283, 16, 10], ["daire", 86, 278, 6], ["dikdortgen", 254, 186, 16, 6], ["daire", 437, 152, 3], ["daire", 366, 76, 11], ["daire", 328, 19, 3], ["dikdortgen", 314, 248, 5, 7], ["daire", 362, 316, 4], ["dikdortgen", 300, 281, 18, 19], ["dikdortgen", 254, 452, 15, 8], ["daire", 286, 406, 10], ["daire", 37, 205, 12], ["daire", 319, 439, 7], ["daire", 431, 439, 7], ["daire", 60, 484, 6], ["dikdortgen", 81, 10, 15, 5], ["daire", 346, 353, 11], ["dikdortgen", 55, 229, 20, 14], ["dikdortgen", 20, 475, 15, 14], ["dikdortgen", 282, 344, 11, 13], ["daire", 179, 304, 13], ["daire", 218, 115, 5], ["dikdortgen", 155, 348, 11, 5], ["daire", 355, 378, 12], ["daire", 387, 189, 8], ["dikdortgen", 314, 50, 11, 5], ["daire", 380, 322, 4], ["daire", 171, 461, 7], ["dikdortgen", 135, 139, 11, 16], ["dikdortgen", 324, 165, 7, 20], ["dikdortgen", 253, 101, 9, 14], ["daire", 269, 280, 15], ["daire", 383, 364, 6], ["dikdortgen", 205, 274, 10, 10], ["daire", 50, 277, 11], ["daire", 42, 50, 11], ["daire", 327, 42, 9], ["dikdortgen", 389, 104, 11, 8], ["dikdortgen", 165, 182, 7, 19], ["daire", 390, 94, 7], ["daire", 392, 73, 3], ["dikdortgen", 288, 201, 12, 15], ["daire", 139, 15, 11], ["daire", 66, 178, 4], ["dikdortgen", 57, 102, 8, 6], ["dikdortgen", 161, 80, 9, 18], ["daire", 412, 461, 5], ["daire", 10, 208, 9]], "rrt_path": [[86.07017359288055, 166.05040748010026], [96.75731185244518, 176.5716156094494], [104.55414737424128, 183.8866111528707], [111.73604129821346, 191.57518773163991], [123.47165396536984, 201.26439886470925], [132.07019453718857, 217.57360562360742], [142.19215993233286, 231.48428078667703], [152.04741508681022, 241.56980819577808], [165.1110382354436, 252.15539844772502], [167.7262190218191, 252.9580424628848], [169.51865699550072, 256.5339571864911], [181.88647804519093, 267.4824171957452], [191.0801252267464, 275.9846605614665], [193.65525691027298, 282.904410202257], [199.3683491985354, 301.1120304571918], [208.13211801746203, 310.68469820657845], [219.9128714887313, 322.78512315329516], [222.48715163297706, 325.84667206502957], [236.25081248585576, 339.8604001940081], [240.05196853636843, 341.1058770824532], [244.8888013243954, 358.33171849515367], [246.65438941735005, 368.34655994197146], [248.18343879012693, 380.1488655820939], [243.43519835600117, 399.5136858998536], [235.17041229298374, 409.67297652643225], [223.62898448188992, 425.05158669034915], [221.74446767889506, 442.3237158527709], [214.30512367051455, 458.0293984157723], [204.23417548792273, 462.3709565854363], [192.55326975052785, 466.42667154879484], [174.69179795890557, 474.13367936432337], [159.73529724319576, 484.27937597098816]]}