{"harita_boyut": {"genislik": 157, "yukseklik": 198}, "baslangic": [139.82279306058177, 38.92472467500433], "hedef": [48.278241911128646, 136.41517248108482], "engeller": [["daire", 15, 54, 12], ["daire", 32, 85, 9], ["dikdortgen", 57, 169, 11, 15], ["dikdortgen", 116, 56, 15, 16], ["daire", 87, 44, 14], ["daire", 24, 28, 9], ["daire", 107, 18, 15], ["dikdortgen", 86, 150, 9, 17], ["daire", 137, 62, 9], ["dikdortgen", 39, 174, 14, 11], ["daire", 137, 182, 8], ["daire", 97, 10, 10], ["daire", 35, 115, 11], ["daire", 99, 143, 4], ["dikdortgen", 63, 30, 20, 13]], "rrt_path": [[139.8227930605818, 38.924724675004335], [139.59593326079766, 39.39762011164519], [139.35749834700374, 39.85673928003363], [139.10748831920012, 40.30208218016967], [138.84590317738682, 40.733648812053325], [138.5727429215637, 41.15143917568457], [138.28800755173089, 41.55545327106343], [137.99169706788837, 41.945691098189876], [137.6838114700361, 42.32215265706393], [137.36435075817414, 42.684837947685594], [137.0333149323024, 43.03374697005486], [136.690703992421, 43.36887972417172], [136.3365179385298, 43.690236210036176], [135.9707567706289, 43.997816427648246], [135.59342048871827, 44.291620377007916], [135.2045090927979, 44.57164805811519], [134.80402258286782, 44.83789947097006], [134.39196095892802, 45.090374615572536], [133.96832422097845, 45.32907349192261], [133.5331123690192, 45.55399610002028], [133.08632540305018, 45.76514243986556], [132.62796332307147, 45.96251251145844], [132.158026129083, 46.14610631479893], [131.67651382108482, 46.31592384988701], [131.18342639907695, 46.4719651167227], [130.67876386305932, 46.614230115306], [130.16252621303192, 46.74271884563689], [129.63471344899483, 46.857431307715366], [129.09769686689194, 46.95994342541], [128.55986516200153, 47.05583018616552], [128.02195369103669, 47.1455802958303], [127.48396245399745, 47.22919375440435], [126.94589145088378, 47.30667056188765], [126.40774068169571, 47.37801071828021], [125.86951014643317, 47.443214223582025], [125.33119984509624, 47.5022810777931], [124.79280977768485, 47.555211280913426], [124.25433994419907, 47.60200483294302], [123.71579034463885, 47.642661733881866], [123.17716097900421, 47.67718198372997], [122.63845184729514, 47.70556558248734], [122.09966294951165, 47.727812530153955], [121.56079428565374, 47.743922826729836], [121.02184585572141, 47.753896472214976], [120.48281765971463, 47.757733466609366], [119.94370969763345, 47.75543380991302], [119.40452196947786, 47.74699750212595], [118.86525447524781, 47.73242454324811], [118.32590721494333, 47.71171493327954], [117.78648018856445, 47.68486867222022], [117.24697339611113, 47.65188576007017], [116.70738683758341, 47.61276619682937], [116.16772051298125, 47.56750998249784], [115.62797442230466, 47.51611711707555], [115.08814856555365, 47.45858760056253], [114.55134048037573, 47.400267631706605], [114.03228997734757, 47.366597403918036], [113.53290787336742, 47.36087489387105], [113.05319416843533, 47.38310010156566], [112.5931488625513, 47.43327302700187], [112.1527719557153, 47.51139367017966], [111.73206344792735, 47.617462031099045], [111.33102333918745, 47.75147810976002], [110.94965162949559, 47.91344190616259], [110.58794831885177, 48.103353420306746], [110.24591340725603, 48.3212126521925], [109.92354689470832, 48.567019601819844], [109.62084878120864, 48.84077426918878], [109.33781906675702, 49.1424766542993], [109.07445775135345, 49.47212675715143], [108.83076483499792, 49.82972457774513], [108.60674031769042, 50.215270116080426], [108.40238419943098, 50.62876337215732], [108.21769648021962, 51.07020434597581], [108.05267716005625, 51.53959303753588], [107.90732623894095, 52.03692944683754], [107.7816437168737, 52.5622135738808], [107.6749566525981, 53.11454066395087], [107.57504831135113, 53.67748558592227], [107.47737180229397, 54.24493514509204], [107.38192712542666, 54.81688934146016], [107.28871428074909, 55.393348175026595], [107.19773326826135, 55.974311645791374], [107.1089840879634, 56.5597797537545], [107.02246673985526, 57.149752498915966], [106.9381812239369, 57.74422988127575], [106.85612754020835, 58.343211900833886], [106.7763056886696, 58.946698557590366], [106.69871566932063, 59.554689851545184], [106.62335748216148, 60.16718578269832], [106.55023112719213, 60.78418635104982], [106.47933660441258, 61.40569155659964], [106.4106739138228, 62.03170139934781], [106.34424305542284, 62.6622158792943], [106.28004402921269, 63.29723499643915], [106.2180768351923, 63.93675875078233], [106.15834147336179, 64.58078714232386], [106.10083794372102, 65.22932017106372], [106.04556624627007, 65.88235783700192], [105.9925263810089, 66.53990014013844], [105.94171834793754, 67.20194708047332], [105.89314214705598, 67.86849865800653], [105.84679777836422, 68.5395548727381], [105.80268524186224, 69.21511572466798], [105.76080453755006, 69.89518121379619], [105.7211556654277, 70.57975134012275], [105.68373862549514, 71.26882610364767], [105.64855341775237, 71.96240550437092], [105.61560004219942, 72.6604895422925], [105.58487849883622, 73.36307821741241], [105.55638878766287, 74.07017152973067], [105.5264659653553, 74.77414066445743], [105.47801338332744, 75.43939785008835], [105.4088662262384, 76.06143688452714], [105.31902449408821, 76.64025776777376], [105.20848818687685, 77.1758604998282], [105.07725730460433, 77.6682450806905], [104.92533184727067, 78.11741151036065], [104.75271181487585, 78.52335978883866], [104.55939720741986, 78.88608991612446], [104.3453880249027, 79.20560189221813], [104.11068426732442, 79.48189571711966], [103.85528593468494, 79.71497139082899], [103.57919302698433, 79.9048289133462], [103.28240554422256, 80.05146828467123], [102.96492348639964, 80.15488950480412], [102.62674685351551, 80.21509257374484], [102.26787564557029, 80.2320774914934], [101.88830986256386, 80.20584425804981], [101.4880495044963, 80.13639287341407], [101.06709457136758, 80.02372333758616], [100.62544506317768, 79.8678356505661], [100.16310097992661, 79.66872981235385], [99.68512448061422, 79.44293918645802], [99.20552448780545, 79.23621788868948], [98.72511718419624, 79.05123162852149], [98.24390256978651, 78.88798040595398], [97.76188064457635, 78.74646422098701], [97.27905140856572, 78.62668307362055], [96.79541486175464, 78.52863696385462], [96.31097100414308, 78.45232589168921], [95.82571983573105, 78.39774985712432], [95.33966135651858, 78.36490886015994], [94.85279556650562, 78.35380290079608], [94.3651224656922, 78.36443197903276], [93.87664205407833, 78.39679609486993], [93.38735433166399, 78.45089524830762], [92.89725929844916, 78.52672943934584], [92.40635695443387, 78.62429866798458], [91.91464729961814, 78.74360293422383], [91.4221303340019, 78.88464223806358], [90.92880605758522, 79.04741657950387], [90.4346744703681, 79.23192595854468], [89.93978138191436, 79.43734279557523], [89.44500273712742, 79.64784257532982], [88.95067331536917, 79.85737729056433], [88.4567931166396, 80.06594694127881], [87.96336214093867, 80.27355152747322], [87.47038038826643, 80.48019104914756], [86.97784785862284, 80.68586550630184], [86.48576455200791, 80.89057489893607], [85.99413046842163, 81.0943192270502], [85.50294560786406, 81.29709849064432], [85.01220997033512, 81.49891268971835], [84.52192355583486, 81.69976182427233], [84.03208636436325, 81.89964589430625], [83.54269839592033, 82.09856489982009], [83.05375965050607, 82.29651884081389], [82.56527012812046, 82.49350771728763], [82.07722982876349, 82.68953152924128], [81.58963875243523, 82.8845902766749], [81.10249689913563, 83.07868395958846], [80.61580426886468, 83.27181257798193], [80.12956086162238, 83.46397613185535], [79.64376667740879, 83.65517462120873], [79.15842171622384, 83.84540804604201], [78.67352597806753, 84.03467640635526], [78.18907946293993, 84.22297970214844], [77.70508217084097, 84.41031793342154], [77.22153410177069, 84.59669110017461], [76.73843525572906, 84.78209920240761], [76.25578563271611, 84.96654224012053], [75.77358523273179, 