{"harita_boyut": {"genislik": 275, "yukseklik": 456}, "baslangic": [21.762160541678167, 178.57858759137258], "hedef": [191.22011297660177, 303.9868366786392], "engeller": [["daire", 226, 231, 11], ["dikdortgen", 252, 3, 19, 7], ["daire", 12, 96, 6], ["daire", 207, 268, 12], ["dikdortgen", 55, 401, 17, 15], ["daire", 221, 8, 5], ["dikdortgen", 207, 182, 5, 15], ["dikdortgen", 168, 67, 5, 13], ["dikdortgen", 14, 110, 9, 7], ["dikdortgen", 127, 322, 13, 11], ["dikdortgen", 56, 179, 12, 12], ["dikdortgen", 250, 1, 8, 18], ["daire", 73, 418, 10], ["dikdortgen", 116, 400, 17, 5], ["daire", 253, 85, 14], ["daire", 209, 364, 9], ["daire", 63, 346, 13], ["daire", 267, 277, 8], ["dikdortgen", 63, 63, 13, 19], ["daire", 222, 237, 9], ["dikdortgen", 123, 38, 20, 8], ["dikdortgen", 73, 354, 7, 17], ["dikdortgen", 6, 429, 6, 6], ["daire", 88, 314, 7], ["daire", 199, 207, 12], ["daire", 146, 192, 12], ["dikdortgen", 1, 207, 9, 15], ["dikdortgen", 154, 392, 6, 19], ["dikdortgen", 56, 397, 16, 16], ["dikdortgen", 77, 193, 14, 11], ["daire", 60, 243, 9], ["daire", 107, 379, 14], ["dikdortgen", 234, 76, 18, 10], ["dikdortgen", 266, 87, 7, 16], ["daire", 68, 362, 7], ["dikdortgen", 170, 85, 10, 8], ["dikdortgen", 188, 68, 18, 20], ["daire", 251, 359, 8], ["dikdortgen", 122, 124, 13, 20], ["dikdortgen", 70, 179, 15, 17], ["daire", 157, 174, 11], ["dikdortgen", 145, 125, 15, 19], ["dikdortgen", 194, 35, 14, 14], ["daire", 95, 229, 8], ["daire", 154, 316, 7], ["dikdortgen", 15, 66, 9, 17], ["daire", 155, 39, 14], ["dikdortgen", 28, 138, 11, 10], ["daire", 60, 436, 10], ["daire", 53, 131, 11], ["daire", 149, 449, 4], ["dikdortgen", 197, 131, 8, 17], ["daire", 60, 422, 13], ["daire", 193, 70, 5], ["dikdortgen", 116, 131, 20, 15], ["dikdortgen", 233, 392, 15, 15], ["daire", 99, 203, 6], ["daire", 241, 296, 6], ["daire", 202, 144, 10], ["dikdortgen", 83, 196, 5, 15], ["dikdortgen", 2, 229, 15, 7], ["daire", 117, 63, 11]], "rrt_path": [[21.762160541678167, 178.57858759137258], [40.80873060135684, 175.12554946944766], [45.631534164396285, 169.07985222984527], [58.91234385729863, 154.25497859619665], [68.7529918137209, 149.13255052908963], [86.11518908009299, 140.58673975765674], [103.62503990355727, 143.9326251780602], [109.3249485870683, 149.54367886410904], [117.94079846497522, 157.22877755983495], [131.82667441408697, 168.70450459858694], [134.0699522224992, 169.75822110938242], [130.15034946282483, 185.49859470429732], [128.87842023831845, 189.29098129427553], [129.078183134, 201.10515326946566], [128.06190325695414, 219.86863183003567], [131.33147123735765, 232.42648174742075], [133.89663384435838, 241.65967389413842], [137.56832367779302, 252.57967809436929], [147.74084420526023, 269.7877700725018], [148.40818640448342, 279.5575310998978], [160.55106775171572, 286.53806514660016], [169.99283457548367, 293.7263286176659], [185.980455319774, 301.15822835589046], [191.22011297660177, 303.9868366786392]]}