{"harita_boyut": {"genislik": 301, "yukseklik": 106}, "baslangic": [294.7932277110907, 36.62394684604148], "hedef": [70.43847040702498, 86.39203809093544], "engeller": [["dikdortgen", 258, 86, 13, 9], ["dikdortgen", 182, 38, 16, 9], ["daire", 149, 83, 5], ["daire", 102, 42, 8], ["daire", 222, 17, 6], ["daire", 137, 76, 13], ["daire", 76, 68, 5], ["dikdortgen", 159, 41, 6, 15], ["daire", 79, 29, 7], ["dikdortgen", 21, 46, 20, 5], ["daire", 252, 31, 9], ["dikdortgen", 120, 58, 6, 15], ["dikdortgen", 126, 27, 16, 18], ["dikdortgen", 81, 18, 9, 16], ["daire", 13, 20, 11]], "rrt_path": [[294.7932277110907, 36.62394684604148], [277.1507700195791, 42.59949698309545], [258.00889539348145, 46.707077216440446], [245.62115563130644, 48.83925336756092], [229.9293855908429, 49.99842507085299], [214.20893909986776, 40.521276033533965], [207.83406029074845, 34.43698677223748], [190.85151014865772, 25.11962151727623], [175.15685872201837, 26.367729832830477], [165.81071924933988, 27.142970180604344], [150.98269612505052, 24.498708048192395], [142.55814958463182, 19.26482255762283], [127.47718735508519, 20.736514405336855], [111.7177576896618, 21.359038449860677], [110.96939801518435, 23.243698184146783], [115.62240681995577, 35.29643172610942], [114.73478988058197, 51.61013958303447], [110.14400512103401, 60.546186501388675], [104.8209909652551, 78.64347079293559], [93.42366239961333, 81.18822369040878], [78.14153204393538, 84.49752496283517], [70.43847040702498, 86.39203809093544]]}