{"harita_boyut": {"genislik": 188, "yukseklik": 495}, "baslangic": [26.640158105347854, 152.7298007551426], "hedef": [19.094430502137655, 22.323687503186704], "engeller": [["dikdortgen", 41, 153, 16, 16], ["daire", 123, 18, 4], ["dikdortgen", 129, 75, 9, 15], ["daire", 153, 373, 11], ["daire", 80, 23, 8], ["daire", 79, 100, 11], ["daire", 10, 318, 10], ["dikdortgen", 146, 279, 13, 5], ["dikdortgen", 122, 259, 12, 5], ["dikdortgen", 86, 82, 6, 18], ["dikdortgen", 155, 121, 17, 5], ["dikdortgen", 142, 353, 11, 15], ["dikdortgen", 2, 481, 10, 5], ["dikdortgen", 74, 257, 7, 18], ["dikdortgen", 33, 445, 14, 18], ["dikdortgen", 24, 134, 15, 6], ["dikdortgen", 97, 29, 6, 16], ["dikdortgen", 54, 393, 8, 19], ["daire", 53, 462, 4], ["daire", 40, 361, 10], ["daire", 77, 444, 7], ["daire", 20, 200, 7], ["daire", 159, 469, 8], ["daire", 171, 359, 6], ["daire", 54, 241, 13], ["daire", 128, 273, 8], ["dikdortgen", 67, 296, 5, 10], ["daire", 72, 229, 5], ["dikdortgen", 2, 244, 19, 10], ["dikdortgen", 160, 104, 15, 5], ["dikdortgen", 66, 312, 5, 10], ["dikdortgen", 9, 227, 12, 6], ["daire", 94, 440, 12], ["daire", 117, 327, 10], ["daire", 54, 21, 3], ["daire", 137, 339, 15], ["dikdortgen", 85, 480, 15, 14], ["daire", 103, 338, 11], ["daire", 142, 16, 12], ["dikdortgen", 39, 474, 6, 10], ["daire", 155, 83, 7], ["daire", 166, 362, 4], ["daire", 74, 245, 10], ["daire", 137, 132, 3], ["daire", 147, 380, 12], ["daire", 174, 284, 14]], "rrt_path": [[26.640158105347854, 152.7298007551426], [35.867942125694306, 147.83460023113275], [42.64660985376493, 145.6002063209859], [55.46750298429693, 141.21550061602514], [58.824683561285084, 139.9301460095103], [52.64913351307183, 122.97011833220814], [48.86457239865501, 109.6746012509845], [42.301767166993365, 91.92912799444545], [41.45174163441527, 80.97054685230121], [40.283371754587904, 69.2211294525924], [36.76701956142731, 52.06752747484296], [34.644908935193186, 44.35422440124393], [22.0298327945847, 28.922050171414504], [19.094430502137655, 22.323687503186704]]}