{"harita_boyut": {"genislik": 369, "yukseklik": 405}, "baslangic": [241.7182363931265, 97.5709333736305], "hedef": [241.54146416920895, 222.86969281697193], "engeller": [["dikdortgen", 319, 375, 8, 20], ["dikdortgen", 322, 339, 13, 17], ["dikdortgen", 130, 149, 9, 16], ["dikdortgen", 241, 314, 17, 5], ["dikdortgen", 61, 227, 16, 6], ["dikdortgen", 214, 148, 20, 12], ["daire", 256, 282, 3], ["dikdortgen", 178, 314, 20, 15], ["dikdortgen", 263, 89, 12, 7], ["dikdortgen", 88, 37, 19, 5], ["dikdortgen", 354, 8, 10, 18], ["dikdortgen", 272, 145, 14, 18], ["daire", 75, 240, 12], ["daire", 36, 182, 10], ["daire", 318, 243, 9], ["daire", 30, 237, 14], ["dikdortgen", 214, 14, 8, 20], ["dikdortgen", 233, 167, 16, 19], ["daire", 199, 56, 7], ["dikdortgen", 159, 146, 6, 9], ["dikdortgen", 132, 208, 14, 15], ["daire", 70, 349, 4], ["dikdortgen", 57, 63, 16, 8], ["daire", 278, 208, 13], ["dikdortgen", 294, 51, 18, 15], ["daire", 298, 215, 13], ["daire", 328, 102, 13], ["dikdortgen", 277, 269, 17, 5], ["daire", 163, 196, 4], ["dikdortgen", 28, 363, 20, 13], ["dikdortgen", 342, 77, 8, 17], ["daire", 42, 160, 13], ["daire", 234, 343, 10], ["dikdortgen", 270, 54, 11, 5], ["daire", 218, 262, 8], ["daire", 166, 327, 3], ["daire", 328, 52, 7], ["dikdortgen", 180, 226, 19, 13], ["daire", 91, 337, 8], ["daire", 48, 116, 15], ["dikdortgen", 271, 317, 9, 19], ["daire", 146, 102, 12], ["dikdortgen", 239, 244, 12, 7], ["daire", 300, 151, 5], ["dikdortgen", 169, 246, 20, 5], ["daire", 7, 158, 4], ["dikdortgen", 305, 228, 15, 14], ["dikdortgen", 28, 336, 15, 17], ["daire", 117, 250, 3], ["dikdortgen", 271, 298, 5, 7], ["dikdortgen", 229, 153, 20, 6], ["daire", 85, 217, 14], ["dikdortgen", 43, 305, 15, 9], ["dikdortgen", 341, 245, 14, 16], ["daire", 129, 246, 8], ["daire", 100, 5, 5], ["daire", 360, 305, 7], ["daire", 202, 228, 15], ["daire", 364, 394, 4], ["dikdortgen", 57, 348, 19, 12], ["daire", 224, 158, 12], ["dikdortgen", 62, 207, 10, 10], ["daire", 318, 274, 8], ["dikdortgen", 32, 378, 13, 15], ["dikdortgen", 291, 390, 15, 12], ["daire", 304, 224, 6], ["dikdortgen", 270, 168, 5, 12], ["daire", 106, 115, 5], ["daire", 224, 205, 7], ["dikdortgen", 215, 181, 10, 10], ["dikdortgen", 117, 289, 16, 9], ["dikdortgen", 153, 176, 14, 13], ["daire", 9, 144, 4], ["daire", 211, 169, 8]], "rrt_path": [[241.7182363931265, 97.5709333736305], [239.02891316077418, 100.53193667520416], [225.23210574914484, 109.99565039438139], [213.27988281520723, 121.72493968955075], [206.2801273959541, 130.8264452174962], [196.0999123939619, 144.9481859457081], [187.2425893854103, 155.51778427102738], [186.81678024424926, 166.29117632125113], [186.67380664815153, 184.03830359634117], [179.47116241905243, 200.32536946943284], [177.60239389367092, 203.86199274574366], [171.41623390764502, 219.48409340371848], [167.99135595719744, 228.0446743501137], [163.0047148454325, 243.3148941052217], [162.4845980796463, 247.28093476940407], [162.67095718720867, 265.67233553643536], [174.0026820297596, 268.4454039457317], [175.10727319442864, 266.3759237499238], [185.65568734032558, 260.70241363787324], [196.1321451655264, 255.66885335361374], [210.15772074986953, 247.85018406416063], [216.49987419345612, 242.9777388893077], [230.81829723919049, 232.54939687711467], [241.54146416920895, 222.86969281697193]]}