{"harita_boyut": {"genislik": 282, "yukseklik": 155}, "baslangic": [161.0712002437092, 139.13383599745444], "hedef": [70.25031853407127, 26.807621155263767], "engeller": [["daire", 214, 34, 13], ["dikdortgen", 234, 100, 11, 11], ["dikdortgen", 51, 136, 11, 16], ["dikdortgen", 85, 109, 15, 18], ["daire", 209, 82, 10], ["dikdortgen", 97, 128, 13, 13], ["dikdortgen", 190, 85, 18, 11], ["dikdortgen", 7, 28, 11, 14], ["daire", 252, 64, 3], ["daire", 16, 51, 6], ["daire", 188, 15, 8], ["dikdortgen", 241, 22, 19, 17], ["dikdortgen", 9, 41, 19, 10], ["dikdortgen", 137, 52, 19, 20], ["daire", 60, 117, 11], ["dikdortgen", 47, 94, 16, 8], ["dikdortgen", 229, 63, 20, 5], ["daire", 51, 31, 5], ["daire", 206, 47, 10], ["dikdortgen", 127, 62, 18, 20], ["daire", 137, 67, 14]], "rrt_path": [[161.0712002437092, 139.13383599745447], [160.65787846237887, 138.84568633307384], [160.24543222734238, 138.5564199231388], [159.83386153859965, 138.26603676764935], [159.4231663961508, 137.9745368666055], [159.0133467999957, 137.6819202200072], [158.60440275013445, 137.38818682785455], [158.19633424656695, 137.09333669014742], [157.78914128929327, 136.79736980688588], [157.38282387831345, 136.50028617806998], [156.97738201362742, 136.20208580369965], [156.57281569523516, 135.90276868377487], [156.1691249231367, 135.6023348182957], [155.76630969733213, 135.30078420726213], [155.36437001782127, 134.9981168506741], [154.96330588460427, 134.6943327485317], [154.5631172976811, 134.3894319008349], [154.16380425705168, 134.08341430758364], [153.76536676271607, 133.77627996877797], [153.36780481467434, 133.46802888441795], [152.97111841292636, 133.15866105450345], [152.5753075574722, 132.84817647903458], [152.18037224831184, 132.53657515801126], [151.7863124854453, 132.22385709143356], [151.39312826887257, 131.91002227930142], [151.00081959859364, 131.59507072161486], [150.60938647460853, 131.27900241837392], [150.2188288969172, 130.96181736957854], [149.82914686551968, 130.64351557522875], [149.44034038041596, 130.32409703532457], [149.0524094416061, 130.00356174986595], [148.66535404908998, 129.68190971885292], [148.27917420286775, 129.35914094228548], [147.89386990293926, 129.03525542016365], [147.5094411493046, 128.71025315248738], [147.12588794196375, 128.3841341392567], [146.74321028091668, 128.0568983804716], [146.36140816616344, 127.7285458761321], [145.98048159770403, 127.39907662623818], [145.6004305755384, 127.06849063078985], [145.22125509966662, 126.73678788978714], [144.84295517008857, 126.40396840322995], [144.46553078680435, 126.07003217111836], [144.0886063062009, 125.73546338338745], [143.71063846133626, 125.4022512508055], [143.33146056083942, 125.0706106320349], [142.95107260471028, 124.74054152707554], [142.56947459294884, 124.41204393592751], [142.1866665255551, 124.08511785859075], [141.80264840252903, 123.75976329506528], [141.41742022387072, 123.43598024535112], [141.03098198958008, 123.11376870944825], [140.64333369965718, 122.79312868735668], [140.254475354102, 122.47406017907639], [139.8644069529145, 122.15656318460739], [139.4731284960947, 121.84063770394968], [139.0806399836426, 121.52628373710328], [138.68694141555827, 121.21350128406819], [138.29203279184156, 120.90229034484433], [137.8959141124926, 120.5926509194318], [137.49858537751135, 120.28458300783058], [137.10004658689783, 119.97808661004063], [136.700297740652, 119.67316172606196], [136.29933883877385, 119.36980835589462], [135.89716988126344, 119.06802649953855], [135.49379086812073, 118.76781615699379], [135.08920179934572, 118.46917732826029], [134.6834026749384, 118.17211001333808], [134.27639349489883, 117.8766142122272], [133.86817425922695, 117.58268992492759], [133.45874496792277, 117.29033715143929], [133.0481056209863, 116.99955589176227], [132.63625621841754, 116.71034614589654], [132.2231967602165, 116.42270791384212], [131.80892724638318, 116.136641195599], [131.3934476769175, 115.85214599116713], [130.9767580518196, 115.56922230054658], [130.55885837108937, 115.28787012373732], [130.13974863472686, 115.00808946073936], [129.71942884273204, 114.72988031155268], [129.29789899510496, 114.4532426761773], [128.87552376507753, 114.17782236470703], [128.45269890862784, 113.90323499803091], [128.0294245895975, 113.62948041701728], [127.6057008079865, 113.35655862166612], [127.18152756379484, 113.08446961197741], [126.75690485702256, 112.8132133879512], [126.3318326876696, 112.54278994958747], [125.90631105573598, 112.27319929688619], [125.48033996122176, 112.0044414298474], [125.05391940412687, 111.73651634847111], [124.62704938445128, 111.46942405275723], [124.1997299021951, 111.20316454270588], [123.77196095735825, 110.93773781831699], [123.34374254994074, 110.67314387959057], [122.9150746799426, 110.40938272652662], [122.48595734736381, 110.14645435912516], [122.05639055220433, 109.88435877738614], [121.62637429446426, 109.62309598130963], [121.1959085741435, 109.36266597089558], [120.76499339124209, 109.103068746144], [120.33362874576007, 108.84430430705491], [119.90181463769734, 108.58637265362827], [119.46955106705398, 108.32927378586413], [119.03683803383001, 108.07300770376247], [118.60367553802536, 107.81757440732326], [118.17006357964006, 107.56297389654654], [117.7360021586741, 107.3092061714323], [117.30149127512752, 107.05627123198055], [116.86653092900025, 106.80416907819122], [116.43112112029237, 106.55289971006441], [115.99526184900384, 106.30246312760005], [115.55895311513461, 106.05285933079817], [115.12219491868477, 105.80408831965875], [114.68498725965428, 105.55615009418185], [114.24733013804314, 105.3090446543674], [113.80922355385134, 105.0627720002154], [113.37066750707888, 104.8173321317259], [112.9321606511855, 104.57192366441302], [112.49865745975956, 104.31858427857016], [112.07142910442823, 104.05527107807171], [111.65047558519154, 103.78198406291762], [111.23579690204953, 103.49872323310794], [110.82739305500213, 103.20548858864268], [110.42526404404938, 102.90228012952177], [110.02940986919127, 102.5890978557453], [109.6398305304278, 102.26594176731321], [109.25652602775901, 101.93281186422551], [108.8794963611848, 101.5897081464822], [108.50874153070528, 101.23663061408331], [108.14426153632036, 100.87357926702879], [107.78605637803011, 100.50055410531868], [107.43412605583447, 100.11755512895293], [107.08847056973352, 99.72458233793162], [106.7490899197272, 99.32163573225469], [106.41598410581551, 98.90871531192217], [106.08915312799844, 98.48582107693403], [105.76859698627604, 98.0529530272903], [105.45431568064828, 97.61011116299095], [105.14630921111515, 97.157295484036], [104.84457757767669, 96.69450599042545], [104.54912078033283, 96.22174268215929], [104.25993881908363, 95.73900555923753], [103.97703169392909, 95.24629462166016], [103.70071294490816, 94.74372308763279], [103.46215329571726, 94.2425465958783], [103.28202608455891, 93.75023021612911], [103.16033131143301, 93.26677394838518], [103.09706897633963, 92.79217779264656], [103.09223907927874, 92.3264417489132], [103.14584162025032, 91.86956581718512], [103.25787659925439, 91.42154999746232], [103.42834401629096, 90.9823942897448], [103.65724387136004, 90.55209869403257], [103.94457616446158, 90.13066321032562], [104.28907288996703, 89.71791338845883], [104.62350501263215, 89.30459996641271], [104.90972960947275, 88.88547530248624], [105.14774668048885, 88.46053939667945], [105.3375562256805, 88.02979224899232], [105.47915824504763, 87.59323385942486], [105.5725527385903, 87.15086422797705], [105.61773970630844, 86.70268335464888], [105.61471914820211, 86.24869123944042], [105.5634910642713, 85.78888788235157], [105.464055454516, 85.32327328338243], [105.31641231893623, 84.85184744253296], [105.12056165753191, 84.3746103598031], [104.87650347030316, 83.89156203519293], [104.58428268745566, 83.40270673302695], [104.27498092689241, 82.9109944087474], [103.9752571294944, 82.41895526165034], [103.68511129526168, 81.92658929173577], [103.40454342419417, 81.43389649900364], [103.13355351629195, 