{"harita_boyut": {"genislik": 122, "yukseklik": 291}, "baslangic": [30.515198567861248, 142.214157209241], "hedef": [38.649901896733695, 21.774824704513993], "engeller": [["daire", 75, 107, 4], ["daire", 47, 285, 5], ["daire", 102, 49, 7], ["dikdortgen", 79, 34, 8, 19], ["daire", 67, 268, 15], ["dikdortgen", 63, 267, 5, 20], ["daire", 92, 113, 12], ["dikdortgen", 57, 238, 20, 5], ["dikdortgen", 89, 106, 17, 8], ["daire", 80, 97, 6], ["daire", 107, 236, 10], ["daire", 91, 201, 11], ["daire", 43, 265, 13], ["dikdortgen", 55, 38, 18, 11], ["dikdortgen", 112, 158, 7, 13], ["dikdortgen", 22, 174, 16, 12], ["daire", 16, 18, 8]], "rrt_path": [[30.51519856786125, 142.21415720924102], [30.392747462981212, 141.60619707121975], [30.28024647212505, 141.00399364801214], [30.1776955952928, 140.40754693961838], [30.085094832484433, 139.8168569460384], [30.00244418369996, 139.23192366727213], [29.929743648939372, 138.6527471033196], [29.866993228202684, 138.0793272541809], [29.81419292148989, 137.5116641198559], [29.77134272880098, 136.9497577003447], [29.73844265013597, 136.39360799564727], [29.715492685494855, 135.8432150057636], [29.70249283487763, 135.29857873069372], [29.69944309828429, 134.75969917043753], [29.706343475714846, 134.22657632499514], [29.7231939671693, 133.69921019436651], [29.749994572647637, 133.17760077855164], [29.78674529214988, 132.66174807755056], [29.833446125676005, 132.15165209136322], [29.890097073226027, 131.64731281998968], [29.956698134799943, 131.14873026342985], [30.033249310397736, 130.65590442168377], [30.119750600019444, 130.16883529475155], [30.216202003665032, 129.687522882633], [30.322603521334514, 129.21196718532826], [30.438955153027887, 128.74216820283726], [30.56525689874515, 128.27812593516003], [30.701508758486312, 127.81984038229659], [30.847710732251365, 127.36731154424689], [31.00386282004031, 126.92053942101094], [31.16996502185315, 126.4795240125888], [31.346017337689872, 126.04426531898037], [31.532019767550494, 125.61476334018573], [31.72797231143501, 125.19101807620484], [31.93387496934342, 124.7730295270377], [32.14972774127572, 124.36079769268437], [32.37553062723191, 123.95432257314476], [32.611283627211996, 123.55360416841896], [32.85698674121597, 123.15864247850686], [33.112639969243844, 122.7694375034086], [33.3782433112956, 122.38598924312404], [33.65379676737125, 122.00829769765326], [33.9393003374708, 121.63636286699628], [34.234754021594235, 121.27018475115301], [34.540157819741566, 120.90976335012354], [34.8555117319128, 120.55509866390784], [35.18081575810791, 120.20619069250587], [35.51606989832692, 119.86303943591767], [35.86127415256982, 119.52564489414323], [36.21642852083662, 119.19400706718261], [36.581533003127305, 118.86812595503568], [36.956587599441875, 118.54800155770255], [37.34159230978035, 118.23363387518319], [37.73654713414271, 117.92502290747755], [38.14145207252897, 117.62216865458572], [38.55630712493911, 117.32507111650762], [38.98013387214244, 117.03352728258811], [39.410546879492436, 116.74704220277376], [39.84743832599502, 116.46559350545745], [40.290808211650194, 116.18918119063915], [40.74065653645795, 115.91780525831886], [41.19698330041828, 115.65146570849656], [41.6597885035312, 115.39016254117232], [42.12907214579672, 115.13389575634608], [42.60483422721482, 114.88266535401786], [43.0870747477855, 114.63647133418766], [43.575793707508765, 114.39531369685548], [44.07099110638461, 114.15919244202132], [44.57266694441306, 113.92810756968515], [45.08082122159409, 113.70205907984703], [45.595453937927694, 113.48104697250692], [46.1165650934139, 113.26507124766482], [46.64415468805268, 113.05413190532076], [47.17822272184404, 112.84822894547469], [47.71876919478799, 112.64736236812666], [48.265794106884535, 112.45153217327663], [48.81791585148672, 112.26014625730838], [49.30445528595968, 112.04291425064251], [49.68573186924311, 111.78283059535886], [49.96174560133697, 111.47989529145741], [50.13249648224128, 111.1341083389382], [50.19798451195605, 110.74546973780122], [50.15820969048126, 110.31397948804643], [50.01317201781692, 109.83963758967387], [49.77089381245644, 109.32543421358767], [49.518193139683206, 108.80372918855474], [49.27874266288174, 108.28334606219833], [49.05254238205204, 107.76428483451843], [48.839592297194116, 107.24654550551506], [48.639892408307944, 106.73012807518815], [48.45344271539355, 106.2150325435378], [48.28024321845091, 105.70125891056395], [48.12029391748005, 105.1888071762666], [47.973594812480954, 104.67767734064577], [47.840145903453624, 104.16786940370145], [47.71994719039806, 103.65938336543364], [47.612998673314245, 103.15221922584232], [47.51930035220221, 102.6463769849275], [47.43885222706194, 102.14185664268919], [47.37165429789344, 101.63865819912743], [47.3177065646967, 101.13678165424216], [47.277009027471735, 100.6362270080334], [47.24956168621853, 100.13699426050113], [47.23536454093709, 99.6390834116454], [47.23441759162742, 99.14249446146614], [47.246720838289505, 98.64722740996342], [47.26918956165065, 98.15298924387328], [47.289426603873224, 97.65860237413152], [47.306131398866974, 97.16394326174436], [47.319303946631855, 96.66901190671182], [47.3289442471679, 96.17380830903389], [47.33505230047507, 95.67833246871054], [47.33762810655342, 95.18258438574183], [47.336671665402896, 94.68656406012772], [47.33218297702353, 94.1902714918682], [47.324162041415306, 93.69370668096329], [47.31260885857823, 93.196869627413], [47.29752342851231, 92.69976033121732], [47.278905751217536, 92.20237879237622], [47.256755826693905, 91.70472501088973], [47.23107365494144, 91.20679898675786], [47.2018592359601, 90.70860071998061], [47.16911256974993, 90.21013021055794], [47.13283365631089, 89.7113874584899], [47.09302249564302, 89.21237246377646], [47.04967908774628, 88.71308522641759], [47.0028034326207, 88.21352574641337], [46.95239553026627, 87.71369402376374], [46.898455380682975, 87.2135900584687], [46.840982983870845, 86.7132138505283], [46.77997833982986, 86.21256539994249], [46.71580918340908, 85.71165077476795], [46.65238138259476, 85.21053442641112], [46.59074612177166, 84.70923370064817], [46.53090340093979, 84.20774859747917], [46.47285322009917, 83.70607911690412], [46.41659557924975, 83.20422525892293], [46.36213047839156, 82.7021870235357], [46.30945791752462, 82.19996441074237], [46.258577896648895, 81.69755742054299], [46.20949041576441, 81.1949660529375], [46.16219547487113, 80.69219030792597], [46.1166930739691, 80.18923018550834], [46.07298321305829, 79.68608568568465], [46.03106589213872, 79.18275680845485], [45.99094111121037, 78.67924355381899], [45.952608870273245, 78.17554592177704], [45.91606916932736, 77.67166391232904], [45.8813220083727, 77.16759752547493], [45.84836738740927, 76.66334676121477], [45.81720530643705, 76.15891161954849], [45.78783576545609, 75.65429210047617], [45.76025876446633, 75.14948820399775], [45.73447430346782, 74.64449993011327], [45.710482382460526, 74.13932727882269], [45.68828300144447, 73.63397025012605], [45.667876160419624, 73.12842884402332], [45.64875419469219, 72.6227759552707], [45.626374016116344, 72.1176639185817], [45.599658326147974, 71.61324742152014], [45.56860712478704, 71.10952646408597], [45.53322041203356, 70.6065010462792], [45.49349818788753, 70.10417116809985], [45.449440452348945, 69.60253682954789], [45.40104720541781, 69.10159803062334], [45.34831844709412, 68.60135477132619], [45.2912541773779, 68.10180705165645], [45.229854396269126, 67.60295487161414], [45.16411910376778, 67.10479823119921], [45.0940482998739, 66.60733713041171], [45.01964198458748, 66.1105715692516], [44.94090015790849, 65.61450154771889], [44.85782281983696, 65.11912706581361], [44.77040997037287, 64.62444812353571], [44.67866160951624, 64.13046472088524], [44.58257773726706, 63.63717685786217], [44.48215835362532, 63.1445845344665], [44.37740345859105, 62.65268775069825], [44.26831305216421, 62.16148650655739], [44.15488713434482, 61.67098080204393], [44.037125705132894, 61.181170637157905], 