{"harita_boyut": {"genislik": 374, "yukseklik": 133}, "baslangic": [239.93492231688617, 81.40125927537895], "hedef": [326.67057030634817, 26.615834845759778], "engeller": [["daire", 225, 29, 9], ["daire", 362, 113, 4], ["dikdortgen", 363, 110, 11, 5], ["dikdortgen", 274, 12, 8, 10], ["dikdortgen", 76, 11, 8, 19], ["daire", 187, 50, 4], ["daire", 84, 64, 15], ["dikdortgen", 285, 104, 8, 20], ["dikdortgen", 339, 70, 8, 15], ["dikdortgen", 26, 65, 20, 19], ["daire", 120, 84, 14], ["daire", 214, 54, 6], ["dikdortgen", 95, 13, 8, 5], ["dikdortgen", 129, 96, 10, 11], ["dikdortgen", 21, 97, 7, 14], ["daire", 291, 122, 9], ["dikdortgen", 321, 35, 7, 14], ["dikdortgen", 32, 118, 15, 8], ["daire", 233, 57, 5], ["dikdortgen", 67, 23, 12, 9], ["dikdortgen", 23, 49, 6, 15], ["dikdortgen", 140, 32, 10, 14], ["daire", 159, 111, 4], ["daire", 105, 109, 4]], "rrt_path": [[239.93492231688617, 81.40125927537895], [248.49616174079796, 64.07402778909672], [249.09961847696803, 56.968428759614845], [249.29143206664517, 53.71367016474668], [266.9199173509537, 46.785074780072506], [270.7091219406519, 45.503697170852675], [286.81439072092485, 40.030674202909786], [304.67328005717343, 33.10283485118843], [315.49170451607, 29.247049199967485], [326.67057030634817, 26.615834845759778]]}