{"harita_boyut": {"genislik": 128, "yukseklik": 144}, "baslangic": [52.56259168148945, 91.16232865929966], "hedef": [122.53192946989031, 17.60278606998703], "engeller": [["daire", 51, 57, 5], ["dikdortgen", 39, 39, 13, 5], ["dikdortgen", 66, 88, 6, 12], ["dikdortgen", 40, 33, 20, 8], ["dikdortgen", 102, 8, 15, 7], ["dikdortgen", 68, 90, 20, 19], ["daire", 59, 119, 14], ["daire", 21, 54, 14], ["daire", 59, 128, 9]], "rrt_path": [[52.56259168148945, 91.16232865929966], [57.85645838763973, 85.581174990963], [66.3337136965272, 72.41399684871526], [72.62424693426162, 57.43442361179155], [74.29694104280831, 57.51500002247771], [87.53022343231122, 44.416780392747256], [95.714459845604, 39.33530919076606], [110.0603163592334, 30.244593710836135], [122.100371266557, 21.579437615840114], [122.53192946989031, 17.60278606998703]]}