{"harita_boyut": {"genislik": 341, "yukseklik": 498}, "baslangic": [269.33433891959896, 456.08112054638195], "hedef": [285.22408156717046, 28.963001768586484], "engeller": [["daire", 153, 296, 6], ["dikdortgen", 40, 401, 16, 11], ["dikdortgen", 111, 76, 10, 14], ["daire", 197, 420, 8], ["daire", 31, 206, 6], ["dikdortgen", 101, 216, 16, 18], ["dikdortgen", 170, 130, 5, 12], ["daire", 102, 350, 15], ["dikdortgen", 300, 13, 6, 9], ["dikdortgen", 14, 24, 5, 11], ["dikdortgen", 275, 200, 8, 17], ["dikdortgen", 293, 270, 7, 7], ["daire", 179, 278, 5], ["dikdortgen", 95, 168, 5, 17], ["daire", 280, 413, 15], ["daire", 80, 68, 9], ["daire", 217, 16, 7], ["daire", 146, 402, 3], ["daire", 29, 227, 10], ["daire", 307, 359, 11], ["daire", 104, 82, 8], ["daire", 104, 469, 15], ["dikdortgen", 275, 403, 5, 9], ["daire", 217, 456, 9], ["daire", 248, 247, 15], ["dikdortgen", 98, 110, 19, 11], ["dikdortgen", 63, 15, 10, 16], ["daire", 10, 291, 6], ["dikdortgen", 72, 454, 12, 12], ["dikdortgen", 230, 343, 16, 15], ["daire", 80, 275, 12], ["daire", 286, 437, 14], ["dikdortgen", 216, 425, 20, 13], ["dikdortgen", 168, 196, 15, 13], ["dikdortgen", 94, 392, 10, 8], ["dikdortgen", 303, 105, 10, 13], ["dikdortgen", 139, 168, 10, 19], ["daire", 174, 165, 12], ["daire", 47, 92, 10], ["daire", 229, 413, 10], ["daire", 257, 34, 11], ["daire", 62, 223, 7], ["daire", 15, 58, 15], ["dikdortgen", 220, 179, 19, 6], ["dikdortgen", 88, 23, 17, 8], ["daire", 235, 29, 3], ["dikdortgen", 76, 360, 13, 17], ["daire", 157, 12, 5], ["dikdortgen", 260, 295, 18, 8], ["dikdortgen", 177, 260, 5, 11], ["dikdortgen", 137, 258, 8, 13], ["dikdortgen", 289, 251, 10, 13], ["daire", 207, 99, 11], ["daire", 18, 237, 8], ["daire", 81, 369, 3], ["daire", 81, 229, 8], ["dikdortgen", 231, 333, 9, 13], ["dikdortgen", 185, 421, 16, 19], ["dikdortgen", 309, 423, 7, 11], ["daire", 18, 115, 5], ["daire", 214, 6, 3], ["daire", 135, 140, 11], ["dikdortgen", 120, 453, 17, 14], ["dikdortgen", 131, 139, 7, 16], ["dikdortgen", 324, 301, 13, 8], ["daire", 211, 263, 15], ["daire", 271, 205, 6], ["dikdortgen", 279, 124, 8, 20], ["dikdortgen", 194, 225, 10, 17], ["dikdortgen", 161, 447, 5, 12], ["dikdortgen", 81, 37, 5, 8], ["dikdortgen", 321, 110, 18, 7], ["dikdortgen", 272, 412, 6, 14], ["daire", 107, 119, 3], ["dikdortgen", 146, 373, 5, 18], ["dikdortgen", 105, 285, 17, 13], ["dikdortgen", 181, 422, 7, 17], ["dikdortgen", 282, 61, 5, 15], ["dikdortgen", 223, 473, 9, 5], ["dikdortgen", 256, 19, 11, 20], ["dikdortgen", 43, 315, 6, 16], ["dikdortgen", 281, 312, 11, 16], ["dikdortgen", 223, 252, 16, 9], ["dikdortgen", 128, 253, 16, 14]], "rrt_path": [[269.33433891959896, 456.08112054638195], [263.677181604739, 440.7407137530833], [261.29592920262337, 427.51836132975933], [257.94321948086764, 412.7673293116259], [251.92860737096507, 394.54586098105096], [250.6443582690198, 390.75762864338304], [247.26573756958106, 374.7761263280031], [231.0824821841331, 363.65957011225976], [212.0494684102365, 361.72221391687924], [201.1525159429543, 360.5116440473049], [183.26672622029363, 358.24073425271035], [176.72334003621472, 357.54286696560666], [174.89560202145972, 356.6957055671817], [169.95127399752, 339.8108826153252], [174.45907563225762, 323.3339588780466], [180.04733006943346, 317.8788597420648], [191.3669184938164, 305.0211495848313], [194.4401925661174, 302.46087880295636], [190.37391662130864, 283.5210600408707], [188.13357029803387, 265.133725833745], [188.37796949099683, 250.20839307940517], [187.2276635941877, 243.10687980913642], [188.08689307572783, 225.63808474330563], [189.38374999453052, 207.97817246724114], [190.78162743760407, 192.44781102704366], [205.7972859366872, 180.0068885328198], [218.81113349097268, 166.11098823206632], [228.40154928836844, 159.82239488279427], [237.62986720995872, 149.72702379490542], [244.9823522699559, 132.1191547252576], [246.52452690401873, 120.77052251226782], [248.57947978701205, 109.72402961555954], [252.4232350927509, 90.56282820232686], [259.8168328963814, 73.17550815411641], [264.48581757181955, 63.451198806543644], [269.9789534870639, 54.88884389708036], [278.3434885677409, 40.8954069006591], [285.22408156717046, 28.963001768586484]]}