{"harita_boyut": {"genislik": 310, "yukseklik": 316}, "baslangic": [168.04257736023567, 139.5142567876172], "hedef": [19.869936089913672, 43.2300692551633], "engeller": [["dikdortgen", 197, 301, 9, 12], ["dikdortgen", 56, 30, 18, 9], ["daire", 56, 201, 13], ["dikdortgen", 47, 172, 5, 17], ["daire", 296, 152, 12], ["dikdortgen", 207, 231, 9, 8], ["dikdortgen", 245, 285, 11, 19], ["dikdortgen", 290, 61, 8, 17], ["daire", 100, 55, 4], ["daire", 149, 105, 13], ["daire", 200, 215, 4], ["daire", 16, 27, 9], ["daire", 203, 309, 3], ["daire", 271, 288, 8], ["daire", 15, 251, 4], ["daire", 261, 79, 8], ["dikdortgen", 212, 53, 6, 19], ["dikdortgen", 165, 59, 7, 18], ["daire", 230, 282, 8], ["daire", 134, 277, 8], ["dikdortgen", 46, 71, 10, 11], ["daire", 281, 40, 15], ["daire", 240, 254, 3], ["daire", 18, 298, 15], ["daire", 172, 181, 8], ["dikdortgen", 34, 289, 18, 5], ["daire", 116, 219, 13], ["dikdortgen", 241, 107, 16, 17], ["daire", 298, 189, 4], ["dikdortgen", 152, 85, 16, 13], ["daire", 139, 85, 3], ["daire", 59, 254, 9], ["daire", 210, 94, 9], ["dikdortgen", 67, 94, 8, 20], ["daire", 277, 76, 7], ["dikdortgen", 146, 65, 6, 6], ["daire", 108, 118, 7], ["dikdortgen", 234, 213, 8, 16], ["daire", 25, 199, 3], ["daire", 8, 272, 5], ["daire", 23, 254, 15], ["daire", 69, 233, 10], ["daire", 136, 191, 11], ["dikdortgen", 115, 83, 12, 8], ["dikdortgen", 106, 63, 14, 15], ["dikdortgen", 234, 27, 9, 10], ["daire", 51, 99, 9], ["dikdortgen", 202, 240, 5, 10]], "rrt_path": [[168.04257736023567, 139.5142567876172], [156.90871766740264, 138.3496836649244], [137.4217161058785, 141.80869278247891], [131.77090455255538, 145.4803309099576], [131.05937486880558, 143.64427333034584], [120.68798785722048, 137.7794560080226], [102.64353808513327, 130.98884413006724], [98.8053956434626, 129.8624948958391], [92.45545057017033, 115.03039822843041], [86.42627666246493, 97.93434076623201], [76.40861660431632, 84.01608200668798], [65.35853193241896, 69.4834172914471], [63.540923103095544, 65.92023077604188], [50.249578326520734, 65.13595899977099], [38.75295373571484, 62.757506958040075], [25.83661097104914, 51.99580083604986], [19.869936089913672, 43.2300692551633]]}