{"harita_boyut": {"genislik": 342, "yukseklik": 126}, "baslangic": [262.4656322402891, 85.06898580492391], "hedef": [89.99464858481294, 56.48031344378181], "engeller": [["daire", 303, 114, 7], ["daire", 207, 69, 3], ["daire", 255, 54, 3], ["dikdortgen", 118, 103, 8, 9], ["dikdortgen", 71, 12, 15, 20], ["dikdortgen", 167, 80, 12, 8], ["dikdortgen", 36, 64, 8, 16], ["dikdortgen", 205, 17, 18, 9], ["dikdortgen", 26, 81, 17, 7], ["daire", 238, 30, 10], ["daire", 101, 83, 11], ["daire", 234, 17, 7], ["dikdortgen", 272, 104, 16, 16], ["daire", 197, 17, 9], ["daire", 232, 49, 11], ["dikdortgen", 298, 72, 7, 10], ["daire", 202, 40, 14], ["dikdortgen", 115, 105, 18, 9], ["dikdortgen", 91, 94, 9, 6], ["dikdortgen", 186, 88, 15, 6], ["daire", 273, 117, 5]], "rrt_path": [[262.4656322402891, 85.06898580492391], [244.2675982193342, 83.13929671858948], [228.81621979563943, 80.63858902819653], [209.69608783155948, 78.98667924035367], [205.8255631513001, 77.97720477336456], [189.98987734172437, 71.93973303493418], [183.04015171399342, 69.05112194375165], [183.6433264226932, 65.44383137117539], [171.1884829879785, 59.669115970306486], [155.0938971776033, 55.45318783835568], [139.39376718360703, 55.30179240475576], [124.24679976914324, 55.8056787225383], [109.34926312770722, 55.39181035847313], [89.99464858481294, 56.48031344378181]]}