{"harita_boyut": {"genislik": 486, "yukseklik": 193}, "baslangic": [233.2153908986438, 160.29583094290078], "hedef": [128.5807097694115, 173.4608141137373], "engeller": [["daire", 43, 50, 10], ["daire", 222, 11, 10], ["daire", 104, 151, 12], ["dikdortgen", 325, 71, 8, 9], ["daire", 288, 52, 13], ["daire", 362, 146, 10], ["daire", 286, 69, 15], ["dikdortgen", 279, 84, 15, 8], ["daire", 301, 13, 12], ["dikdortgen", 205, 137, 6, 10], ["daire", 398, 108, 6], ["dikdortgen", 375, 59, 14, 14], ["dikdortgen", 323, 136, 15, 5], ["dikdortgen", 96, 175, 8, 5], ["dikdortgen", 44, 55, 6, 10], ["daire", 26, 83, 4], ["daire", 37, 174, 13], ["dikdortgen", 72, 26, 12, 15], ["daire", 353, 51, 4], ["daire", 229, 58, 4], ["dikdortgen", 204, 176, 13, 6], ["dikdortgen", 468, 20, 12, 7], ["daire", 82, 178, 3], ["daire", 408, 29, 5], ["dikdortgen", 249, 58, 17, 10], ["dikdortgen", 95, 162, 17, 19], ["dikdortgen", 263, 63, 20, 12], ["dikdortgen", 148, 9, 19, 5], ["daire", 145, 156, 14], ["daire", 271, 74, 5], ["daire", 259, 130, 8], ["daire", 71, 124, 14], ["dikdortgen", 369, 105, 7, 7], ["dikdortgen", 458, 100, 17, 8], ["dikdortgen", 305, 110, 10, 14], ["daire", 410, 50, 13], ["dikdortgen", 264, 173, 16, 7], ["daire", 217, 171, 7], ["dikdortgen", 469, 177, 12, 5], ["dikdortgen", 246, 28, 11, 10], ["dikdortgen", 37, 164, 20, 12], ["dikdortgen", 259, 147, 20, 14], ["daire", 17, 39, 15], ["daire", 279, 38, 10], ["dikdortgen", 414, 153, 15, 5], ["dikdortgen", 394, 73, 9, 6]], "rrt_path": [[233.2153908986438, 160.29583094290078], [219.59021515854909, 158.24518514050115], [201.86892115241147, 154.2264145328196], [187.88579447474712, 142.46690046400008], [173.60991134736918, 134.1801782578892], [165.14001686587133, 127.37887833125758], [165.79096104934985, 128.82404115616495], [159.09403968509253, 131.29861062152975], [141.51582767588573, 136.4857884213612], [130.82783611046113, 141.0946471465981], [125.10476026094855, 151.9419210396944], [126.26012931690549, 170.2027615721955], [128.5807097694115, 173.4608141137373]]}