{"harita_boyut": {"genislik": 365, "yukseklik": 259}, "baslangic": [213.5765151766794, 67.46452131925703], "hedef": [13.484067427920344, 13.490288098821695], "engeller": [["dikdortgen", 163, 200, 17, 7], ["daire", 140, 117, 11], ["dikdortgen", 242, 28, 10, 7], ["daire", 138, 175, 6], ["dikdortgen", 120, 93, 20, 8], ["dikdortgen", 288, 209, 20, 19], ["dikdortgen", 89, 208, 8, 9], ["dikdortgen", 106, 46, 18, 19], ["dikdortgen", 166, 112, 17, 9], ["daire", 73, 92, 10], ["dikdortgen", 13, 60, 17, 14], ["daire", 338, 44, 11], ["dikdortgen", 141, 131, 15, 16], ["dikdortgen", 160, 54, 18, 14], ["daire", 129, 213, 15], ["daire", 341, 25, 7], ["daire", 200, 218, 10], ["dikdortgen", 18, 214, 18, 10], ["daire", 86, 13, 5], ["dikdortgen", 186, 93, 6, 18], ["dikdortgen", 159, 205, 5, 16], ["dikdortgen", 310, 217, 17, 18], ["dikdortgen", 31, 142, 17, 18], ["daire", 91, 62, 9], ["daire", 15, 84, 4], ["dikdortgen", 210, 85, 6, 14], ["dikdortgen", 12, 24, 20, 6], ["daire", 270, 222, 8], ["daire", 295, 158, 11], ["daire", 296, 33, 7], ["daire", 187, 36, 4], ["dikdortgen", 257, 119, 12, 15], ["daire", 224, 38, 13], ["dikdortgen", 288, 23, 17, 20], ["daire", 338, 223, 6], ["dikdortgen", 53, 198, 9, 10], ["dikdortgen", 196, 162, 18, 12], ["daire", 219, 227, 3], ["daire", 191, 224, 11], ["daire", 31, 67, 9], ["daire", 75, 102, 4], ["daire", 344, 168, 15], ["daire", 99, 213, 13], ["dikdortgen", 284, 49, 8, 19], ["daire", 107, 11, 3], ["dikdortgen", 75, 63, 9, 14], ["daire", 202, 60, 8]], "rrt_path": [[213.5765151766794, 67.46452131925703], [210.91771293360006, 70.45296081708801], [207.2589411047868, 72.0695586967979], [196.44833657725684, 75.36259002866592], [181.3490565863228, 73.14216522518952], [161.85392917094094, 73.88109284729008], [144.38897123466774, 75.58899803239676], [136.54273413631, 74.05417609865538], [119.20865006116544, 73.41151627738014], [103.63217761871933, 73.17813577717995], [92.5889143464581, 88.04098175147558], [87.64749626912871, 101.58587186331494], [79.6737068366054, 119.57650101440527], [78.49816310341404, 119.27343096730048], [68.2773185899677, 108.48920968855364], [59.81697348054496, 100.80795557863924], [57.402527496537, 93.47985901466141], [58.544896004691275, 86.20334921901883], [61.2406624440335, 81.33369624529598], [69.75111754976676, 65.1388276306887], [65.76032246860086, 56.73785481846792], [59.18493609821448, 47.064180172332854], [51.31369260190144, 35.61374063406609], [43.74007488563113, 25.23666796540842], [34.89230423901635, 17.603271721530046], [23.915863750465036, 14.067074265451147], [13.484067427920344, 13.490288098821695]]}