{"harita_boyut": {"genislik": 446, "yukseklik": 477}, "baslangic": [159.2471641983522, 331.88319918328403], "hedef": [21.464321515674442, 247.52477244122255], "engeller": [["daire", 198, 338, 3], ["dikdortgen", 415, 360, 10, 14], ["dikdortgen", 128, 400, 15, 16], ["dikdortgen", 438, 182, 8, 10], ["dikdortgen", 240, 216, 13, 12], ["dikdortgen", 3, 335, 8, 18], ["daire", 29, 190, 6], ["dikdortgen", 307, 41, 7, 15], ["daire", 79, 197, 10], ["daire", 247, 351, 4], ["dikdortgen", 426, 46, 17, 14], ["daire", 421, 127, 12], ["daire", 69, 467, 8], ["daire", 283, 61, 11], ["dikdortgen", 78, 432, 14, 15], ["daire", 389, 323, 13], ["daire", 349, 416, 10], ["dikdortgen", 155, 222, 11, 18], ["dikdortgen", 283, 105, 11, 8], ["dikdortgen", 299, 419, 5, 9], ["daire", 17, 324, 3], ["daire", 430, 275, 13], ["dikdortgen", 244, 243, 19, 18], ["dikdortgen", 242, 139, 11, 17], ["daire", 368, 316, 8], ["dikdortgen", 106, 139, 7, 12], ["daire", 258, 216, 3], ["dikdortgen", 86, 273, 13, 15], ["daire", 52, 455, 9], ["daire", 431, 114, 13], ["daire", 144, 133, 8], ["daire", 428, 222, 3], ["dikdortgen", 157, 249, 13, 8], ["dikdortgen", 8, 192, 13, 20], ["daire", 156, 386, 6], ["dikdortgen", 170, 133, 5, 9], ["dikdortgen", 208, 456, 6, 13], ["daire", 269, 125, 9], ["daire", 112, 388, 6], ["dikdortgen", 74, 393, 8, 6], ["daire", 282, 81, 12], ["daire", 127, 397, 14], ["dikdortgen", 335, 316, 7, 17], ["dikdortgen", 402, 310, 5, 7], ["dikdortgen", 94, 398, 7, 13], ["dikdortgen", 356, 248, 8, 8], ["dikdortgen", 42, 9, 5, 20], ["dikdortgen", 311, 196, 14, 12], ["dikdortgen", 297, 403, 19, 7], ["daire", 139, 234, 5], ["dikdortgen", 370, 436, 12, 6], ["dikdortgen", 196, 285, 16, 15], ["daire", 255, 398, 9], ["daire", 251, 465, 10], ["dikdortgen", 289, 270, 5, 20], ["daire", 389, 397, 14], ["daire", 229, 55, 15], ["dikdortgen", 249, 31, 11, 6], ["daire", 74, 32, 6], ["dikdortgen", 293, 89, 13, 17], ["dikdortgen", 390, 47, 6, 10], ["dikdortgen", 167, 302, 6, 16], ["daire", 261, 18, 8], ["dikdortgen", 278, 288, 12, 13], ["dikdortgen", 374, 272, 12, 20], ["daire", 116, 101, 3], ["dikdortgen", 71, 401, 12, 6], ["daire", 197, 410, 5], ["daire", 86, 32, 11], ["daire", 117, 346, 3], ["daire", 347, 182, 14], ["daire", 393, 302, 3], ["dikdortgen", 49, 176, 12, 9], ["dikdortgen", 163, 258, 8, 16], ["daire", 192, 289, 15], ["daire", 174, 308, 6], ["dikdortgen", 251, 164, 5, 11], ["dikdortgen", 264, 93, 7, 18], ["dikdortgen", 280, 341, 13, 8], ["daire", 429, 145, 6], ["dikdortgen", 415, 219, 8, 19], ["daire", 222, 347, 6], ["dikdortgen", 48, 180, 9, 6], ["dikdortgen", 254, 239, 7, 5], ["daire", 173, 390, 13], ["dikdortgen", 258, 369, 6, 18], ["dikdortgen", 44, 136, 10, 11], ["daire", 72, 95, 12], ["dikdortgen", 212, 355, 7, 12], ["dikdortgen", 75, 429, 15, 10], ["daire", 228, 247, 11], ["daire", 235, 170, 10], ["daire", 159, 442, 12], ["daire", 74, 433, 12], ["dikdortgen", 60, 454, 18, 7], ["dikdortgen", 404, 307, 13, 6], ["dikdortgen", 297, 188, 20, 7], ["daire", 53, 169, 8], ["daire", 187, 216, 5], ["dikdortgen", 6, 24, 13, 17], ["daire", 162, 9, 4], ["daire", 222, 308, 9], ["daire", 16, 268, 13], ["dikdortgen", 166, 53, 14, 6], ["daire", 123, 252, 4], ["dikdortgen", 264, 397, 7, 13]], "rrt_path": [[159.2471641983522, 331.88319918328403], [150.40278112583383, 320.55786753793916], [140.07752409559967, 308.07685078231975], [129.37148421923592, 294.7037496692385], [122.89678155538363, 280.4769654465691], [118.12703025450476, 265.49959310130765], [114.51237321596857, 256.3742664503432], [113.34304959281073, 254.49344071719915], [103.5684655976843, 254.5492659967635], [91.37727897804523, 254.70606159514375], [77.13659613322217, 251.95327704856845], [64.19333921247478, 246.19944321310322], [54.29669861044452, 242.47940951067147], [43.248972201435606, 239.48934516243128], [27.774906348248425, 246.99174277003647], [21.464321515674442, 247.52477244122255]]}