{"harita_boyut": {"genislik": 256, "yukseklik": 166}, "baslangic": [135.88315413676366, 44.88641744391979], "hedef": [198.24642931509587, 126.22668286950741], "engeller": [["dikdortgen", 91, 30, 5, 19], ["dikdortgen", 155, 60, 13, 12], ["daire", 217, 11, 10], ["daire", 54, 138, 12], ["dikdortgen", 188, 40, 9, 12], ["daire", 155, 63, 8], ["daire", 221, 146, 15], ["daire", 146, 127, 4], ["dikdortgen", 164, 82, 20, 10], ["daire", 91, 78, 13], ["daire", 20, 144, 5], ["daire", 6, 101, 3], ["daire", 19, 127, 7], ["dikdortgen", 63, 64, 7, 19], ["dikdortgen", 161, 145, 17, 11], ["daire", 77, 25, 4], ["dikdortgen", 27, 101, 20, 14], ["daire", 228, 114, 14], ["dikdortgen", 69, 118, 18, 10], ["dikdortgen", 133, 87, 6, 14], ["daire", 206, 36, 3]], "rrt_path": [[135.88315413676366, 44.88641744391979], [143.33317881997272, 45.88796338163663], [161.38057016807346, 49.49613419010397], [170.31245791558317, 52.380965414140405], [180.79150847360688, 61.02161543677975], [189.32007237372824, 68.20279425609961], [197.63984241505412, 76.21457596052879], [199.3381148745543, 78.29090847740693], [198.06818109444777, 84.81546247267757], [193.16301421199844, 98.77577145377943], [190.71621287370013, 114.25729441549117], [198.24642931509587, 126.22668286950741]]}