{"harita_boyut": {"genislik": 101, "yukseklik": 273}, "baslangic": [84.60400177342147, 184.22452992682915], "hedef": [50.14500140901445, 26.921282922744062], "engeller": [["daire", 69, 160, 8], ["dikdortgen", 92, 13, 9, 14], ["dikdortgen", 62, 238, 10, 19], ["daire", 19, 157, 14], ["dikdortgen", 58, 53, 20, 16], ["dikdortgen", 7, 254, 17, 10], ["daire", 81, 94, 10], ["dikdortgen", 47, 216, 9, 16], ["dikdortgen", 48, 104, 14, 10], ["daire", 67, 247, 11], ["daire", 27, 119, 4], ["daire", 62, 60, 3], ["dikdortgen", 14, 1, 6, 18]], "rrt_path": [[84.60400177342147, 184.22452992682915], [84.72053241880278, 176.23411497850748], [84.01755504194523, 157.50759108349786], [77.2517863380627, 143.73446303115745], [66.32419586684708, 128.58064762138915], [50.69108093429104, 123.57648724197527], [46.81792702317191, 122.57714806993076], [45.94531668800291, 123.61186206433005], [40.76175136832043, 115.49612334034403], [40.6041993670335, 96.83919141845004], [41.60836658099039, 89.09560973463948], [43.873894111973485, 73.36636978119155], [45.605744618944726, 61.676278792879216], [47.85849165292594, 46.748083890475556], [50.14500140901445, 26.921282922744062]]}