{"harita_boyut": {"genislik": 307, "yukseklik": 219}, "baslangic": [232.36818759194054, 187.66986781299101], "hedef": [103.83667278151225, 66.79336640251347], "engeller": [["dikdortgen", 30, 165, 14, 8], ["dikdortgen", 5, 52, 11, 7], ["daire", 279, 53, 9], ["dikdortgen", 18, 97, 18, 13], ["daire", 136, 171, 12], ["dikdortgen", 227, 208, 12, 6], ["daire", 257, 194, 12], ["dikdortgen", 116, 49, 20, 14], ["daire", 238, 147, 15], ["dikdortgen", 189, 0, 12, 10], ["dikdortgen", 286, 163, 7, 7], ["dikdortgen", 289, 23, 17, 7], ["daire", 286, 21, 3], ["dikdortgen", 173, 136, 15, 13], ["dikdortgen", 278, 203, 18, 8], ["daire", 291, 204, 9], ["dikdortgen", 115, 90, 11, 15], ["daire", 134, 211, 7], ["dikdortgen", 106, 169, 11, 17], ["dikdortgen", 23, 131, 19, 20], ["dikdortgen", 49, 54, 12, 7], ["dikdortgen", 206, 90, 18, 19], ["dikdortgen", 233, 132, 15, 8], ["dikdortgen", 177, 157, 17, 16], ["daire", 66, 176, 5], ["daire", 107, 80, 7], ["daire", 58, 94, 5], ["dikdortgen", 79, 156, 8, 19], ["dikdortgen", 67, 179, 13, 15], ["dikdortgen", 246, 81, 14, 20], ["dikdortgen", 27, 65, 15, 11], ["dikdortgen", 165, 16, 8, 13], ["daire", 127, 38, 7]], "rrt_path": [[232.36818759194054, 187.66986781299101], [232.4847169506556, 173.34123633024655], [219.28297856535377, 161.38857094817413], [213.77932122367176, 155.96167752629066], [210.04044967818734, 137.68321648621503], [209.1790977439464, 119.80466667569159], [205.92931367392308, 121.67035915538546], [194.24493273722214, 105.48436772286733], [191.6108421283002, 102.47412410083453], [179.3386555441965, 90.64556088482603], [176.54235658718997, 87.78536646083242], [162.7258333255508, 77.81963378230432], [159.0909923275973, 76.14992395134676], [140.98651851045574, 76.07008807831687], [134.06056195392335, 75.40108896665247], [115.26777812847544, 69.9528602007901], [107.81932604545902, 67.16548597895914], [103.83667278151225, 66.79336640251347]]}