{"harita_boyut": {"genislik": 320, "yukseklik": 499}, "baslangic": [168.5813657965911, 151.81453249134617], "hedef": [115.60614280870364, 292.210257762015], "engeller": [["dikdortgen", 105, 83, 12, 6], ["daire", 149, 323, 5], ["dikdortgen", 268, 264, 8, 16], ["dikdortgen", 261, 84, 11, 18], ["dikdortgen", 115, 29, 20, 20], ["daire", 11, 79, 3], ["dikdortgen", 262, 212, 5, 15], ["daire", 289, 352, 5], ["daire", 43, 427, 4], ["daire", 151, 330, 10], ["daire", 249, 228, 7], ["daire", 204, 361, 9], ["dikdortgen", 65, 256, 17, 17], ["daire", 83, 29, 10], ["daire", 240, 414, 6], ["daire", 57, 293, 4], ["dikdortgen", 120, 249, 16, 17], ["dikdortgen", 92, 224, 6, 13], ["dikdortgen", 68, 176, 16, 11], ["daire", 270, 13, 12], ["daire", 111, 361, 14], ["dikdortgen", 218, 447, 19, 9], ["dikdortgen", 267, 368, 13, 14], ["dikdortgen", 309, 187, 10, 15], ["dikdortgen", 306, 180, 10, 12], ["daire", 299, 376, 13], ["dikdortgen", 208, 152, 18, 6], ["dikdortgen", 282, 181, 15, 16], ["dikdortgen", 6, 369, 7, 16], ["dikdortgen", 192, 111, 7, 7], ["dikdortgen", 203, 372, 10, 13], ["daire", 73, 359, 7], ["daire", 22, 53, 3], ["daire", 27, 160, 10], ["dikdortgen", 267, 404, 15, 11], ["dikdortgen", 163, 482, 6, 9], ["daire", 74, 304, 9], ["daire", 216, 280, 3], ["dikdortgen", 244, 57, 20, 15], ["dikdortgen", 89, 341, 12, 8], ["daire", 234, 256, 12], ["dikdortgen", 143, 345, 6, 12], ["dikdortgen", 111, 384, 11, 18], ["daire", 135, 60, 4], ["dikdortgen", 75, 378, 5, 6], ["dikdortgen", 169, 54, 8, 15], ["daire", 228, 150, 7], ["dikdortgen", 155, 50, 6, 20], ["dikdortgen", 191, 386, 19, 19], ["dikdortgen", 219, 330, 10, 14], ["daire", 293, 171, 15], ["daire", 303, 128, 8], ["dikdortgen", 303, 179, 12, 6], ["daire", 133, 211, 5], ["dikdortgen", 9, 169, 7, 20], ["dikdortgen", 283, 36, 16, 11], ["dikdortgen", 12, 125, 20, 17], ["dikdortgen", 5, 117, 9, 9], ["dikdortgen", 272, 319, 9, 6], ["dikdortgen", 145, 57, 14, 6], ["dikdortgen", 284, 85, 15, 5], ["daire", 35, 66, 9], ["dikdortgen", 216, 280, 12, 13], ["dikdortgen", 27, 371, 12, 16], ["daire", 113, 7, 5], ["daire", 310, 159, 9], ["daire", 296, 25, 12], ["dikdortgen", 78, 315, 10, 14], ["dikdortgen", 118, 392, 5, 11], ["daire", 270, 111, 13], ["dikdortgen", 299, 26, 18, 12], ["daire", 184, 301, 10], ["daire", 248, 27, 7], ["daire", 272, 177, 13], ["dikdortgen", 217, 433, 19, 20], ["dikdortgen", 29, 131, 20, 12], ["dikdortgen", 95, 425, 9, 14], ["dikdortgen", 93, 420, 16, 19], ["daire", 155, 105, 11]], "rrt_path": [[168.5813657965911, 151.81453249134617], [166.74437443705426, 155.3677652088848], [162.77432010503136, 171.31257213126528], [162.26334401094928, 175.27980081528094], [158.40566910865326, 191.99569044215332], [150.12020822222343, 210.06337092395646], [149.2249814024336, 228.93407595015583], [154.1968192773972, 247.51176356789625], [159.431764113052, 253.5178375146251], [168.30946084946868, 268.39935076518174], [168.10251735065086, 285.4657239840469], [167.6444616098028, 299.14376140296815], [168.84559557396065, 301.38007001243267], [157.30832534532834, 303.77919184968505], [142.93670800634405, 305.7526829097858], [135.34298513724247, 306.5620427562041], [119.84823614654115, 300.6309902349937], [115.60614280870364, 292.210257762015]]}