{"harita_boyut": {"genislik": 433, "yukseklik": 340}, "baslangic": [219.89378658448197, 151.96069849745388], "hedef": [56.836052676651114, 148.4861841699919], "engeller": [["dikdortgen", 156, 125, 20, 19], ["dikdortgen", 318, 99, 11, 19], ["dikdortgen", 219, 13, 6, 7], ["dikdortgen", 151, 108, 12, 20], ["dikdortgen", 202, 77, 19, 13], ["dikdortgen", 278, 279, 9, 20], ["daire", 320, 34, 3], ["daire", 29, 229, 10], ["daire", 195, 4, 4], ["dikdortgen", 121, 175, 6, 12], ["daire", 28, 19, 12], ["dikdortgen", 253, 254, 12, 17], ["daire", 129, 299, 9], ["dikdortgen", 15, 143, 18, 13], ["daire", 236, 91, 15], ["dikdortgen", 385, 47, 14, 9], ["dikdortgen", 15, 297, 5, 5], ["dikdortgen", 16, 76, 5, 7], ["dikdortgen", 153, 69, 16, 13], ["daire", 81, 328, 12], ["dikdortgen", 251, 117, 9, 13], ["dikdortgen", 127, 199, 9, 10], ["dikdortgen", 141, 254, 16, 12], ["daire", 266, 263, 5], ["dikdortgen", 400, 132, 11, 8], ["dikdortgen", 348, 314, 12, 7], ["dikdortgen", 257, 213, 7, 5], ["daire", 106, 132, 9], ["dikdortgen", 134, 53, 8, 8], ["daire", 207, 144, 9], ["daire", 366, 47, 12], ["daire", 151, 181, 14], ["dikdortgen", 176, 314, 5, 6], ["dikdortgen", 57, 47, 9, 6], ["daire", 331, 305, 10], ["daire", 79, 165, 15], ["dikdortgen", 31, 26, 18, 20], ["dikdortgen", 64, 169, 11, 10], ["daire", 153, 61, 15], ["dikdortgen", 383, 302, 13, 17], ["daire", 372, 84, 7], ["daire", 254, 217, 10], ["daire", 59, 190, 9], ["dikdortgen", 164, 48, 17, 10], ["dikdortgen", 318, 232, 6, 7], ["daire", 43, 133, 7], ["daire", 212, 214, 10], ["daire", 388, 281, 6], ["daire", 138, 63, 10], ["daire", 402, 110, 3], ["daire", 417, 296, 6], ["daire", 88, 265, 7], ["daire", 279, 92, 7], ["dikdortgen", 288, 292, 15, 16], ["dikdortgen", 31, 205, 5, 8], ["dikdortgen", 293, 299, 13, 20], ["daire", 264, 211, 12], ["dikdortgen", 69, 8, 9, 19], ["daire", 228, 198, 13], ["daire", 254, 43, 3], ["dikdortgen", 107, 260, 7, 9], ["dikdortgen", 407, 258, 13, 8], ["dikdortgen", 55, 89, 20, 19], ["dikdortgen", 229, 317, 7, 20], ["dikdortgen", 263, 193, 8, 20], ["daire", 93, 45, 13], ["dikdortgen", 401, 181, 11, 19], ["dikdortgen", 189, 232, 17, 7], ["dikdortgen", 15, 67, 10, 10], ["daire", 182, 280, 14], ["daire", 156, 226, 12], ["dikdortgen", 29, 253, 6, 12], ["daire", 215, 250, 11]], "rrt_path": [[219.89378658448197, 151.96069849745388], [210.97090114861538, 159.20686490819105], [197.64740786034773, 161.6136284212101], [181.92947362887375, 155.0528297396076], [174.98308066115027, 152.9448541557362], [174.63715472936215, 152.83379432404192], [158.94192591580088, 153.5075776153045], [151.55872103826047, 155.639659157135], [134.5862449392814, 153.47252418824485], [119.51789258009089, 150.0220256878386], [108.66657054199418, 147.5293442915666], [89.39553267228162, 142.98690098747917], [72.97273746773179, 139.9257362709931], [56.836052676651114, 148.4861841699919]]}