{"harita_boyut": {"genislik": 274, "yukseklik": 477}, "baslangic": [200.8259049031202, 274.19077641208867], "hedef": [76.69635330493614, 317.92765024718955], "engeller": [["dikdortgen", 132, 419, 16, 17], ["dikdortgen", 264, 291, 7, 7], ["daire", 149, 60, 15], ["dikdortgen", 207, 138, 19, 14], ["daire", 218, 294, 5], ["dikdortgen", 243, 72, 19, 8], ["daire", 259, 61, 12], ["daire", 168, 368, 14], ["dikdortgen", 130, 383, 17, 7], ["dikdortgen", 180, 407, 19, 18], ["daire", 15, 439, 5], ["dikdortgen", 115, 213, 5, 11], ["dikdortgen", 63, 199, 7, 10], ["dikdortgen", 102, 83, 14, 11], ["dikdortgen", 122, 39, 8, 14], ["dikdortgen", 140, 51, 19, 12], ["dikdortgen", 156, 335, 14, 6], ["dikdortgen", 192, 146, 19, 8], ["daire", 212, 232, 9], ["dikdortgen", 26, 406, 9, 11], ["daire", 11, 367, 10], ["dikdortgen", 176, 65, 5, 10], ["daire", 155, 267, 7], ["daire", 261, 46, 4], ["dikdortgen", 8, 341, 8, 5], ["daire", 227, 447, 15], ["dikdortgen", 235, 199, 20, 18], ["dikdortgen", 88, 333, 16, 17], ["dikdortgen", 19, 448, 18, 6], ["dikdortgen", 177, 460, 18, 9], ["daire", 140, 289, 15], ["dikdortgen", 22, 170, 7, 11], ["dikdortgen", 204, 327, 8, 16], ["dikdortgen", 186, 336, 5, 20], ["dikdortgen", 155, 191, 18, 15], ["daire", 161, 369, 5], ["dikdortgen", 240, 233, 20, 6], ["daire", 165, 415, 13], ["daire", 48, 399, 10], ["dikdortgen", 218, 399, 11, 11], ["dikdortgen", 81, 113, 14, 20], ["daire", 57, 429, 3], ["daire", 206, 281, 3], ["dikdortgen", 123, 32, 13, 20], ["dikdortgen", 233, 95, 7, 14], ["dikdortgen", 199, 322, 5, 20], ["dikdortgen", 119, 396, 14, 10], ["daire", 218, 218, 11], ["dikdortgen", 67, 26, 12, 9], ["dikdortgen", 261, 100, 11, 17], ["daire", 161, 53, 3], ["dikdortgen", 222, 184, 9, 9], ["dikdortgen", 78, 221, 6, 12], ["dikdortgen", 163, 26, 11, 20], ["dikdortgen", 93, 258, 13, 16], ["daire", 212, 376, 13], ["daire", 163, 308, 3], ["daire", 101, 120, 3], ["dikdortgen", 8, 294, 16, 7], ["daire", 196, 220, 8], ["dikdortgen", 97, 414, 8, 6], ["daire", 242, 370, 14], ["daire", 135, 247, 11], ["daire", 100, 254, 6], ["dikdortgen", 135, 310, 9, 8]], "rrt_path": [[200.8259049031202, 274.19077641208867], [196.66446363167125, 260.53551362505846], [193.1456820437116, 247.28987360253277], [184.24503804925445, 233.44812761886192], [169.56784784723285, 223.3942242332951], [158.96459877174445, 215.80998640483298], [147.78474286699935, 209.48289678239098], [139.193270029529, 200.06251656926887], [133.00710505142033, 191.53082245264778], [126.34876318012306, 183.3151083865309], [119.69362580025103, 169.4463276806998], [121.46294640354068, 167.84958863398825], [111.95502303009069, 181.10143149252576], [105.9416215757882, 196.76044169678585], [98.92504426234963, 213.48408572234473], [96.07451324608296, 226.6199307892885], [91.44074357315041, 237.53485528476125], [86.31484410461064, 255.16548221376058], [87.2619605229004, 270.72897976887333], [84.31610797502243, 290.05149609425496], [79.86577208196877, 307.15522419413423], [76.69635330493614, 317.92765024718955]]}