{"harita_boyut": {"genislik": 160, "yukseklik": 101}, "baslangic": [142.5987456487332, 16.40564388229735], "hedef": [7.280094013907474, 21.241368056419418], "engeller": [["daire", 42, 31, 12], ["dikdortgen", 148, 40, 11, 7], ["daire", 55, 20, 14], ["daire", 148, 79, 7], ["dikdortgen", 113, 48, 14, 20], ["daire", 22, 28, 6], ["dikdortgen", 134, 53, 19, 14], ["daire", 15, 39, 8]], "rrt_path": [[142.5987456487332, 16.40564388229735], [136.08005221828066, 19.324372015828764], [123.60694635692134, 25.50371801680641], [108.47547721857575, 31.364288798204605], [92.28021837010887, 36.93004636422747], [75.211187819754, 42.142304194495125], [57.13233591396534, 48.0805361280686], [39.78588081088901, 50.879398066077364], [20.261119898594437, 52.71139361656709], [12.480251684551202, 54.18814205250208], [4.268918853663156, 48.06136067613993], [1.763195282306782, 41.09242309348184], [1.417070696570989, 37.10742650990122], [2.3786216080215627, 35.82571730374801], [4.500545748336612, 28.53484409543174], [7.280094013907474, 21.241368056419418]]}