{"harita_boyut": {"genislik": 480, "yukseklik": 317}, "baslangic": [427.834618534949, 227.6941309530862], "hedef": [455.2810639330153, 56.35374073818887], "engeller": [["daire", 96, 217, 9], ["dikdortgen", 381, 39, 19, 13], ["dikdortgen", 326, 56, 15, 18], ["daire", 220, 122, 13], ["daire", 178, 58, 12], ["dikdortgen", 334, 50, 6, 16], ["daire", 347, 281, 9], ["daire", 368, 56, 4], ["dikdortgen", 88, 145, 6, 7], ["daire", 192, 157, 10], ["daire", 401, 24, 8], ["dikdortgen", 93, 71, 16, 15], ["dikdortgen", 278, 210, 5, 18], ["dikdortgen", 167, 92, 20, 10], ["daire", 179, 295, 13], ["daire", 228, 220, 9], ["daire", 137, 136, 7], ["dikdortgen", 192, 109, 8, 16], ["dikdortgen", 53, 174, 7, 20], ["dikdortgen", 449, 18, 16, 18], ["dikdortgen", 247, 39, 9, 5], ["daire", 256, 220, 14], ["daire", 27, 172, 5], ["daire", 277, 193, 12], ["daire", 257, 24, 7], ["dikdortgen", 99, 243, 9, 17], ["daire", 400, 167, 7], ["dikdortgen", 24, 183, 17, 18], ["dikdortgen", 296, 47, 13, 16], ["daire", 164, 161, 8], ["daire", 75, 208, 7], ["dikdortgen", 304, 304, 18, 5], ["daire", 62, 152, 15], ["daire", 404, 301, 11], ["dikdortgen", 255, 255, 7, 13], ["dikdortgen", 299, 247, 14, 14], ["daire", 154, 157, 13], ["dikdortgen", 147, 147, 17, 13], ["dikdortgen", 107, 103, 12, 20], ["daire", 325, 156, 8], ["daire", 323, 68, 14], ["dikdortgen", 174, 146, 12, 14], ["dikdortgen", 366, 117, 8, 6], ["daire", 445, 215, 3], ["daire", 379, 89, 7], ["dikdortgen", 76, 218, 13, 10], ["daire", 50, 187, 10], ["dikdortgen", 417, 51, 12, 18], ["daire", 95, 165, 11], ["daire", 56, 89, 12], ["dikdortgen", 250, 54, 10, 5], ["daire", 345, 269, 5], ["daire", 354, 169, 13], ["daire", 445, 21, 11], ["daire", 145, 36, 9], ["dikdortgen", 441, 111, 19, 10], ["dikdortgen", 321, 242, 7, 9], ["daire", 22, 48, 12], ["daire", 467, 152, 13], ["dikdortgen", 428, 153, 14, 18], ["daire", 268, 148, 14], ["dikdortgen", 415, 138, 17, 20], ["dikdortgen", 378, 144, 16, 20], ["daire", 185, 164, 11], ["daire", 365, 170, 4], ["dikdortgen", 408, 216, 14, 9], ["daire", 393, 87, 13], ["daire", 447, 240, 8], ["daire", 239, 247, 6], ["daire", 390, 15, 7], ["daire", 115, 246, 14], ["daire", 218, 52, 13], ["dikdortgen", 270, 181, 5, 16], ["daire", 363, 231, 3], ["daire", 95, 61, 7], ["dikdortgen", 347, 229, 19, 18]], "rrt_path": [[427.834618534949, 227.6941309530862], [428.0790758894086, 211.9677921013166], [415.35955863601436, 202.11660002475406], [400.06908677258315, 193.99796580549446], [383.68975898745106, 187.25553261831922], [379.73222137355384, 187.83682087262054], [361.711958799263, 188.80265277434248], [354.0440226569963, 188.1620283026125], [336.8268716256196, 188.26697011487323], [318.806474807891, 179.6788858056065], [301.41714632386356, 174.64123742720895], [293.66938456736307, 172.9594829586959], [278.50294962350824, 165.47813801367994], [278.6526212498066, 164.7459329699447], [281.89903175315783, 162.40909347102078], [296.0080365937357, 151.15699269902805], [302.77312799705237, 147.00148117124198], [321.3184428230402, 140.53933722554285], [325.04681463155333, 139.09046053738595], [341.9979017381841, 136.22950828081952], [361.4363544943092, 135.48640427135405], [380.41757349848945, 133.90434441824112], [395.3537005456367, 121.49049757179488], [396.62420290468714, 117.69763272373514], [406.5849469094481, 104.86720276741887], [415.43845724296034, 94.14169764947492], [420.24704729586824, 87.76375775629853], [431.4795562880901, 76.04616211525558], [434.97889946438585, 74.10848377907264], [439.8232379965935, 66.14282528091142], [455.2810639330153, 56.35374073818887]]}