{"harita_boyut": {"genislik": 189, "yukseklik": 334}, "baslangic": [40.98513653873879, 283.82855076635815], "hedef": [161.2128828833592, 154.36376540765488], "engeller": [["daire", 62, 167, 14], ["daire", 167, 310, 4], ["dikdortgen", 103, 55, 9, 5], ["daire", 13, 175, 8], ["daire", 179, 165, 3], ["daire", 119, 12, 4], ["daire", 141, 19, 4], ["daire", 151, 221, 10], ["dikdortgen", 49, 190, 19, 16], ["daire", 46, 220, 4], ["daire", 154, 51, 8], ["daire", 77, 310, 3], ["dikdortgen", 115, 213, 18, 20], ["dikdortgen", 158, 51, 5, 13], ["dikdortgen", 124, 83, 7, 9], ["daire", 109, 22, 11], ["daire", 56, 285, 8], ["dikdortgen", 71, 185, 20, 20], ["dikdortgen", 161, 197, 19, 12], ["daire", 121, 215, 5], ["daire", 111, 135, 4], ["dikdortgen", 142, 100, 11, 6], ["daire", 47, 178, 6], ["daire", 142, 170, 8], ["dikdortgen", 148, 118, 16, 13], ["dikdortgen", 149, 227, 5, 13], ["dikdortgen", 112, 30, 19, 14], ["daire", 20, 298, 13], ["daire", 41, 89, 13], ["daire", 146, 48, 10], ["dikdortgen", 178, 280, 8, 17]], "rrt_path": [[40.9851365387388, 283.8285507663582], [41.15000148392853, 283.35455794325355], [41.31519950819012, 282.8806753585157], [41.480730611523555, 282.40690301214477], [41.64659479392887, 281.93324090414086], [41.81279205540604, 281.45968903450375], [41.97932239595507, 280.9862474032335], [42.14618581557596, 280.5129160103302], [42.31338231426872, 280.03969485579387], [42.48091189203333, 279.5665839396244], [42.648774548869824, 279.09358326182183], [42.816970284778165, 278.62069282238616], [42.98549909975837, 278.14791262131746], [43.15436099381044, 277.6752426586155], [43.32355596693437, 277.2026829342806], [43.49308401913016, 276.7302334483125], [43.66294515039782, 276.2578942007114], [43.83313936073732, 275.78566519147716], [44.00366665014871, 275.3135464206099], [44.174527018631956, 274.84153788810943], [44.34572046618706, 274.36963959397593], [44.51724699281402, 273.89785153820935], [44.689106598512836, 273.4261737208096], [44.86129928328353, 272.95460614177676], [45.03382504712608, 272.4831488011109], [45.206683890040495, 272.01180169881184], [45.37987581202677, 271.5405648348798], [45.553400813084906, 271.06943820931457], [45.7272588932149, 270.59842182211634], [45.90145005241676, 270.1275156732849], [46.07597429069048, 269.65671976282044], [46.250831608036066, 269.18603409072284], [46.42602200445352, 268.7154586569922], [46.60154547994283, 268.24499346162844], [46.777402034504, 267.7746385046316], [46.95359166813704, 267.30439378600164], [47.13011438084193, 266.83425930573856], [47.30697017261869, 266.3642350638425], [47.484159043467315, 265.89432106031325], [47.66168099338779, 265.42451729515085], [47.83953602238013, 264.9548237683555], [48.01772413044434, 264.4852404799269], [48.196245317580406, 264.01576742986526], [48.37509958378833, 263.5464046181705], [48.55428692906813, 263.0771520448428], [48.73380735341978, 262.6080097098819], [48.9136540031965, 262.1389758722708], [49.09330982623394, 261.66991918637046], [49.27245259880493, 261.2007577983865], [49.451082320909435, 260.7314917083191], [49.62919899254751, 260.2621209161681], [49.80680261371911, 259.79264542193357], [49.98389318442426, 259.32306522561566], [50.16047070466295, 258.8533803272141], [50.33653517443518, 258.3835907267291], [50.51208659374094, 257.9136964241605], [50.68712496258025, 257.44369741950834], [50.8616502809531, 256.97359371277275], [51.03566254885949, 256.5033853039536], [51.209161766299424, 256.033072193051], [51.3821479332729, 255.56265438006477], [51.55462104977991, 255.09213186499503], [51.726581115820466, 254.6215046478418], [51.89802813139456, 254.150772728605], [52.0689620965022, 253.6799361072847], [52.23938301114338, 253.20899478388094], [52.4092908753181, 252.7379487583936], [52.578685689026365, 252.26679803082274], [52.747567452268164, 251.7955426011684], [52.915936165043505, 251.32418246943047], [53.083791827352385, 250.85271763560903], [53.25113443919482, 250.38114809970412], [53.417964000570784, 249.90947386171564], [53.58428051148029, 249.4376949216436], [53.75008397192333, 248.9658112794881], [53.91537438189993, 248.49382293524906], [54.08015174141005, 248.02172988892647], [54.24441605045372, 247.5495321405204], [54.40816730903093, 247.07722969003078], [54.571405517141685, 246.60482253745766], [54.73413067478598, 246.132310682801], [54.89634278196381, 245.6596941260608], [55.05818283756059, 245.1868884013063], [55.220017821753686, 244.71367366763474], [55.381866726151216, 244.24003854804937], [55.54372955075315, 243.7659830425502], [55.70560629555953, 243.29150715113727], [55.86749696057033, 242.81661087381048], [56.029401545785554, 242.34129421056988], [56.191320051205196, 241.86555716141552], [56.35325247682927, 241.38939972634734], [56.51519882265777, 240.9128219053654], [56.6771590886907, 240.4358236984696], [56.839133274928045, 239.95840510566003], [57.00112138136982, 239.48056612693665], [57.16312340801603, 239.0023067622995], [57.32513935486665, 238.52362701174852], [57.48716922192172, 238.04452687528374], [57.6492130091812, 237.5650063529052], [57.8112707166451, 237.08506544461278], [57.97334234431343, 236.6047041504066], [58.135427892186186, 236.12392247028663], [58.29752736026337, 235.64272040425286], [58.459640748544984, 235.16109795230528], [58.62176805703101, 234.6790551144439], [58.78390928572148, 234.19659189066877], [58.94606443461636, 233.71370828097974], [59.10823350371566, 233.23040428537692], [59.270416493019404, 232.74667990386035], [59.432613402527565, 232.26253513643], [59.59482423224016, 231.7779699830858], [59.75704898215717, 231.29298444382786], [59.91928765227861, 230.80757851865604], [60.081540242604476, 230.32175220757046], [60.24380675313476, 229.83550551057107], [60.40608718386948, 229.34883842765794], [60.56838153480862, 228.86175095883092], [60.73409651680025, 228.3766643814582], [60.90980227195742, 227.89824834233758], [61.09566374860464, 227.42662007643926], [61.291680946741955, 226.9617795837635], [61.49785386636931, 226.50372686431], [61.71418250748675, 226.05246191807905], [61.94066687009425, 225.60798474507044], [62.17730695419181, 225.1702953452843], [62.424102759779444, 224.7393937187205], [62.68105428685715, 224.31527986537913], [62.94816153542491, 223.89795378526017], [63.22542450548274, 223.4874154783636], [63.51284319703064, 223.08366494468947], [63.81041761006861, 222.6867021842378], [64.11814774459664, 222.29652719700843], [64.43603360061475, 221.91313998300154], [64.76407517812291, 221.53654054221707], [65.10227247712115, 221.166728874655], [65.45062549760945, 220.8037049803153], [65.80913423958782, 220.44746885919804], [66.17779870305624, 220.0980205113032], [66.55661888801475, 219.75535993663073], [66.94559479446333, 219.4194871351807], [67.34472642240198, 219.0904021069531], [67.75401377183067, 218.7681048519479], [68.17345684274943, 218.45259537016506], [68.60305563515827, 218.14387366160466], [69.04281014905717, 217.84193972626673], [69.49272038444616, 217.54679356415116], [69.95278634132518, 217.258435175258], [70.4230080196943, 216.97686455958723], [70.90338541955346, 216.70208171713892], [71.39391854090269, 216.43408664791298], [71.89366952901545, 216.17375650625314], [72.39478023484939, 215.92844084147748], [72.89548202219551, 215.6997938190866], [73.3957748910538, 215.48781543908035], [73.89565884142428, 215.29250570145882], [74.39513387330695, 215.113864606222], [74.89419998670179, 214.95189215336984], [75.39285718160882, 214.80658834290244], [75.89110545802802, 214.67795317481972], [76.3889448159594, 214.5659866491217], [76.88637525540298, 214.4706887658084], [77.38339677635872, 214.39205952487973], [77.88000937882666, 214.33009892633584], [78.37621306280676, 214.2848069701766], [78.87200782829905, 214.25618365640213], [79.36739367530352, 214.24422898501228], [79.86237060382018, 214.24894295600717], [80.35693861384901, 214.27032556938676], [80.85109770539003, 214.30837682515104], [81.3448478784432, 214.3630967233], [81.8381891330086, 214.4344852638337], [82.33112146908616, 