{"harita_boyut": {"genislik": 384, "yukseklik": 487}, "baslangic": [95.10574772013065, 87.67934456847904], "hedef": [47.88950269912944, 304.07220896425775], "engeller": [["dikdortgen", 287, 387, 5, 18], ["dikdortgen", 220, 383, 16, 17], ["daire", 72, 386, 14], ["daire", 46, 468, 9], ["dikdortgen", 175, 324, 5, 13], ["dikdortgen", 225, 409, 7, 20], ["daire", 292, 216, 9], ["daire", 98, 221, 12], ["daire", 40, 74, 13], ["dikdortgen", 56, 426, 19, 6], ["daire", 218, 395, 13], ["dikdortgen", 16, 16, 20, 14], ["daire", 52, 397, 3], ["dikdortgen", 196, 104, 13, 9], ["dikdortgen", 48, 217, 6, 15], ["daire", 301, 10, 3], ["daire", 248, 189, 10], ["daire", 188, 468, 11], ["dikdortgen", 220, 464, 19, 19], ["daire", 214, 115, 15], ["daire", 176, 363, 4], ["dikdortgen", 241, 153, 11, 6], ["daire", 305, 140, 6], ["dikdortgen", 106, 67, 9, 19], ["dikdortgen", 145, 217, 16, 6], ["daire", 41, 57, 9], ["daire", 108, 482, 3], ["daire", 174, 217, 4], ["dikdortgen", 276, 85, 17, 5], ["dikdortgen", 74, 119, 17, 12], ["dikdortgen", 226, 367, 9, 10], ["dikdortgen", 322, 87, 13, 18], ["dikdortgen", 38, 255, 16, 11], ["dikdortgen", 296, 395, 6, 10], ["daire", 201, 237, 4], ["daire", 45, 30, 8], ["dikdortgen", 236, 198, 9, 7], ["dikdortgen", 122, 140, 16, 13], ["daire", 247, 160, 13], ["dikdortgen", 226, 134, 16, 10], ["dikdortgen", 238, 44, 13, 7], ["daire", 104, 395, 6], ["daire", 183, 155, 8], ["dikdortgen", 335, 321, 17, 20], ["dikdortgen", 5, 329, 19, 16], ["daire", 326, 113, 15], ["daire", 263, 466, 10], ["daire", 353, 100, 7], ["dikdortgen", 53, 246, 10, 9], ["dikdortgen", 60, 53, 12, 13], ["daire", 200, 205, 9], ["dikdortgen", 319, 443, 13, 5], ["dikdortgen", 58, 100, 9, 11], ["dikdortgen", 298, 233, 17, 5], ["daire", 106, 285, 7], ["daire", 20, 146, 3], ["daire", 321, 9, 4], ["daire", 254, 446, 10], ["dikdortgen", 81, 371, 11, 9], ["daire", 129, 229, 7], ["daire", 157, 200, 13], ["dikdortgen", 281, 137, 7, 14], ["daire", 363, 195, 9], ["dikdortgen", 57, 184, 5, 10], ["daire", 91, 409, 14], ["daire", 240, 302, 12], ["daire", 67, 401, 14], ["daire", 280, 249, 15], ["daire", 254, 365, 15], ["daire", 311, 479, 4], ["daire", 344, 92, 3], ["dikdortgen", 322, 301, 8, 5], ["daire", 203, 322, 5], ["dikdortgen", 36, 287, 19, 7], ["daire", 27, 450, 6], ["daire", 365, 474, 9], ["dikdortgen", 308, 84, 14, 9], ["dikdortgen", 157, 83, 5, 9], ["daire", 39, 137, 4], ["dikdortgen", 46, 268, 11, 10], ["dikdortgen", 25, 241, 20, 17], ["dikdortgen", 150, 189, 8, 17], ["dikdortgen", 32, 20, 8, 5], ["daire", 253, 267, 15], ["dikdortgen", 246, 343, 15, 15], ["dikdortgen", 306, 162, 10, 16], ["dikdortgen", 212, 433, 18, 6], ["daire", 144, 17, 13], ["dikdortgen", 16, 242, 20, 15], ["daire", 117, 150, 9], ["daire", 289, 327, 13], ["daire", 141, 456, 11], ["dikdortgen", 234, 42, 6, 17]], "rrt_path": [[95.10574772013065, 87.67934456847904], [105.68735683249706, 102.5734782361078], [103.74652216482292, 119.44939202361957], [100.37118892945269, 130.12795561174204], [100.31364308567402, 139.70286108560288], [102.2980451523347, 154.48124341901857], [102.4210333402849, 160.4338160896852], [103.299919093996, 175.97848223045239], [112.20317754250634, 193.2708036738388], [122.7076744348677, 204.827803897116], [123.1755454992836, 205.50952782492962], [116.20279765408067, 223.7800313415746], [107.20406237099216, 241.0249656832247], [101.51923947480074, 249.60838814304907], [94.84684665135268, 256.80188720139955], [86.56840348118588, 267.5613162680849], [76.04778505091858, 281.0808015087968], [72.07275096026727, 292.1475320460497], [57.28070769211211, 301.5236092865676], [47.88950269912944, 304.07220896425775]]}