{"harita_boyut": {"genislik": 497, "yukseklik": 379}, "baslangic": [404.1701680148432, 341.37451403355306], "hedef": [379.8408831496596, 198.39334617184218], "engeller": [["dikdortgen", 153, 308, 11, 16], ["dikdortgen", 252, 57, 6, 8], ["daire", 85, 200, 4], ["daire", 40, 9, 7], ["dikdortgen", 275, 243, 15, 19], ["daire", 183, 96, 8], ["dikdortgen", 24, 179, 14, 20], ["dikdortgen", 16, 245, 9, 9], ["dikdortgen", 364, 75, 11, 5], ["dikdortgen", 31, 309, 15, 6], ["daire", 307, 170, 5], ["daire", 303, 32, 9], ["daire", 187, 329, 4], ["dikdortgen", 1, 320, 19, 15], ["daire", 33, 99, 10], ["dikdortgen", 136, 263, 18, 14], ["dikdortgen", 305, 356, 16, 8], ["dikdortgen", 139, 308, 13, 16], ["dikdortgen", 486, 130, 9, 8], ["dikdortgen", 65, 101, 15, 18], ["daire", 363, 215, 9], ["daire", 439, 263, 13], ["dikdortgen", 225, 75, 15, 19], ["dikdortgen", 19, 12, 9, 20], ["daire", 287, 19, 10], ["daire", 138, 77, 4], ["dikdortgen", 219, 307, 8, 17], ["dikdortgen", 178, 313, 12, 14], ["dikdortgen", 358, 289, 19, 11], ["dikdortgen", 477, 129, 14, 11], ["dikdortgen", 191, 330, 6, 13], ["dikdortgen", 186, 102, 12, 10], ["dikdortgen", 371, 84, 6, 17], ["dikdortgen", 96, 95, 14, 7], ["daire", 253, 122, 7], ["daire", 124, 290, 13], ["daire", 169, 59, 13], ["dikdortgen", 164, 105, 15, 18], ["daire", 98, 194, 6], ["daire", 250, 15, 11], ["dikdortgen", 437, 8, 10, 8], ["daire", 83, 310, 3], ["daire", 329, 278, 13], ["daire", 192, 28, 3], ["dikdortgen", 349, 121, 12, 17], ["daire", 383, 221, 11], ["daire", 216, 79, 10], ["daire", 152, 170, 7], ["daire", 286, 130, 9], ["daire", 432, 285, 4], ["daire", 418, 213, 8], ["dikdortgen", 185, 288, 14, 12], ["dikdortgen", 120, 239, 16, 9], ["daire", 110, 300, 4], ["daire", 208, 226, 10], ["dikdortgen", 96, 321, 16, 15], ["dikdortgen", 65, 327, 7, 11], ["dikdortgen", 6, 290, 15, 6], ["dikdortgen", 335, 170, 18, 13], ["daire", 278, 192, 5], ["dikdortgen", 2, 174, 15, 16], ["dikdortgen", 96, 160, 12, 20], ["dikdortgen", 190, 269, 6, 17], ["dikdortgen", 450, 225, 5, 5], ["daire", 359, 346, 10], ["daire", 377, 132, 15], ["daire", 174, 153, 4], ["dikdortgen", 346, 154, 8, 9], ["daire", 348, 87, 14], ["dikdortgen", 301, 187, 13, 19], ["daire", 324, 249, 12], ["dikdortgen", 121, 61, 5, 12], ["dikdortgen", 279, 157, 9, 16], ["daire", 126, 32, 11], ["dikdortgen", 194, 123, 15, 14], ["daire", 332, 13, 8], ["dikdortgen", 359, 44, 6, 20], ["daire", 40, 272, 11], ["daire", 363, 77, 15], ["dikdortgen", 74, 351, 11, 17], ["daire", 148, 80, 11], ["dikdortgen", 163, 250, 20, 14], ["dikdortgen", 15, 321, 19, 8], ["dikdortgen", 332, 374, 10, 5], ["daire", 280, 207, 9], ["daire", 429, 23, 10], ["daire", 285, 49, 12], ["daire", 185, 329, 9], ["daire", 461, 66, 13], ["daire", 149, 240, 5], ["daire", 161, 37, 3], ["daire", 110, 249, 3], ["dikdortgen", 196, 42, 18, 14], ["daire", 451, 268, 8]], "rrt_path": [[404.1701680148432, 341.37451403355306], [400.1982695490838, 341.84782426764696], [384.2350838446154, 336.7816360194508], [374.9079953924106, 329.3998860978768], [361.7166634017311, 317.7386408451255], [347.5654520692364, 304.8557699792956], [340.6455462960374, 301.36995149272684], [326.7861209467647, 298.3403112608174], [314.9945768978014, 292.0033180744216], [307.76757244955905, 284.70100869049105], [290.78808539983066, 275.48332205641975], [273.3961358239185, 269.840098103558], [260.6124820985253, 259.3450049052484], [247.53982310596996, 248.5228505346833], [233.2822553094851, 234.7347072990113], [226.7053526443877, 225.5609862551215], [229.57285964405332, 226.74668178117292], [243.70727921029737, 225.21173448429317], [261.96338859079776, 221.643939786888], [276.29161983669377, 221.43848619493207], [294.69161606758814, 221.49497909123656], [301.80916863398295, 220.09926112109392], [318.4469449981842, 213.4412597479147], [322.8565543165409, 202.9166572834256], [339.3265113005038, 196.9826137471529], [351.80593111083067, 194.39281712004805], [369.2949817735069, 195.78666890139436], [379.8408831496596, 198.39334617184218]]}