{"harita_boyut": {"genislik": 495, "yukseklik": 174}, "baslangic": [404.8390335543225, 165.47244297796368], "hedef": [302.22166783522744, 149.13983533148834], "engeller": [["daire", 25, 151, 4], ["daire", 126, 46, 7], ["dikdortgen", 138, 129, 6, 18], ["dikdortgen", 247, 144, 6, 6], ["daire", 10, 97, 8], ["dikdortgen", 274, 64, 11, 20], ["dikdortgen", 448, 142, 18, 17], ["dikdortgen", 158, 8, 5, 11], ["dikdortgen", 100, 108, 18, 6], ["daire", 293, 113, 7], ["daire", 229, 98, 14], ["daire", 462, 90, 14], ["dikdortgen", 57, 149, 15, 9], ["dikdortgen", 205, 106, 9, 9], ["dikdortgen", 133, 125, 16, 11], ["daire", 31, 18, 3], ["dikdortgen", 34, 127, 10, 6], ["daire", 373, 41, 6], ["dikdortgen", 243, 83, 5, 17], ["daire", 345, 106, 3], ["daire", 224, 103, 14], ["dikdortgen", 459, 19, 16, 14], ["daire", 429, 104, 12], ["dikdortgen", 252, 23, 5, 13], ["daire", 59, 36, 6], ["daire", 472, 47, 12], ["daire", 56, 28, 7], ["daire", 364, 126, 8], ["dikdortgen", 40, 57, 20, 8], ["dikdortgen", 348, 155, 11, 16], ["dikdortgen", 276, 105, 16, 13], ["dikdortgen", 31, 77, 5, 9], ["dikdortgen", 14, 12, 13, 9], ["dikdortgen", 435, 156, 19, 15], ["dikdortgen", 67, 79, 13, 18], ["dikdortgen", 214, 2, 9, 13], ["daire", 233, 157, 4], ["daire", 190, 86, 14], ["daire", 437, 128, 8], ["dikdortgen", 445, 9, 15, 19], ["dikdortgen", 471, 55, 13, 13], ["dikdortgen", 463, 115, 16, 8], ["daire", 240, 122, 14]], "rrt_path": [[404.83903355432255, 165.47244297796365], [404.3712887964848, 165.2833250547789], [403.9041293311336, 165.09293387543755], [403.4375551582689, 164.9012694399396], [402.9715662778904, 164.7083317482849], [402.50616268999835, 164.51412080047353], [402.04134439459295, 164.3186365965056], [401.57711139167384, 164.12187913638104], [401.11346368124117, 163.9238484200998], [400.650401263295, 163.7245444476619], [400.1879241378351, 163.52396721906737], [399.7260323048618, 163.32211673431618], [399.26472576437476, 163.11899299340837], [398.8040045163743, 162.9145959963439], [398.34386856086024, 162.7089257431228], [397.8843178978326, 162.50198223374503], [397.4253525272914, 162.29376546821064], [396.96697244923655, 162.08427544651954], [396.5091776636683, 161.8735121686719], [396.0519681705863, 161.66147563466754], [395.5953439699908, 161.44816584450655], [395.1393050618817, 161.2335827981889], [394.6838514462591, 161.0177264957146], [394.22898312312293, 160.8005969370837], [393.7747000924731, 160.5821941222961], [393.32100235430977, 160.36251805135188], [392.86788990863283, 160.14156872425104], [392.4153627554424, 159.91934614099353], [391.9634208947383, 159.69585030157938], [391.51206432652066, 159.47108120600856], [391.06129305078946, 159.24503885428112], [390.6111070675448, 159.01772324639703], [390.1615063767864, 158.78913438235628], [389.7124909785145, 158.5592722621589], [389.26406085250375, 158.3281369308273], [388.8158576217779, 158.0965261516113], [388.36753353775225, 157.8652140284837], [387.91908860042685, 157.63420056144443], [387.4705228098017, 157.4034857504936], [387.02183616587683, 157.17306959563106], [386.5730286686521, 156.94295209685697], [386.1241003181277, 156.71313325417125], [385.6750511143036, 156.48361306757388], [385.2258810571796, 156.25439153706495], [384.77659014675595, 156.02546866264433], [384.3271783830325, 155.79684444431214], [383.87764576600927, 155.5685188820683], [383.4279922956863, 155.34049197591287], [382.9782179720635, 155.11276372584575], [382.52832279514104, 154.88533413186707], [382.0783067649187, 154.65820319397676], [381.6281698813967, 154.43137091217483], [381.1779121445748, 154.2048372864612], [380.7275335544533, 153.97860231683606], [380.277034111032, 153.75266600329928], [379.82641381431085, 153.52702834585082], [379.37567266429005, 153.3016893444908], [378.92481066096946, 153.07664899921912], [378.47382780434907, 152.85190731003584], [378.0227240944289, 152.62746427694094], [377.57149953120904, 152.40331989993442], [377.1201541146894, 152.17947417901624], [376.66868784486996, 151.95592711418647], [376.2171007217508, 151.7326787054451], [375.76539274533184, 151.50972895279205], [375.3135639156132, 151.28707785622743], [374.86161423259466, 151.06472541575118], [374.4095436962765, 150.84267163136332], [373.95729735903353, 150.62100431870198], [373.5043851661794, 150.40050666839824], [373.05069121885253, 150.18136390651995], [372.5962155170527, 149.9635760330671], [372.14095806078006, 149.74714304803962], [371.68491885003465, 149.53206495143763], [371.2280978848164, 149.31834174326102], [370.7704951651252, 149.10597342350982], [370.3121106909613, 148.8949599921841], [369.8529444623244, 148.68530144928377], [369.3929964792148, 148.4769977948089], [368.93226674163225, 148.27004902875944], [368.47075524957694, 148.0644551511354], [368.00846200304875, 147.86021616193676], [367.54538700204773, 147.65733206116357], [367.0815302465739, 147.45580284881584], [366.6168917366271, 147.2556285248935], [366.1514714722075, 147.05680908939655], [365.6852694533152, 146.85934454232506], [365.21828567995, 146.66323488367902], [364.7505201521119, 146.46848011345838], [364.28197286980094, 146.27508023166317], [363.81264383301726, 146.0830352382934], [363.3425330417606, 145.89234513334904], [362.87164049603115, 145.7030099168301], [362.3999661958289, 145.51502958873658], [361.9275101411537, 145.3284041490685], [361.4542723320058, 145.14313359782585], [360.98025276838496, 144.9592179350086], [360.50545145029133, 144.77665716061682], [360.03065352450494, 144.5945097693822], [359.55772072291614, 144.41054327379163], [359.08673223446897, 144.22466271477504], [358.61768805916347, 144.03686809233247], [358.1505881969996, 143.8471594064639], [357.6854326479772, 143.65553665716934], [357.22222141209664, 143.46199984444877], [356.7609544893577, 143.26654896830226], [356.30163187976035, 143.06918402872975], [355.8442535833047, 142.86990502573124], [355.3888195999906, 142.6687119593067], [354.9353299298181, 142.4656048294562], [354.4837845727874, 142.2605836361797], [354.03418352889827, 142.0536483794772], [353.5865267981507, 141.84479905934873], [353.1408143805448, 141.63403567579425], [352.6970462760806, 141.42135822881377], [352.255222484758, 141.20676671840735], [351.81534300657717, 140.9902611445749], [351.3774078415378, 140.77184150731645], [350.9414169896402, 140.551507806632], [350.5073704508841, 140.32926004252158], [350.0752682252697, 140.1050982149852], [349.645110312797, 139.87902232402277], [349.21689671346587, 139.65103236963438], [348.7906274272764, 139.42112835181996], [348.36630245422856, 139.1893102705796], [347.94238427414484, 138.9557191462625], [347.51307188180675, 138.7208870432892], [347.0778071635275, 138.48486515148343], [346.6365901193073, 138.2476534708453], [346.18942074914594, 138.00925200137473], [345.73629905304347, 137.7696607430718], [345.27722503099994, 137.5288796959364], [344.8121986830153, 137.28690885996866], [344.3412200090897, 137.04374823516847], [343.8642890092229, 136.79939782153585], [343.38140568341504, 136.55385761907084], [342.89257003166614, 136.3071276277734], [342.3977820539761, 136.0592078476436], [341.89704175034507, 135.81009827868138], [341.39034912077284, 135.55979892088672], [340.87770416525956, 135.30830977425967], [340.35910688380534, 135.05563083880025], [339.8345572764099, 134.80176211450836], [339.3040553430734, 134.54670360138408], [338.76760108379585, 134.2904552994274], [338.2251944985772, 134.0330172086383], [337.6768355874175, 133.77438932901683], [337.12252435031667, 133.51457166056292], [336.56226078727474, 133.2535642032766], [335.99604489829176, 132.9913669571579], [335.4238766833678, 132.72797992220677], [334.84575614250264, 132.4634030984232], [334.26168327569644, 132.19763648580727], [333.6716580829491, 131.9306800843589], [333.07568056426067, 131.66253389407814], [332.47644345124075, 131.39755008999146], [331.8925258913707, 131.16575754738523], [331.3274666698939, 130.9728758904155], [330.7812657868102, 130.8189051190823], [330.2539232421196, 130.7038452333856], [329.7454390358222, 