{"harita_boyut": {"genislik": 119, "yukseklik": 179}, "baslangic": [89.09245928404108, 88.65678521920907], "hedef": [15.003259349352795, 167.630993288259], "engeller": [["daire", 19, 67, 5], ["daire", 37, 15, 3], ["dikdortgen", 11, 126, 19, 6], ["dikdortgen", 61, 43, 14, 13], ["daire", 31, 153, 6], ["daire", 75, 114, 6], ["dikdortgen", 24, 151, 19, 8], ["daire", 40, 143, 8], ["dikdortgen", 0, 137, 9, 6], ["dikdortgen", 33, 8, 9, 15]], "rrt_path": [[89.09245928404108, 88.65678521920907], [87.36105122714777, 103.60851880841986], [86.59338197478613, 109.43858742732752], [85.5140833207863, 124.24007748137754], [80.63599576894907, 136.0167186468494], [70.17935549151098, 149.01911918506883], [67.97538597417848, 149.28991832254576], [64.60581433332831, 151.44537348496004], [50.69533679630703, 163.06523289671426], [46.83352722728932, 164.10755091567165], [32.03067022687463, 166.86803240762677], [15.003259349352795, 167.630993288259]]}