{"harita_boyut": {"genislik": 193, "yukseklik": 186}, "baslangic": [96.38809952254957, 67.70941306182486], "hedef": [6.902011249149638, 8.099121100114388], "engeller": [["dikdortgen", 47, 138, 20, 8], ["daire", 155, 36, 7], ["daire", 172, 21, 11], ["dikdortgen", 55, 5, 15, 11], ["daire", 129, 127, 5], ["dikdortgen", 63, 44, 20, 20], ["dikdortgen", 125, 150, 18, 6], ["dikdortgen", 168, 108, 12, 15], ["dikdortgen", 53, 116, 13, 9], ["dikdortgen", 104, 53, 17, 11], ["dikdortgen", 23, 29, 9, 19], ["daire", 99, 93, 8], ["dikdortgen", 32, 7, 20, 19], ["daire", 121, 123, 11], ["daire", 153, 109, 5], ["daire", 68, 120, 10], ["dikdortgen", 55, 51, 19, 6]], "rrt_path": [[96.38809952254957, 67.70941306182486], [89.8327647231566, 70.35095366516582], [73.79472293042154, 80.05709566984858], [61.92124314630141, 75.22678030002794], [45.748632221324385, 71.14920944659279], [36.3358677223721, 69.60852188193448], [35.293073245141386, 69.22072799973574], [26.481236663959017, 62.71716438393113], [16.402899440104413, 52.11071673730894], [17.4065465398018, 36.341663976530896], [17.61075426359712, 24.431706662132836], [6.902011249149638, 8.099121100114388]]}