{"harita_boyut": {"genislik": 125, "yukseklik": 257}, "baslangic": [42.99904319454344, 23.3168561798228], "hedef": [72.45003262491534, 219.85374365700645], "engeller": [["daire", 55, 187, 9], ["dikdortgen", 118, 120, 5, 10], ["daire", 26, 246, 9], ["daire", 23, 146, 7], ["daire", 41, 118, 15], ["daire", 25, 228, 3], ["dikdortgen", 12, 23, 18, 20], ["dikdortgen", 97, 174, 12, 13], ["daire", 23, 188, 9], ["daire", 36, 41, 6], ["daire", 33, 94, 13], ["daire", 52, 66, 3], ["daire", 11, 228, 10], ["daire", 40, 171, 5], ["dikdortgen", 64, 92, 8, 15], ["dikdortgen", 28, 218, 6, 15]], "rrt_path": [[42.99904319454344, 23.3168561798228], [47.56192541146302, 41.469942801413595], [43.366627500684295, 60.86014985139424], [43.78281070157645, 68.55419623868828], [45.27850928291712, 72.26403259003526], [61.03218804108327, 82.4739598432508], [78.31633507958611, 82.21430389123832], [80.09368465257157, 78.99514083843746], [77.11359689909145, 96.12460830709504], [77.97082391109353, 111.52539104372386], [75.69522112183331, 130.3295236221696], [72.62722697681849, 149.67796520927882], [70.50219799275126, 160.99930849792676], [69.15449500917293, 177.7897125410381], [69.48135072115612, 193.43687986780597], [71.57668843068437, 211.90409986151363], [72.45003262491534, 219.85374365700645]]}