{"harita_boyut": {"genislik": 489, "yukseklik": 483}, "baslangic": [357.8329763451765, 67.35718632282806], "hedef": [135.59315533864765, 194.5519214109696], "engeller": [["daire", 323, 427, 7], ["daire", 21, 155, 6], ["dikdortgen", 94, 62, 8, 15], ["dikdortgen", 162, 219, 5, 10], ["daire", 425, 469, 11], ["dikdortgen", 67, 16, 5, 13], ["daire", 353, 232, 6], ["daire", 113, 94, 15], ["daire", 217, 112, 8], ["dikdortgen", 76, 241, 18, 12], ["dikdortgen", 277, 233, 9, 17], ["dikdortgen", 355, 203, 14, 19], ["daire", 460, 287, 5], ["dikdortgen", 206, 74, 8, 20], ["dikdortgen", 89, 104, 13, 20], ["daire", 151, 9, 9], ["daire", 408, 28, 3], ["daire", 421, 37, 14], ["dikdortgen", 368, 213, 14, 14], ["daire", 136, 110, 14], ["daire", 134, 432, 9], ["dikdortgen", 179, 76, 20, 16], ["daire", 322, 256, 3], ["dikdortgen", 423, 231, 13, 13], ["daire", 441, 290, 5], ["dikdortgen", 175, 370, 6, 5], ["dikdortgen", 114, 0, 15, 12], ["dikdortgen", 87, 157, 11, 12], ["dikdortgen", 53, 350, 6, 17], ["dikdortgen", 57, 203, 17, 5], ["dikdortgen", 51, 286, 13, 7], ["dikdortgen", 202, 18, 11, 20], ["dikdortgen", 165, 466, 10, 10], ["dikdortgen", 408, 154, 13, 15], ["dikdortgen", 348, 145, 7, 9], ["dikdortgen", 386, 170, 16, 5], ["daire", 441, 222, 14], ["daire", 312, 33, 6], ["daire", 359, 219, 5], ["dikdortgen", 232, 363, 13, 8], ["dikdortgen", 82, 409, 6, 14], ["dikdortgen", 211, 281, 10, 12], ["dikdortgen", 299, 413, 7, 17], ["daire", 50, 469, 5], ["daire", 140, 406, 12], ["daire", 426, 282, 8], ["dikdortgen", 295, 292, 17, 20], ["dikdortgen", 209, 356, 19, 17], ["dikdortgen", 416, 68, 10, 7], ["daire", 236, 290, 15], ["daire", 373, 379, 3], ["dikdortgen", 314, 27, 8, 19], ["dikdortgen", 311, 342, 12, 5], ["dikdortgen", 105, 106, 17, 20], ["dikdortgen", 416, 34, 10, 7], ["dikdortgen", 186, 394, 14, 16], ["daire", 109, 431, 8], ["dikdortgen", 142, 214, 10, 5], ["dikdortgen", 242, 372, 16, 6], ["daire", 261, 29, 13], ["dikdortgen", 180, 2, 20, 7], ["daire", 297, 198, 3], ["daire", 414, 349, 6], ["daire", 25, 192, 11], ["dikdortgen", 289, 15, 8, 14], ["daire", 386, 96, 13], ["dikdortgen", 231, 11, 14, 13], ["dikdortgen", 120, 396, 11, 12], ["dikdortgen", 207, 357, 6, 18], ["daire", 458, 140, 7], ["dikdortgen", 255, 182, 15, 17], ["daire", 162, 289, 13], ["daire", 81, 353, 11], ["dikdortgen", 291, 35, 9, 16], ["dikdortgen", 467, 14, 18, 6], ["daire", 408, 231, 12], ["daire", 281, 360, 7], ["daire", 266, 387, 8], ["daire", 435, 391, 8], ["daire", 108, 246, 6], ["dikdortgen", 189, 76, 7, 12], ["dikdortgen", 292, 221, 14, 14], ["dikdortgen", 341, 348, 8, 14], ["dikdortgen", 13, 386, 9, 6], ["daire", 15, 164, 5], ["dikdortgen", 79, 354, 11, 14], ["daire", 239, 53, 15], ["dikdortgen", 49, 25, 16, 6], ["daire", 86, 49, 14], ["daire", 28, 367, 7], ["dikdortgen", 315, 236, 20, 5], ["daire", 378, 11, 11], ["daire", 121, 192, 4], ["daire", 218, 86, 10], ["daire", 364, 252, 15], ["daire", 249, 448, 8], ["daire", 50, 27, 13], ["dikdortgen", 345, 441, 19, 10], ["dikdortgen", 363, 20, 12, 14], ["daire", 454, 327, 14], ["daire", 10, 90, 6], ["daire", 297, 262, 11], ["dikdortgen", 129, 380, 9, 17], ["dikdortgen", 67, 43, 17, 13], ["daire", 222, 191, 11], ["daire", 195, 89, 13], ["daire", 33, 340, 3], ["daire", 185, 246, 10], ["dikdortgen", 55, 14, 18, 16], ["daire", 314, 214, 11], ["daire", 82, 223, 12], ["daire", 434, 365, 12], ["dikdortgen", 316, 111, 5, 16], ["dikdortgen", 340, 192, 19, 14], ["daire", 121, 107, 5], ["dikdortgen", 222, 343, 5, 17], ["daire", 43, 352, 10], ["dikdortgen", 195, 85, 15, 16]], "rrt_path": [[357.8329763451765, 67.35718632282806], [350.4449820967573, 78.26712593010392], [344.8648998533482, 90.72998793392138], [338.59035040242077, 106.49224318369956], [331.99507760163476, 124.33558648121146], [324.81180957040635, 133.81449739810458], [317.90932172473447, 142.31360654226228], [310.8560058023117, 156.145628507711], [303.86541005003915, 174.70775553147223], [297.52928191447415, 179.05423399820958], [288.3995863779439, 193.8199515462103], [282.1681719506009, 202.77242338690013], [264.43196176284107, 210.5487194584931], [248.38580319614928, 218.31761263364425], [237.30279433453163, 225.44538305153006], [220.6069972699231, 234.6686602339951], [210.49913471009802, 242.7232367408762], [208.33902722816038, 245.28244999027643], [195.15480302599747, 232.66075233637414], [184.18150380719513, 220.2924425834943], [183.25662418449988, 216.4008365289812], [166.82502064781553, 207.18628957081137], [150.9174461747342, 199.46775717141622], [135.59315533864765, 194.5519214109696]]}