{"harita_boyut": {"genislik": 488, "yukseklik": 266}, "baslangic": [202.1757597137037, 77.81680652423879], "hedef": [148.14191266058137, 255.01412699826352], "engeller": [["dikdortgen", 313, 186, 15, 18], ["daire", 142, 230, 15], ["daire", 183, 58, 10], ["daire", 352, 245, 10], ["daire", 130, 8, 5], ["daire", 303, 238, 10], ["daire", 150, 54, 10], ["daire", 107, 110, 11], ["daire", 171, 77, 7], ["dikdortgen", 436, 249, 6, 10], ["dikdortgen", 283, 231, 11, 10], ["daire", 272, 178, 15], ["daire", 326, 113, 12], ["daire", 295, 26, 13], ["dikdortgen", 374, 41, 7, 15], ["daire", 369, 229, 7], ["dikdortgen", 74, 248, 6, 8], ["daire", 442, 32, 9], ["dikdortgen", 233, 173, 18, 9], ["dikdortgen", 195, 184, 14, 14], ["daire", 282, 255, 10], ["dikdortgen", 338, 29, 9, 10], ["dikdortgen", 58, 222, 18, 5], ["daire", 190, 78, 3], ["dikdortgen", 427, 102, 13, 11], ["dikdortgen", 124, 47, 10, 10], ["dikdortgen", 462, 48, 10, 8], ["dikdortgen", 470, 257, 6, 5], ["daire", 245, 227, 6], ["daire", 121, 30, 6], ["daire", 160, 202, 9], ["dikdortgen", 397, 63, 15, 18], ["daire", 399, 137, 15], ["daire", 325, 7, 3], ["dikdortgen", 146, 107, 19, 20], ["daire", 229, 64, 13], ["dikdortgen", 408, 133, 17, 17], ["dikdortgen", 31, 191, 15, 6], ["daire", 437, 100, 9], ["dikdortgen", 18, 135, 8, 9], ["dikdortgen", 63, 169, 17, 19], ["dikdortgen", 318, 247, 14, 15], ["daire", 168, 72, 11], ["daire", 228, 28, 15], ["dikdortgen", 24, 115, 6, 8], ["dikdortgen", 202, 202, 20, 18], ["dikdortgen", 288, 35, 16, 10], ["dikdortgen", 435, 123, 13, 14], ["dikdortgen", 278, 107, 5, 5], ["dikdortgen", 353, 55, 7, 11], ["dikdortgen", 25, 113, 5, 16], ["dikdortgen", 188, 245, 15, 8], ["dikdortgen", 398, 68, 15, 9], ["dikdortgen", 462, 80, 20, 6], ["daire", 26, 253, 12], ["daire", 353, 142, 7], ["daire", 66, 29, 4], ["dikdortgen", 207, 10, 13, 19], ["dikdortgen", 251, 175, 15, 17], ["daire", 235, 65, 8], ["dikdortgen", 263, 190, 6, 13], ["dikdortgen", 159, 228, 13, 19], ["daire", 378, 256, 10], ["dikdortgen", 241, 85, 11, 5]], "rrt_path": [[202.1757597137037, 77.81680652423879], [204.3727580874544, 84.39000294094777], [197.3212397696987, 97.49704386606723], [191.24945351158902, 101.36040987536137], [177.80924998386948, 113.15505934099615], [173.81204336264304, 132.74433954787563], [172.52312640265393, 148.68942819398188], [173.29859512194537, 148.9746203801353], [178.63610471860852, 158.02406529898477], [182.4331566136416, 175.70131412027214], [183.01699450545183, 186.98555868764046], [183.9256653867167, 206.95217906656669], [185.21995385772863, 214.66107582267904], [185.93498278099474, 233.9485319465343], [182.06842866098114, 242.96519374758793], [182.92604857560346, 246.87217315398914], [175.63778210806578, 252.97317223230178], [163.88422319101983, 253.59593602498418], [148.14191266058137, 255.01412699826352]]}