{"harita_boyut": {"genislik": 402, "yukseklik": 424}, "baslangic": [34.08653991649678, 407.3286679917495], "hedef": [296.22221471358233, 51.738644390307996], "engeller": [["daire", 208, 388, 8], ["dikdortgen", 260, 124, 16, 14], ["daire", 109, 46, 13], ["dikdortgen", 181, 374, 13, 5], ["dikdortgen", 142, 360, 6, 17], ["daire", 364, 265, 8], ["dikdortgen", 299, 379, 15, 17], ["daire", 256, 262, 10], ["dikdortgen", 345, 12, 11, 5], ["daire", 53, 350, 9], ["daire", 266, 169, 4], ["daire", 24, 394, 10], ["dikdortgen", 314, 202, 11, 13], ["daire", 387, 239, 5], ["dikdortgen", 38, 238, 6, 16], ["daire", 342, 219, 4], ["dikdortgen", 196, 156, 20, 11], ["daire", 203, 358, 7], ["dikdortgen", 122, 224, 11, 19], ["daire", 383, 147, 5], ["daire", 228, 58, 13], ["dikdortgen", 303, 348, 5, 18], ["dikdortgen", 52, 224, 16, 10], ["daire", 74, 13, 11], ["dikdortgen", 74, 78, 20, 15], ["dikdortgen", 205, 329, 20, 16], ["dikdortgen", 292, 7, 20, 19], ["daire", 251, 42, 12], ["dikdortgen", 165, 23, 20, 13], ["dikdortgen", 240, 75, 7, 15], ["dikdortgen", 21, 23, 18, 8], ["daire", 317, 42, 12], ["daire", 111, 36, 5], ["daire", 308, 218, 3], ["daire", 124, 306, 14], ["dikdortgen", 273, 71, 7, 17], ["dikdortgen", 74, 10, 15, 10], ["dikdortgen", 14, 62, 15, 16], ["daire", 282, 356, 3], ["daire", 56, 193, 8], ["daire", 335, 38, 10], ["daire", 71, 135, 4], ["dikdortgen", 189, 105, 19, 9], ["dikdortgen", 13, 151, 10, 12], ["daire", 347, 185, 11], ["dikdortgen", 32, 265, 14, 12], ["dikdortgen", 358, 229, 17, 8], ["dikdortgen", 361, 303, 13, 17], ["daire", 25, 137, 15], ["daire", 333, 372, 12], ["dikdortgen", 94, 5, 20, 17], ["daire", 10, 118, 10], ["daire", 115, 81, 6], ["daire", 368, 90, 15], ["daire", 181, 24, 9], ["dikdortgen", 291, 312, 18, 10], ["dikdortgen", 172, 16, 10, 6], ["dikdortgen", 222, 2, 14, 15], ["dikdortgen", 154, 246, 5, 13], ["daire", 248, 109, 9], ["dikdortgen", 191, 139, 18, 6], ["dikdortgen", 87, 140, 20, 10], ["daire", 50, 81, 8], ["daire", 359, 358, 5], ["daire", 349, 217, 15], ["dikdortgen", 145, 1, 14, 17], ["dikdortgen", 147, 401, 12, 14], ["daire", 335, 173, 15], ["daire", 180, 150, 14], ["dikdortgen", 38, 163, 17, 17], ["dikdortgen", 0, 360, 7, 8], ["daire", 42, 249, 7], ["dikdortgen", 327, 103, 16, 17], ["dikdortgen", 126, 201, 18, 10], ["daire", 133, 388, 9], ["dikdortgen", 293, 187, 14, 15], ["dikdortgen", 267, 321, 8, 11], ["dikdortgen", 316, 43, 11, 16], ["daire", 190, 67, 10], ["daire", 137, 396, 11], ["daire", 153, 398, 6], ["dikdortgen", 326, 313, 9, 7], ["daire", 62, 138, 8], ["daire", 6, 172, 4], ["daire", 41, 138, 14]], "rrt_path": [[34.08653991649678, 407.3286679917495], [36.43570011152585, 404.0911617943669], [47.485459224563456, 390.42144254101805], [58.706494159842165, 376.068493195131], [67.64094980116937, 365.0530402647354], [80.64082439704309, 353.107027853741], [95.5620760781927, 339.89200764910765], [106.41364003349534, 329.9127703793131], [111.23782047040962, 326.8234191240682], [127.99859268942633, 325.39784803356474], [143.7856520396379, 329.9706141448116], [158.4628894926889, 331.7897216664227], [169.75090850632364, 332.36665074471006], [181.55557889347455, 333.13356625422654], [197.14257782631216, 326.43499845053975], [199.79726491131134, 323.4429027834966], [207.35107276981626, 321.51635502348813], [221.53484311004246, 307.5161813992483], [230.750960341088, 300.4681249875024], [242.52677475634673, 292.8235394193296], [255.44291229190785, 284.17627970157855], [269.0380585671199, 275.5539138901305], [271.7243815078945, 258.8276337758459], [273.6032952481914, 256.70120820203704], [270.58761783285564, 244.82941384801796], [265.39603465377434, 229.71919674294685], [266.1164803809401, 212.53698977789796], [274.1753827725552, 195.6460049034985], [282.42872315840197, 177.67879462369217], [289.06013308589087, 162.8600109562068], [292.56902181886414, 145.67322076440018], [292.0089699875011, 129.7612211844807], [291.5852959213269, 121.82193797752161], [288.19432655814603, 103.02143979498008], [288.1530933171729, 93.88681973001759], [292.41849103622474, 77.1729307317952], [295.7314097376247, 58.90775494271595], [296.22221471358233, 51.738644390307996]]}