{"harita_boyut": {"genislik": 259, "yukseklik": 203}, "baslangic": [71.58120104992318, 25.815810319030565], "hedef": [194.88823096398545, 116.13459728052644], "engeller": [["dikdortgen", 208, 110, 5, 10], ["daire", 114, 60, 5], ["dikdortgen", 17, 15, 14, 18], ["daire", 248, 127, 3], ["dikdortgen", 118, 180, 14, 15], ["daire", 214, 40, 11], ["daire", 122, 45, 4], ["dikdortgen", 52, 173, 20, 17], ["daire", 230, 121, 5], ["daire", 235, 147, 14], ["dikdortgen", 144, 78, 8, 15], ["dikdortgen", 175, 175, 11, 17], ["daire", 47, 149, 4], ["dikdortgen", 138, 39, 12, 15], ["daire", 91, 42, 15], ["dikdortgen", 43, 66, 11, 12], ["daire", 48, 154, 7], ["dikdortgen", 63, 160, 16, 14], ["dikdortgen", 230, 78, 20, 11], ["dikdortgen", 25, 165, 9, 8], ["daire", 29, 54, 5], ["dikdortgen", 150, 108, 5, 19], ["dikdortgen", 80, 40, 12, 17], ["dikdortgen", 31, 163, 13, 9], ["daire", 42, 113, 12], ["dikdortgen", 44, 164, 7, 7]], "rrt_path": [[71.58120104992318, 25.815810319030565], [69.98794424774555, 45.07300773462222], [73.36690085963176, 59.385338213486506], [80.72948515551214, 74.77507100619823], [92.46104625044417, 88.08080506150772], [101.91725553591306, 101.98951788839348], [103.1553662677273, 113.48274426499081], [104.35223963233776, 130.934592661899], [111.93107744254026, 147.4745172177608], [115.1227293315118, 149.88560788789835], [112.76252129755851, 151.62501860143436], [132.16347774633832, 153.23164121410838], [142.76428667987213, 151.20607822258603], [159.2111398801827, 143.20038597502074], [175.22512477219806, 133.5958026910364], [182.56824083652208, 130.76466074997057], [194.88823096398545, 116.13459728052644]]}