{"harita_boyut": {"genislik": 312, "yukseklik": 418}, "baslangic": [303.81751476657575, 179.5322586108612], "hedef": [179.4105604679775, 102.2549036943317], "engeller": [["dikdortgen", 241, 351, 18, 12], ["dikdortgen", 152, 217, 8, 19], ["dikdortgen", 1, 247, 15, 14], ["dikdortgen", 43, 152, 16, 11], ["dikdortgen", 4, 23, 11, 10], ["dikdortgen", 221, 178, 12, 16], ["daire", 131, 311, 14], ["dikdortgen", 246, 274, 6, 9], ["dikdortgen", 286, 362, 13, 14], ["dikdortgen", 193, 337, 8, 10], ["daire", 176, 19, 15], ["dikdortgen", 118, 129, 6, 10], ["dikdortgen", 108, 49, 11, 19], ["dikdortgen", 192, 278, 9, 19], ["dikdortgen", 209, 140, 6, 15], ["dikdortgen", 175, 277, 19, 18], ["dikdortgen", 69, 393, 15, 13], ["daire", 12, 150, 12], ["dikdortgen", 182, 228, 14, 15], ["dikdortgen", 242, 126, 15, 7], ["dikdortgen", 199, 137, 7, 10], ["dikdortgen", 201, 105, 9, 8], ["daire", 67, 59, 4], ["dikdortgen", 230, 50, 18, 5], ["dikdortgen", 209, 98, 7, 5], ["dikdortgen", 224, 373, 7, 8], ["daire", 82, 206, 10], ["dikdortgen", 6, 130, 17, 10], ["dikdortgen", 108, 325, 8, 14], ["daire", 109, 162, 8], ["dikdortgen", 171, 78, 6, 5], ["dikdortgen", 172, 159, 19, 7], ["daire", 82, 327, 5], ["daire", 237, 23, 4], ["daire", 84, 218, 13], ["daire", 290, 130, 14], ["dikdortgen", 228, 128, 6, 5], ["dikdortgen", 126, 340, 19, 19], ["daire", 128, 298, 12], ["dikdortgen", 266, 320, 10, 16], ["dikdortgen", 70, 54, 11, 6], ["daire", 97, 147, 15], ["daire", 27, 273, 15], ["dikdortgen", 134, 102, 15, 12], ["daire", 47, 344, 6], ["daire", 269, 181, 4], ["daire", 194, 224, 10], ["dikdortgen", 240, 222, 7, 9], ["dikdortgen", 35, 370, 19, 16], ["dikdortgen", 80, 266, 7, 5], ["dikdortgen", 259, 178, 9, 7], ["daire", 60, 191, 3], ["daire", 277, 24, 9], ["dikdortgen", 280, 29, 7, 18], ["daire", 97, 117, 8], ["daire", 170, 276, 3], ["daire", 92, 356, 11], ["daire", 306, 94, 4], ["dikdortgen", 182, 311, 15, 7], ["daire", 248, 198, 11], ["daire", 209, 147, 13], ["dikdortgen", 306, 186, 6, 12], ["dikdortgen", 123, 212, 9, 6], ["daire", 285, 403, 6], ["daire", 108, 29, 11]], "rrt_path": [[303.81751476657575, 179.5322586108612], [291.7631673718417, 175.99455319240172], [276.3235660401861, 170.00906734285013], [263.66900818427627, 166.0318180706311], [246.7683021260872, 164.4145082074308], [236.78698541895545, 167.58029835940212], [220.684598105669, 172.94299658629862], [216.6847593507063, 172.90708093096308], [212.69635256035488, 173.21140193694], [196.02699524547538, 174.8541202308838], [176.54846070456693, 174.81226996710234], [156.70896989633928, 176.5203120681775], [156.5181483909241, 179.3162793456717], [144.6096625206596, 165.3730572262988], [145.43666677737812, 156.38652348991843], [143.3008736075695, 139.59451626147302], [143.79085250761088, 135.62463960375248], [154.19208088536064, 120.7064321439622], [165.844017794445, 110.65600444529238], [179.4105604679775, 102.2549036943317]]}