{"harita_boyut": {"genislik": 254, "yukseklik": 390}, "baslangic": [239.1319657083433, 292.6301316553415], "hedef": [79.93321487800831, 181.67936438401685], "engeller": [["dikdortgen", 37, 195, 6, 9], ["daire", 49, 134, 15], ["daire", 54, 329, 11], ["daire", 135, 67, 3], ["dikdortgen", 10, 94, 14, 13], ["daire", 74, 75, 14], ["daire", 91, 58, 5], ["dikdortgen", 163, 13, 14, 13], ["daire", 158, 188, 7], ["dikdortgen", 203, 50, 18, 6], ["daire", 151, 72, 15], ["dikdortgen", 18, 25, 13, 17], ["dikdortgen", 135, 96, 9, 16], ["dikdortgen", 225, 74, 11, 7], ["dikdortgen", 139, 211, 9, 12], ["daire", 236, 333, 7], ["daire", 149, 221, 13], ["dikdortgen", 196, 239, 6, 10], ["daire", 12, 333, 9], ["dikdortgen", 207, 12, 9, 6], ["daire", 61, 191, 9], ["dikdortgen", 217, 162, 6, 5], ["daire", 146, 118, 9], ["dikdortgen", 71, 125, 11, 13], ["dikdortgen", 169, 310, 9, 19], ["dikdortgen", 46, 249, 7, 9], ["dikdortgen", 60, 44, 18, 5], ["daire", 239, 195, 5], ["dikdortgen", 38, 52, 5, 19], ["dikdortgen", 159, 302, 18, 12], ["daire", 146, 193, 12], ["daire", 73, 250, 10], ["dikdortgen", 224, 94, 12, 20], ["dikdortgen", 70, 110, 13, 19], ["dikdortgen", 182, 105, 18, 13], ["daire", 136, 88, 3], ["dikdortgen", 89, 133, 13, 11], ["daire", 93, 14, 6], ["dikdortgen", 191, 0, 7, 9], ["daire", 90, 112, 12], ["daire", 187, 331, 10], ["daire", 160, 29, 13], ["dikdortgen", 107, 129, 8, 5], ["daire", 191, 255, 12], ["dikdortgen", 198, 272, 19, 6], ["daire", 130, 363, 9], ["daire", 120, 44, 4], ["daire", 50, 166, 13], ["dikdortgen", 96, 28, 20, 16]], "rrt_path": [[239.1319657083433, 292.6301316553415], [228.76237532446066, 276.41870725494374], [225.49229154546592, 271.68177423344923], [217.0496912409347, 259.16819068759764], [209.3260648932635, 243.0212053012058], [206.35405578366, 231.4201765291108], [196.59609860613125, 214.5710964952945], [189.23036016971517, 201.15623469120467], [185.66075154075918, 194.66353763752062], [175.37239653067763, 177.76835017148886], [168.0485030584412, 160.2595772254092], [165.63716257675895, 142.65414796923628], [164.09162972756758, 135.72778997190954], [161.27067106195983, 133.93489348780514], [147.47919695900885, 134.13560562623607], [130.8213820440412, 137.01224972377247], [124.36691564455526, 141.304178806668], [110.90769513953396, 152.8229661691934], [103.15178255637915, 161.25734954487615], [93.38569114282218, 169.68288036823867], [79.93321487800831, 181.67936438401685]]}