{"harita_boyut": {"genislik": 272, "yukseklik": 424}, "baslangic": [212.5901321895383, 401.4647174521313], "hedef": [226.7037331747116, 230.33823446940536], "engeller": [["daire", 248, 388, 9], ["dikdortgen", 142, 178, 5, 19], ["dikdortgen", 104, 87, 6, 8], ["daire", 4, 136, 3], ["daire", 230, 334, 5], ["dikdortgen", 227, 296, 16, 8], ["dikdortgen", 240, 351, 18, 8], ["dikdortgen", 45, 185, 18, 17], ["dikdortgen", 44, 402, 9, 6], ["dikdortgen", 141, 191, 9, 16], ["daire", 153, 187, 12], ["daire", 90, 188, 15], ["daire", 237, 66, 7], ["dikdortgen", 91, 230, 7, 13], ["daire", 144, 163, 5], ["dikdortgen", 257, 65, 8, 20], ["dikdortgen", 213, 2, 10, 6], ["daire", 57, 256, 10], ["daire", 248, 11, 5], ["dikdortgen", 164, 208, 18, 5], ["dikdortgen", 1, 386, 5, 7], ["dikdortgen", 240, 259, 10, 15], ["dikdortgen", 79, 246, 9, 14], ["dikdortgen", 27, 374, 11, 5], ["dikdortgen", 29, 350, 14, 18], ["dikdortgen", 240, 372, 20, 10], ["daire", 114, 48, 3], ["dikdortgen", 144, 75, 13, 6], ["dikdortgen", 95, 10, 16, 17], ["dikdortgen", 123, 252, 20, 14], ["daire", 123, 44, 9], ["daire", 38, 177, 9], ["dikdortgen", 169, 390, 8, 7], ["daire", 108, 224, 3], ["daire", 140, 347, 12], ["daire", 20, 396, 5], ["dikdortgen", 8, 255, 17, 20], ["daire", 8, 325, 8], ["dikdortgen", 257, 287, 10, 5], ["dikdortgen", 254, 386, 6, 12], ["daire", 253, 332, 9], ["daire", 115, 149, 9], ["daire", 204, 242, 7], ["dikdortgen", 73, 240, 8, 19], ["daire", 182, 174, 6], ["daire", 105, 372, 15], ["dikdortgen", 216, 15, 20, 14], ["dikdortgen", 70, 262, 12, 7], ["daire", 60, 71, 15], ["dikdortgen", 197, 418, 13, 5], ["daire", 83, 75, 5], ["daire", 247, 186, 9], ["dikdortgen", 199, 145, 5, 12], ["dikdortgen", 101, 247, 19, 16], ["dikdortgen", 257, 100, 7, 6], ["daire", 242, 267, 14], ["dikdortgen", 235, 181, 14, 17]], "rrt_path": [[212.59013218953834, 401.46471745213137], [212.24181322135715, 401.0766721710643], [211.89785471509566, 400.68668272992056], [211.5582566707538, 400.2947491286998], [211.22301908833145, 399.9008713674021], [210.89214196782876, 399.50504944602744], [210.5656253092457, 399.1072833645761], [210.24346911258215, 398.7075731230476], [209.92567337783834, 398.3059187214423], [209.612238105014, 397.90232015976], [209.3031632941094, 397.49677743800095], [208.9984489451243, 397.0892905561649], [208.69809505805887, 396.679859514252], [208.4021016329131, 396.26848431226216], [208.11046866968684, 395.8551649501954], [207.82319616838024, 395.43990142805177], [207.5402841289932, 395.02269374583113], [207.26173255152582, 394.6035419035337], [206.987541435978, 394.18244590115916], [206.71771078234985, 393.759405738708], [206.45224059064128, 393.3344214161798], [206.19113086085233, 392.90749293357464], [205.93438159298296, 392.4786202908926], [205.68199278703318, 392.0478034881337], [205.4339644430031, 391.6150425252979], [205.1902965608925, 391.180337402385], [204.95098914070158, 390.7436881193955], [204.71604218243027, 390.30509467632885], [204.48545568607858, 389.86455707318544], [204.2592296516465, 389.42207530996507], [204.037364079134, 388.9776493866678], [203.81985896854115, 388.5312793032936], [203.60671431986785, 388.0829650598425], [203.3979301331142, 387.63270665631444], [203.1935064082801, 387.1805040927095], [202.99344314536566, 386.7263573690277], [202.79774034437082, 386.27026648526896], [202.6063980052956, 385.8122314414333], [202.41941612814, 385.3522522375208], [202.236794712904, 384.8903288735314], [202.0585337595876, 384.426461349465], [201.88463326819075, 383.96064966532174], [201.71509323871356, 383.49289382110146], [201.549913671156, 383.02319381680445], [201.389094565518, 382.5515496524305], [201.23263592179967, 382.07796132797955], [201.08053774000092, 381.6024288434518], [200.9328000201218, 381.12495219884704], [200.78942276216225, 380.64553139416546], [200.6504059661223, 380.16416642940686], [200.51574963200193, 379.68085730457136], [200.38545375980124, 379.1956040196591], [200.25951834952014, 378.70840657466977], [200.13794340115862, 378.2192649696036], [200.01982126110508, 377.72858226522646], [199.90132749489584, 377.2380567740488], [199.7820352092261, 376.74787806612267], [199.66194440409598, 376.25804614144795], [199.5410550795054, 375.76856100002493], [199.41936723545436, 375.27942264185316], [199.29688087194288, 374.79063106693303], [199.17359598897093, 374.3021862752644], [199.04951258653858, 373.81408826684725], [198.92463066464578, 373.32633704168165], [198.7989502232926, 372.83893259976765], [198.6724712624789, 372.35187494110505], [198.5451937822048, 371.865164065694], [198.41711778247029, 371.3787999735344], [198.28824326327526, 370.89278266462645], [198.15857022461978, 370.40711213896986], [198.02809866650395, 369.9217883965648], [197.89682858892763, 369.4368114374113], [197.76475999189086, 368.9521812615093], [197.63189287539367, 368.46789786885876], [197.49822723943606, 367.98396125945976], [197.36376308401796, 367.5003714333123], [197.22850040913949, 367.01712839041636], [197.0924392148005, 366.5342321307719], [196.95557950100113, 366.05168265437896], [196.81792126774127, 365.5694799612375], [196.679464515021, 365.0876240513476], [196.54020924284026, 364.6061149247092], [196.40015545119914, 364.1249525813223], [196.25930314009753, 363.6441370211869], [196.11765230953552, 363.163668244303], [195.975202959513, 362.6835462506706], [195.8319550900301, 362.2037710402897], [195.6879087010867, 361.72434261316033], [195.54306379268297, 361.2452609692825], [195.39803550391989, 360.7662712156402], [195.25381457487853, 360.2869628227664], [195.11041433966554, 359.8073302654544], [194.96783479828102, 359.32737354370425], [194.826075950725, 358.8470926575161], [194.68513779699737, 358.3664876068896], [194.54502033709818, 357.88555839182504], [194.40572357102744, 357.4043050123223], [194.26724749878514, 356.92272746838137], [194.12959212037129, 356.4408257600023], [193.99275743578588, 355.9585998871851], [193.8567434450289, 355.4760498499297], [193.7215501481004, 354.99317564823616], [193.58717754500032, 354.50997728210444], [193.45362563572868, 354.02645475153463], [193.32089442028547, 353.54260805652655], [193.1889838986707, 353.0584371970803], [193.0578940708844, 352.573942173196], [192.92762493692652, 352.0891229848735], [192.79817649679705, 351.60397963211284], [192.66954875049612, 351.118512114914], [192.54174169802357, 350.63272043327703], [192.41475533937947, 350.14660458720186], [192.28858967456378, 349.6601645766886], [192.16324470357662, 349.1734004017372], [192.03872042641785, 348.68631206234755], [191.9150168430875, 348.19889955851977], [191.7921339535856, 347.7111628902537], [191.67007175791213, 347.2231020575497], [191.5488302560671, 346.73471706040743], [191.42840944805056, 346.246007898827], [191.3061543196064, 345.75802749050575], [191.17914148686708, 345.2719351823675], [191.04736927549203, 344.7877316384171], [190.91083768548137, 344.3054168586548], [190.76954671683495, 343.8249908430803], [190.62349636955292, 343.3464535916939], [190.47268664363517, 342.8698051044954], [190.31711753908172, 342.39504538148486], [190.1567890558926, 341.92217442266224], [189.99170119406776, 341.4511922280276], [189.82185395360727, 340.9820987975809], [189.64724733451106, 340.51489413132214], [189.4678813367792, 340.0495782292513], [189.28375596041164, 339.58615109136855], [189.0948712054084, 339.1246127176737], [188.90122707176943, 338.66496310816683], [188.7028235594948, 338.20720226284783], [188.4996606685845, 337.7513301817169], [188.2917383990385, 337.29734686477383], [188.0790567508568, 336.8452523120188], [187.86161572403944, 336.39504652345164], [187.6394153185864, 335.9467294990725], [187.41245553449767, 335.5003012388813], [187.18073637177326, 335.0557617428781], [186.9442578304131, 334.6131110110627], [186.70301991041734, 334.1723490434355], [186.45702261178582, 333.733475839996], [186.20626593451863, 333.29649140074457], [185.9507498786158, 332.8613957256812], [185.69052786203198, 332.42820305282834], [185.42647598413942, 331.9971468977302], 