{"harita_boyut": {"genislik": 141, "yukseklik": 391}, "baslangic": [123.27035903126536, 378.9963415120651], "hedef": [125.0037574664367, 108.6017062699126], "engeller": [["dikdortgen", 100, 244, 10, 10], ["dikdortgen", 18, 142, 19, 16], ["daire", 48, 342, 7], ["dikdortgen", 24, 219, 16, 13], ["dikdortgen", 119, 71, 9, 13], ["dikdortgen", 10, 132, 11, 8], ["dikdortgen", 91, 371, 11, 18], ["daire", 65, 185, 8], ["dikdortgen", 51, 311, 10, 8], ["dikdortgen", 8, 300, 18, 5], ["daire", 42, 193, 3], ["dikdortgen", 81, 109, 10, 6], ["dikdortgen", 35, 6, 12, 11], ["daire", 90, 61, 10], ["daire", 112, 221, 6], ["daire", 88, 116, 11], ["dikdortgen", 43, 108, 20, 16], ["daire", 85, 358, 15], ["dikdortgen", 41, 199, 7, 13], ["daire", 95, 74, 11], ["daire", 53, 77, 11], ["daire", 16, 232, 9], ["dikdortgen", 118, 256, 8, 15], ["daire", 50, 28, 8], ["daire", 115, 252, 15], ["dikdortgen", 79, 113, 10, 12], ["daire", 35, 147, 11]], "rrt_path": [[123.27035903126536, 378.9963415120651], [117.8933308006847, 365.26883225108776], [111.33520001375562, 347.86952596661627], [108.8449830635063, 340.2743577746343], [102.81294360084237, 325.741113347209], [100.38385947724043, 311.574203876707], [96.55054474537445, 300.3514567264989], [99.1773196256802, 281.9889052943413], [97.37789705267562, 264.07511543606137], [91.79854018559115, 253.9752508333026], [90.30839441241616, 238.44644486761848], [93.1174099943359, 236.3894645906814], [97.51817711688048, 218.42807177625482], [100.84419052202402, 201.0812851508816], [103.5233052838609, 181.7243435967042], [108.66686020242244, 163.53358598176635], [110.57034344005442, 152.1516578853488], [118.80145067206266, 134.2351385141035], [121.9762111066942, 126.91903344080136], [125.0037574664367, 108.6017062699126]]}