{"harita_boyut": {"genislik": 296, "yukseklik": 133}, "baslangic": [177.21059818996255, 16.66647796975848], "hedef": [68.27010212020528, 73.29853702627135], "engeller": [["daire", 141, 10, 10], ["dikdortgen", 86, 96, 8, 17], ["daire", 171, 56, 6], ["dikdortgen", 154, 84, 10, 7], ["daire", 282, 109, 6], ["dikdortgen", 264, 17, 10, 9], ["dikdortgen", 234, 112, 5, 6], ["dikdortgen", 204, 53, 7, 9], ["dikdortgen", 68, 14, 13, 5], ["daire", 231, 71, 12], ["daire", 123, 67, 4], ["dikdortgen", 15, 85, 15, 16], ["dikdortgen", 226, 11, 8, 14], ["daire", 219, 116, 7], ["daire", 263, 32, 8], ["dikdortgen", 252, 81, 10, 10], ["dikdortgen", 44, 97, 6, 10], ["daire", 126, 104, 6], ["daire", 240, 125, 6]], "rrt_path": [[177.21059818996252, 16.666477969758475], [176.8481938922696, 17.023926570557272], [176.48365509875725, 17.378399540281265], [176.11698180942562, 17.72989687893046], [175.74817402427453, 18.07841858650484], [175.3772317433041, 18.423964663004416], [175.00415496651425, 18.766535108429174], [174.62894369390506, 19.10612992277914], [174.2515979254764, 19.442749106054286], [173.87211766122846, 19.77639265825464], [173.49050290116105, 20.10706057938017], [173.10675364527435, 20.434752869430906], [172.72086989356816, 20.759469528406825], [172.33285164604266, 21.081210556307944], [171.9426989026977, 21.399975953134255], [171.55041166353348, 21.71576571888576], [171.15598992854981, 22.028579853562455], [170.75943369774674, 22.338418357164347], [170.36074297112432, 22.645281229691427], [169.95991774868247, 22.9491684711437], [169.5569580304213, 23.250080081521173], [169.1518638163407, 23.54801606082383], [168.7446351064407, 23.842976409051687], [168.33527190072138, 24.134961126204733], [167.92377419918267, 24.423970212282978], [167.5101420018245, 24.710003667286404], [167.094375308647, 24.993061491215038], [166.67647411965012, 25.273143684068852], [166.25643843483385, 25.550250245847867], [165.8342682541982, 25.824381176552073], [165.40996357774316, 26.095536476181472], [164.98352440546876, 26.363716144736067], [164.55495073737495, 26.628920182215843], [164.12424257346174, 26.89114858862082], [163.69139991372916, 27.15040136395099], [163.25642275817722, 27.406678508206358], [162.81931110680588, 27.65998002138691], [162.38006495961514, 27.910305903492656], [161.93868431660505, 28.1576561545236], [161.49516917777555, 28.402030774479737], [161.0495195431267, 28.64342976336107], [160.60173541265843, 28.881853121167588], [160.15181678637077, 29.1173008478993], [159.6997636642638, 29.34977294355621], [159.24557604633742, 29.579269408138316], [158.78925393259158, 29.805790241645603], [158.33079732302642, 30.029335444078093], [157.87020621764185, 30.249905015435772], [157.4074806164379, 30.467498955718643], [156.9426270773473, 30.68209274599815], [156.47615919743856, 30.891766139389578], [156.0083999323345, 31.095311663018904], [155.53934928203512, 31.29272931688614], [155.0690072465403, 31.48401910099127], [154.5973738258502, 31.669181015334306], [154.12444901996474, 31.84821505991524], [153.65023282888393, 32.02112123473408], [153.17472525260777, 32.18789953979083], [152.69792629113624, 32.34854997508547], [152.21983594446945, 32.50307254061803], [151.7404542126072, 32.65146723638847], [151.25978109554964, 32.79373406239682], [150.77781659329676, 32.92987301864308], [150.2945607058485, 33.05988410512724], [149.81001343320492, 33.1837673218493], [149.32417477536598, 33.30152266880926], [148.83704473233166, 33.413150146007126], [148.34862330410203, 33.5186497534429], [147.85891049067706, 33.61802149111657], [147.36790629205672, 33.71126535902815], [146.87561070824103, 33.79838135717762], [146.38202373923, 33.879369485565], [145.88714538502362, 33.954229744190286], [145.3909756456219, 34.02296213305346], [144.8935145210248, 34.08556665215454], [144.3947620112324, 34.14204330149354], [143.8947181162446, 34.19239208107043], [143.39338283606148, 34.23661299088522], [142.890756170683, 34.27470603093792], [142.38683812010922, 34.30667120122852], [141.88162868434003, 34.33250850175702], [141.37512786337555, 34.35221793252343], [140.86780847376372, 34.36864930802054], [140.3613607035555, 34.391989924828884], [139.8559350189898, 34.423146690437086], [139.35153142006655, 34.46211960484513], [138.84814990678575, 34.50890866805301], [138.34579047914752, 34.56351388006073], [137.84445313715167, 34.6259352408683], [137.3441378807983, 34.69617275047572], [136.84484471008747, 34.774226408882974], [136.3465736250191, 34.860096216090085], [135.84932462559317, 34.95378217209702], [135.3530977118097, 35.055284276903805], [134.85789288366877, 35.16460253051044], [134.3637101411703, 35.28173693291691], [133.8705494843143, 35.40668748412323], [133.37841091310074, 35.53945418412939], [132.8872944275297, 35.6800370329354], [132.3972000276011, 35.82843603054124], [131.908127713315, 35.98465117694693], [131.42007748467134, 36.14868247215247], [130.9330493416702, 36.32052991615785], [130.44704328431152, 36.50019350896307], [129.96205931259533, 36.68767325056814], [129.47809742652157, 36.882969140973046], [128.9951576260903, 37.0860811801778], [128.51323991130155, 37.2970093681824], [128.03234428215524, 37.515753704986835], [127.55266850870346, 37.74238487104627], [127.08231387667014, 37.97979816095337], [126.62552082707973, 38.229509053409544], [126.18228935993214, 38.491517548414755], [125.75261947522739, 38.76582364596901], [125.33651117296547, 39.052427346072314], [124.93396445314643, 39.351328648724675], [124.54497931577025, 39.662527553926076], [124.16955576083689, 39.986024061676524], [123.80769378834641, 40.32181817197603], [123.45939339829876, 40.669909884824584], [123.12465459069396, 41.03029920022218], [122.80347736553202, 41.40298611816882], [122.49586172281293, 41.78797063866453], [122.20180766253668, 42.18525276170928], [121.92131518470327, 42.59483248730307], [121.65438428931272, 43.01670981544591], [121.40101497636502, 43.45088474613782], [121.1612072458602, 43.89735727937876], [120.93496109779821, 44.35612741516876], [120.72227653217904, 44.82719515350779], [120.52315354900274, 45.31056049439589], [120.33759214826932, 45.806223437833026], [120.16559232997872, 46.31418398381922], [120.00715409413095, 46.834442132354454], [119.86227744072607, 47.36699788343874], [119.73096236976403, 47.91185123707209], [119.61320888124482, 48.46900219325446], [119.50900475211209, 49.03843936276195], [119.39936025659621, 49.6024684608958], [119.26712908943242, 50.14511286900612], [119.11231125062068, 50.66637258709295], [118.93490674016105, 51.166247615156266], [118.7349155580535, 51.64473795319609], [118.51233770429805, 52.10184360121241], [118.26717317889468, 52.53756455920522], [117.99942198184335, 52.95190082717451], [117.70908411314412, 53.3448524051203], [117.39615957279696, 53.71641929304259], [117.0606483608019, 54.06660149094138], [116.70255047715892, 54.39539899881666], [116.32186592186801, 54.70281181666843], [115.91859469492917, 54.98883994449669], [115.49273679634243, 55.25348338230144], [115.04429222610776, 55.496742130082694], [114.57326098422519, 55.71861618784045], [114.07964307069469, 55.919105555574674], [113.56343848551623, 56.0982102332854], [113.03156547229342, 56.26124781962811], [112.55433615611011, 56.46226261879864], [112.15008935586297, 56.715350474235926], [111.81882507155198, 57.02051138594], [111.56054330317714, 57.3777453539108], [111.37524405073847, 57.78705237814839], [111.26292731423591, 58.2484324586527], [111.22359309366949, 58.761885595423784], [111.2408730932849, 59.31678276195607], [111.24249350253267, 59.86619175104118], [111.21989489355032, 60.40455435509371], [111.17307726633787, 60.931870574113624], [111.1020406208953, 61.448140408100954], [111.00678495722262, 61.95336385705569], [110.88731027531985, 62.447540920977815], [110.74361657518699, 62.93067159986736], [110.575703856824, 63.40275589372429], [110.38357212023095, 63.863793802548656], [110.16722136540776, 64.3137853263404], [109.92665159235446, 64.75273046509956], [109.66186280107108, 