{"harita_boyut": {"genislik": 388, "yukseklik": 313}, "baslangic": [285.50271639465797, 183.3507326929821], "hedef": [209.95692525034642, 43.221154461395194], "engeller": [["dikdortgen", 175, 219, 20, 14], ["dikdortgen", 117, 38, 15, 14], ["daire", 193, 43, 11], ["dikdortgen", 190, 243, 5, 14], ["daire", 14, 197, 14], ["daire", 257, 298, 15], ["daire", 228, 247, 11], ["dikdortgen", 159, 167, 5, 11], ["dikdortgen", 317, 111, 7, 19], ["daire", 252, 196, 14], ["dikdortgen", 89, 239, 15, 13], ["dikdortgen", 27, 132, 16, 18], ["daire", 131, 101, 5], ["dikdortgen", 56, 194, 10, 8], ["daire", 172, 269, 5], ["daire", 170, 198, 11], ["daire", 264, 215, 15], ["daire", 145, 289, 3], ["daire", 165, 63, 10], ["dikdortgen", 23, 191, 11, 8], ["dikdortgen", 261, 253, 18, 7], ["daire", 82, 146, 8], ["daire", 378, 273, 3], ["dikdortgen", 165, 29, 10, 15], ["daire", 367, 167, 9], ["dikdortgen", 46, 85, 20, 11], ["daire", 137, 114, 13], ["dikdortgen", 354, 158, 17, 14], ["dikdortgen", 230, 149, 11, 16], ["daire", 88, 108, 15], ["daire", 179, 58, 13], ["dikdortgen", 235, 11, 15, 11], ["dikdortgen", 103, 86, 19, 14], ["daire", 90, 281, 12], ["dikdortgen", 337, 64, 17, 10], ["daire", 194, 295, 10], ["daire", 269, 234, 12], ["daire", 52, 186, 3], ["daire", 102, 80, 15], ["dikdortgen", 28, 40, 6, 10], ["dikdortgen", 174, 242, 19, 6], ["daire", 273, 52, 12], ["dikdortgen", 33, 7, 9, 9], ["daire", 250, 301, 3], ["daire", 149, 246, 15], ["dikdortgen", 111, 243, 8, 13], ["dikdortgen", 268, 251, 9, 19], ["daire", 123, 229, 4], ["dikdortgen", 271, 245, 14, 10], ["daire", 305, 177, 10], ["dikdortgen", 171, 225, 11, 17], ["daire", 37, 47, 15], ["dikdortgen", 310, 104, 8, 7], ["daire", 305, 226, 15], ["daire", 319, 194, 6], ["daire", 40, 93, 13], ["daire", 213, 280, 15], ["dikdortgen", 212, 208, 15, 18], ["dikdortgen", 363, 226, 13, 5], ["daire", 123, 186, 6]], "rrt_path": [[285.50271639465797, 183.3507326929821], [269.99743063281306, 176.749909313217], [256.1148109681063, 169.79948425726187], [247.6515759428006, 153.43776959841296], [245.34077654785963, 138.31871947784617], [241.35681167967098, 138.1580129005336], [228.70939883912848, 123.45409581135192], [223.14373920580732, 115.41422713084768], [214.36883837140812, 103.102027186418], [204.8511000043292, 91.38994563580266], [200.7691698220576, 73.63376243543779], [203.70517092185054, 55.99751029471614], [208.91324315718254, 49.996058980758136], [209.95692525034642, 43.221154461395194]]}