{"harita_boyut": {"genislik": 183, "yukseklik": 376}, "baslangic": [18.701371081879174, 219.8512714758686], "hedef": [87.94849803015657, 51.26735000383141], "engeller": [["dikdortgen", 34, 100, 9, 14], ["dikdortgen", 49, 241, 5, 19], ["dikdortgen", 68, 119, 14, 16], ["daire", 153, 340, 7], ["daire", 149, 171, 3], ["dikdortgen", 36, 353, 18, 10], ["daire", 168, 29, 13], ["dikdortgen", 46, 38, 8, 20], ["daire", 103, 293, 4], ["daire", 41, 332, 4], ["daire", 104, 290, 8], ["daire", 79, 295, 7], ["daire", 17, 343, 15], ["daire", 127, 319, 6], ["daire", 66, 326, 14], ["daire", 115, 213, 5], ["dikdortgen", 148, 253, 17, 18], ["dikdortgen", 68, 313, 18, 19], ["daire", 92, 299, 13], ["dikdortgen", 154, 161, 13, 14], ["daire", 66, 19, 10], ["daire", 77, 285, 15], ["dikdortgen", 48, 17, 15, 20], ["daire", 45, 239, 9], ["daire", 13, 38, 3], ["daire", 77, 6, 4], ["dikdortgen", 66, 179, 5, 7], ["daire", 104, 201, 10], ["dikdortgen", 82, 213, 20, 18], ["daire", 90, 170, 13], ["daire", 167, 180, 4], ["daire", 47, 68, 4], ["dikdortgen", 17, 149, 11, 16], ["daire", 33, 185, 8]], "rrt_path": [[18.701371081879174, 219.8512714758686], [26.18724353422143, 210.62103655796454], [35.41362056289614, 200.4443717460378], [45.75725184283813, 192.47897590289315], [53.096421785197904, 185.3771036340695], [60.849607866958266, 174.32053380078608], [70.28596653163318, 159.08007418770984], [69.85887195773867, 156.5401730085631], [82.57791530624736, 142.55974812203638], [86.57759358199692, 142.5090165687684], [92.58439402989792, 124.53549826386632], [88.01600808871441, 106.29210156951811], [85.713011234294, 87.51604999985872], [85.37849860637024, 75.79549681697611], [86.47140439604162, 58.77732421343957], [87.94849803015657, 51.26735000383141]]}