{"harita_boyut": {"genislik": 190, "yukseklik": 471}, "baslangic": [143.57408379251348, 190.02644153752001], "hedef": [122.62727396020469, 457.44312411261785], "engeller": [["dikdortgen", 64, 20, 20, 13], ["dikdortgen", 88, 6, 19, 19], ["dikdortgen", 140, 206, 7, 12], ["daire", 44, 224, 7], ["daire", 66, 25, 12], ["dikdortgen", 87, 255, 19, 8], ["daire", 78, 260, 7], ["dikdortgen", 135, 325, 14, 18], ["dikdortgen", 136, 423, 18, 9], ["daire", 124, 90, 4], ["daire", 54, 316, 9], ["dikdortgen", 131, 129, 11, 5], ["daire", 145, 418, 15], ["daire", 136, 219, 3], ["daire", 12, 301, 11], ["dikdortgen", 106, 270, 6, 15], ["daire", 97, 179, 11], ["daire", 150, 429, 9], ["daire", 121, 41, 5], ["daire", 167, 144, 8], ["daire", 98, 345, 8], ["daire", 38, 21, 6], ["dikdortgen", 18, 174, 7, 12], ["daire", 108, 204, 14], ["dikdortgen", 12, 187, 14, 8], ["dikdortgen", 39, 280, 14, 8], ["daire", 33, 224, 6], ["dikdortgen", 80, 206, 12, 16], ["daire", 131, 247, 13], ["dikdortgen", 113, 240, 7, 9], ["dikdortgen", 102, 62, 16, 10], ["daire", 149, 298, 6], ["dikdortgen", 62, 160, 11, 9], ["dikdortgen", 54, 267, 16, 7], ["daire", 25, 332, 11], ["dikdortgen", 19, 456, 16, 7], ["daire", 86, 36, 8], ["dikdortgen", 37, 348, 14, 12], ["daire", 55, 401, 3], ["dikdortgen", 72, 264, 19, 16], ["daire", 174, 130, 4], ["dikdortgen", 164, 453, 10, 12], ["dikdortgen", 60, 34, 10, 19], ["daire", 38, 59, 7]], "rrt_path": [[143.57408379251348, 190.02644153752001], [144.82943818493354, 188.8947804295742], [152.27958044740686, 198.30037846752643], [152.63230069568743, 205.9809737290196], [153.4243436485322, 221.90798864599097], [148.31308804787378, 240.8436510115859], [150.23689772870267, 252.5685860489685], [139.63107236352633, 265.10672246775744], [127.92098234016632, 277.9913140667426], [123.28231204538169, 288.14420456733853], [120.32511725880853, 307.61904354130274], [116.46396385587927, 325.6912351899424], [117.5079336820135, 341.4240351101919], [113.10472765302683, 356.694128086993], [111.07030356812912, 368.4450390756805], [108.5618230090043, 387.02122475929116], [109.73839151506684, 397.20357725557324], [112.39206598620291, 412.32972570805293], [115.68891974573903, 431.6476266409191], [117.16619388859193, 439.31462902675565], [122.62727396020469, 457.44312411261785]]}