{"harita_boyut": {"genislik": 351, "yukseklik": 266}, "baslangic": [193.28354091153963, 82.52739714568182], "hedef": [67.40170505188746, 233.8385041028873], "engeller": [["dikdortgen", 333, 240, 5, 11], ["dikdortgen", 73, 54, 9, 5], ["daire", 28, 86, 7], ["dikdortgen", 125, 245, 14, 6], ["daire", 244, 196, 13], ["dikdortgen", 255, 241, 20, 9], ["daire", 93, 194, 13], ["daire", 172, 59, 3], ["daire", 253, 17, 8], ["daire", 228, 16, 14], ["daire", 21, 30, 11], ["daire", 214, 11, 7], ["daire", 191, 208, 5], ["daire", 342, 209, 9], ["dikdortgen", 101, 68, 16, 7], ["daire", 52, 114, 7], ["daire", 118, 209, 12], ["daire", 116, 66, 15], ["dikdortgen", 155, 57, 13, 9], ["dikdortgen", 6, 117, 14, 9], ["dikdortgen", 160, 240, 20, 12], ["daire", 335, 56, 7], ["daire", 334, 16, 7], ["daire", 73, 179, 9], ["daire", 140, 169, 12], ["daire", 163, 72, 10], ["daire", 16, 243, 3], ["dikdortgen", 243, 140, 18, 16], ["dikdortgen", 315, 234, 5, 8], ["daire", 144, 213, 13], ["daire", 14, 16, 9], ["daire", 253, 126, 4], ["dikdortgen", 35, 115, 15, 11], ["daire", 325, 175, 14], ["dikdortgen", 344, 49, 6, 11], ["dikdortgen", 4, 152, 11, 17], ["daire", 99, 124, 10], ["dikdortgen", 223, 228, 7, 13], ["dikdortgen", 147, 30, 17, 5], ["daire", 220, 128, 7], ["dikdortgen", 228, 165, 18, 6], ["dikdortgen", 318, 21, 18, 11], ["dikdortgen", 95, 24, 17, 10], ["dikdortgen", 65, 153, 6, 6], ["dikdortgen", 172, 154, 17, 17], ["daire", 311, 222, 5]], "rrt_path": [[193.28354091153963, 82.52739714568182], [199.49259591533502, 83.51687505709391], [215.32688359805465, 85.94031423610036], [225.86143540552555, 90.90194670517961], [241.55775366026597, 87.16635248124462], [252.79454560445916, 96.79138329917774], [251.82857413614184, 97.47803068976528], [248.6161755222595, 106.29711833024216], [243.0853545538154, 123.98359687267758], [231.691381045907, 137.06464850910987], [219.96403437984432, 150.95734790160867], [210.18282450397191, 162.6581966425607], [200.39852065549314, 175.88839219004586], [190.93777098066818, 186.56844895061946], [181.31872383020112, 203.89084864906127], [170.1393143867199, 218.03649849939882], [159.11531153357177, 225.74886038254104], [150.19177332646532, 231.06954146308615], [135.18108146585587, 230.9106065920122], [117.24780585383337, 226.69462164901057], [106.20999856640267, 225.8597282631913], [89.97657770298787, 225.02748333558068], [74.84385054954582, 231.03023913889186], [67.40170505188746, 233.8385041028873]]}