{"harita_boyut": {"genislik": 445, "yukseklik": 385}, "baslangic": [34.11312959657464, 9.828949228560809], "hedef": [409.68390861501666, 233.72625099953325], "engeller": [["dikdortgen", 420, 112, 15, 7], ["dikdortgen", 77, 186, 10, 20], ["daire", 332, 298, 6], ["dikdortgen", 304, 113, 11, 17], ["dikdortgen", 287, 132, 12, 11], ["dikdortgen", 40, 44, 19, 6], ["dikdortgen", 159, 221, 18, 14], ["dikdortgen", 287, 366, 20, 15], ["daire", 101, 374, 5], ["daire", 131, 43, 12], ["daire", 296, 263, 12], ["daire", 349, 48, 7], ["daire", 38, 128, 3], ["daire", 17, 154, 12], ["daire", 205, 303, 7], ["dikdortgen", 1, 180, 20, 20], ["daire", 75, 175, 12], ["dikdortgen", 385, 356, 5, 5], ["dikdortgen", 425, 129, 18, 15], ["dikdortgen", 379, 8, 11, 20], ["daire", 294, 186, 7], ["dikdortgen", 127, 23, 15, 12], ["daire", 407, 154, 5], ["dikdortgen", 44, 356, 10, 12], ["dikdortgen", 36, 41, 17, 16], ["daire", 162, 327, 10], ["daire", 170, 221, 8], ["dikdortgen", 127, 318, 14, 14], ["dikdortgen", 298, 142, 12, 15], ["daire", 320, 58, 14], ["dikdortgen", 299, 62, 14, 11], ["dikdortgen", 396, 274, 15, 11], ["dikdortgen", 354, 75, 12, 12], ["daire", 133, 321, 4], ["dikdortgen", 83, 309, 13, 12], ["dikdortgen", 325, 42, 8, 5], ["daire", 141, 340, 15], ["daire", 284, 238, 7], ["daire", 268, 172, 4], ["dikdortgen", 156, 125, 11, 16], ["daire", 47, 241, 5], ["dikdortgen", 407, 93, 15, 16], ["daire", 307, 316, 15], ["dikdortgen", 121, 110, 6, 6], ["dikdortgen", 303, 62, 19, 13], ["daire", 65, 335, 15], ["dikdortgen", 123, 281, 18, 16], ["dikdortgen", 402, 73, 5, 13], ["daire", 378, 116, 12], ["dikdortgen", 250, 304, 13, 17], ["dikdortgen", 148, 183, 16, 19], ["dikdortgen", 90, 230, 18, 17], ["daire", 17, 173, 15], ["daire", 181, 90, 14], ["dikdortgen", 279, 308, 20, 19], ["daire", 104, 217, 14], ["dikdortgen", 185, 80, 13, 15], ["daire", 313, 18, 13], ["dikdortgen", 396, 372, 15, 9], ["daire", 190, 121, 5], ["daire", 59, 124, 11], ["dikdortgen", 22, 112, 7, 14], ["dikdortgen", 294, 83, 9, 14], ["dikdortgen", 98, 317, 8, 19], ["daire", 247, 45, 14], ["dikdortgen", 138, 90, 7, 10], ["daire", 201, 321, 8], ["daire", 359, 21, 15], ["daire", 220, 348, 13], ["dikdortgen", 88, 92, 19, 10], ["dikdortgen", 246, 324, 19, 12], ["daire", 395, 108, 9], ["daire", 364, 44, 9], ["daire", 146, 145, 8], ["daire", 349, 109, 11], ["dikdortgen", 248, 254, 12, 11], ["daire", 378, 382, 3], ["daire", 150, 35, 8], ["dikdortgen", 140, 33, 20, 5], ["daire", 349, 100, 7], ["dikdortgen", 371, 337, 13, 15], ["dikdortgen", 302, 336, 10, 18], ["dikdortgen", 203, 120, 20, 20], ["daire", 210, 374, 8], ["dikdortgen", 37, 357, 9, 7]], "rrt_path": [[34.11312959657464, 9.828949228560809], [37.7858094873876, 15.080863062885406], [51.05533852242655, 27.11317627522802], [64.57459135498365, 38.72996134536549], [78.46671052938682, 44.04430550721121], [92.8152277861434, 47.862583477222785], [105.11765729608166, 59.09144148916595], [106.49449448681183, 62.84701326324007], [112.07090537023548, 78.24012076106139], [114.81221642033994, 97.97980990360594], [113.68729512764959, 109.45010077768012], [112.2947666950629, 125.36740439707134], [107.96315781608607, 142.5513546981635], [103.45138096696631, 155.17359229986562], [100.11235781108587, 166.0676037991092], [102.46700408773216, 179.0861494272451], [112.99585302816288, 195.4299283958235], [122.71262853960921, 202.1127528881967], [132.36406168141323, 207.64741168154535], [146.5941277295207, 217.09897883652667], [149.61086514319794, 230.2993185190813], [151.81430535784511, 240.71924859809224], [170.2891184139779, 244.927032597547], [174.2833823535587, 245.14117176015984], [191.98888601344672, 250.02133668499047], [208.59583686756042, 253.06337894559448], [215.39259383644387, 253.23441621246238], [232.9734541698706, 251.9636885917566], [243.7422001044617, 247.19973639834143], [253.66186456256236, 241.435062255476], [263.13026585403367, 236.75710875118122], [266.35260790218985, 236.91154440686063], [269.4552247368978, 234.38691200253186], [283.40915249157615, 222.91354152546282], [294.4984729759483, 214.02068794620055], [309.70689307754407, 202.4268912908751], [328.0319886166781, 205.91960703323775], [339.8546214404276, 208.47604331221945], [350.85727936574176, 213.46598072208795], [368.81498726379215, 220.29908157334373], [387.4319292954612, 227.39652137777745], [391.2624302697724, 228.54859007616355], [409.68390861501666, 233.72625099953325]]}