{"harita_boyut": {"genislik": 155, "yukseklik": 108}, "baslangic": [145.72448813149643, 11.761272242131511], "hedef": [9.10537454225512, 97.71664908178819], "engeller": [["dikdortgen", 50, 26, 19, 10], ["dikdortgen", 143, 82, 8, 18], ["daire", 25, 56, 15], ["daire", 97, 23, 3], ["dikdortgen", 77, 19, 20, 19], ["dikdortgen", 50, 28, 15, 7], ["daire", 136, 64, 11], ["dikdortgen", 5, 28, 15, 15]], "rrt_path": [[145.72448813149643, 11.76127224213151], [145.28729622702772, 12.056105782348544], [144.85986858437224, 12.357527388288123], [144.44220520353002, 12.665537059950266], [144.03430608450097, 12.980134797334957], [143.6361712272852, 13.301320600442207], [143.2478006318826, 13.629094469272008], [142.86919429829322, 13.963456403824361], [142.5003522265171, 14.304406404099273], [142.14127441655418, 14.65194447009674], [141.79196086840452, 15.006070601816758], [141.45241158206804, 15.366784799259332], [141.12262655754483, 15.73408706242446], [140.80260579483482, 16.10797739131214], [140.49234929393802, 16.488455785922376], [140.1918570548545, 16.87552224625517], [139.90112907758413, 17.269176772310516], [139.62016536212704, 17.669419364088412], [139.34896590848314, 18.076250021588866], [139.08753071665245, 18.489668744811873], [138.83585978663504, 18.909675533757436], [138.59395311843082, 19.336270388425554], [138.36181071203987, 19.769453308816228], [138.13943256746208, 20.20922429492945], [137.9268186846975, 20.655583346765226], [137.7239690637462, 21.108530464323565], [137.53088370460807, 21.568065647604445], [137.34756260728324, 22.03418889660789], [137.1740057717716, 22.506900211333885], [137.0102131980732, 22.986199591782437], [136.85618488618798, 23.472087037953543], [136.711920836116, 23.9645625498472], [136.57742104785726, 24.463626127463414], [136.45222007727168, 24.968979601594565], [136.3263303145511, 25.47422478726821], [136.195713506748, 25.976774730266104], [136.06036965386247, 26.47662943058825], [135.92029875589452, 26.97378888823465], [135.77550081284406, 27.468253103205292], [135.62597582471116, 27.96002207550019], [135.47172379149575, 28.44909580511934], [135.31274471319793, 28.93547429206275], [135.14903858981762, 29.4191575363304], [134.98060542135485, 29.90014553792231], [134.80744520780962, 30.378438296838468], [134.62955794918196, 30.85403581307888], [134.44694364547178, 31.326938086643537], [134.25960229667916, 31.79714511753246], [134.06753390280412, 32.264656905745625], [133.87073846384655, 32.72947345128304], [133.66921597980655, 33.19159475414471], [133.4629664506841, 33.651020814330636], [133.25198987647914, 34.10775163184081], [133.03628625719176, 34.561787206675234], [132.8158555928219, 35.01312753883391], [132.59069788336956, 35.46177262831684], [132.36081312883476, 35.90772247512402], [132.12620132921754, 36.35097707925545], [131.88686248451782, 36.79153644071114], [131.64279659473567, 37.229400559491076], [131.39400365987103, 37.66456943559526], [131.14048367992393, 38.0970430690237], [130.88223665489437, 38.5268214597764], [130.61926258478235, 38.95390460785334], [130.35156146958786, 39.378292513254536], [130.07913330931092, 39.799985175979984], [129.80197810395148, 40.218982596029676], [129.52009585350962, 40.63528477340364], [129.2334865579853, 41.04889170810184], [128.94215021737847, 41.45980340012429], [128.64608683168922, 41.868019849471], [128.34823399637122, 42.27527355677626], [128.0529712219829, 42.68414741847355], [127.76034022134803, 43.09466603546343], [127.47034099446668, 43.50682940774593], [127.18297354133881, 43.92063753532103], [126.89823786196442, 44.33609041818874], [126.61613395634355, 44.75318805634906], [126.33666182447615, 45.17193044980198], [126.05982146636224, 45.59231759854751], [125.7856128820018, 46.014349502585645], [125.51403607139488, 46.4380261619164], [125.24509103454143, 46.863347576539745], [124.9787777714415, 47.290313746455716], [124.71509628209502, 47.71892467166428], [124.45404656650206, 48.14918035216546], [124.19562862466256, 48.581080787959245], [123.9398424565766, 49.01462597904563], [123.68668806224412, 49.449815925424645], [123.43616544166508, 49.886650627096245], [123.18827459483956, 50.32513008406046], [122.94301552176753, 50.76525429631729], [122.70038822244902, 51.207023263866716], [122.46039269688396, 51.65043698670874], [122.2230289450724, 52.09549546484341], [121.9882969670143, 52.54219869827065], [121.75619676270973, 52.99054668699053], [121.52672833215865, 53.44053943100299], [121.29989167536104, 53.89217693030806], [121.07568679231693, 54.34545918490575], [120.85411368302633, 54.80038619479603], [120.63517234748917, 55.25695795997893], [120.41594550292498, 55.71319201666189], [120.18865148626297, 56.163800270942446], [119.95286762707661, 56.60849549361461], [119.7085939253659, 57.04727768467836], [119.45583038113087, 57.48014684413371], [119.19457699437147, 57.90710297198065], [118.92483376508778, 58.328146068219205], [118.64660069327971, 58.74327613284934], [118.35987777894732, 59.15249316587107], [118.0646650220906, 59.55579716728442], [117.76096242270951, 59.95318813708933], [117.44876998080412, 60.34466607528587], [117.12808769637435, 60.730230981874], [116.79891556942027, 61.109882856853716], [116.46125920324772, 61.483621439784606], [116.11718425501877, 61.85135071937065], [115.76836351800809, 62.21299294454397], [115.41479699221568, 62.56854811530459], [115.05648467764158, 62.918016231652494], [114.69342657428571, 63.26139729358766], [114.3256226821481, 63.59869130111013], [113.95307300122877, 63.92989825421988], [113.57577753152773, 64.25501815291693], [113.19373627304496, 64.57405099720125], [112.80694922578046, 64.88699678707285], [112.41541638973422, 65.19385552253173], [112.01913776490625, 65.4946272035779], [111.61811335129654, 65.78931183021136], [111.21234314890515, 66.07790940243211], [110.80182715773199, 66.36041992024013], [110.38656537777709, 66.63684338363544], [109.9665578090405, 66.90717979261804], [109.54180445152214, 67.17142914718791], [109.1123053052221, 67.42959144734508], [108.67806037014029, 67.68166669308953], [108.23914025833761, 67.92776148076047], [107.79951789684473, 68.1738733619418], [107.36148611994872, 68.42346361135725], [106.92504492764962, 68.6765322290068], [106.49019431994743, 68.93307921489045], [106.0569342968421, 69.19310456900821], [105.6252648583337, 69.45660829136008], [105.19518600442218, 69.72359038194604], [104.76669773510756, 69.99405084076614], [104.33980005038983, 70.26798966782029], [103.914492950269, 70.54540686310857], [103.49077643474504, 70.82630242663096], [103.06865050381802, 71.11067635838745], [102.64811515748787, 71.39852865837803], [102.22917039575461, 71.68985932660273], [101.81181621861825, 71.98466836306153], [101.3960526260788, 72.28295576775443], [100.98187961813622, 72.58472154068144], [100.56929719479055, 72.88996568184257], [100.15830535604178, 73.19868819123778], [99.7489041018899, 73.5108890688671], [99.34109343233492, 73.82656831473052], [98.93487334737682, 74.14572592882804], [98.53024384701564, 74.46836191115969], [98.12720493125133, 74.7944762617254], [97.72575660008394, 75.12406898052525], [97.32589885351342, 75.45714006755921], [96.9276316915398, 75.79368952282725], [96.5309551141631, 76.13371734632942], [96.13586912138328, 76.47722353806569], [95.74237371320035, 76.82420809803602], [95.35046888961432, 77.1746710262405], [94.96015465062519, 77.52861232267907], [94.56936935506313, 77.87946598053506], [94.17452161370917, 78.21579398312618], [93.77554638813912, 78.53738919317627], [93.37244367835301, 78.84425161068535], [92.96521348435087, 79.1363812356534], [92.55385580613265, 79.41377806808043], [92.13837064369835, 79.67644210796642], [91.71875799704802, 79.9243733553114], [91.29501786618161, 80.15757181011537], [90.86715025109915, 80.3760374723783], [90.43515515180063, 80.57977034210023], [89.99903256828603, 80.76877041928113], [89.55878250055537, 80.943037703921], [89.11440494860864, 81.10257219601982], [88.66589991244587, 81.24737389557767], [88.21326739206702, 