{"harita_boyut": {"genislik": 181, "yukseklik": 116}, "baslangic": [108.50465662826075, 14.60827347080797], "hedef": [5.259937865379015, 55.90538027910442], "engeller": [["daire", 91, 11, 3], ["dikdortgen", 47, 76, 12, 16], ["daire", 116, 65, 11], ["dikdortgen", 12, 98, 5, 9], ["daire", 169, 84, 5], ["dikdortgen", 34, 55, 8, 19], ["dikdortgen", 1, 65, 13, 8], ["daire", 28, 46, 12], ["daire", 75, 100, 4], ["daire", 152, 92, 10]], "rrt_path": [[108.50465662826075, 14.608273470807966], [108.20580604800381, 14.99422334997624], [107.90936597806277, 15.383683027418723], [107.61533641843765, 15.776652503135423], [107.3237173691284, 16.173131777126326], [107.03450883013502, 16.573120849391437], [106.74771080145757, 16.976619719930763], [106.46332328309597, 17.383628388744295], [106.18134627505032, 17.794146855832036], [105.90177977732054, 18.20817512119399], [105.62462378990662, 18.625713184830143], [105.34987831280861, 19.046761046740514], [105.0775433460265, 19.471318706925096], [104.80761888956026, 19.89938616538388], [104.54010494340993, 20.33096342211688], [104.27500150757551, 20.766050477124093], [104.01230858205696, 21.204647330405507], [103.75202616685428, 21.64675398196113], [103.49415426196754, 22.092370431790968], [103.23869286739668, 22.541496679895012], [102.98564198314169, 22.994132726273264], [102.7350016092026, 23.45027857092573], [102.48677174557939, 23.909934213852395], [102.2409523922721, 24.37309965505328], [101.99754354928068, 24.83977489452837], [101.75654521660518, 25.309959932277675], [101.51795739424554, 25.78365476830118], [101.2817800822018, 26.260859402598904], [101.04801328047397, 26.741573835170833], [100.81665698906201, 27.22579806601697], [100.58771120796597, 27.71353209513732], [100.36117593718578, 28.204775922531873], [100.13705117672153, 28.699529548200644], [99.9153369265731, 29.197792972143617], [99.69603318674062, 29.6995661943608], [99.47913995722402, 30.204849214852192], [99.26465723802332, 30.713642033617795], [99.0525850291385, 31.22594465065761], [98.84292333056958, 31.741757065971633], [98.63567214231654, 32.261079279559866], [98.4308314643794, 32.7839112914223], [98.22840129675816, 33.310253101558956], [98.02383125866388, 33.83261711859453], [97.8097057893289, 34.33880113541215], [97.58592022128583, 34.82863292307923], [97.35247455453465, 35.30211248159577], [97.10936878907532, 35.759239810961745], [96.85660292490795, 36.20001491117721], [96.59417696203244, 36.62443778224212], [96.32209090044883, 37.032508424156504], [96.04034474015714, 37.42422683692033], [95.74893848115732, 37.799593020533614], [95.4478721234494, 38.15860697499637], [95.13714566703338, 38.50126870030858], [94.81675911190926, 38.82757819647025], [94.48671245807702, 39.13753546348138], [94.1470057055367, 39.431140501341964], [93.79763885428827, 39.70839331005201], [93.43861190433174, 39.969293889611514], [93.06992485566708, 40.21384224002047], [92.69157770829435, 40.442038361278904], [92.30357046221351, 40.65388225338678], [91.90590311742456, 40.849373916344135], [91.49857567392749, 41.02851335015093], [91.08158813172234, 41.1913005548072], [90.65494049080908, 41.33773553031291], [90.21863275118773, 41.4678182766681], [89.77266491285825, 41.58154879387273], [89.31703697582068, 41.67892708192683], [88.851748940075, 41.75995314083039], [88.37680080562123, 41.82462697058341], [87.89219257245935, 41.87294857118588], [87.39792424058936, 41.90491794263782], [86.89399581001126, 41.92053508493921], [86.38056213458117, 41.920488798724215], [85.86207519572012, 41.92458180446446], [85.34058074694126, 41.94191375490814], [84.8160787882445, 41.97248465005525], [84.28856931962993, 42.01629448990579], [83.75805234109751, 42.07334327445977], [83.22452785264723, 42.14363100371716], [82.68799585427908, 42.22715767767799], [82.1484563459931, 42.323923296342244], [81.60590932778926, 42.43392785970994], [81.06035479966758, 42.55717136778106], [80.51179276162804, 42.693653820555596], [79.96022321367064, 42.84337521803357], [79.40564615579541, 43.00633556021499], [78.84806158800231, 43.18253484709982], [78.28746951029136, 43.371973078688086], [77.72386992266259, 43.57465025497979], [77.15726282511595, 43.790566375974905], [76.58764821765145, 44.019721441673454], [76.01502610026911, 44.26211545207544], [75.43939647296891, 44.51774840718085], [74.86075933575087, 44.78662030698969], [74.27911468861497, 45.068731151501964], [73.69446253156123, 45.36408094071767], [73.10680286458961, 45.67266967463679], [72.51613568770017, 45.994497353259355], [71.92246100089287, 46.32956397658535], [71.32577880416771, 46.677869544614765], [70.72608909752472, 47.039414057347614], [70.12339188096385, 47.41419751478389], [69.51772773372367, 47.802137017419916], [68.9248676163608, 48.17101400101601], [68.35765428360459, 48.4945919458134], [67.81608773545497, 48.772870851812065], [67.30016797191197, 49.005850719012024], [66.80989499297561, 49.19353154741328], [66.34526879864588, 49.33591333701581], [65.90628938892277, 49.432996087819646], [65.49295676380628, 49.484779799824764], [65.10527092329642, 49.49126447303116], [64.74323186739318, 49.452450107438864], [64.40683959609659, 49.36833670304786], [64.09609410940658, 49.23892425985812], [63.810995407323226, 49.0642127778697], [63.55154348984649, 48.844202257082536], [63.31773835697638, 48.578892697496684], [63.109580008712896, 48.26828409911212], [62.927068445056015, 47.91237646192883], [62.770203666005784, 47.511169785946834], [62.63898567156217, 47.06466407116614], [62.53341446172519, 46.57285931758673], [62.45129677260617, 46.03863384889652], [62.35656530544233, 45.50932048305945], [62.23648558568422, 45.00163127188948], [62.091057613331856, 44.51556621538665], [61.9202813883852, 44.05112531355092], [61.72415691084431, 43.60830856638232], [61.50268418070913, 43.187115973880836], [61.25586319797971, 42.78754753604648], [60.98369396265598, 42.40960325287922], [60.68617647473802, 42.053283124379114], [60.363310734225784, 41.71858715054611], [60.01509674111928, 41.40551533138021], [59.6415344954185, 41.11406766688143], [59.242623997123474, 40.84424415704979], [58.818365246234166, 40.596044801885256], [58.3687582427506, 40.36946960138784], [57.89380298667277, 40.16451855555756], [57.393499478000685, 39.98119166439439], [56.8678477167343, 39.81948892789832], [56.3168624280348, 39.67939687802111], [55.75679816198615, 39.54604864415334], [55.20205294745269, 39.4062753824297], [54.6526267844344, 39.26007709285018], [54.10851967293134, 39.10745377541482], [53.56973161294345, 38.94840543012358], [53.036262604470764, 38.78293205697648], [52.508112647513265, 38.61103365597351], [51.98528174207096, 38.43271022711467], [51.467769888143856, 38.24796177039997], [50.95557708573194, 38.056788285829406], [50.448703334835216, 37.859189773402974], [49.94714863545368, 37.655166233120674], [49.45091298758734, 37.444717664982505], [48.95999639123619, 37.22784406898848], [48.47439884640024, 37.00454544513858], [47.99412035307949, 36.77482179343282], [47.51916091127392, 36.5386731138712], [47.049520520983535, 36.2960994064537], [46.58519918220835, 36.04710067118034], [46.12619689494837, 35.791676908051116], [45.672513659203574, 35.529828117066025], [45.22414947497397, 35.26155429822507], [44.781104342259546, 34.986855451528236], [44.34337826106035, 34.70573157697556], [43.910971231376315, 34.418182674567], [43.483883253207495, 34.12420874430258], [43.06211432655387, 33.823809786182295], [42.64566445141542, 33.51698580020615], [42.234533627792175, 33.20373678637414], [41.82872185568411, 32.88406274468624], [41.42822913509125, 32.5579636751425], [41.033055466013565, 32.225439577742875], [40.642060519568076, 31.88868342767896], [40.247600172991014, 31.562395695868922], [39.84825665439526, 31.249302910266316], [39.44402996378081, 30.94940507087113], [39.034920101147684, 30.662702177683386], [38.620927066495845, 30.38919423070306], [38.202050859825306, 30.128881229930148], [37.77829148113609, 29.881763175364675], [37.34964893042815, 29.647840067006612], 