{"harita_boyut": {"genislik": 116, "yukseklik": 425}, "baslangic": [68.33088752237481, 181.71558702436525], "hedef": [53.77742533561197, 50.69438539711877], "engeller": [["daire", 72, 242, 4], ["dikdortgen", 95, 170, 8, 5], ["dikdortgen", 70, 103, 20, 13], ["dikdortgen", 72, 351, 16, 12], ["dikdortgen", 8, 246, 6, 13], ["dikdortgen", 4, 20, 13, 10], ["daire", 37, 303, 5], ["dikdortgen", 91, 264, 18, 11], ["dikdortgen", 67, 289, 11, 9], ["daire", 61, 203, 3], ["daire", 20, 334, 7], ["dikdortgen", 6, 185, 14, 12], ["daire", 86, 39, 3], ["dikdortgen", 16, 293, 20, 20], ["dikdortgen", 59, 55, 17, 6], ["daire", 56, 382, 8], ["dikdortgen", 80, 181, 16, 17], ["daire", 19, 115, 9], ["dikdortgen", 57, 226, 18, 10], ["dikdortgen", 13, 163, 12, 6], ["dikdortgen", 76, 21, 17, 11], ["daire", 89, 386, 9], ["daire", 46, 207, 13], ["daire", 91, 129, 6]], "rrt_path": [[68.33088752237481, 181.71558702436525], [58.01045385715351, 168.14559408776205], [56.4293411615016, 166.13904166590325], [54.12644421395879, 154.56233673169092], [51.86216469498578, 140.8179459522103], [50.41657493702041, 125.11054005006864], [50.13570199890163, 113.23549168267158], [51.38459237126745, 101.39501309672806], [54.18091834884108, 90.34225896444951], [54.18072423594597, 70.53801576933826], [53.595991158543924, 54.690268483420425], [53.77742533561197, 50.69438539711877]]}