{"harita_boyut": {"genislik": 195, "yukseklik": 153}, "baslangic": [176.55254998095947, 121.53804231837435], "hedef": [29.824693140305804, 128.71774879103842], "engeller": [["dikdortgen", 67, 73, 17, 16], ["dikdortgen", 91, 63, 8, 15], ["daire", 144, 115, 15], ["daire", 24, 67, 10], ["daire", 168, 36, 7], ["dikdortgen", 8, 51, 5, 10], ["dikdortgen", 39, 130, 10, 8], ["dikdortgen", 86, 84, 12, 8], ["dikdortgen", 34, 60, 9, 9], ["daire", 106, 31, 11], ["dikdortgen", 99, 133, 19, 6], ["dikdortgen", 8, 126, 11, 5], ["daire", 165, 100, 9], ["dikdortgen", 129, 139, 7, 14]], "rrt_path": [[176.55254998095947, 121.53804231837435], [179.02078245243675, 102.95970302984196], [179.33778962485454, 95.13764201060395], [177.0862972979665, 87.54551082818006], [176.07496665230983, 87.59599865849995], [173.94843165204472, 86.49189686610734], [155.0975354919315, 82.81062943736273], [135.6173815951011, 81.22727283984206], [130.88772441744638, 81.1786835086227], [115.07987836529249, 93.0379819506899], [107.2019084273711, 100.36522560090923], [96.58217370678275, 108.10516021945443], [87.46381581547446, 112.02665293320025], [71.5147017300428, 110.58680741290122], [65.12690884342763, 112.17081930229664], [47.01079401189488, 114.50200724480543], [41.323713423159866, 117.36458321369629], [29.824693140305804, 128.71774879103842]]}