{"harita_boyut": {"genislik": 107, "yukseklik": 434}, "baslangic": [14.269571850106809, 356.68079593631364], "hedef": [59.04373281654195, 66.95850069917275], "engeller": [["daire", 72, 84, 14], ["dikdortgen", 67, 227, 13, 10], ["daire", 65, 321, 15], ["daire", 71, 207, 7], ["dikdortgen", 29, 45, 16, 15], ["dikdortgen", 87, 234, 9, 19], ["daire", 26, 144, 10], ["daire", 58, 304, 5], ["dikdortgen", 41, 62, 5, 11], ["dikdortgen", 12, 312, 12, 19], ["dikdortgen", 45, 386, 18, 12], ["dikdortgen", 43, 8, 17, 18], ["daire", 29, 144, 3], ["dikdortgen", 64, 416, 18, 13], ["dikdortgen", 9, 368, 20, 13], ["dikdortgen", 50, 183, 13, 15], ["dikdortgen", 64, 113, 15, 10], ["dikdortgen", 88, 356, 7, 20], ["dikdortgen", 84, 361, 11, 20], ["daire", 52, 274, 6], ["dikdortgen", 71, 107, 19, 20], ["daire", 56, 348, 3], ["daire", 54, 37, 7]], "rrt_path": [[14.269571850106809, 356.68079593631364], [14.100762138756311, 348.7691205705692], [28.75604110878669, 337.6636736993063], [32.17627035590916, 318.54910847056095], [33.42276263543369, 299.08148809184337], [35.17240291121421, 292.0307889464927], [38.45323541045119, 274.4974338209483], [42.850292042918305, 256.79435773730364], [47.0401782700586, 246.40271121943624], [47.22581264787304, 242.78899022331885], [47.319424397042994, 238.79008576829403], [44.85912592152221, 220.45166257885666], [43.93548893209373, 212.937734632582], [42.12957621995241, 197.44882776020683], [41.742464654871085, 177.8617669206482], [48.12537255459574, 162.65010231384846], [50.370654331275695, 145.60783008411832], [50.624413517865676, 126.39648756238098], [50.697808008948996, 118.42644685633535], [52.74405809078778, 101.1199412066716], [52.94840132164743, 81.32676340929638], [53.78399201238893, 77.41501339203478], [59.04373281654195, 66.95850069917275]]}