{"harita_boyut": {"genislik": 491, "yukseklik": 288}, "baslangic": [216.53293704076557, 262.42355213647767], "hedef": [55.725541212107345, 234.51227374280137], "engeller": [["daire", 107, 19, 12], ["dikdortgen", 175, 102, 16, 7], ["daire", 236, 175, 8], ["daire", 467, 155, 6], ["daire", 121, 265, 14], ["daire", 429, 191, 11], ["daire", 271, 221, 10], ["daire", 359, 159, 9], ["dikdortgen", 438, 45, 15, 10], ["dikdortgen", 13, 68, 15, 13], ["dikdortgen", 19, 65, 13, 9], ["dikdortgen", 473, 119, 14, 13], ["dikdortgen", 337, 263, 9, 18], ["dikdortgen", 460, 28, 13, 16], ["dikdortgen", 150, 232, 14, 14], ["dikdortgen", 365, 129, 16, 6], ["dikdortgen", 312, 89, 14, 10], ["dikdortgen", 7, 244, 16, 16], ["daire", 339, 95, 13], ["daire", 99, 153, 5], ["daire", 60, 129, 11], ["dikdortgen", 102, 169, 16, 12], ["daire", 455, 111, 14], ["dikdortgen", 241, 195, 7, 7], ["daire", 97, 53, 11], ["dikdortgen", 76, 135, 16, 16], ["dikdortgen", 362, 19, 7, 11], ["daire", 281, 23, 12], ["dikdortgen", 469, 156, 15, 9], ["daire", 274, 61, 6], ["dikdortgen", 401, 115, 8, 8], ["dikdortgen", 398, 180, 15, 5], ["dikdortgen", 443, 51, 19, 12], ["dikdortgen", 65, 108, 11, 17], ["dikdortgen", 145, 27, 20, 18], ["dikdortgen", 202, 142, 9, 20], ["daire", 150, 204, 13], ["daire", 433, 205, 9], ["daire", 465, 44, 14], ["dikdortgen", 313, 173, 7, 5], ["dikdortgen", 284, 209, 16, 7], ["dikdortgen", 53, 204, 8, 20], ["dikdortgen", 446, 261, 9, 16], ["dikdortgen", 44, 46, 9, 16], ["dikdortgen", 200, 200, 17, 9], ["dikdortgen", 194, 13, 6, 8], ["daire", 473, 160, 9], ["daire", 358, 210, 9], ["daire", 96, 252, 15], ["dikdortgen", 404, 78, 16, 18], ["dikdortgen", 232, 169, 6, 16], ["daire", 16, 209, 9], ["dikdortgen", 351, 210, 16, 6], ["daire", 370, 192, 15], ["daire", 385, 100, 4], ["daire", 229, 187, 12], ["dikdortgen", 291, 229, 8, 11], ["daire", 158, 216, 5], ["dikdortgen", 317, 265, 19, 10], ["dikdortgen", 148, 240, 20, 6], ["dikdortgen", 69, 208, 11, 18], ["dikdortgen", 134, 23, 14, 19], ["dikdortgen", 182, 65, 18, 9], ["daire", 384, 278, 3], ["daire", 334, 270, 15], ["dikdortgen", 227, 16, 16, 15], ["daire", 240, 30, 4], ["dikdortgen", 472, 267, 17, 16], ["daire", 299, 221, 10], ["daire", 385, 185, 4]], "rrt_path": [[216.53293704076557, 262.42355213647767], [204.37968130136852, 252.2676556648503], [197.62611247107625, 235.44832871545336], [192.11167548519563, 218.79896269267377], [188.71079347452505, 210.1093097115456], [182.11912492102607, 195.02456079995304], [165.15443478470627, 187.5511876022794], [149.78450248804631, 178.68762580625858], [146.13063285114197, 179.87855785679528], [136.6257894032803, 188.98217052832197], [123.5547976509362, 200.82988345114055], [120.41120153251384, 203.3033028341486], [107.4299805730914, 214.72700346647233], [97.04041791765314, 224.61434837722766], [92.19672902737923, 229.4236725507198], [83.0850593489819, 231.29386182665425], [63.34356886724563, 232.50635165985395], [55.725541212107345, 234.51227374280137]]}