{"harita_boyut": {"genislik": 283, "yukseklik": 414}, "baslangic": [118.35530895549844, 197.82263981837943], "hedef": [164.9347754258905, 405.79515090806757], "engeller": [["daire", 134, 102, 6], ["daire", 110, 375, 11], ["dikdortgen", 13, 271, 14, 13], ["dikdortgen", 39, 133, 6, 8], ["daire", 138, 169, 14], ["daire", 49, 142, 4], ["daire", 226, 383, 3], ["daire", 106, 68, 14], ["daire", 280, 243, 3], ["dikdortgen", 25, 272, 9, 15], ["daire", 224, 116, 9], ["daire", 93, 36, 3], ["dikdortgen", 178, 194, 10, 17], ["daire", 197, 102, 12], ["dikdortgen", 136, 231, 11, 18], ["daire", 162, 305, 15], ["dikdortgen", 148, 8, 17, 13], ["dikdortgen", 166, 217, 13, 18], ["dikdortgen", 211, 399, 18, 5], ["dikdortgen", 191, 312, 14, 5], ["dikdortgen", 229, 57, 17, 6], ["dikdortgen", 111, 204, 17, 15], ["daire", 224, 242, 14], ["dikdortgen", 63, 175, 12, 5], ["daire", 182, 276, 7], ["daire", 137, 149, 15], ["dikdortgen", 50, 176, 7, 17], ["daire", 236, 49, 6], ["dikdortgen", 130, 113, 13, 9], ["daire", 89, 230, 10], ["dikdortgen", 173, 221, 17, 17], ["daire", 140, 211, 4], ["daire", 240, 260, 11], ["daire", 162, 140, 3], ["daire", 117, 54, 5], ["daire", 159, 130, 9], ["daire", 266, 111, 7], ["daire", 101, 100, 7], ["daire", 212, 44, 3], ["dikdortgen", 2, 135, 6, 9], ["dikdortgen", 255, 189, 6, 17], ["dikdortgen", 68, 51, 5, 11], ["daire", 14, 80, 13], ["dikdortgen", 85, 96, 19, 14], ["daire", 63, 392, 7], ["daire", 50, 271, 6], ["dikdortgen", 117, 263, 16, 15], ["daire", 233, 32, 4], ["dikdortgen", 79, 135, 14, 9], ["dikdortgen", 70, 197, 17, 14], ["dikdortgen", 202, 163, 17, 10], ["daire", 55, 113, 7], ["daire", 38, 278, 7], ["dikdortgen", 69, 329, 20, 12], ["daire", 47, 397, 12], ["daire", 99, 314, 14], ["daire", 95, 97, 3], ["dikdortgen", 136, 29, 13, 17]], "rrt_path": [[118.35530895549844, 197.82263981837943], [134.02136098308537, 197.68936081625753], [150.3888120817416, 196.26304567373734], [160.9698705877142, 203.85157303115963], [157.8300218673204, 204.45751192968285], [154.13777123710062, 221.8994663444097], [157.398427159272, 232.59790607040074], [157.7220355957983, 249.11975919144066], [154.16272377737727, 254.32123851202806], [145.22034789961336, 270.6073222784551], [141.92952208432266, 288.24846008217565], [140.9604587416678, 292.12929971270955], [141.274843647442, 311.10163275033426], [145.38153821498943, 317.9102271073156], [151.81049320604953, 328.2597099359941], [150.9496354449909, 342.0164518873115], [150.1879079595478, 353.4221058907786], [154.20133856791276, 371.23260500870475], [156.13422476031246, 378.7667966957432], [160.80738381478807, 392.05158799667413], [164.9347754258905, 405.79515090806757]]}