{"harita_boyut": {"genislik": 182, "yukseklik": 392}, "baslangic": [43.21058527993849, 94.46231436092111], "hedef": [129.73346601665537, 235.38371493243403], "engeller": [["dikdortgen", 19, 68, 5, 13], ["daire", 81, 375, 11], ["daire", 167, 218, 12], ["dikdortgen", 62, 358, 20, 20], ["dikdortgen", 107, 258, 12, 16], ["dikdortgen", 135, 360, 19, 19], ["daire", 82, 293, 12], ["dikdortgen", 112, 354, 17, 15], ["daire", 58, 380, 10], ["daire", 157, 13, 12], ["daire", 70, 231, 15], ["dikdortgen", 52, 303, 16, 17], ["daire", 141, 116, 15], ["dikdortgen", 153, 97, 15, 9], ["dikdortgen", 109, 58, 5, 6], ["daire", 48, 309, 7], ["dikdortgen", 133, 6, 6, 9], ["daire", 140, 337, 13], ["daire", 102, 89, 15], ["daire", 68, 181, 5], ["dikdortgen", 95, 252, 8, 18], ["daire", 43, 355, 10], ["daire", 124, 217, 10], ["daire", 83, 74, 14], ["daire", 128, 289, 10], ["daire", 176, 272, 4], ["daire", 89, 20, 14], ["dikdortgen", 144, 146, 18, 14], ["dikdortgen", 2, 9, 16, 7], ["dikdortgen", 47, 31, 16, 9], ["dikdortgen", 154, 318, 10, 20], ["daire", 39, 310, 4], ["daire", 10, 84, 7], ["daire", 10, 372, 5], ["dikdortgen", 158, 158, 18, 8]], "rrt_path": [[43.21058527993849, 94.46231436092111], [44.9552750772447, 110.31142811219557], [45.969268355731465, 118.03556323173171], [49.702005179569554, 136.8454321795031], [53.42567279731477, 154.73714744541667], [68.4998505075733, 167.16406304159412], [87.96297085189306, 169.8857073204173], [99.21517912532777, 171.57513744698778], [102.24328471829101, 169.74807903612907], [111.42486873656074, 166.71923130055723], [126.21260085332558, 174.70324625838305], [134.99640828154247, 188.97161419625726], [141.39427568100797, 198.00107403335468], [142.55253811288475, 215.78404402236808], [137.3114086390531, 224.75382041620477], [129.73346601665537, 235.38371493243403]]}