{"harita_boyut": {"genislik": 140, "yukseklik": 336}, "baslangic": [27.402556649405906, 76.95030426723844], "hedef": [128.5482900018912, 230.4418258550716], "engeller": [["daire", 106, 209, 8], ["daire", 66, 139, 10], ["dikdortgen", 39, 21, 20, 12], ["daire", 15, 52, 14], ["dikdortgen", 12, 188, 17, 12], ["daire", 97, 241, 12], ["daire", 51, 224, 11], ["dikdortgen", 11, 34, 16, 6], ["dikdortgen", 31, 166, 10, 7], ["dikdortgen", 111, 46, 5, 7], ["daire", 113, 42, 8], ["daire", 97, 269, 4], ["dikdortgen", 101, 286, 6, 14], ["dikdortgen", 93, 272, 9, 17], ["dikdortgen", 111, 166, 19, 15], ["daire", 35, 311, 12], ["daire", 92, 312, 12], ["daire", 51, 218, 9], ["dikdortgen", 21, 219, 17, 7], ["daire", 132, 132, 7], ["daire", 65, 169, 6], ["dikdortgen", 83, 165, 9, 18], ["daire", 92, 285, 12]], "rrt_path": [[27.402556649405906, 76.95030426723844], [44.94069869129556, 80.60615936777246], [58.564508347492115, 73.55425227789722], [66.42404993716644, 70.06610260976925], [83.60570851554179, 78.30126311948574], [88.38415836001806, 88.24462761390886], [89.39169170768406, 91.98787196570426], [88.09602444627517, 107.25834167748519], [89.58246499396135, 117.29431230657013], [92.41392982158256, 136.6104541042842], [96.85022422122732, 153.99696534371057], [101.45775034856895, 167.79174982274577], [104.33635024679995, 184.5746434469424], [108.24861051318878, 190.80490871577257], [117.20085886836242, 200.66590588082056], [122.08663657548722, 212.959376682324], [128.5482900018912, 230.4418258550716]]}