{"harita_boyut": {"genislik": 310, "yukseklik": 214}, "baslangic": [259.81585200935797, 92.98709448840843], "hedef": [141.67679479427667, 65.44867801467365], "engeller": [["daire", 98, 203, 7], ["daire", 69, 172, 9], ["daire", 165, 16, 15], ["daire", 163, 97, 4], ["dikdortgen", 271, 23, 17, 16], ["dikdortgen", 34, 180, 19, 17], ["daire", 258, 161, 8], ["dikdortgen", 50, 193, 19, 6], ["dikdortgen", 242, 4, 6, 15], ["dikdortgen", 172, 139, 11, 11], ["daire", 139, 34, 15], ["dikdortgen", 268, 172, 7, 18], ["dikdortgen", 3, 188, 15, 18], ["daire", 80, 55, 9], ["dikdortgen", 206, 69, 6, 10], ["daire", 233, 172, 6], ["daire", 287, 70, 10], ["daire", 9, 170, 9], ["daire", 13, 178, 3], ["dikdortgen", 134, 91, 18, 6], ["dikdortgen", 78, 106, 6, 20], ["daire", 109, 24, 5], ["daire", 129, 21, 10], ["dikdortgen", 281, 35, 14, 11], ["daire", 239, 97, 4], ["daire", 64, 88, 6], ["daire", 246, 70, 6], ["daire", 176, 144, 6], ["daire", 241, 141, 15], ["daire", 8, 142, 5], ["dikdortgen", 188, 25, 15, 15], ["dikdortgen", 170, 167, 14, 12], ["daire", 75, 73, 14]], "rrt_path": [[259.81585200935797, 92.98709448840842], [259.3361168355343, 92.83763441201219], [258.85632399707043, 92.68728410751568], [258.3764734939663, 92.53604357491893], [257.8965653262219, 92.38391281422189], [257.4165994938372, 92.23089182542458], [256.9365759968124, 92.076980608527], [256.4564948351472, 91.92217916352915], [255.97635600884195, 91.76648749043105], [255.4961595178964, 91.60990558923268], [255.01590536231055, 91.45243345993404], [254.53559354208454, 91.2940711025351], [254.0552240572182, 91.13481851703591], [253.57479690771171, 90.97467570343646], [253.09431209356495, 90.81364266173675], [252.61376961477796, 90.65171939193677], [252.1331694713507, 90.4889058940365], [251.65251166328324, 90.32520216803597], [251.17179619057555, 90.16060821393518], [250.69102305322758, 89.99512403173411], [250.21019225123942, 89.82874962143279], [249.729303784611, 89.66148498303119], [249.24835765334234, 89.49333011652932], [248.76735385743342, 89.32428502192717], [248.2862923968843, 89.15434969922475], [247.8051732716949, 88.98352414842208], [247.32399648186532, 88.81180836951916], [246.8427620273955, 88.63920236251593], [246.3612074724363, 88.46865056744184], [245.87893754006296, 88.30458785554086], [245.3959482742251, 88.14705861233533], [244.91223967492297, 87.99606283782532], [244.42781174215656, 87.85160053201083], [243.9426644759257, 87.71367169489183], [243.4567978762305, 87.58227632646835], [242.97021194307098, 87.45741442674036], [242.48290667644707, 87.33908599570786], [241.99488207635883, 87.2272910333709], [241.50613814280624, 87.12202953972943], [241.01667487578928, 87.02330151478345], [240.526492275308, 86.93110695853301], [240.0355903413623, 86.84544587097803], [239.54396907395233, 86.7663182521186], [239.05162847307798, 86.69372410195466], [238.55856853873922, 86.62766342048621], [238.06478927093616, 86.56813620771325], [237.5702906696688, 86.51514246363584], [237.07507273493698, 86.46868218825392], [236.57913546674084, 86.4287553815675], [236.08247886508033, 86.39536204357657], [235.58510292995553, 86.36850217428116], [235.08700766136633, 86.34817577368125], [234.5881930593128, 86.33438284177684], [234.08865912379488, 86.32712337856795], [233.58840585481263, 86.32639738405454], [233.08743325236603, 86.33220485823665], [232.58574131645508, 86.34454580111426], [232.08333004707976, 86.3634202126874], [231.58019944424012, 86.38882809295602], [231.07634950793604, 86.42076944192013], [230.57178023816772, 86.45924425957979], [230.06649163493498, 86.50425254593492], [229.5607067028554, 86.55230123013814], [229.0548204759646, 86.59720262922328], [228.54884053364944, 86.63883802217019], [228.04276687591, 86.67720740897884], [227.5365995027462, 86.71231078964925], [227.03033841415805, 86.74414816418141], [226.52398361014568, 86.77271953257537], [226.01753509070895, 86.79802489483106], [225.5109928558479, 86.82006425094852], [225.00435690556256, 86.83883760092772], [224.4976272398529, 86.85434494476871], [223.99080385871892, 86.86658628247143], [223.48388676216067, 86.87556161403592], [222.97687595017806, 86.88127093946217], [222.4697714227711, 86.88371425875016], [221.96257317993985, 86.88289157189993], [221.4552812216843, 86.87880287891146], [220.94789554800445, 86.87144817978475], [220.4404161589003, 86.86082747451978], [219.9328430543718, 86.8469407631166], [219.42517623441896, 86.82978804557516], [218.91741569904184, 86.80936932189547], [218.4100174881434, 86.78663872561411], [217.90476305628746, 86.76532344273363], [217.4018322553479, 86.74579976204667], [216.90122508532477, 86.72806768355332], [216.40294154621807, 86.71212720725352], [215.90698163802767, 86.69797833314729], [215.41334536075377, 86.68562106123461], [214.92203271439618, 86.67505539151553], [214.43304369895506, 86.66628132399], [213.94637831443035, 86.65929885865806], [213.46203656082204, 86.65410799551967], [212.98001843813006, 86.65070873457485], [212.50032394635457, 86.64910107582361], [212.02295308549543, 86.64928501926593], [211.5479058555527, 86.65126056490182], [211.07518225652635, 86.65502771273127], [210.60478228841646, 86.66058646275431], [210.1367059512229, 86.6679368149709], [209.67095324494576, 86.67707876938107], [209.20752416958507, 86.6880123259848], [208.74641872514076, 86.70073748478211], [208.28763691161288, 86.715254245773], [207.83028585460764, 86.73189514704204], [207.3652191495702, 86.7540666339674], [206.89003766444873, 86.78266222839586], [206.40474139924322, 86.81768193032744], [205.90933035395366, 86.85912573976215], [205.40380452858008, 86.90699365669997], [204.88816392312245, 86.9612856811409], [204.36240853758073, 87.02200181308493], [203.82653837195502, 87.08914205253208], [203.2805534262452, 87.16270639948237], [202.7244537004514, 87.24269485393576], [202.15823919457353, 87.32910741589227], [201.58190990861155, 87.42194408535191], [200.99546584256558, 87.52120486231463], [200.39890699643553, 87.62688974678048], [199.79223337022148, 87.73899873874946], [199.17544496392338, 87.85753183822155], [198.54854177754117, 87.98248904519674], [197.91152381107497, 88.11387035967508], [197.26439106452472, 88.2516757816565], [196.6071435378904, 88.39590531114105], [195.93978123117205, 88.54655894812872], [195.3124908684024, 88.65820625708231], [194.77889806735482, 88.68230381903295], [194.33901743070751, 88.61883841522527], [193.99284895846054, 88.46781004565928], [193.74039265061379, 88.22921871033493], [193.5816485071673, 87.90306440925224], [193.51661652812115, 87.48934714241125], [193.5443787088272, 86.9887916438074], [193.59367487151746, 86.4576554427067], [193.6197903989977, 85.93123923529339], [193.622725291268, 85.40954302156747], [193.60247954832826, 84.8925668015289], [193.55905317017852, 84.38031057517772], [193.49244615681883, 83.87277434251394], [193.4026585082491, 83.36995810353753], [193.28969022446935, 82.8718618582485], [193.1535413054796, 82.37848560664683], [192.9942117512799, 81.88982934873258], [192.81170156187017, 81.40589308450566], [192.60601073725044, 80.92667681396617], [192.37713927742072, 80.45218053711405], [192.125087182381, 79.98240425394928], [191.84985445213124, 79.5173479644719], [191.5514410866715, 79.0570116686819], [191.22984708600183, 78.60139536657931], [190.88507245012204, 78.15049905816406], [190.5171171790323, 77.70432274343622], [190.12817088002708, 77.26380932719931], [189.73288580421107, 76.83526846963056], [189.33397511810756, 76.41986853446082], [188.93143882171654, 76.01760952169006], [188.52527691503792, 75.62849143131828], [188.11548939807176, 75.25251426334549], [187.7020762708181, 74.8896780177717], [187.28503753327692, 74.53998269459687], [186.86437318544822, 74.20342829382106], [186.4400832273319, 73.88001481544421], [186.01216765892815, 73.56974225946637], [185.58062648023682, 73.27261062588751], [185.14545969125797, 72.98861991470763], [184.70666729199158, 72.71777012592675], [184.26424928243767, 72.46006125954486], [183.8182056625962, 72.21549331556194], 