{"harita_boyut": {"genislik": 164, "yukseklik": 420}, "baslangic": [103.54386481601418, 378.9023027206295], "hedef": [28.662241567754233, 268.3792469925572], "engeller": [["daire", 49, 171, 7], ["dikdortgen", 101, 231, 20, 5], ["dikdortgen", 24, 57, 17, 12], ["dikdortgen", 37, 75, 13, 11], ["dikdortgen", 147, 235, 11, 19], ["dikdortgen", 96, 305, 16, 15], ["dikdortgen", 117, 60, 7, 5], ["dikdortgen", 98, 22, 16, 14], ["dikdortgen", 144, 70, 6, 10], ["daire", 47, 397, 13], ["daire", 67, 340, 13], ["dikdortgen", 137, 149, 11, 19], ["dikdortgen", 90, 396, 15, 7], ["daire", 107, 327, 7], ["dikdortgen", 79, 142, 16, 20], ["dikdortgen", 30, 73, 20, 8], ["daire", 96, 139, 15], ["daire", 127, 279, 7], ["daire", 147, 285, 4], ["dikdortgen", 20, 248, 8, 9], ["dikdortgen", 24, 374, 7, 20], ["daire", 19, 301, 11], ["dikdortgen", 99, 102, 9, 15], ["dikdortgen", 154, 357, 6, 9], ["daire", 76, 176, 12], ["daire", 120, 280, 11], ["daire", 43, 154, 15], ["daire", 86, 290, 7], ["dikdortgen", 150, 184, 14, 19], ["daire", 113, 32, 5], ["daire", 8, 45, 3], ["dikdortgen", 27, 5, 14, 18], ["dikdortgen", 43, 12, 14, 5], ["dikdortgen", 5, 83, 12, 17]], "rrt_path": [[103.5438648160142, 378.90230272062956], [103.39331273215092, 378.4210370652768], [103.24667910497054, 377.93883500890377], [103.1039639344731, 377.45569655151075], [102.9651672206586, 376.97162169309763], [102.830288963527, 376.4866104336643], [102.69932916307833, 376.00066277321076], [102.5722878193126, 375.51377871173725], [102.44916493222975, 375.02595824924333], [102.32996050182989, 374.53720138572965], [102.2146745281129, 374.04750812119556], [102.10330701107885, 373.5568784556415], [101.99585795072774, 373.06531238906723], [101.89232734705955, 372.57280992147287], [101.7927152000743, 372.07937105285833], [101.69702150977193, 371.58499578322363], [101.60524627615251, 371.0896841125688], [101.51738949921601, 370.59343604089383], [101.43345117896243, 370.09625156819885], [101.35343131539179, 369.59813069448364], [101.27732990850407, 369.0990734197483], [101.20514695829925, 368.59907974399283], [101.13688246477741, 368.0981496672173], [101.07253642793845, 367.59628318942157], [101.01210884778243, 367.0934803106057], [100.95559972430934, 366.5897410307697], [100.90300905751916, 366.0850653499135], [100.8543368474119, 365.57945326803724], [100.80958309398758, 365.0729047851409], [100.76874779724619, 364.56541990122435], [100.73183095718771, 364.0569986162877], [100.6940680675907, 363.548982136054], [100.64901166728444, 363.04318541708324], [100.59662615733033, 362.5396184804558], [100.53691153772843, 362.03828132617184], [100.46986780847872, 361.53917395423105], [100.39549496958118, 361.0422963646337], [100.31379302103583, 360.5476485573798], [100.22476196284269, 360.0552305324692], [100.12840179500174, 359.56504228990195], [100.02471251751297, 359.0770838296781], [99.91369413037637, 358.59135515179753], [99.79534663359199, 358.1078562562604], [99.66967002715977, 357.6265871430666], [99.53666431107975, 357.1475478122161], [99.39632948535193, 356.67073826370904], [99.24866554997627, 356.1961584975453], [99.09367250495282, 355.723808513725], [98.93135035028155, 355.25368831224796], [98.76169908596248, 354.78579789311436], [98.58471871199558, 354.3201372563241], [98.40040922838091, 353.85670640187726], [98.20877063511838, 353.39550532977364], [98.00980293220806, 352.9365340400135], [97.80350611964992, 352.4797925325966], [97.58988019744399, 352.02528080752325], [97.36892516559023, 351.5729988647931], [97.14064102408865, 351.1229467044063], [96.90502777293928, 350.67512432636295], [96.66208541214209, 350.229531730663], [96.41181394169709, 349.78616891730627], [96.15421336160428, 349.345035886293], [95.88928367186364, 348.90613263762305], [95.62204411050433, 348.46785691779206], [95.36001683182646, 348.02780748620984], [95.10327532924863, 347.58596088212624], [94.851819602771, 347.1423171055417], [94.60564965239345, 346.6968761564558], [94.36476547811606, 346.24963803486884], [94.12916707993878, 345.8006027407808], [93.89885445786163, 345.3497702741915], [93.67382761188458, 344.89714063510104], [93.45408654200766, 344.4427138235094], [93.2396312482309, 343.98648983941666], [93.03046173055424, 343.52846868282273], [92.8265779889777, 343.06865035372755], [92.62798002350127, 342.6070348521313], [92.43466783412501, 342.1436221780339], [92.24664142084885, 341.6784123314353], [92.06390078367278, 341.2114053123355], [91.88644592259689, 340.7426011207346], [91.71427683762107, 340.27199975663245], [91.54739352874542, 339.7996012200293], [91.38579599596989, 339.32540551092484], [91.22948423929446, 338.84941262931926], [91.07845825871918, 338.37162257521254], [90.93271805424399, 337.89203534860457], [90.79226362586896, 337.41065094949556], [90.65709497359404, 336.92746937788536], [90.52721209741924, 336.44249063377396], [90.40261499734459, 335.95571471716136], [90.28330367337004, 335.46714162804767], [90.16927812549562, 334.9767713664328], [90.06053835372131, 334.48460393231676], [89.95708435804715, 333.9906393256996], [89.85891613847309, 333.4948775465811], [89.76603369499917, 332.9973185949616], [89.67843702762539, 332.49796247084095], [89.5961261363517, 331.99680917421915], [89.51898819652776, 331.4938974233874], [89.44164483541762, 330.99107292672625], [89.36114038647344, 330.48934998703373], [89.27747484969524, 329.9887286043099], [89.19064822508302, 329.4892087785548], [89.10066051263681, 328.9907905097685], [89.00751171235659, 328.4934737979508], [88.91120182424234, 327.99725864310193], [88.81173084829408, 327.50214504522165], [88.70909878451178, 327.0081330043101], [88.60330563289553, 326.51522252036733], [88.49435139344524, 326.02341359339334], [88.38223606616091, 325.5327062233879], [88.26695965104258, 325.04310041035126], [88.14852214809028, 324.55459615428333], [88.02692355730392, 324.0671934551841], [87.90216387868358, 323.5808923130536], [87.77424311222919, 323.0956927278918], [87.64316125794079, 322.61159469969874], [87.5089183158184, 322.12859822847435], [87.37151428586199, 321.6467033142187], [87.23094916807158, 321.16590995693184], [87.08722296244713, 320.68621815661356], [86.9403356689887, 320.2076279132641], [86.79033305265949, 319.72922684667475], [86.63730473136037, 319.24922831498645], [86.48125305721493, 318.7675854257554], [86.32217803022307, 318.2842981789814], [86.16007965038487, 317.79936657466453], [85.99495791770035, 317.31279061280486], [85.82681283216941, 316.8245702934023], [85.65564439379213, 316.33470561645686], [85.4814526025685, 315.8431965819686], [85.30423745849849, 315.3500431899374], [85.12399896158213, 314.85524544036343], [84.94073711181942, 314.3588033332466], [84.7544519092103, 313.86071686858685], [84.56514335375486, 313.3609860463843], [84.37281144545304, 312.85961086663883], [84.17745618430486, 312.3565913293505], [83.97907757031032, 311.8519274345193], [83.77767560346942, 311.34561918214536], [83.57325028378219, 310.8376665722285], [83.36580161124856, 310.32806960476876], [83.15532958586857, 309.8168282797661], [82.94183420764222, 309.30394259722067], [82.72531547656949, 308.7894125571323], [82.50577339265044, 308.27323815950115], [82.27948465629761, 307.76366458475184], [82.04231813702013, 307.26984014756], [81.79427108042339, 306.79177094748286], [81.53534348650743, 306.3294569845207], [81.26553535527223, 305.8828982586733], [80.98484668671779, 305.4520947699408], [80.69327748084412, 305.0370465183232], [80.39082773765122, 304.63775350382036], [80.0774974571391, 304.25421572643256], [79.75328663930773, 303.8864331861595], [79.41819528415714, 303.5344058830012], [79.0722233916873, 303.1981338169579], [78.71537096189823, 302.8776169880295], [78.34763799478993, 302.57285539621586], [77.9690244903624, 302.2838490415171], [77.57953044861564, 302.01059792393323], [77.17915586954962, 301.7531020434642], [76.7679007531644, 301.51136140011005], [76.34576509945992, 301.28537599387073], [75.91274890843624, 301.0751458247463], [75.46885218009326, 300.8806708927366], [75.01407491443112, 