{"harita_boyut": {"genislik": 444, "yukseklik": 157}, "baslangic": [30.44573183893158, 149.44202570182924], "hedef": [344.08637439845546, 72.27343595021799], "engeller": [["daire", 103, 144, 6], ["daire", 296, 143, 9], ["daire", 39, 124, 12], ["daire", 304, 58, 12], ["dikdortgen", 133, 43, 10, 17], ["daire", 94, 148, 4], ["dikdortgen", 18, 87, 11, 8], ["daire", 418, 109, 3], ["daire", 149, 122, 10], ["dikdortgen", 175, 50, 18, 17], ["dikdortgen", 334, 101, 14, 13], ["dikdortgen", 103, 8, 13, 16], ["daire", 110, 97, 8], ["dikdortgen", 369, 91, 10, 10], ["dikdortgen", 41, 36, 15, 15], ["dikdortgen", 291, 132, 19, 20], ["dikdortgen", 11, 19, 20, 12], ["dikdortgen", 421, 8, 14, 11], ["daire", 170, 22, 15], ["daire", 131, 122, 11], ["daire", 134, 13, 6], ["dikdortgen", 315, 137, 19, 11], ["daire", 308, 59, 13], ["daire", 257, 13, 8], ["dikdortgen", 85, 105, 8, 7], ["daire", 107, 108, 7], ["daire", 216, 127, 14], ["dikdortgen", 253, 94, 17, 14], ["dikdortgen", 361, 86, 16, 18], ["dikdortgen", 7, 2, 15, 20], ["dikdortgen", 393, 137, 15, 7], ["daire", 69, 80, 15], ["dikdortgen", 262, 50, 7, 7], ["daire", 13, 147, 4]], "rrt_path": [[30.44573183893158, 149.44202570182924], [43.413970224224194, 143.80205581208645], [54.69770620107221, 139.9585762424826], [72.23469843209445, 132.422015278832], [68.34005358892597, 113.32581354493553], [55.92787892059913, 100.57834430587239], [51.58184211398574, 92.50027607888183], [48.35551466033388, 81.51292652374788], [49.798098911282025, 68.17746181407087], [66.11798977740195, 57.56647009746436], [83.13674030723313, 52.34908448536956], [84.96232924890845, 55.265309549678776], [93.59135638468226, 61.121249603924305], [106.66867148552406, 73.47916411432911], [120.91041949458398, 83.8119030833413], [134.33671224183107, 86.57092251840119], [153.59516878280175, 85.95917115561824], [168.89530623573734, 85.34504850520479], [187.32406121014947, 84.17274291575075], [201.31924245015887, 82.43642418838998], [214.1722822919036, 80.58747563910619], [233.57218372980688, 78.56351044549463], [251.16741566179888, 80.16071329107352], [262.9388155370792, 81.84383190589834], [275.74896189129475, 80.8380911826328], [291.5664140987444, 79.41867349510319], [299.42024850595715, 79.06641455244211], [313.27298814461625, 76.70702003738903], [328.9119150235405, 74.4242083497304], [344.08637439845546, 72.27343595021799]]}