{"harita_boyut": {"genislik": 309, "yukseklik": 434}, "baslangic": [43.76754405077535, 393.5278195030602], "hedef": [77.85969906456829, 129.5962352257362], "engeller": [["dikdortgen", 150, 252, 17, 15], ["dikdortgen", 107, 379, 19, 14], ["dikdortgen", 96, 165, 10, 11], ["daire", 123, 426, 5], ["dikdortgen", 254, 398, 13, 19], ["dikdortgen", 271, 62, 12, 19], ["dikdortgen", 82, 105, 12, 5], ["daire", 262, 307, 14], ["dikdortgen", 267, 187, 9, 15], ["daire", 193, 59, 14], ["dikdortgen", 103, 255, 8, 10], ["daire", 69, 47, 11], ["dikdortgen", 279, 303, 5, 20], ["daire", 243, 376, 4], ["daire", 85, 278, 4], ["dikdortgen", 45, 36, 12, 15], ["daire", 115, 225, 10], ["dikdortgen", 93, 391, 12, 17], ["daire", 155, 349, 9], ["daire", 54, 66, 8], ["dikdortgen", 176, 241, 12, 12], ["daire", 207, 330, 11], ["daire", 22, 429, 5], ["daire", 27, 106, 10], ["daire", 281, 67, 7], ["daire", 262, 277, 6], ["daire", 223, 213, 7], ["dikdortgen", 56, 252, 16, 20], ["daire", 257, 376, 14], ["dikdortgen", 222, 4, 17, 16], ["daire", 61, 319, 14], ["dikdortgen", 187, 60, 14, 15], ["dikdortgen", 233, 198, 5, 10], ["dikdortgen", 234, 72, 20, 19], ["dikdortgen", 247, 200, 17, 8], ["daire", 98, 238, 11], ["daire", 214, 287, 3], ["dikdortgen", 98, 57, 10, 9], ["dikdortgen", 95, 2, 7, 16], ["dikdortgen", 232, 202, 18, 10], ["daire", 287, 80, 7], ["daire", 137, 203, 7], ["dikdortgen", 103, 45, 7, 13], ["dikdortgen", 249, 43, 9, 17], ["daire", 37, 179, 3], ["dikdortgen", 122, 388, 8, 8], ["daire", 31, 7, 3], ["dikdortgen", 99, 147, 6, 20], ["daire", 200, 376, 11], ["dikdortgen", 7, 48, 9, 18], ["daire", 12, 138, 10], ["dikdortgen", 90, 180, 12, 17], ["daire", 102, 356, 12], ["daire", 75, 414, 13], ["dikdortgen", 94, 171, 7, 17], ["daire", 264, 185, 7], ["dikdortgen", 0, 255, 17, 13], ["daire", 128, 225, 4], ["daire", 78, 76, 14], ["dikdortgen", 71, 245, 20, 18], ["dikdortgen", 59, 65, 15, 14], ["daire", 81, 392, 12], ["dikdortgen", 17, 241, 17, 20], ["daire", 32, 36, 14], ["daire", 217, 346, 15], ["daire", 78, 10, 3], ["dikdortgen", 119, 406, 17, 11]], "rrt_path": [[43.76754405077535, 393.5278195030602], [53.01957693661127, 381.5880902176223], [65.93872803618792, 367.70966584799675], [71.34817636347518, 362.31117174939914], [80.99976156055281, 350.0161382745928], [87.44155035134804, 336.45875708204585], [90.56681264135477, 329.34455547206926], [99.57862347076467, 313.9306127928888], [106.82773202788903, 297.334395411778], [112.3691242461521, 280.52540735873947], [117.03103367183849, 266.7384306314495], [119.88263394672396, 256.99525991357945], [126.68536285656394, 239.46439165853465], [140.63775494227485, 225.16941800434242], [148.1298287499759, 211.51931665785435], [152.96878416880756, 196.1549712680731], [156.51175985775504, 177.88049223692025], [157.04553337782698, 179.8115990046349], [155.50260027242288, 170.68740406965318], [147.4099471129518, 158.05484987220865], [134.45667255387534, 146.8895699855967], [116.81609798232186, 141.55950425538347], [109.64270683128802, 139.21011350324042], [91.37115558367924, 132.69191998865722], [77.85969906456829, 129.5962352257362]]}