{"harita_boyut": {"genislik": 346, "yukseklik": 213}, "baslangic": [235.91914862509267, 9.3021786795865], "hedef": [37.94954475009088, 121.42668832682145], "engeller": [["dikdortgen", 39, 94, 15, 13], ["dikdortgen", 205, 159, 5, 10], ["daire", 321, 123, 10], ["daire", 174, 10, 8], ["dikdortgen", 151, 70, 17, 6], ["dikdortgen", 12, 106, 15, 9], ["dikdortgen", 57, 165, 14, 5], ["dikdortgen", 92, 67, 12, 13], ["daire", 82, 45, 3], ["dikdortgen", 303, 67, 11, 16], ["dikdortgen", 34, 175, 5, 12], ["daire", 80, 124, 12], ["daire", 244, 153, 10], ["dikdortgen", 209, 178, 6, 11], ["daire", 237, 50, 7], ["dikdortgen", 162, 105, 20, 7], ["dikdortgen", 318, 29, 18, 6], ["daire", 64, 130, 6], ["dikdortgen", 15, 41, 7, 12], ["dikdortgen", 244, 158, 7, 13], ["dikdortgen", 156, 174, 5, 12], ["daire", 106, 46, 9], ["daire", 188, 32, 14], ["dikdortgen", 98, 200, 9, 11], ["dikdortgen", 301, 40, 19, 13], ["daire", 279, 160, 13], ["daire", 47, 29, 11], ["daire", 276, 128, 5], ["daire", 310, 114, 3], ["dikdortgen", 9, 168, 5, 10], ["daire", 67, 186, 12], ["dikdortgen", 304, 105, 18, 8], ["dikdortgen", 230, 180, 9, 14], ["dikdortgen", 0, 123, 17, 11], ["daire", 24, 88, 10], ["dikdortgen", 133, 195, 9, 16]], "rrt_path": [[235.91914862509267, 9.3021786795865], [224.62952092103455, 19.92220725157832], [214.5294082459443, 31.101437678727045], [205.60560342433917, 42.08963989836801], [194.18900722465673, 53.0207442276625], [192.47805210911665, 72.46196647345606], [197.159355480978, 80.57747091724534], [201.3313527401466, 93.34389887767384], [199.89239279260633, 96.63181567372486], [180.26451086414502, 92.94960251358053], [176.36270540940112, 92.06874259660697], [158.71436400636264, 98.21444465999394], [146.76091089119407, 106.86045679937048], [133.61867241356381, 110.49474197292243], [124.02579862165274, 111.58004945971557], [104.40826745580102, 114.2156584541093], [100.77751214908488, 112.53708289645557], [82.91605625813236, 106.18403363241097], [75.679092533843, 106.80226156114107], [57.92029574526895, 112.81574653267857], [45.03986138257463, 118.26805645195499], [37.94954475009088, 121.42668832682145]]}