{"harita_boyut": {"genislik": 251, "yukseklik": 308}, "baslangic": [62.786016777573614, 114.9882952887784], "hedef": [23.300661047074332, 214.07348755041468], "engeller": [["daire", 31, 65, 11], ["daire", 191, 280, 12], ["dikdortgen", 2, 243, 10, 7], ["daire", 137, 171, 4], ["dikdortgen", 68, 94, 7, 7], ["dikdortgen", 3, 184, 5, 16], ["daire", 97, 169, 6], ["daire", 146, 112, 12], ["daire", 142, 129, 15], ["dikdortgen", 145, 172, 11, 17], ["dikdortgen", 209, 82, 7, 9], ["daire", 237, 79, 3], ["dikdortgen", 48, 6, 12, 17], ["daire", 154, 212, 11], ["dikdortgen", 104, 284, 18, 9], ["daire", 73, 269, 14], ["daire", 120, 109, 6], ["dikdortgen", 92, 218, 17, 17], ["dikdortgen", 47, 79, 19, 10], ["dikdortgen", 178, 139, 20, 20], ["daire", 79, 127, 10], ["daire", 213, 183, 13], ["dikdortgen", 68, 178, 15, 9], ["dikdortgen", 169, 2, 16, 8], ["dikdortgen", 36, 133, 17, 14], ["dikdortgen", 204, 286, 18, 11], ["daire", 115, 170, 13], ["daire", 57, 216, 6], ["daire", 134, 218, 6], ["daire", 63, 44, 9], ["daire", 117, 68, 5], ["daire", 207, 34, 10], ["dikdortgen", 231, 210, 16, 19], ["daire", 195, 98, 4], ["dikdortgen", 198, 195, 6, 12], ["daire", 88, 125, 10], ["dikdortgen", 101, 171, 13, 18], ["daire", 103, 239, 15]], "rrt_path": [[62.786016777573614, 114.9882952887784], [62.732796978149196, 132.33043608494475], [74.3660927406221, 144.51431682995147], [77.61120749371575, 146.8529553739026], [79.5816387707506, 149.29931777647883], [75.21802815321192, 155.503696531176], [66.60266556772343, 166.00063247628023], [54.905139924268354, 181.17215221349366], [39.669880601285385, 191.78818449377226], [32.66398939318565, 199.83015509221553], [23.300661047074332, 214.07348755041468]]}