{"harita_boyut": {"genislik": 201, "yukseklik": 114}, "baslangic": [156.55904607994665, 106.51394564692605], "hedef": [47.57014455969003, 43.49287198152427], "engeller": [["daire", 36, 72, 7], ["daire", 60, 21, 13], ["dikdortgen", 166, 17, 9, 14], ["dikdortgen", 163, 25, 20, 8], ["dikdortgen", 82, 64, 14, 10], ["dikdortgen", 67, 44, 11, 18], ["daire", 186, 45, 12], ["dikdortgen", 129, 12, 17, 10], ["dikdortgen", 28, 10, 11, 11], ["dikdortgen", 109, 64, 15, 20], ["dikdortgen", 141, 25, 17, 20]], "rrt_path": [[156.55904607994665, 106.51394564692605], [139.42922599598052, 101.43784640109517], [120.15013689795374, 97.18164472166644], [106.4049455914333, 94.35302853758589], [95.86630977264312, 86.7676067730952], [79.99546335662819, 81.38401203244679], [72.83529249803298, 76.9072736666031], [61.5987090027133, 68.61631090715233], [54.14624378035725, 54.588179520986564], [50.949335167515535, 45.299437133934404], [51.50663275501413, 42.78289966651896], [47.57014455969003, 43.49287198152427]]}