{"harita_boyut": {"genislik": 142, "yukseklik": 487}, "baslangic": [16.135848018119578, 351.5757358322969], "hedef": [110.78890405182607, 397.22185870649065], "engeller": [["dikdortgen", 131, 147, 9, 12], ["dikdortgen", 128, 364, 5, 11], ["dikdortgen", 29, 120, 16, 11], ["dikdortgen", 104, 44, 20, 12], ["daire", 93, 44, 14], ["dikdortgen", 19, 366, 12, 13], ["dikdortgen", 1, 317, 11, 14], ["daire", 130, 342, 4], ["daire", 29, 180, 11], ["dikdortgen", 74, 166, 6, 10], ["dikdortgen", 130, 308, 7, 9], ["daire", 125, 125, 7], ["dikdortgen", 112, 95, 7, 5], ["dikdortgen", 87, 211, 9, 13], ["daire", 92, 153, 12], ["daire", 15, 308, 13], ["daire", 74, 98, 9], ["dikdortgen", 31, 462, 14, 8], ["daire", 21, 131, 8], ["dikdortgen", 23, 472, 9, 15], ["daire", 68, 169, 8], ["daire", 85, 72, 9], ["daire", 66, 429, 8], ["daire", 20, 370, 12], ["daire", 85, 53, 5], ["dikdortgen", 102, 126, 19, 15], ["daire", 80, 223, 11], ["dikdortgen", 118, 143, 5, 13], ["dikdortgen", 108, 80, 14, 18], ["daire", 52, 294, 7], ["daire", 58, 332, 15], ["dikdortgen", 115, 29, 14, 6], ["dikdortgen", 69, 232, 7, 12], ["dikdortgen", 117, 234, 16, 20]], "rrt_path": [[16.135848018119578, 351.5757358322969], [16.718883771873337, 351.36014580174714], [17.295776838033543, 351.16025458931205], [17.86652721660022, 350.9760621949919], [18.431134907573345, 350.8075686187863], [18.989599910952936, 350.6547738606957], [19.541922226738976, 350.5176779207198], [20.08810185493148, 350.3962807988587], [20.62813879553044, 350.29058249511235], [21.162033048535864, 350.2005830094809], [21.689784613947737, 350.1262823419641], [22.211393491766067, 350.0676804925621], [22.72685968199087, 350.024777461275], [23.236183184622117, 349.99757324810247], [23.739363999659822, 349.98606785304486], [24.236402127103986, 349.990261276102], [24.72729756695461, 350.01015351727403], [25.2120503192117, 350.0457445765607], [25.690660383875237, 350.09703445396224], [26.16312776094523, 350.16402314947845], [26.629452450421695, 350.2467106631096], [27.089634452304605, 350.34509699485545], [27.543673766593972, 350.4591821447161], [27.99157039328981, 350.58896611269154], [28.433324332392097, 350.73444889878175], [28.868935583900843, 350.89563050298676], [29.29840414781605, 351.0725109253066], [29.721730024137706, 351.26509016574107], [30.138913212865823, 351.4733682242904], [30.5499537140004, 351.6973451009545], [30.954851527541436, 351.9370207957335], [31.35360665348893, 352.1923953086272], [31.74621909184288, 352.46346863963566], [32.132688842603294, 352.7502407887589], [32.51301590577017, 353.05271175599705], [32.88720028134349, 353.37088154134983], [33.25524196932327, 353.70475014481747], [33.61714096970951, 354.05431756639985], [33.97289728250221, 354.4195838060971], [34.322510907701364, 354.80054886390906], [34.66598184530699, 355.1972127398358], [35.00664386624342, 355.6015675710606], [35.34898149924512, 356.0028413244363], [35.693018553916254, 356.4009768082575], [36.03875503025684, 356.7959740225243], [36.38619092826684, 357.1878329672366], [36.7353262479463, 357.57655364239446], [37.08616098929521, 357.962136047998], [37.43869515231354, 358.3445801840469], [37.792928737001326, 358.7238860505416], [38.14886174335855, 359.10005364748173], [38.506494171385214, 359.47308297486734], [38.86582602108132, 359.8429740326985], [39.22685729244686, 360.20972682097533], [39.589587985481856, 360.5733413396978], [39.95401810018627, 360.9338175888656], [40.32014763656015, 361.29115556847916], [40.687976594603455, 361.64535527853826], [41.05750497431621, 361.9964167190428], [41.42873277569841, 362.34433988999297], [41.80165999875005, 362.68912479138874], [42.176286643471116, 363.03077142323], [42.552612709861634, 363.3692797855168], [42.930638197921596, 363.7046498782492], [43.310363107651, 364.0368817014272], [43.691787439049826, 364.36597525505067], [44.074911192118115, 364.69193053911977], [44.45973436685584, 365.01474755363444], [44.846256963263, 365.3344262985946], [45.234478981339606, 365.6509667740004], [45.62440042108565, 365.96436897985166], [46.01598596828538, 366.2746936218723], [46.4078289210042, 366.5843588440651], [46.79919986993572, 366.89461851314906], [47.19009881507997, 367.20547262912476], [47.580525756436906, 367.51692119199157], [47.97048069400656, 367.82896420174995], [48.35996362778893, 368.14160165839985], [48.748974557784, 368.45483356194103], [49.13751348399178, 368.7686599123736], [49.525580406412274, 369.08308070969764], [49.91317532504547, 369.39809595391307], [50.30029823989137, 369.7137056450199], [50.68694915094999, 370.02990978301824], [51.0731280582213, 370.34670836790775], [51.45883496170536, 370.66410139968895], [51.84406986140208, 370.98208887836137], [52.22883275731154, 371.3006708039253], [52.61312364943368, 371.61984717638063], [52.99694253776856, 371.9396179957274], [53.38028942231613, 372.2599832619655], [53.76316430307642, 372.58094297509507], [54.145567180049404, 372.902497135116], [54.52749805323511, 373.22464574202843], [54.90895692263352, 373.54738879583226], [55.28994378824465, 373.8707262965275], [55.67045865006847, 374.19465824411407], [56.050501508105, 374.5191846385921], [56.43007236235425, 374.84430547996163], [56.80917121281621, 375.17002076822246], [57.187798059490866, 375.4963305033747], [57.56595290237822, 375.82323468541836], [57.9436357414783, 376.1507333143535], [58.3208465767911, 376.4788263901801], [58.697585408316584, 376.8075139128979], [59.07385296624533, 377.13679781359525], [59.44979022805534, 377.4670509263494], [59.82550238464565, 377.79855144277167], [60.20098943601626, 378.131299362862], [60.576251382167165, 378.4652946866206], [60.95128822309834, 378.80053741404726], [61.32609995880981, 379.1370275451421], [61.70068658930159, 379.4747650799052], [62.07504811457367, 379.8137500183363], [62.44918453462601, 380.1539823604356], [62.82309584945866, 380.49546210620304], [63.1967820590716, 380.8381892556386], [63.57024316346484, 381.18216380874236], [63.943479162638354, 381.5273857655142], [64.31649005659216, 381.8738551259542], [64.68927584532628, 382.2215718900624], [65.06183652884067, 382.57053605783875], [65.43417210713537, 382.92074762928326], [65.80628258021036, 383.2722066043959], [66.17816794806564, 383.62491298317667], [66.5498282107012, 383.9788667656255], [66.92126336811707, 384.3340679517426], [67.2924734203132, 384.6905165415278], [67.66345836728965, 385.0482125349812], [68.03421820904639, 385.4071559321027], [68.39679794849566, 385.7703854981754], [68.742444626932, 386.14124481544644], [69.07115330342181, 386.5197357713254], [69.38292397796506, 386.90585836581215], [69.67775665056175, 387.29961259890683], [69.95565132121187, 387.70099847060936], [70.21660798991545, 388.11001598091974], [70.46062665667246, 388.526665129838], [70.68770732148293, 388.95094591736427], [70.89784998434682, 389.3828583434982], [71.09105464526418, 389.8224024082402], [71.26732130423495, 390.26957811158996], [71.42664996125919, 390.72438545354754], [71.56904061633686, 391.1868244341132], [71.69449326946797, 391.6568950532866], [71.80300792065253, 392.13459731106786], [71.89458456989054, 392.61993120745706], [71.96922321718198, 393.1128967424541], [72.02692386252687, 393.61349391605904], [72.0676865059252, 394.1217227282719], [72.09151114737696, 394.6375831790925], [72.09839778688219, 395.16107526852113], [72.08834642444084, 395.6921989965575], [72.06226357459863, 396.23056174985885], [72.03747984714319, 396.7686576051312], [72.02061824015584, 397.3036181280733], [72.0116787536366, 397.8354433186852], [72.01066138758546, 398.36413317696696], [72.01756614200244, 398.8896877029186], [72.03239301688753, 399.41210689653997], [72.05514201224072, 399.9313907578313], [72.08581312806201, 400.44753928679233], [72.12440636435144, 400.9605524834233], [72.17092172110894, 401.47043034772406], [72.22535919833456, 401.9771728796946], [72.28771879602832, 402.48078007933503], [72.35800051419014, 402.98125194664533], [72.43620435282008, 403.47858848162537], [72.52233031191815, 403.97278968427537], 