{"harita_boyut": {"genislik": 214, "yukseklik": 281}, "baslangic": [157.69909940482924, 240.91481132811765], "hedef": [25.449393506869704, 80.78814020811151], "engeller": [["dikdortgen", 187, 40, 16, 20], ["daire", 46, 146, 13], ["daire", 144, 45, 8], ["daire", 175, 215, 14], ["daire", 29, 235, 7], ["daire", 60, 112, 15], ["dikdortgen", 44, 188, 7, 11], ["dikdortgen", 154, 162, 6, 10], ["daire", 158, 163, 3], ["daire", 86, 272, 5], ["dikdortgen", 33, 241, 19, 11], ["dikdortgen", 62, 39, 20, 20], ["dikdortgen", 155, 138, 14, 19], ["dikdortgen", 128, 166, 18, 13], ["dikdortgen", 162, 201, 15, 19], ["daire", 138, 200, 8], ["dikdortgen", 22, 171, 8, 12], ["daire", 51, 270, 9], ["daire", 86, 122, 13], ["dikdortgen", 125, 161, 12, 6], ["dikdortgen", 91, 272, 13, 5], ["dikdortgen", 2, 134, 17, 8], ["dikdortgen", 185, 0, 14, 14], ["dikdortgen", 129, 114, 13, 8], ["daire", 151, 113, 6], ["dikdortgen", 13, 100, 11, 13], ["daire", 23, 203, 4], ["dikdortgen", 121, 125, 9, 15], ["daire", 147, 17, 3], ["dikdortgen", 96, 18, 15, 15]], "rrt_path": [[157.69909940482924, 240.91481132811765], [146.5656690879698, 233.51019590424121], [135.6664233451853, 229.0047294962439], [120.49500931840163, 221.59473913552904], [109.21465027212518, 215.99533489650764], [101.49183055713607, 208.4622492905111], [85.82162441883489, 196.94164306335512], [71.09131301434294, 186.52092338014475], [59.74797310553363, 178.0986059191855], [44.857590203428515, 174.1729088196177], [44.47996153691369, 170.76142101806485], [41.65584144624825, 167.92869340788067], [30.10124636783603, 155.46750709134207], [26.991497985627298, 148.0967557788225], [28.54566455231044, 140.4537276135912], [29.980982387334972, 121.3468160649133], [30.417112238477404, 104.2607454705139], [30.18024455942802, 96.29175577859402], [25.449393506869704, 80.78814020811151]]}