{"harita_boyut": {"genislik": 223, "yukseklik": 360}, "baslangic": [112.68689057009058, 45.560376331895505], "hedef": [144.83422585750236, 318.0394921370207], "engeller": [["daire", 143, 23, 13], ["dikdortgen", 84, 197, 9, 15], ["dikdortgen", 15, 209, 9, 6], ["daire", 54, 118, 5], ["dikdortgen", 191, 173, 6, 12], ["dikdortgen", 115, 122, 7, 10], ["dikdortgen", 165, 301, 11, 17], ["daire", 166, 99, 8], ["daire", 121, 53, 6], ["daire", 28, 47, 13], ["daire", 206, 176, 5], ["dikdortgen", 165, 297, 10, 9], ["daire", 157, 20, 11], ["daire", 92, 193, 13], ["dikdortgen", 83, 12, 12, 5], ["dikdortgen", 90, 58, 8, 6], ["daire", 49, 241, 7], ["daire", 76, 115, 14], ["daire", 105, 222, 4], ["dikdortgen", 122, 131, 7, 15], ["dikdortgen", 187, 152, 14, 10], ["dikdortgen", 88, 224, 14, 10], ["daire", 103, 323, 9], ["daire", 181, 199, 13], ["dikdortgen", 153, 86, 16, 19], ["dikdortgen", 103, 158, 11, 5], ["daire", 184, 133, 12], ["daire", 149, 50, 14], ["dikdortgen", 135, 88, 18, 16], ["dikdortgen", 6, 191, 10, 17], ["daire", 52, 304, 15], ["dikdortgen", 60, 149, 8, 20], ["daire", 167, 138, 4], ["daire", 101, 171, 5], ["daire", 29, 259, 5], ["daire", 18, 185, 11], ["daire", 91, 103, 10], ["daire", 181, 39, 12], ["daire", 178, 141, 10], ["dikdortgen", 155, 235, 16, 6]], "rrt_path": [[112.68689057009058, 45.560376331895505], [106.46157581727057, 54.76800568857192], [107.26593381337928, 58.68629718029328], [110.66472682910855, 76.60286921131662], [111.59404169088056, 90.39098032869381], [114.95741605231805, 104.45126693419495], [130.67845598839787, 113.122548609501], [131.31342044515168, 114.17572234396201], [136.46996114197435, 124.18785448463939], [142.63520027371544, 135.82025238470348], [140.77247201368226, 151.1323276913746], [133.7950254124762, 166.74200753837718], [132.61105188726006, 186.29328857663228], [132.70947666026782, 195.73816542037412], [122.85173176090375, 209.58442956290472], [120.9338376675856, 213.09465494695277], [117.89142652325144, 232.14934765966626], [116.55471839505391, 235.9193889565237], [118.96036329348027, 253.59025597694634], [124.64977906284018, 267.0006989397319], [128.89359412573242, 277.587458872824], [135.82372373789454, 296.14720140569415], [141.29430556996803, 308.8880944202185], [144.83422585750236, 318.0394921370207]]}