{"harita_boyut": {"genislik": 193, "yukseklik": 330}, "baslangic": [158.0250910121658, 31.032847970119413], "hedef": [135.81608655139573, 221.33011276305945], "engeller": [["daire", 20, 271, 8], ["daire", 183, 314, 9], ["dikdortgen", 39, 39, 9, 7], ["dikdortgen", 176, 47, 13, 16], ["daire", 183, 58, 6], ["dikdortgen", 52, 85, 11, 9], ["dikdortgen", 8, 172, 20, 17], ["daire", 109, 87, 3], ["daire", 130, 60, 15], ["dikdortgen", 36, 231, 16, 7], ["dikdortgen", 176, 308, 16, 16], ["dikdortgen", 7, 305, 15, 8], ["daire", 91, 186, 14], ["daire", 27, 259, 15], ["dikdortgen", 37, 101, 15, 18], ["daire", 117, 279, 9], ["dikdortgen", 48, 1, 5, 7], ["dikdortgen", 45, 38, 7, 17], ["dikdortgen", 63, 202, 19, 16], ["daire", 42, 22, 3], ["daire", 22, 76, 8], ["dikdortgen", 134, 239, 7, 12], ["daire", 30, 55, 7], ["daire", 87, 78, 8], ["daire", 169, 152, 13], ["dikdortgen", 60, 318, 5, 7], ["daire", 5, 45, 4], ["daire", 57, 250, 14], ["dikdortgen", 97, 315, 20, 10], ["daire", 151, 274, 14], ["dikdortgen", 83, 38, 9, 9]], "rrt_path": [[158.0250910121658, 31.032847970119413], [156.8824277990477, 46.483938009009954], [150.8368393958931, 63.14930051905452], [144.4275032554258, 77.72619335507262], [142.1358834516694, 94.76356526035075], [139.24445097212188, 107.62303068266432], [135.7140622238373, 124.00559908113574], [133.61025861185155, 140.86412746768173], [132.40452475280802, 151.501600858015], [128.356437907585, 167.7373259170909], [125.71352811754123, 170.73982951270756], [122.02596281561341, 169.25800175858552], [129.55657106538644, 180.9819480395819], [135.6129877626445, 196.51278866700346], [140.38227198851047, 206.4497393384663], [135.81608655139573, 221.33011276305945]]}