{"harita_boyut": {"genislik": 433, "yukseklik": 207}, "baslangic": [403.585387773125, 162.09529437477707], "hedef": [25.429738402627805, 116.16601415082607], "engeller": [["dikdortgen", 361, 137, 13, 18], ["daire", 284, 125, 14], ["daire", 407, 69, 6], ["dikdortgen", 125, 47, 20, 14], ["daire", 395, 113, 10], ["dikdortgen", 379, 11, 19, 8], ["dikdortgen", 51, 112, 18, 16], ["dikdortgen", 89, 33, 7, 17], ["dikdortgen", 122, 158, 17, 19], ["daire", 392, 151, 3], ["daire", 171, 76, 8], ["dikdortgen", 259, 55, 7, 5], ["dikdortgen", 313, 50, 7, 6], ["daire", 341, 121, 9], ["dikdortgen", 349, 131, 20, 20], ["daire", 337, 119, 4], ["daire", 231, 56, 8], ["daire", 195, 68, 6], ["daire", 158, 148, 15], ["dikdortgen", 69, 108, 18, 6], ["dikdortgen", 233, 158, 5, 6], ["daire", 398, 104, 6], ["dikdortgen", 217, 126, 6, 16], ["dikdortgen", 227, 73, 16, 5], ["dikdortgen", 228, 39, 17, 18], ["daire", 420, 195, 12], ["daire", 83, 61, 13], ["daire", 280, 188, 6], ["dikdortgen", 297, 64, 19, 8], ["daire", 224, 161, 6], ["daire", 160, 158, 15], ["dikdortgen", 351, 174, 5, 6], ["dikdortgen", 204, 119, 5, 5], ["daire", 324, 56, 15], ["dikdortgen", 325, 148, 8, 17], ["dikdortgen", 186, 63, 7, 19], ["dikdortgen", 382, 61, 12, 9], ["daire", 274, 13, 3], ["daire", 77, 41, 4], ["daire", 254, 93, 9], ["dikdortgen", 358, 18, 12, 11], ["dikdortgen", 221, 184, 15, 18], ["daire", 190, 88, 12], ["dikdortgen", 253, 48, 16, 20]], "rrt_path": [[403.585387773125, 162.09529437477707], [388.21997166606695, 158.6610056588781], [382.97956929056176, 154.64735437757668], [380.5005003241236, 135.75630131198673], [381.0258913808149, 131.79095589985064], [368.8924034803264, 118.45253788089151], [355.08275769271296, 104.60696863909094], [341.9706011514275, 98.34802634588617], [327.24849399052283, 87.64661441141469], [309.2508972760899, 86.29308362447108], [305.5561750735919, 87.82573748179433], [291.2096173797439, 76.5978775132634], [288.38004846111005, 61.79952872469708], [279.18014714091277, 46.59717179083454], [266.2496120075045, 36.72829715494178], [248.11799138279824, 32.26880194929298], [236.1593250893964, 32.30921850484996], [224.68878424588507, 31.711809307788776], [205.73368833203904, 35.71672215389745], [191.72941054052453, 40.39451214558165], [174.54627964785982, 49.78264396093276], [161.07592872040496, 57.838610421079736], [150.1070444226972, 72.93820373747067], [149.4223878248758, 76.09035685572714], [158.01279001035914, 91.95046166073293], [164.14819204461628, 104.88342332193929], [158.2539347855811, 122.203722045229], [148.96808554869682, 128.71853037486343], [139.1932886089102, 136.5557097360065], [120.56433247323629, 142.7468477286598], [106.18802712957633, 144.17986693761773], [87.34615999218575, 145.2313698653596], [71.3198196772475, 139.94051650944394], [58.10818813398656, 140.24273394642935], [44.34153915298201, 132.04816439998052], [31.668938964600073, 121.02101791463362], [25.429738402627805, 116.16601415082607]]}