{"harita_boyut": {"genislik": 445, "yukseklik": 102}, "baslangic": [99.67165504905174, 6.875108418251707], "hedef": [360.5557971176823, 37.292979664538464], "engeller": [["daire", 54, 24, 5], ["daire", 77, 25, 15], ["dikdortgen", 406, 58, 20, 10], ["dikdortgen", 118, 72, 16, 14], ["dikdortgen", 348, 67, 13, 8], ["dikdortgen", 369, 89, 11, 13], ["daire", 318, 86, 4], ["daire", 320, 55, 14], ["dikdortgen", 231, 70, 20, 12], ["daire", 236, 51, 13], ["dikdortgen", 265, 39, 12, 8], ["dikdortgen", 322, 49, 18, 16], ["dikdortgen", 29, 2, 13, 18], ["daire", 289, 56, 10], ["dikdortgen", 295, 85, 15, 5], ["daire", 410, 76, 14], ["dikdortgen", 336, 75, 14, 10], ["dikdortgen", 123, 70, 15, 17], ["dikdortgen", 263, 37, 17, 18], ["daire", 186, 84, 3], ["dikdortgen", 416, 92, 6, 6], ["dikdortgen", 105, 58, 14, 8]], "rrt_path": [[99.67165504905174, 6.875108418251707], [111.07334515007456, 9.115023877621445], [126.38016311251485, 11.650297442670166], [144.03075121842488, 18.088475425888493], [153.901210669407, 20.51850710569695], [163.52491437216037, 23.14787250247585], [173.3239329021979, 25.664892127508878], [191.82657134400014, 30.36497735964359], [203.03239342197844, 30.64754608155877], [219.70643260277788, 30.83552710248289], [236.62592847928627, 29.940072653993415], [255.93965850324247, 28.686837023533776], [275.3827498243438, 30.32517609037258], [290.11927203653505, 32.326864788039245], [290.3919865760353, 34.79525234130135], [308.7315959060945, 35.07413971691526], [324.30749035949015, 36.12749489480317], [342.1403879123939, 40.256870245292525], [360.5557971176823, 37.292979664538464]]}