{"harita_boyut": {"genislik": 169, "yukseklik": 224}, "baslangic": [96.18451293648685, 26.31381847252478], "hedef": [48.35438436749276, 196.8838320888936], "engeller": [["dikdortgen", 34, 11, 8, 20], ["daire", 60, 181, 10], ["dikdortgen", 38, 135, 15, 20], ["daire", 73, 146, 13], ["daire", 73, 150, 12], ["dikdortgen", 102, 35, 7, 9], ["daire", 58, 23, 10], ["daire", 24, 14, 6], ["dikdortgen", 39, 183, 20, 6], ["dikdortgen", 93, 133, 18, 10], ["daire", 36, 107, 9], ["daire", 68, 107, 5], ["daire", 28, 169, 15], ["dikdortgen", 70, 89, 19, 8], ["dikdortgen", 57, 31, 14, 20], ["daire", 160, 73, 7], ["dikdortgen", 72, 184, 7, 10], ["dikdortgen", 18, 130, 10, 17]], "rrt_path": [[96.18451293648685, 26.31381847252478], [96.97173472342789, 39.405427338234574], [96.00427725563695, 47.465686898842634], [103.95071972528144, 60.22817089304982], [110.10633338679786, 67.61346645932478], [115.345439143481, 77.55856113446647], [120.38289188551875, 86.86320546167127], [116.48554578440546, 103.0499819834683], [116.03092438202542, 109.09236744412803], [116.88592377823954, 111.47812716208557], [118.03293976508664, 121.81565960599707], [120.17226000377156, 140.30890927534153], [115.5402836049921, 148.57709384231205], [111.72580433885808, 149.78114862853803], [95.20371572970792, 160.80354463426536], [91.36642282151287, 178.76898173726315], [85.56662473876064, 196.86725958842246], [83.14434019713131, 200.05042430288253], [68.83008493655883, 199.61645646407965], [53.99513091855771, 197.42420904173292], [48.35438436749276, 196.8838320888936]]}