{"harita_boyut": {"genislik": 258, "yukseklik": 342}, "baslangic": [119.48630069947937, 131.1043824845089], "hedef": [10.180606471166826, 45.18666977299696], "engeller": [["dikdortgen", 203, 54, 16, 8], ["daire", 86, 204, 3], ["dikdortgen", 236, 190, 11, 15], ["daire", 119, 28, 7], ["daire", 210, 127, 8], ["dikdortgen", 32, 170, 10, 9], ["dikdortgen", 78, 156, 18, 19], ["dikdortgen", 126, 221, 9, 10], ["dikdortgen", 86, 246, 13, 19], ["daire", 90, 248, 6], ["daire", 61, 234, 11], ["dikdortgen", 45, 60, 19, 16], ["dikdortgen", 120, 158, 16, 15], ["dikdortgen", 243, 31, 5, 15], ["dikdortgen", 88, 327, 20, 9], ["daire", 123, 262, 4], ["dikdortgen", 109, 136, 5, 15], ["dikdortgen", 110, 97, 18, 11], ["daire", 127, 42, 10], ["dikdortgen", 201, 164, 17, 11], ["dikdortgen", 191, 211, 9, 20], ["dikdortgen", 96, 44, 18, 9], ["daire", 191, 265, 11], ["dikdortgen", 59, 53, 9, 12], ["daire", 160, 310, 3], ["daire", 22, 133, 3], ["daire", 13, 204, 6], ["daire", 249, 204, 9], ["daire", 48, 275, 12], ["daire", 195, 61, 15], ["dikdortgen", 87, 153, 6, 17], ["daire", 237, 276, 15], ["daire", 203, 222, 9], ["daire", 90, 182, 11], ["daire", 181, 155, 8], ["dikdortgen", 134, 80, 18, 18], ["dikdortgen", 189, 47, 18, 13], ["daire", 172, 27, 11], ["daire", 112, 197, 7], ["dikdortgen", 242, 239, 12, 13], ["daire", 73, 215, 5], ["dikdortgen", 14, 259, 19, 13], ["daire", 118, 62, 14], ["dikdortgen", 64, 166, 11, 12]], "rrt_path": [[119.48630069947937, 131.1043824845089], [107.91440651623634, 122.23453516694914], [101.52980661430887, 117.99073316649886], [98.86772570575253, 117.34404640770276], [80.14330961729235, 119.03843216584114], [68.47896941907385, 120.30973619122949], [52.53762831673632, 108.74446364584308], [48.070840898729266, 96.04596647838095], [39.12240255821957, 80.48852122556947], [31.13893453083292, 69.74095846007053], [22.33522662509364, 57.94886812146402], [10.180606471166826, 45.18666977299696]]}