{"harita_boyut": {"genislik": 198, "yukseklik": 472}, "baslangic": [123.31585673674395, 439.7127758927497], "hedef": [48.15431515625559, 366.9961530767412], "engeller": [["daire", 109, 154, 10], ["daire", 59, 425, 13], ["dikdortgen", 33, 377, 14, 5], ["daire", 169, 268, 9], ["dikdortgen", 41, 143, 15, 16], ["daire", 29, 165, 10], ["dikdortgen", 175, 102, 19, 9], ["daire", 52, 458, 3], ["daire", 117, 413, 7], ["daire", 116, 196, 4], ["dikdortgen", 146, 380, 11, 8], ["daire", 92, 260, 10], ["dikdortgen", 56, 278, 8, 8], ["dikdortgen", 122, 333, 6, 13], ["dikdortgen", 50, 137, 11, 17], ["dikdortgen", 163, 224, 17, 9], ["daire", 66, 349, 13], ["daire", 91, 455, 5], ["dikdortgen", 103, 302, 7, 16], ["dikdortgen", 101, 420, 18, 12], ["dikdortgen", 142, 103, 8, 8], ["dikdortgen", 179, 370, 17, 7], ["daire", 176, 199, 9], ["dikdortgen", 9, 167, 20, 16], ["dikdortgen", 164, 344, 14, 14], ["dikdortgen", 83, 267, 10, 12], ["daire", 90, 427, 5], ["daire", 81, 348, 9], ["daire", 175, 146, 15], ["daire", 155, 48, 15], ["dikdortgen", 38, 277, 7, 16], ["daire", 164, 312, 12], ["dikdortgen", 31, 108, 17, 5], ["dikdortgen", 169, 320, 7, 7], ["daire", 144, 242, 13], ["dikdortgen", 127, 184, 7, 5], ["dikdortgen", 1, 247, 5, 10], ["daire", 66, 18, 7], ["dikdortgen", 180, 50, 17, 18], ["daire", 174, 199, 14], ["daire", 170, 405, 4], ["dikdortgen", 120, 213, 5, 18], ["daire", 159, 345, 7], ["daire", 21, 35, 11], ["dikdortgen", 152, 368, 6, 17], ["dikdortgen", 46, 312, 16, 18]], "rrt_path": [[123.31585673674395, 439.7127758927497], [125.95152686307098, 428.43786836339535], [130.5492273913607, 410.9328718658828], [128.8543514073769, 392.5123009156022], [123.11697159398406, 374.50796508453715], [115.50323548541948, 358.41412242474075], [105.1115152067225, 345.5922002091823], [103.00733290272835, 345.50063718401003], [94.97881015290048, 354.2189810088936], [83.27602760671792, 368.5816570378132], [64.0842666178043, 370.56779428562186], [48.15431515625559, 366.9961530767412]]}