{"harita_boyut": {"genislik": 322, "yukseklik": 235}, "baslangic": [217.15126522960887, 37.04462192132813], "hedef": [168.2466305491433, 167.83309629339058], "engeller": [["dikdortgen", 199, 132, 14, 17], ["dikdortgen", 303, 216, 9, 8], ["dikdortgen", 238, 156, 7, 5], ["dikdortgen", 22, 171, 13, 11], ["dikdortgen", 163, 68, 5, 7], ["dikdortgen", 52, 159, 20, 18], ["daire", 271, 181, 12], ["dikdortgen", 20, 78, 20, 12], ["daire", 278, 66, 13], ["dikdortgen", 85, 6, 18, 5], ["dikdortgen", 276, 13, 12, 15], ["daire", 202, 62, 9], ["daire", 263, 212, 11], ["daire", 213, 205, 9], ["dikdortgen", 68, 115, 5, 10], ["daire", 82, 37, 13], ["daire", 299, 77, 7], ["dikdortgen", 214, 85, 18, 9], ["daire", 58, 175, 3], ["daire", 76, 149, 6], ["daire", 215, 219, 15], ["daire", 36, 217, 14], ["dikdortgen", 41, 210, 15, 9], ["dikdortgen", 179, 188, 10, 6], ["dikdortgen", 113, 203, 20, 8], ["daire", 56, 131, 7], ["daire", 202, 131, 13], ["daire", 272, 130, 14], ["daire", 242, 129, 5], ["dikdortgen", 191, 148, 20, 11], ["daire", 55, 61, 4], ["dikdortgen", 208, 143, 11, 16], ["dikdortgen", 252, 172, 12, 12], ["daire", 89, 178, 4], ["daire", 124, 111, 7], ["dikdortgen", 27, 208, 6, 11], ["daire", 190, 162, 15]], "rrt_path": [[217.15126522960887, 37.04462192132813], [206.46260592197964, 41.87825847698328], [192.1814518104086, 51.22529618384678], [186.93025380227863, 58.91600118355976], [177.2977170964234, 75.34261209229774], [177.2219624433034, 83.31320676640901], [178.110554328335, 101.99462305892644], [179.69192352285054, 109.58558684484566], [181.32792600407709, 111.3314235703746], [176.4981213311938, 121.33072748029342], [174.3011964004393, 139.93516253016588], [170.66542049147733, 156.69862079734165], [168.2466305491433, 167.83309629339058]]}