{"harita_boyut": {"genislik": 185, "yukseklik": 366}, "baslangic": [167.63126071216433, 24.57806915861518], "hedef": [142.83256456254392, 176.85095041074393], "engeller": [["daire", 47, 316, 13], ["daire", 141, 15, 10], ["dikdortgen", 35, 122, 11, 19], ["daire", 161, 79, 10], ["daire", 120, 176, 11], ["daire", 90, 312, 3], ["daire", 41, 40, 7], ["daire", 113, 51, 7], ["dikdortgen", 34, 297, 7, 15], ["dikdortgen", 32, 7, 12, 16], ["dikdortgen", 110, 133, 12, 7], ["dikdortgen", 172, 96, 12, 19], ["daire", 155, 312, 9], ["dikdortgen", 57, 214, 15, 15], ["dikdortgen", 67, 215, 16, 10], ["daire", 108, 228, 6], ["daire", 156, 192, 6], ["dikdortgen", 14, 326, 13, 13], ["daire", 57, 213, 5], ["daire", 105, 294, 8], ["daire", 67, 248, 9], ["dikdortgen", 108, 27, 14, 9], ["dikdortgen", 41, 9, 17, 11], ["dikdortgen", 1, 110, 19, 14], ["daire", 149, 104, 10], ["dikdortgen", 12, 153, 8, 16], ["dikdortgen", 124, 336, 11, 14], ["daire", 117, 334, 14], ["daire", 24, 189, 3], ["daire", 12, 253, 11], ["dikdortgen", 49, 133, 16, 7], ["daire", 120, 99, 7], ["daire", 44, 136, 9]], "rrt_path": [[167.63126071216433, 24.57806915861518], [159.2314003958402, 39.80384564227214], [150.9623741854305, 57.97139742659533], [145.90942952250373, 68.0036909886404], [139.71530372127714, 78.2344905690095], [131.88020861651387, 93.41246321349465], [133.51548156366354, 109.28665901650976], [136.29829462459608, 125.19305441666944], [138.40126723901437, 126.66664286951548], [144.12131932258467, 135.05614124787408], [145.49921530545166, 153.81351211358432], [144.54200909666798, 163.565477223905], [142.83256456254392, 176.85095041074393]]}