{"harita_boyut": {"genislik": 302, "yukseklik": 117}, "baslangic": [290.09617188989324, 41.27474964857614], "hedef": [70.99718850228109, 14.862443199906172], "engeller": [["dikdortgen", 156, 91, 9, 10], ["dikdortgen", 15, 1, 7, 20], ["dikdortgen", 150, 80, 5, 6], ["dikdortgen", 153, 62, 8, 12], ["daire", 49, 62, 15], ["daire", 264, 51, 10], ["dikdortgen", 281, 71, 16, 19], ["dikdortgen", 270, 51, 14, 11], ["daire", 74, 56, 8], ["daire", 59, 64, 15], ["daire", 105, 19, 9], ["dikdortgen", 130, 72, 18, 9], ["dikdortgen", 216, 42, 14, 10], ["dikdortgen", 41, 50, 14, 16], ["daire", 77, 37, 8], ["dikdortgen", 222, 95, 9, 13], ["dikdortgen", 254, 87, 19, 18]], "rrt_path": [[290.09617188989324, 41.27474964857614], [272.983177993056, 36.07305520106569], [255.64634238561953, 35.21748973019172], [248.77446439885028, 38.18391995125005], [236.88081113573915, 53.13192793843658], [235.39917893054337, 58.6932622342248], [216.0542910234978, 59.56433828062279], [201.1012383366518, 54.78313309423859], [197.99897185812975, 55.17645463359102], [194.01324153160166, 54.838884249531276], [174.56801708836826, 54.21377702985386], [163.0080384776068, 53.883073704040235], [146.68871199313335, 47.69170070596191], [129.70793901259017, 42.391559464147235], [115.43196239696692, 37.49195167838808], [97.71201592391728, 31.531911992649913], [89.13817035150394, 28.409333405026747], [74.43990234755226, 16.89903873647649], [70.99718850228109, 14.862443199906172]]}