{"harita_boyut": {"genislik": 220, "yukseklik": 430}, "baslangic": [198.4748413189255, 333.40375952847023], "hedef": [211.56168226487858, 213.7460795740918], "engeller": [["dikdortgen", 2, 405, 9, 18], ["dikdortgen", 104, 308, 10, 7], ["dikdortgen", 141, 255, 8, 16], ["dikdortgen", 171, 388, 15, 16], ["dikdortgen", 201, 51, 8, 8], ["daire", 23, 263, 12], ["daire", 25, 285, 8], ["dikdortgen", 8, 64, 16, 17], ["daire", 141, 118, 8], ["dikdortgen", 152, 363, 7, 19], ["daire", 199, 77, 8], ["daire", 136, 296, 3], ["dikdortgen", 15, 220, 16, 20], ["daire", 107, 277, 5], ["dikdortgen", 125, 345, 7, 11], ["dikdortgen", 138, 351, 20, 17], ["dikdortgen", 138, 371, 15, 7], ["daire", 199, 196, 8], ["dikdortgen", 140, 373, 16, 7], ["dikdortgen", 17, 164, 7, 17], ["dikdortgen", 59, 217, 9, 20], ["dikdortgen", 151, 312, 16, 5], ["daire", 56, 268, 4], ["daire", 101, 32, 4], ["dikdortgen", 193, 230, 17, 11], ["daire", 137, 416, 5], ["daire", 74, 417, 12], ["dikdortgen", 69, 58, 19, 9], ["dikdortgen", 42, 334, 19, 16], ["dikdortgen", 114, 280, 20, 18], ["dikdortgen", 25, 313, 20, 13], ["dikdortgen", 129, 228, 5, 12], ["daire", 28, 74, 4], ["dikdortgen", 121, 105, 10, 5], ["daire", 143, 58, 6], ["dikdortgen", 26, 143, 20, 11], ["dikdortgen", 138, 209, 10, 14], ["dikdortgen", 108, 158, 12, 17], ["dikdortgen", 52, 111, 8, 8], ["daire", 179, 135, 12], ["dikdortgen", 19, 282, 7, 9], ["dikdortgen", 80, 14, 18, 7], ["dikdortgen", 120, 216, 6, 5], ["dikdortgen", 88, 157, 18, 11], ["dikdortgen", 86, 325, 19, 18], ["dikdortgen", 76, 41, 5, 8], ["dikdortgen", 3, 15, 17, 12]], "rrt_path": [[198.4748413189255, 333.4037595284703], [197.999857364668, 333.2084401282895], [197.5279088207875, 333.0087350388837], [197.058995687284, 332.8046442602527], [196.59311796415747, 332.5961677923965], [196.13027565140789, 332.38330563531525], [195.6704687490354, 332.16605778900885], [195.21369725703977, 331.9444242534773], [194.75996117542115, 331.71840502872044], [194.3092605041795, 331.48800011473855], [193.86159524331492, 331.2532095115316], [193.41696539282725, 331.0140332190994], [192.9753709527166, 330.77047123744205], [192.5368119229829, 330.52252356655964], [192.1012883036262, 330.270190206452], [191.6688000946465, 330.0134711571193], [191.23934729604375, 329.75236641856134], [190.81292990781805, 329.4868759907783], [190.38954792996927, 329.2169998737701], [189.96920136249753, 328.94273806753677], [189.5518902054027, 328.6640905720783], [189.13761445868494, 328.3810573873947], [188.7263741223441, 328.0936385134859], [188.3181691963803, 327.80183395035203], [187.9129996807934, 327.5056436979929], [187.51086557558355, 327.20506775640877], [187.11176688075065, 326.90010612559934], [186.71570359629476, 326.59075880556486], [186.32267572221585, 326.2770257963052], [185.93268325851392, 325.95890709782043], [185.54572620518897, 325.6364027101105], [185.161804562241, 325.3095126331754], [184.78091832967002, 324.9782368670152], [184.40306750747604, 324.6425754116299], [184.02825209565904, 324.3025282670193], [183.65647209421903, 323.9580954331837], [183.28772750315596, 323.60927691012284], [182.9220183224699, 323.25607269783694], [182.55934455216084, 322.89848279632577], [182.19970619222877, 322.5365072055896], [181.84310324267364, 322.17014592562816], [181.48953570349556, 321.7993989564417], [181.1390035746944, 321.42426629803], [180.79150685627025, 321.0447479503931], [180.44704554822312, 320.6608439135312], [180.1056196505529, 320.27255418744403], [179.76722916325969, 319.8798787721318], [179.43483066946655, 319.4828764654954], [179.11289982126306, 319.08163627533116], [178.80148249700133, 318.67615911402703], [178.50057869668137, 318.266444981583], [178.21018842030318, 317.852493877999], [177.93031166786682, 317.4343058032752], [177.66094843937225, 317.0118807574115], [177.40209873481945, 316.585218740408], [177.1537625542084, 316.1543197522645], [176.9159398975392, 315.7191837929811], [176.68863076481173, 315.27981086255784], [176.47183515602606, 314.83620096099463], [176.26555307118218, 314.38835408829163], [176.06978451028013, 313.93627024444874], [175.88452947331982, 313.47994942946593], [175.7097879603013, 313.01939164334317], [175.54555997122458, 312.5545968860806], [175.39184550608962, 312.08556515767816], [175.2486445648965, 311.61229645813586], [175.11595714764508, 311.13479078745354], [174.99378325433548, 310.6530481456313], [174.8821228849677, 310.16706853266936], [174.78097603954166, 309.6768519485674], [174.69034271805748, 309.18239839332557], [174.610222920515, 308.6837078669439], [174.54061664691432, 308.1807803694223], [174.4815238972555, 307.67361590076086], [174.42886849911187, 307.16384483106395], [174.3746617924292, 306.6546624305916], [174.31869360542754, 306.1461527629579], [174.26096393810678, 305.63831582816306], [174.20147279046688, 305.1311516262069], [174.1402201625079, 304.62466015708947], [174.07720605422983, 304.11884142081095], [174.0124304656327, 303.6136954173711], [173.94589339671649, 303.1092221467701], [173.8775948474812, 302.6054216090078], [173.80753481792678, 302.1022938040843], [173.7357133080533, 301.5998387319996], [173.66213031786074, 301.0980563927536], [173.5867858473491, 300.5969467863464], [173.50967989651838, 300.096509912778], [173.43081246536855, 299.5967457720484], [173.35018355389965, 299.0976543641575], [173.26779316211167, 298.5992356891054], [173.18364129000457, 298.10148974689207], [173.09772793757844, 297.60441653751747], [173.0100531048332, 297.1080160609817], [172.92061679176888, 296.61228831728465], [172.82941899838542, 296.11723330642633], [172.73645972468293, 295.6228510284069], [172.64173897066135, 295.12914148322614], [172.54525673632068, 294.6361046708842], [172.44701302166092, 294.14374059138106], [172.3470078266821, 293.65204924471664], [172.24524115138416, 293.161030630891], [172.14171299576714, 292.67068474990407], [172.03642335983108, 292.18101160175604], [171.92937224357587, 291.69201118644673], [171.82071884310565, 291.20360853338633], [171.71177637585245, 290.715185206049], [171.60283668181307, 290.2266037675494], [171.49389976098752, 289.7378642178876], [171.38496561337584, 289.24896655706345], [171.276034238978, 288.75991078507707], [171.16710563779398, 288.2706969019283], [171.0581798098238, 287.7813249076174], [170.9492567550675, 287.2917948021441], [170.840336473525, 286.8021065855087], [170.73141896519638, 286.3122602577109], [170.62250423008155, 285.82225581875076], [170.5135922681806, 285.33209326862846], [170.40468307949345, 284.84177260734384], [170.29577666402014, 284.3512938348969], [170.18687302176068, 283.8606569512877], [170.07797215271506, 283.3698619565162], [169.9690740568833, 282.87890885058255], [169.8601787342654, 282.3877976334865], [169.75128618486124, 281.8965283052282], [169.642396408671, 281.40510086580764], [169.5335094056946, 280.9135153152248], [169.42462517593202, 280.42177165347965], [169.31574371938328, 279.92986988057226], [169.20686503604838, 279.43780999650255], [169.0979891259273, 278.9455920012706], [168.9891159890201, 278.4532158948764], [168.88024562532672, 277.9606816773198], [168.7713780348472, 277.4679893486011], [168.66251321758145, 276.97513890871994], [168.5536511735296, 276.4821303576766], [168.44479190269163, 275.98896369547106], [168.3359354050674, 275.4956389221031], [168.22708168065708, 275.00215603757295], [168.11823072946055, 274.5085150418805], [168.0093825514779, 274.0147159350258], [167.9005371467091, 273.5207587170088], [167.79213301112395, 273.0266104218464], [167.68945592327026, 272.5318736664421], [167.5940556900902, 272.0364319368187], [167.50593231158356, 271.5402852329762], [167.4250857877506, 271.04343355491454], [167.35151611859112, 270.5458769026337], [167.28522330410516, 270.04761527613374], [167.22620734429282, 269.5486486754147], [167.17446823915398, 269.04897710047646], [167.13000598868868, 268.54860055131917], [167.0928205928969, 268.0475190279427], [167.0629120517787, 267.545732530347], [167.04028036533407, 267.0432410585323], [167.02492553356294, 