{"harita_boyut": {"genislik": 239, "yukseklik": 372}, "baslangic": [164.20224271891448, 173.2908370358274], "hedef": [24.82517815216981, 10.549654080016811], "engeller": [["daire", 69, 352, 10], ["dikdortgen", 158, 297, 19, 17], ["dikdortgen", 125, 297, 20, 10], ["daire", 184, 77, 14], ["dikdortgen", 218, 302, 12, 6], ["dikdortgen", 61, 274, 16, 5], ["dikdortgen", 173, 314, 13, 5], ["daire", 127, 84, 6], ["dikdortgen", 29, 197, 15, 13], ["daire", 145, 106, 3], ["daire", 52, 328, 11], ["dikdortgen", 148, 62, 20, 12], ["daire", 24, 124, 8], ["daire", 193, 36, 11], ["dikdortgen", 36, 274, 11, 6], ["dikdortgen", 117, 181, 14, 14], ["dikdortgen", 189, 130, 9, 11], ["daire", 57, 280, 13], ["daire", 139, 69, 5], ["daire", 131, 261, 9], ["dikdortgen", 225, 310, 9, 16], ["dikdortgen", 74, 147, 9, 16], ["dikdortgen", 131, 113, 20, 10], ["daire", 135, 257, 12], ["daire", 227, 168, 6], ["daire", 15, 137, 5], ["daire", 26, 267, 5], ["daire", 156, 160, 10], ["daire", 187, 128, 13], ["dikdortgen", 136, 154, 7, 10], ["dikdortgen", 86, 308, 12, 17], ["dikdortgen", 179, 44, 16, 20], ["daire", 171, 271, 13], ["daire", 80, 119, 7], ["dikdortgen", 110, 8, 7, 12], ["dikdortgen", 223, 3, 10, 15], ["daire", 169, 224, 12], ["dikdortgen", 193, 290, 18, 17], ["daire", 149, 265, 9], ["daire", 158, 222, 12], ["daire", 94, 247, 10], ["dikdortgen", 169, 114, 15, 6], ["dikdortgen", 135, 144, 8, 11], ["dikdortgen", 117, 130, 11, 17]], "rrt_path": [[164.20224271891448, 173.2908370358274], [150.9340560424423, 187.86112204852742], [141.91835411697667, 200.60066075840928], [135.55615203605512, 209.23475546138704], [116.77615571158348, 214.8874397751769], [103.09831383912923, 214.1836785676183], [89.64651182536488, 211.0965651188245], [88.54880540922252, 208.49733944699932], [80.33332846941308, 190.8803392939593], [73.59417561779121, 181.0678770735499], [63.093784188774485, 166.4722474229355], [65.80783565710115, 151.59571939528288], [60.336567579707754, 134.72872858064957], [57.93527307066976, 116.59347545944478], [62.87943185313604, 101.50145320283315], [69.15627238647164, 82.77638743211608], [68.49497293215639, 71.40476418426746], [58.32230081319073, 56.503943006698776], [50.24343715484523, 45.43642241159213], [42.46652143495544, 33.58143267149518], [33.217316669944104, 22.776041727513068], [24.82517815216981, 10.549654080016811]]}