{"harita_boyut": {"genislik": 362, "yukseklik": 365}, "baslangic": [58.977765366482615, 24.062360031614794], "hedef": [302.90955245819134, 304.8884883034631], "engeller": [["daire", 49, 78, 9], ["dikdortgen", 130, 110, 6, 20], ["daire", 45, 119, 7], ["dikdortgen", 237, 158, 6, 12], ["daire", 145, 99, 14], ["dikdortgen", 252, 287, 16, 16], ["daire", 328, 284, 8], ["dikdortgen", 249, 57, 10, 15], ["daire", 266, 26, 10], ["dikdortgen", 267, 299, 18, 8], ["daire", 274, 75, 9], ["dikdortgen", 228, 30, 11, 5], ["daire", 237, 44, 15], ["daire", 352, 55, 6], ["dikdortgen", 127, 144, 13, 10], ["daire", 83, 92, 13], ["dikdortgen", 178, 157, 11, 15], ["dikdortgen", 278, 142, 17, 6], ["dikdortgen", 23, 178, 13, 20], ["dikdortgen", 133, 246, 8, 14], ["dikdortgen", 330, 52, 20, 15], ["daire", 153, 216, 14], ["daire", 23, 202, 7], ["daire", 81, 37, 11], ["daire", 8, 120, 4], ["daire", 82, 288, 14], ["daire", 155, 200, 9], ["daire", 206, 87, 8], ["dikdortgen", 202, 50, 8, 18], ["dikdortgen", 146, 313, 5, 19], ["daire", 85, 330, 15], ["daire", 165, 113, 6], ["daire", 164, 200, 6], ["dikdortgen", 62, 342, 6, 18], ["daire", 33, 190, 8], ["daire", 315, 208, 7], ["daire", 275, 25, 11], ["daire", 9, 101, 9], ["dikdortgen", 77, 180, 14, 17], ["dikdortgen", 148, 58, 8, 19], ["daire", 63, 259, 11], ["dikdortgen", 341, 328, 8, 13], ["dikdortgen", 50, 214, 5, 11], ["dikdortgen", 292, 132, 12, 17], ["dikdortgen", 282, 253, 6, 5], ["daire", 209, 18, 12], ["dikdortgen", 5, 21, 17, 13], ["daire", 10, 34, 9], ["daire", 216, 96, 8], ["daire", 314, 75, 5], ["dikdortgen", 46, 233, 6, 5], ["daire", 325, 71, 15], ["daire", 246, 163, 10], ["dikdortgen", 199, 218, 18, 10], ["daire", 322, 151, 5], ["dikdortgen", 114, 146, 7, 15], ["dikdortgen", 198, 349, 19, 10], ["daire", 152, 177, 8], ["daire", 19, 186, 5], ["dikdortgen", 307, 28, 14, 5], ["daire", 262, 19, 14], ["daire", 314, 99, 3], ["dikdortgen", 66, 349, 11, 9], ["dikdortgen", 260, 178, 6, 17], ["dikdortgen", 327, 99, 17, 16], ["daire", 39, 283, 14]], "rrt_path": [[58.977765366482615, 24.062360031614794], [61.22097948355148, 37.718627272427895], [69.79332892709202, 48.77019451521346], [79.55077646047252, 60.69051179835763], [88.66347594132802, 69.52059793609084], [96.7155931234183, 77.71954427220021], [109.483140738262, 92.78977012033327], [118.31593700521161, 104.82665898827334], [123.47844360339421, 113.80533866846947], [119.90866105241949, 131.75778844747902], [131.39210110934897, 138.9697418608093], [146.8841262794516, 137.19151423745757], [165.74751158182497, 141.50048986157682], [179.98196718074928, 145.47383026170746], [186.46829798054705, 147.2275639945739], [200.07192543878614, 149.30409159707543], [218.02951186073642, 152.18980115458757], [221.09282680327175, 151.07961027934556], [219.4643627985761, 158.73893908730943], [208.15013011335805, 173.9618950001221], [200.91850583829222, 182.7973327420566], [192.63630617353576, 193.68345316298965], [192.15224427842622, 212.43776469518372], [189.97170359299304, 227.99248033601057], [196.24505825283254, 239.8254993857085], [209.33180589080422, 244.23118158196354], [222.33475839824797, 252.2505635214357], [230.71007167319294, 257.41543686766414], [246.12202944706905, 268.6235753009933], [258.5102416341981, 277.0410864896113], [268.4820581018147, 279.1505292044472], [284.59268296264463, 285.8676009674165], [298.35728358162015, 299.0039030160956], [302.90955245819134, 304.8884883034631]]}