{"harita_boyut": {"genislik": 315, "yukseklik": 454}, "baslangic": [143.693161689815, 221.17531306962718], "hedef": [54.06451247260212, 281.13316873845656], "engeller": [["dikdortgen", 206, 314, 14, 11], ["daire", 175, 318, 13], ["dikdortgen", 88, 175, 17, 8], ["daire", 58, 345, 10], ["daire", 102, 308, 3], ["dikdortgen", 124, 171, 20, 6], ["dikdortgen", 303, 52, 10, 10], ["dikdortgen", 283, 52, 16, 16], ["daire", 292, 48, 4], ["daire", 143, 97, 8], ["dikdortgen", 266, 227, 9, 13], ["dikdortgen", 298, 231, 14, 5], ["dikdortgen", 259, 272, 16, 16], ["daire", 171, 371, 10], ["dikdortgen", 242, 224, 18, 17], ["dikdortgen", 200, 297, 18, 18], ["dikdortgen", 251, 194, 10, 8], ["dikdortgen", 273, 28, 5, 15], ["daire", 92, 56, 10], ["dikdortgen", 273, 104, 20, 11], ["daire", 254, 197, 7], ["dikdortgen", 157, 39, 16, 8], ["dikdortgen", 149, 93, 16, 16], ["dikdortgen", 94, 189, 15, 6], ["daire", 73, 51, 7], ["daire", 207, 161, 7], ["dikdortgen", 290, 52, 19, 13], ["daire", 281, 447, 5], ["daire", 106, 313, 15], ["daire", 118, 322, 6], ["dikdortgen", 241, 39, 17, 10], ["dikdortgen", 17, 420, 8, 7], ["dikdortgen", 37, 436, 20, 14], ["dikdortgen", 6, 4, 11, 14], ["dikdortgen", 66, 109, 13, 16], ["dikdortgen", 131, 80, 8, 10], ["dikdortgen", 79, 163, 17, 5], ["daire", 151, 271, 8], ["daire", 202, 97, 4], ["dikdortgen", 91, 199, 17, 15], ["dikdortgen", 265, 187, 15, 16], ["dikdortgen", 227, 9, 10, 17], ["daire", 120, 268, 13], ["daire", 26, 81, 13], ["daire", 153, 239, 7], ["daire", 289, 361, 14], ["daire", 301, 386, 9], ["daire", 270, 237, 10], ["daire", 251, 208, 11], ["daire", 87, 401, 11], ["dikdortgen", 143, 272, 9, 18], ["dikdortgen", 97, 351, 7, 10], ["daire", 152, 239, 5], ["daire", 177, 234, 12], ["daire", 68, 182, 3], ["daire", 207, 138, 7], ["daire", 77, 129, 15], ["dikdortgen", 217, 233, 19, 20], ["daire", 91, 346, 5], ["dikdortgen", 302, 426, 6, 8], ["dikdortgen", 236, 341, 12, 11], ["dikdortgen", 169, 253, 5, 15], ["daire", 30, 434, 11], ["dikdortgen", 207, 394, 6, 6], ["dikdortgen", 296, 132, 16, 7], ["daire", 182, 357, 6], ["daire", 248, 292, 8], ["dikdortgen", 205, 63, 9, 10], ["dikdortgen", 223, 240, 7, 11], ["dikdortgen", 139, 313, 17, 13], ["daire", 257, 156, 11]], "rrt_path": [[143.693161689815, 221.17531306962718], [143.40306575080956, 203.28384214900777], [143.22771391461873, 204.09691511138726], [128.46621953997249, 211.76817609001162], [110.77124795635527, 220.13583548423532], [91.20675237783794, 219.7486483209831], [75.91347308921296, 232.29575497872307], [67.95479824414097, 247.6510133218935], [62.233854998578416, 264.81813965844924], [54.06451247260212, 281.13316873845656]]}