{"harita_boyut": {"genislik": 408, "yukseklik": 278}, "baslangic": [264.61553514409707, 124.84624361453885], "hedef": [348.91049828607055, 253.95202188972345], "engeller": [["dikdortgen", 210, 100, 13, 18], ["dikdortgen", 110, 19, 20, 9], ["daire", 312, 90, 10], ["daire", 193, 114, 13], ["dikdortgen", 184, 204, 7, 15], ["daire", 168, 115, 10], ["daire", 192, 118, 10], ["daire", 398, 267, 6], ["dikdortgen", 161, 59, 12, 17], ["daire", 197, 131, 3], ["daire", 212, 254, 6], ["daire", 361, 44, 6], ["daire", 144, 159, 13], ["daire", 292, 59, 7], ["daire", 51, 211, 13], ["dikdortgen", 190, 76, 6, 11], ["daire", 220, 105, 6], ["dikdortgen", 35, 259, 17, 6], ["daire", 178, 242, 3], ["dikdortgen", 355, 98, 6, 20], ["dikdortgen", 89, 47, 14, 16], ["daire", 390, 51, 12], ["dikdortgen", 136, 66, 20, 15], ["daire", 360, 18, 11], ["daire", 197, 101, 7], ["dikdortgen", 349, 213, 14, 12], ["dikdortgen", 399, 72, 7, 16], ["dikdortgen", 37, 158, 19, 19], ["dikdortgen", 312, 146, 14, 13], ["dikdortgen", 60, 121, 19, 7], ["daire", 95, 207, 4], ["daire", 76, 81, 9], ["daire", 249, 153, 15], ["dikdortgen", 24, 129, 11, 20], ["dikdortgen", 288, 79, 10, 16], ["daire", 125, 37, 3], ["dikdortgen", 314, 137, 8, 15], ["daire", 388, 169, 10], ["daire", 54, 84, 13], ["daire", 126, 148, 13], ["dikdortgen", 306, 21, 20, 17], ["dikdortgen", 39, 199, 8, 6], ["daire", 80, 245, 11], ["dikdortgen", 146, 239, 9, 6], ["dikdortgen", 120, 259, 18, 16], ["dikdortgen", 351, 94, 5, 5], ["dikdortgen", 381, 110, 7, 6], ["daire", 117, 51, 12], ["daire", 101, 212, 6], ["daire", 285, 244, 9], ["daire", 108, 15, 9], ["daire", 36, 255, 8], ["daire", 284, 118, 7], ["daire", 74, 41, 8], ["daire", 34, 254, 6], ["daire", 57, 45, 3]], "rrt_path": [[264.615535144097, 124.8462436145388], [264.79260928010126, 125.33251116643655], [264.973285117042, 125.81623477346396], [265.15756265491916, 126.29741443562106], [265.3454418937327, 126.7760501529078], [265.53692283348266, 127.25214192532421], [265.73200547416906, 127.72568975287028], [265.93068981579194, 128.19669363554604], [266.1329758583512, 128.66515357335146], [266.3388636018469, 129.1310695662865], [266.54835304627903, 129.59444161435127], [266.7614441916476, 130.05526971754568], [266.97813703795254, 130.51355387586975], [267.198431585194, 130.96929408932348], [267.42232783337187, 131.4224903579069], [267.64982578248606, 131.87314268161995], [267.8809254325368, 132.3212510604627], [268.11562678352396, 132.76681549443512], [268.35392983544745, 133.20983598353718], [268.5958345883075, 133.65031252776893], [268.841341042104, 134.08824512713034], [269.0904491968368, 134.5236337816214], [269.34315905250605, 134.95647849124214], [269.59947060911173, 135.38677925599254], [269.8593838666539, 135.8145360758726], [270.1228988251325, 136.23974895088236], [270.39001548454746, 136.66241788102175], [270.6607338448989, 137.08254286629082], [270.93505390618674, 137.50012390668957], [271.212975668411, 137.91516100221796], [271.4944991315717, 138.327654152876], [271.77962429566884, 138.73760335866376], [272.0683511607024, 139.14500861958115], [272.3606797266724, 139.54986993562818], [272.65660999357885, 139.95218730680492], [272.9561419614216, 140.3519607331113], [273.25927563020093, 140.74919021454735], [273.56601099991667, 141.14387575111311], [273.87634807056884, 141.5360173428085], [274.1902868421573, 141.92561498963354], [274.50782731468234, 142.31266869158827], [274.82896948814374, 142.69717844867264], [275.15371336254157, 143.07914426088672], [275.4820589378759, 143.45856612823044], [275.8140062141466, 143.8354440507038], [276.14955519135367, 144.20977802830686], [276.48870586949727, 144.5815680610396], [276.8314582485773, 144.950814148902], [277.1778123285937, 145.31751629189404], [277.52776810954657, 145.68167449001575], [277.8813255914358, 146.0432887432671], [278.2384847742615, 146.40235905164818], [278.5992456580237, 146.7588854151589], [278.9616400597645, 147.1142731251364], [279.32130555589725, 147.471636971317], [279.6780834455392, 147.83109026683272], [280.0319737286903, 148.19263301168357], [280.38297640535075, 148.55626520586955], [280.7310914755205, 148.9219868493907], [281.0763189391994, 149.28979794224696], [281.4186587963876, 149.65969848443837], [281.75811104708504, 150.03168847596493], [282.09467569129174, 150.4057679168266], [282.42835272900777, 150.7819368070234], [282.7591421602329, 151.16019514655534], [283.0870439849674, 151.54054293542248], [283.41205820321113, 151.9229801736247], [283.73418481496407, 152.30750686116204], [284.0534238202263, 152.69412299803457], [284.3697752189978, 153.08282858424224], [284.68323901127854, 153.47362361978503], [284.99381519706856, 153.86650810466296], [285.3015037763678, 154.26148203887598], [285.6063047491763, 154.6585454224242], [285.90821811549404, 155.05769825530754], [286.207243875321, 155.45894053752602], [286.50338202865726, 155.8622722690796], [286.79663257550277, 156.26769344996836], [287.08699551585755, 156.67520408019226], [287.37447084972155, 157.0848041597513], [287.6590585770948, 157.49649368864544], [287.9407586979773, 157.91027266687473], [288.2195712123691, 158.32614109443918], [288.49574859603894, 158.74394365810466], [288.77492155278435, 159.16021656876595], [289.0594081981843, 159.57353381223817], [289.34920853223855, 159.98389538852135], [289.6443225549473, 160.39130129761548], [289.9447502663104, 160.7957515395206], [290.25049166632795, 161.19724611423658], [290.56154675499994, 161.5957850217636], [290.87791553232637, 161.9913682621015], [291.1995979983072, 162.38399583525037], [291.5265941529425, 162.7736677412102], [291.85890399623213, 163.16038397998096], [292.19652752817626, 163.54414455156265], [292.5394647487748, 163.92494945595533], [292.88771565802773, 164.30279869315893], [293.2412802559352, 164.6776922631735], [293.60015854249696, 165.04963016599896], [293.9411663975802, 165.42675094471085], [294.2331551210814, 165.81998902494533], [294.47596067699794, 166.22940198982678], [294.66958306533, 166.65498983935515], [294.81402228607743, 167.09675257353052], [294.9092783392404, 167.5546901923528], [294.9553512248188, 168.0288026958221], [294.9522409428125, 168.51909008393827], [294.89994749322176, 169.02555235670144], [294.79847087604645, 169.54818951411156], [294.65237089158745, 170.0856479490055], [294.50982646370176, 170.62362542616697], [294.38375635886996, 171.1582869235132], [294.274160577092, 171.6896324410443], [294.1810391183678, 172.21766197876016], [294.10439198269745, 172.74237553666086], [294.04421917008096, 173.2637731147464], [294.0005206805184, 173.78185471301674], [293.9732965140095, 174.2966203314719], [293.9625466705546, 174.8080699701119], [293.9682711501534, 175.31620362893665], [293.99046995280617, 175.8210213079463], [294.0291430785127, 176.32252300714072], [294.084290527273, 176.82070872651994], [294.1559122990873, 177.31557846608402], [294.2440083939553, 177.80713222583287], [294.34857881187713, 178.29537000576656], [294.4696235528529, 178.78029180588507], [294.6071426168824, 179.2618976261884], [294.7611360039658, 179.7401874666765], [294.93160371410306, 180.21516132734948], [295.1185457472942, 180.68681920820728], [295.3219621035391, 181.15516110924986], [295.54185278283785, 181.62018703047727], [295.77821778519035, 182.08189697188948], [296.03047446004734, 182.54041336323917], [296.2819214954133, 182.99924557647827], [296.5248935813903, 183.46000428887393], [296.7593907179782, 183.9226895004261], [296.985412905177, 184.38730121113466], [297.2029601429868, 184.85383942099975], [297.4120324314075, 185.32230413002134], [297.61262977043907, 185.79269533819942], [297.80475216008165, 186.265013045534], [297.98839960033513, 186.73925725202508], [298.1635720911996, 187.21542795767263], [298.33026963267497, 187.69352516247667], [298.4884922247612, 188.17354886643722], [298.6382398674584, 188.65549906955425], [298.7795125607666, 189.13937577182776], [298.91231030468566, 189.62517897325773], [299.0366330992156, 190.11290867384423], [299.1524809443566, 