{"harita_boyut": {"genislik": 267, "yukseklik": 172}, "baslangic": [144.70971846206314, 37.12926819677429], "hedef": [202.17907646893758, 156.79236038339727], "engeller": [["dikdortgen", 235, 116, 7, 10], ["daire", 26, 40, 7], ["daire", 32, 48, 4], ["daire", 65, 51, 13], ["dikdortgen", 134, 146, 8, 11], ["daire", 88, 74, 9], ["dikdortgen", 28, 110, 13, 14], ["dikdortgen", 90, 123, 8, 9], ["daire", 131, 135, 7], ["dikdortgen", 166, 28, 11, 5], ["daire", 96, 99, 12], ["daire", 141, 79, 11], ["dikdortgen", 43, 121, 6, 9], ["daire", 158, 129, 11], ["dikdortgen", 136, 146, 14, 9], ["dikdortgen", 47, 8, 5, 11], ["dikdortgen", 50, 50, 9, 10], ["dikdortgen", 13, 111, 11, 19], ["dikdortgen", 4, 100, 17, 15], ["daire", 44, 49, 5], ["dikdortgen", 103, 7, 17, 13], ["dikdortgen", 99, 52, 5, 19]], "rrt_path": [[144.70971846206314, 37.129268196774284], [144.65832752624414, 37.643103016273365], [144.61283835100923, 38.153428651410465], [144.5732509363584, 38.660245102185606], [144.53956528229162, 39.163552368598765], [144.5117813888089, 39.66335045064996], [144.48989925591027, 40.15963934833917], [144.47391888359573, 40.65241906166642], [144.46384027186522, 41.14168959063169], [144.4596634207188, 41.62745093523499], [144.46138833015647, 42.10970309547632], [144.4690150001782, 42.58844607135567], [144.482543430784, 43.06367986287306], [144.5019736219739, 43.53540447002847], [144.5273055737478, 44.00361989282191], [144.55853928610586, 44.46832613125338], [144.59567475904797, 44.929523185322886], [144.63871199257414, 45.3872110550304], [144.68765098668433, 45.841389740375945], [144.74249174137864, 46.29205924135952], [144.80323425665702, 46.73921955798113], [144.86987853251952, 47.18287069024077], [144.94242456896603, 47.62301263813843], [145.02087236599664, 48.05964540167412], [145.10522192361128, 48.492768980847835], [145.19517000984683, 48.92501480431593], [145.28934247573073, 49.36830765383831], [145.38757129548648, 49.824105646952766], [145.48985646911402, 50.29240878365931], [145.5961979966133, 50.773217063957915], [145.70659587798446, 51.266530487848605], [145.8210501132274, 51.772349055331375], [145.9395607023422, 52.290672766406225], [146.06212764532867, 52.82150162107314], [146.188750942187, 53.364835619332126], [146.31943059291714, 53.9206747611832], [146.45416659751908, 54.489019046626346], [146.5929589559928, 55.06986847566156], [146.73580766833834, 55.663223048288856], [146.88271273455567, 56.269082764508234], [147.03367415464479, 56.88744762431968], [147.18869192860572, 57.51831762772322], [147.34776605643847, 58.16169277471882], [147.51089653814302, 58.8175730653065], [147.67808337371935, 59.48595849948625], [147.84961596345264, 60.16502416273373], [148.04771936532822, 60.71462219343222], [148.28630368833387, 61.04703754351296], [148.56536893246968, 61.16227021297598], [148.88491509773556, 61.06032020182126], [149.2448497351824, 60.74191310817614], [149.62633298451343, 60.354916133030365], [150.01519553508672, 60.010539034395165], [150.4114373869023, 59.70878181227051], [150.8150585399602, 59.44964446665642], [151.22605899426043, 59.23312699755289], [151.644438749803, 59.05922940495992], [152.07019780658786, 58.92795168887752], [152.50333616461498, 58.83929384930568], [152.94385382388444, 58.79325588624441], [153.39175078439624, 58.789837799693686], [153.8470270461503, 58.82903958965353], [154.3096826091467, 58.91086125612394], [154.77971747338535, 59.03530279910488], [155.25713163886638, 59.202364218596415], [155.7419251055897, 59.41204551459851], [156.23409787355533, 59.66434668711116], [156.73364994276324, 59.95926773613438], [157.24058131321345, 60.29680866166814], [157.75453921618927, 60.67507040217247], [158.26896519314664, 61.05874677602587], [158.78138817971558, 61.434535290446405], [159.29180817589614, 61.80243594543406], [159.80022518168826, 62.16244874098883], [160.306639197092, 62.514573677110754], [160.81105022210738, 62.85881075379979], [161.3134582567343, 63.19515997105595], [161.81386330097283, 63.52362132887924], [162.31226535482296, 63.844194827269654], [162.80866441828468, 64.1568804662272], [163.303060491358, 64.46167824575186], [163.79545357404288, 64.75858816584366], [164.28584366633942, 65.04761022650258], [164.77423076824752, 65.32874442772862], [165.2606148797672, 65.60199076952179], [165.74499600089854, 65.8673492518821], [166.22737413164145, 66.12481987480953], [166.7077492719959, 66.37440263830408], [167.186121421962, 66.61609754236575], [167.66249058153969, 66.84990458699457], [168.13685675072898, 67.07582377219049], [168.60921992952987, 67.29385509795357], [169.07958011794233, 67.50399856428375], [169.5479373159664, 67.70625417118106], [170.01429152360208, 67.9006219186455], [170.47864274084935, 68.08710180667705], [170.94099096770822, 68.26569383527575], [171.4013724716292, 68.4365210661442], [171.86129928433712, 68.60471408319471], [172.32156749719456, 68.77297416145458], [172.78217711020156, 68.94130130092383], [173.2431281233581, 69.10969550160239], [173.70442053666426, 69.27815676349034], [174.16605435011996, 69.44668508658765], [174.62802956372522, 69.61528047089429], [175.09034617748003, 69.78394291641031], [175.55300419138442, 69.9526724231357], [176.01600360543839, 70.12146899107042], [176.47934441964188, 70.2903326202145], [176.94302663399495, 70.45926331056793], [177.40705024849763, 70.62826106213075], [177.87141526314983, 70.7973258749029], [178.3361216779516, 70.96645774888442], [178.80116949290294, 71.1356566840753], [179.26655870800383, 71.30492268047553], [179.7322893232543, 71.4742557380851], [180.1983613386543, 71.64365585690406], [180.6647747542039, 71.81312303693237], [181.1315295699031, 71.98265727817004], [181.59867979863014, 72.15229754151275], [182.06734672898733, 72.32285264162954], [182.53797662094448, 72.49464447745783], [183.01056947450155, 72.66767304899764], [183.48512528965855, 72.841938356249], [183.9616440664154, 73.01744039921185], [184.4401258047722, 73.19417917788624], [184.92057050472897, 73.37215469227215], [185.40297816628564, 73.55136694236961], [185.88734878944217, 73.73181592817855], [186.3736823741986, 73.91350164969903], [186.86197892055498, 74.09642410693104], [187.35223842851133, 74.28058329987455], [187.84446089806752, 74.46597922852959], [188.33864632922365, 74.65261189289616], [188.83479472197968, 74.84048129297425], [189.33290607633563, 75.02958742876386], [189.83298039229152, 75.21993030026499], [190.3350176698473, 75.41150990747765], [190.83901790900302, 75.60432625040183], [191.34498110975866, 75.79837932903754], [191.85290727211412, 75.99366914338475], [192.36279639606965, 76.1901956934435], [192.87413802873027, 76.38820460805555], [193.37177116088588, 76.59499133244393], [193.848637686041, 76.8139522123665], [194.3047376041955, 77.04508724782332], [194.74007091534952, 77.28839643881435], [195.15463761950298, 77.5438797853396], [195.5484377166559, 77.81153728739908], [195.92147120680832, 78.09136894499278], [196.27373808996015, 78.3833747581207], [196.6052383661115, 78.68755472678285], [196.9159720352622, 79.00390885097919], [197.20593909741245, 79.33243713070978], [197.47513955256218, 79.67313956597457], [197.72357340071133, 80.0260161567736], [197.95124064185995, 80.39106690310682], [198.158141276008, 80.76829180497428], [198.34427530315557, 81.15769086237597], [198.50964272330256, 81.55926407531186], [198.65424353644903, 81.973011443782], [198.77807774259497, 82.39893296778632], [198.88114534174036, 82.83702864732489], [198.9634463338852, 83.28729848239769], [199.02498071902954, 83.74974247300469], [199.0657484971733, 84.22436061914591], [199.08574966831654, 84.71115292082136], [199.0849842324592, 85.21011937803101], [199.06345218960132, 85.7212599907749], [199.02115353974298, 86.24457475905301], [198.95808828288403, 86.78006368286532], [198.87425641902462, 87.32772676221188], [198.76965794816462, 87.88756399709268], [198.64471321715044, 88.45933730536993], [198.51656406552314, 89.03333764357538], [198.3941695874158, 89.60449063015476], [198.2775297828284, 