{"harita_boyut": {"genislik": 497, "yukseklik": 314}, "baslangic": [354.1615992564, 174.00406099245814], "hedef": [192.43461327635384, 300.1881676958101], "engeller": [["daire", 59, 77, 6], ["daire", 319, 89, 13], ["daire", 68, 69, 9], ["dikdortgen", 350, 142, 12, 11], ["dikdortgen", 340, 268, 6, 13], ["dikdortgen", 164, 95, 10, 14], ["daire", 22, 165, 4], ["daire", 360, 135, 3], ["dikdortgen", 172, 157, 11, 20], ["daire", 142, 39, 5], ["daire", 371, 286, 8], ["daire", 389, 268, 12], ["dikdortgen", 242, 180, 14, 5], ["daire", 449, 172, 13], ["daire", 236, 155, 7], ["dikdortgen", 73, 223, 9, 6], ["daire", 208, 89, 12], ["dikdortgen", 29, 23, 14, 18], ["daire", 222, 32, 10], ["daire", 228, 175, 5], ["daire", 88, 217, 14], ["dikdortgen", 388, 187, 13, 16], ["dikdortgen", 371, 291, 9, 6], ["dikdortgen", 187, 262, 19, 6], ["dikdortgen", 13, 34, 17, 20], ["daire", 85, 70, 13], ["dikdortgen", 327, 219, 11, 11], ["dikdortgen", 36, 211, 7, 17], ["dikdortgen", 329, 247, 13, 15], ["daire", 318, 197, 12], ["daire", 233, 149, 8], ["dikdortgen", 81, 67, 20, 12], ["dikdortgen", 155, 185, 13, 13], ["dikdortgen", 455, 26, 14, 18], ["dikdortgen", 475, 246, 18, 19], ["daire", 388, 284, 6], ["daire", 144, 95, 7], ["daire", 150, 28, 10], ["daire", 319, 62, 13], ["daire", 324, 5, 3], ["dikdortgen", 229, 261, 14, 11], ["daire", 305, 281, 8], ["dikdortgen", 295, 53, 11, 16], ["dikdortgen", 391, 18, 10, 15], ["dikdortgen", 124, 54, 5, 11], ["daire", 201, 248, 11], ["dikdortgen", 176, 123, 19, 17], ["daire", 80, 179, 8], ["daire", 200, 87, 9], ["dikdortgen", 465, 281, 5, 17], ["daire", 443, 256, 11], ["dikdortgen", 143, 53, 14, 7], ["dikdortgen", 359, 113, 9, 6], ["daire", 113, 193, 3], ["dikdortgen", 436, 248, 7, 6], ["daire", 339, 144, 11], ["daire", 342, 12, 4], ["daire", 276, 222, 9], ["dikdortgen", 0, 91, 8, 9], ["daire", 125, 23, 9], ["daire", 391, 97, 14], ["dikdortgen", 333, 219, 17, 12], ["dikdortgen", 399, 242, 19, 10], ["dikdortgen", 93, 158, 7, 14], ["dikdortgen", 251, 90, 9, 17], ["daire", 445, 306, 4], ["daire", 427, 22, 11], ["daire", 168, 233, 9], ["daire", 263, 214, 3], ["dikdortgen", 189, 41, 15, 8], ["daire", 226, 184, 5], ["daire", 361, 214, 7], ["dikdortgen", 158, 275, 15, 18], ["dikdortgen", 118, 190, 17, 18], ["dikdortgen", 417, 226, 8, 9], ["daire", 280, 129, 14], ["dikdortgen", 104, 115, 17, 10], ["dikdortgen", 267, 130, 17, 5]], "rrt_path": [[354.1615992564, 174.00406099245814], [340.44579146146515, 164.37297655206626], [326.6004504576449, 160.63011619119197], [318.6872992881456, 160.58110998669227], [300.4348581392704, 165.04514280881756], [296.50238833088804, 165.7770452655436], [286.20601890281665, 182.919723029639], [285.20121383311096, 186.79146253170956], [281.30910485800655, 205.87466495503037], [282.82165355963105, 206.07962486862087], [278.8431791399398, 205.66520805928207], [262.0087447168588, 204.30080665826867], [247.18219880312807, 216.79520465044584], [238.92487575684729, 232.76367047584174], [227.63558635245124, 248.71724343619994], [220.59977012230502, 259.2481564529619], [210.27827803931723, 275.8383694855664], [199.34347985082974, 288.8321818208884], [192.43461327635384, 300.1881676958101]]}