{"harita_boyut": {"genislik": 274, "yukseklik": 220}, "baslangic": [76.19933349835331, 171.90630615590138], "hedef": [140.58610991205364, 33.92996330705802], "engeller": [["daire", 66, 146, 7], ["daire", 205, 202, 7], ["daire", 167, 168, 5], ["daire", 15, 189, 7], ["dikdortgen", 162, 187, 7, 17], ["daire", 190, 28, 9], ["dikdortgen", 37, 138, 15, 6], ["daire", 162, 32, 13], ["dikdortgen", 6, 93, 9, 8], ["daire", 116, 197, 11], ["daire", 36, 39, 11], ["daire", 103, 13, 13], ["dikdortgen", 40, 121, 15, 5], ["dikdortgen", 45, 45, 17, 16], ["daire", 240, 127, 6], ["dikdortgen", 54, 71, 17, 19], ["daire", 259, 23, 12], ["dikdortgen", 204, 39, 6, 5], ["dikdortgen", 13, 4, 12, 14], ["daire", 67, 47, 13], ["daire", 225, 135, 14], ["dikdortgen", 248, 126, 19, 16], ["daire", 28, 76, 7], ["dikdortgen", 259, 40, 8, 15], ["dikdortgen", 51, 42, 16, 19], ["dikdortgen", 82, 13, 20, 10], ["daire", 173, 197, 3], ["dikdortgen", 203, 80, 9, 10], ["dikdortgen", 231, 12, 14, 10], ["dikdortgen", 27, 1, 9, 14]], "rrt_path": [[76.19933349835333, 171.90630615590138], [76.40447791525219, 171.44864976118177], [76.61261166673066, 170.99229730571605], [76.82373475278871, 170.53724878950425], [77.03784717342634, 170.0835042125463], [77.25494892864356, 169.63106357484216], [77.47504001844041, 169.17992687639196], [77.69812044281683, 168.73009411719562], [77.92419020177284, 168.2815652972531], [78.15324929530844, 167.83434041656454], [78.38529772342363, 167.38841947512978], [78.62033548611844, 166.9438024729489], [78.85836258339282, 166.5004894100219], [79.0993790152468, 166.0584802863488], [79.34338478168036, 165.61777510192957], [79.59037988269353, 165.1783738567642], [79.84036431828629, 164.7402765508527], [80.09333808845862, 164.30348318419504], [80.34930119321058, 163.86799375679132], [80.60825363254212, 163.43380826864143], [80.87019540645323, 163.0009267197454], [81.13512651494396, 162.56934911010327], [81.40304695801429, 162.13907543971504], [81.67395673566418, 161.7101057085806], [81.94785584789368, 161.2824399167001], [82.22386357364292, 160.8557346581897], [82.49521302506777, 160.42735142557356], [82.76048695275571, 159.99673761280053], [83.01968535670674, 159.5638932198707], [83.2728082369209, 159.128818246784], [83.51985559339812, 158.69151269354046], [83.76082742613846, 158.25197656014006], [83.9957237351419, 157.81020984658278], [84.22454452040843, 157.36621255286872], [84.44728978193805, 156.91998467899776], [84.66395951973077, 156.47152622496995], [84.87455373378661, 156.02083719078533], [85.0790724241055, 155.56791757644376], [85.27751559068756, 155.11276738194545], [85.46988323353266, 154.65538660729024], [85.65617535264087, 154.1957752524782], [85.83639194801219, 153.73393331750927], [86.0105330196466, 153.2698608023835], [86.1785985675441, 152.8035577071009], [86.3405885917047, 152.33502403166145], [86.49650309212842, 151.86425977606515], [86.64634206881522, 151.391264940312], [86.79010552176513, 150.91603952440198], [86.92779345097811, 150.43858352833513], [87.05940585645419, 149.9588969521114], [87.1849427381934, 149.4769797957308], [87.30440409619567, 148.9928320591934], [87.41778993046107, 148.50645374249916], [87.52510024098954, 148.01784484564803], [87.62633502778112, 147.52700536864003], [87.7214942908358, 147.03393531147526], [87.8105780301536, 146.53863467415357], [87.89358624573445, 146.04110345667505], [87.97051893757842, 145.54134165903966], [88.0413761056855, 145.03934928124747], [88.10635364004058, 144.53519468930298], [88.17101720525955, 144.03082031151868], [88.23791211005016, 143.5271144658293], [88.30703835441248, 143.02407715223495], [88.37839593834644, 142.52170837073555], [88.45198486185208, 142.02000812133116], [88.52780512492942, 141.51897640402177], [88.60585672757841, 141.01861321880733], [88.68613966979905, 140.51891856568784], [88.76865395159142, 140.01989244466344], [88.85339957295541, 139.52153485573396], [88.9403765338911, 139.02384579889946], [89.02958483439843, 138.52682527415996], [89.12102447447748, 138.03047328151544], [89.21469545412816, 137.5347898209659], [89.31059777335055, 137.03977489251136], [89.4087314321446, 136.5454284961518], [89.50909643051031, 136.05175063188722], [89.6116927684477, 135.55874129971764], [89.71652044595675, 135.066400499643], [89.82357946303749, 134.5747282316634], [89.93286981968991, 134.0837244957788], [90.04439151591397, 133.59338929198913], [90.15814455170973, 133.10372262029443], [90.27412892707714, 132.61472448069475], [90.39234464201625, 132.1263948731901], [90.51279169652702, 131.6387337977804], [90.63547009060946, 131.15174125446566], [90.76037982426357, 130.66541724324588], [90.88752089748937, 130.17976176412117], [91.01689331028683, 129.6947748170914], [91.14849706265596, 129.2104564021566], [91.28233215459679, 128.72680651931682], [91.41839858610926, 128.24382516857202], [91.5566963571934, 127.76151234992216], [91.69722546784922, 127.27986806336732], [91.83998591807674, 126.79889230890747], [91.98497770787588, 126.3185850865426], [92.13165652716441, 125.83878600824234], [92.27787887844994, 125.35886346465003], [92.42342596620821, 124.8787529848247], [92.56829779043913, 124.3984545687663], [92.71249435114274, 123.91796821647486], [92.85601564831904, 123.43729392795042], [92.99886168196801, 122.95643170319289], [93.1410324520897, 122.47538154220234], [93.28252795868406, 121.99414344497873], [93.42334820175112, 121.51271741152212], [93.56349318129085, 121.03110344183241], [93.70296289730328, 120.5493015359097], [93.8417573497884, 120.06731169375396], [93.97987653874617, 119.58513391536512], [94.11732046417669, 119.10276820074328], [94.25408912607983, 118.62021454988839], [94.39018252445571, 118.13747296280046], [94.52560065930426, 117.6545434394795], [94.6603435306255, 117.17142597992546], [94.7944111384194, 116.6881205841384], [94.92780348268604, 116.2046272521183], [95.06052056342531, 115.72094598386516], [95.19256238063731, 115.23707677937898], [95.32392893432197, 114.75301963865974], [95.45462022447936, 114.26877456170749], [95.58463625110939, 113.78434154852218], [95.71397701421212, 113.29972059910382], [95.84264251378755, 112.81491171345243], [95.97063274983566, 112.329914891568], [96.09794772235645, 111.84473013345051], [96.22458743134993, 111.35935743909997], [96.3505518768161, 110.8737968085164], [96.47584105875497, 110.3880482416998], [96.60045497716652, 109.90211173865018], [96.72439363205075, 109.41598729936749], [96.84765702340766, 108.92967492385174], [96.97024515123726, 108.44317461210296], [97.09215801553958, 107.95648636412116], [97.21343012825014, 107.46961872156312], [97.33470782840723, 106.98273165245618], [97.45623555268726, 106.49588565454317], [97.57801330109025, 106.00908072782414], [97.70004107361619, 105.52231687229907], [97.82231887026511, 105.03559408796792], [97.94484669103693, 104.54891237483075], [98.06762453593171, 104.06227173288748], [98.19065240494945, 103.5756721621382], [98.31393029809014, 103.08911366258288], [98.43745821535379, 102.60259623422151], [98.56123615674036, 102.11611987705405], [98.6852641222499, 101.62968459108058], [98.80954211188237, 101.14329037630104], [98.93407012563779, 100.65693723271545], [99.05884816351619, 100.17062516032382], [99.18387622551751, 99.68435415912613], [99.3091543116418, 99.19812422912243], [99.43468242188902, 98.71193537031264], [99.5604605562592, 98.22578758269681], [99.68648871475233, 97.73968086627491], [99.8127668973684, 97.253615221047], [99.93929510410743, 96.76759064701301], [100.06608301006432, 96.28161050133929], [100.19677190446494, 95.7969382769055], [100.33431703150492, 95.31459941546235], [100.4787183911843, 94.8345939170099], [100.62997598350304, 94.35692178154808], [100.78808980846117, 93.88158300907693], [100.95305986605865, 93.40857759959647], [101.12488615629552, 92.93790555310667], [101.30356867917176, 92.46956686960753], [101.48910743468733, 92.00356154909903], [101.68150242284234, 91.53988959158124], [101.88075364363672, 91.07855099705411], [102.08686109707044, 90.61954576551761], 