{"harita_boyut": {"genislik": 385, "yukseklik": 159}, "baslangic": [236.50942685115828, 104.4985083093267], "hedef": [352.8044364703529, 17.30392473342834], "engeller": [["dikdortgen", 188, 41, 8, 6], ["daire", 57, 87, 8], ["dikdortgen", 160, 109, 19, 7], ["daire", 77, 121, 10], ["dikdortgen", 156, 75, 19, 15], ["dikdortgen", 150, 43, 8, 18], ["dikdortgen", 270, 106, 13, 11], ["dikdortgen", 16, 107, 9, 6], ["daire", 96, 46, 4], ["dikdortgen", 285, 22, 15, 17], ["daire", 284, 60, 4], ["daire", 204, 43, 5], ["dikdortgen", 166, 52, 19, 17], ["daire", 52, 19, 7], ["daire", 130, 103, 13], ["daire", 304, 78, 7], ["daire", 58, 103, 9], ["dikdortgen", 211, 15, 6, 6], ["dikdortgen", 46, 146, 18, 10], ["dikdortgen", 229, 6, 18, 5], ["dikdortgen", 70, 109, 20, 14], ["daire", 136, 146, 9], ["daire", 328, 12, 3], ["dikdortgen", 32, 97, 20, 6], ["daire", 289, 133, 8], ["dikdortgen", 222, 48, 19, 18], ["dikdortgen", 24, 44, 18, 7], ["dikdortgen", 231, 71, 6, 17], ["daire", 166, 111, 11], ["daire", 213, 121, 9]], "rrt_path": [[236.50942685115828, 104.4985083093267], [244.90134476152772, 96.9478718344017], [254.1322756622607, 82.20305481041709], [263.37758929259604, 65.43972175548483], [263.3432428817399, 61.71844724026521], [273.64508119026675, 53.35135730919535], [281.05414818256025, 50.88404068130815], [298.7777702359241, 47.467266254391724], [305.13051282545416, 45.40063244286557], [320.7199015552258, 36.48502244793896], [336.957674136377, 27.83096751089327], [352.8044364703529, 17.30392473342834]]}