{"harita_boyut": {"genislik": 403, "yukseklik": 483}, "baslangic": [7.437937057643324, 153.14311901291867], "hedef": [11.883548243810216, 346.19925592545087], "engeller": [["daire", 94, 457, 5], ["dikdortgen", 55, 397, 20, 5], ["dikdortgen", 94, 327, 14, 5], ["dikdortgen", 372, 252, 19, 14], ["daire", 354, 393, 5], ["dikdortgen", 213, 77, 17, 11], ["daire", 233, 75, 13], ["daire", 42, 232, 14], ["dikdortgen", 155, 293, 15, 14], ["dikdortgen", 148, 454, 16, 20], ["dikdortgen", 84, 286, 10, 20], ["daire", 181, 26, 14], ["daire", 331, 193, 4], ["daire", 32, 236, 12], ["daire", 113, 132, 5], ["dikdortgen", 190, 239, 7, 8], ["daire", 299, 126, 6], ["daire", 234, 309, 11], ["daire", 151, 182, 9], ["dikdortgen", 245, 301, 6, 5], ["daire", 172, 38, 4], ["dikdortgen", 8, 443, 17, 7], ["daire", 198, 221, 6], ["dikdortgen", 118, 0, 8, 7], ["daire", 262, 252, 3], ["dikdortgen", 98, 82, 8, 14], ["dikdortgen", 386, 397, 8, 12], ["dikdortgen", 390, 210, 10, 16], ["dikdortgen", 380, 305, 5, 15], ["dikdortgen", 95, 222, 7, 16], ["daire", 244, 431, 3], ["daire", 57, 45, 8], ["dikdortgen", 300, 235, 12, 17], ["daire", 23, 468, 7], ["daire", 246, 467, 4], ["daire", 387, 369, 13], ["daire", 312, 465, 6], ["daire", 15, 201, 10], ["dikdortgen", 53, 21, 11, 17], ["dikdortgen", 339, 52, 13, 5], ["dikdortgen", 291, 208, 19, 9], ["dikdortgen", 72, 436, 18, 11], ["daire", 106, 11, 5], ["daire", 120, 194, 4], ["daire", 247, 254, 11], ["dikdortgen", 70, 263, 12, 12], ["daire", 204, 195, 8], ["daire", 300, 182, 9], ["dikdortgen", 180, 395, 20, 15], ["dikdortgen", 177, 379, 10, 11], ["daire", 88, 127, 6], ["dikdortgen", 121, 441, 7, 20], ["dikdortgen", 294, 80, 6, 11], ["dikdortgen", 11, 410, 12, 8], ["daire", 142, 184, 11], ["dikdortgen", 286, 65, 7, 19], ["dikdortgen", 38, 90, 9, 19], ["dikdortgen", 45, 58, 16, 10], ["daire", 244, 371, 3], ["dikdortgen", 317, 365, 9, 6], ["daire", 195, 368, 11], ["dikdortgen", 108, 94, 13, 14], ["daire", 137, 320, 3], ["dikdortgen", 37, 252, 8, 13], ["daire", 275, 125, 12], ["daire", 320, 151, 13], ["dikdortgen", 314, 246, 7, 10], ["daire", 51, 185, 4], ["daire", 181, 178, 13], ["dikdortgen", 196, 169, 10, 7], ["daire", 265, 151, 9], ["dikdortgen", 71, 70, 15, 18], ["daire", 234, 33, 7], ["daire", 346, 463, 6], ["daire", 28, 205, 3], ["daire", 158, 225, 12], ["daire", 43, 42, 11], ["dikdortgen", 70, 274, 20, 19], ["dikdortgen", 62, 85, 15, 8], ["dikdortgen", 96, 302, 7, 8], ["daire", 101, 96, 13], ["daire", 76, 388, 12], ["daire", 373, 359, 13], ["daire", 110, 302, 9], ["dikdortgen", 83, 323, 17, 18], ["daire", 161, 187, 5], ["dikdortgen", 25, 10, 18, 14], ["dikdortgen", 164, 164, 9, 15], ["dikdortgen", 107, 75, 6, 20], ["daire", 189, 153, 12], ["daire", 158, 191, 3], ["dikdortgen", 60, 334, 8, 7], ["daire", 172, 96, 7], ["daire", 213, 319, 4], ["dikdortgen", 304, 140, 20, 11], ["dikdortgen", 295, 274, 10, 18], ["dikdortgen", 118, 4, 11, 8]], "rrt_path": [[7.437937057643324, 153.14311901291867], [17.468075408066962, 159.2445650505233], [31.56902908652476, 168.7322439916547], [50.90699237589306, 171.04766515842724], [69.38208392825848, 173.60721908695567], [67.09757291635326, 172.93494890981984], [64.65428730734648, 179.60766877932335], [60.75227012097013, 197.70040442563922], [66.89710762659011, 210.91283852423322], [65.48536133379926, 219.399291675811], [68.7737720930889, 238.283687685325], [66.95543780136707, 246.00739532937698], [64.01622744418218, 261.36811330304926], [64.10048006225657, 276.9545137412982], [63.38103168216045, 291.90774993505227], [63.29331070772983, 303.610172721901], [58.54640059518676, 314.9186873756069], [54.25805493785909, 325.20300034930676], [41.687685893840246, 335.9515385072301], [28.160052064342555, 341.032398309285], [11.883548243810216, 346.19925592545087]]}