{"harita_boyut": {"genislik": 292, "yukseklik": 350}, "baslangic": [151.09661541457143, 320.43317101860885], "hedef": [34.94336354947705, 18.39765424924075], "engeller": [["dikdortgen", 75, 5, 12, 7], ["dikdortgen", 187, 2, 5, 12], ["dikdortgen", 165, 38, 10, 14], ["daire", 243, 252, 10], ["dikdortgen", 151, 102, 8, 13], ["daire", 99, 307, 12], ["daire", 79, 305, 13], ["daire", 232, 310, 14], ["daire", 45, 315, 15], ["daire", 53, 196, 12], ["daire", 246, 162, 4], ["dikdortgen", 268, 226, 7, 8], ["daire", 129, 81, 6], ["dikdortgen", 124, 1, 8, 20], ["dikdortgen", 31, 138, 9, 14], ["daire", 88, 97, 15], ["dikdortgen", 4, 41, 11, 18], ["dikdortgen", 238, 43, 9, 7], ["dikdortgen", 243, 199, 18, 7], ["daire", 196, 318, 4], ["dikdortgen", 210, 199, 10, 5], ["dikdortgen", 21, 134, 11, 8], ["dikdortgen", 97, 240, 14, 12], ["daire", 123, 247, 5], ["dikdortgen", 183, 319, 15, 14], ["daire", 77, 186, 15], ["daire", 36, 208, 3], ["daire", 135, 244, 12], ["daire", 196, 153, 13], ["dikdortgen", 216, 242, 12, 19], ["daire", 111, 321, 12], ["dikdortgen", 78, 298, 19, 8], ["daire", 154, 253, 3], ["daire", 171, 110, 12], ["dikdortgen", 118, 71, 11, 12], ["daire", 123, 272, 4], ["dikdortgen", 55, 22, 20, 15], ["daire", 90, 314, 8], ["dikdortgen", 216, 109, 15, 12], ["daire", 62, 224, 9], ["daire", 136, 294, 15], ["daire", 67, 88, 5], ["dikdortgen", 34, 341, 9, 6], ["daire", 236, 246, 13], ["daire", 43, 124, 14], ["daire", 262, 38, 13], ["dikdortgen", 107, 79, 11, 7], ["daire", 223, 138, 12], ["dikdortgen", 73, 79, 11, 6], ["dikdortgen", 165, 182, 15, 6], ["daire", 217, 183, 9]], "rrt_path": [[151.09661541457143, 320.43317101860885], [156.06181498852607, 303.7705139365938], [158.7991703128201, 286.6997125013439], [158.42150450476882, 282.717581346117], [159.2895707315168, 263.1203512284968], [163.27267045153093, 253.41885910057277], [163.33943758226536, 242.49752723068548], [160.77744887551344, 228.60808088017947], [152.00475242369964, 212.7737052499909], [137.8471118052956, 202.38523989670483], [121.32483057390522, 191.64602946369814], [104.33775745348417, 181.30271903935142], [92.04293263675045, 170.1702710698469], [90.66083301683287, 170.46416144633315], [87.11133850184277, 160.36566086340673], [78.86500168789355, 143.145371045374], [71.72520310387617, 133.07191048952262], [63.164699331529754, 120.43685470332954], [54.45239295611258, 104.09176775380429], [50.239098159250574, 96.39592860277811], [51.71833360683723, 79.8303365226735], [51.80259216065014, 75.83122405912495], [50.522806851614384, 56.762946428877875], [43.33983719400238, 40.22329779498033], [38.48346811978922, 28.35879910342144], [34.94336354947705, 18.39765424924075]]}