{"harita_boyut": {"genislik": 477, "yukseklik": 406}, "baslangic": [191.53600582398883, 314.27646633692046], "hedef": [18.018998945370974, 358.14661887809064], "engeller": [["daire", 228, 49, 3], ["dikdortgen", 448, 232, 20, 9], ["daire", 371, 346, 11], ["dikdortgen", 168, 99, 14, 17], ["daire", 256, 336, 10], ["daire", 379, 219, 12], ["daire", 17, 169, 3], ["dikdortgen", 112, 222, 5, 12], ["daire", 360, 321, 5], ["dikdortgen", 233, 222, 11, 13], ["daire", 308, 162, 6], ["dikdortgen", 230, 53, 13, 13], ["dikdortgen", 297, 279, 12, 7], ["dikdortgen", 439, 255, 17, 8], ["daire", 137, 386, 9], ["dikdortgen", 436, 184, 19, 14], ["daire", 297, 223, 13], ["daire", 39, 203, 8], ["dikdortgen", 229, 40, 17, 18], ["daire", 173, 20, 4], ["daire", 451, 193, 13], ["dikdortgen", 163, 86, 19, 17], ["dikdortgen", 168, 254, 11, 14], ["daire", 261, 373, 14], ["dikdortgen", 67, 372, 18, 12], ["dikdortgen", 15, 53, 5, 11], ["daire", 461, 47, 6], ["daire", 57, 326, 4], ["dikdortgen", 118, 100, 11, 13], ["daire", 222, 222, 4], ["daire", 328, 141, 12], ["dikdortgen", 9, 188, 12, 11], ["daire", 138, 283, 4], ["daire", 126, 343, 7], ["daire", 463, 294, 6], ["dikdortgen", 257, 190, 6, 20], ["dikdortgen", 376, 106, 11, 14], ["daire", 296, 86, 5], ["dikdortgen", 198, 226, 6, 16], ["daire", 17, 282, 3], ["dikdortgen", 16, 320, 9, 5], ["daire", 462, 174, 11], ["dikdortgen", 157, 313, 18, 8], ["dikdortgen", 83, 1, 8, 12], ["daire", 372, 236, 15], ["daire", 174, 50, 13], ["dikdortgen", 178, 129, 11, 8], ["dikdortgen", 146, 152, 7, 19], ["dikdortgen", 296, 125, 17, 15], ["daire", 350, 320, 8], ["daire", 295, 247, 13], ["daire", 112, 144, 7], ["dikdortgen", 270, 317, 10, 9], ["daire", 231, 44, 14], ["daire", 106, 247, 10], ["daire", 399, 341, 7], ["daire", 18, 180, 8], ["daire", 45, 117, 15], ["dikdortgen", 71, 213, 5, 16], ["dikdortgen", 240, 86, 16, 18], ["dikdortgen", 461, 16, 12, 13], ["daire", 60, 295, 11], ["dikdortgen", 170, 388, 11, 13], ["dikdortgen", 414, 79, 13, 11], ["daire", 121, 207, 13], ["dikdortgen", 394, 393, 15, 11], ["daire", 344, 401, 3], ["daire", 390, 274, 14], ["dikdortgen", 132, 141, 7, 5], ["dikdortgen", 366, 252, 18, 11], ["dikdortgen", 410, 49, 13, 18], ["daire", 334, 385, 3], ["daire", 84, 257, 4], ["daire", 212, 138, 4], ["daire", 389, 343, 14], ["daire", 346, 153, 3], ["dikdortgen", 171, 28, 6, 10], ["daire", 19, 139, 7], ["dikdortgen", 44, 110, 8, 15], ["daire", 272, 369, 5], ["daire", 329, 294, 4], ["daire", 26, 104, 4], ["dikdortgen", 306, 36, 15, 9], ["daire", 368, 94, 13], ["daire", 264, 55, 5], ["daire", 206, 329, 3], ["daire", 399, 87, 12], ["daire", 243, 316, 15], ["daire", 358, 343, 7], ["dikdortgen", 138, 79, 17, 14], ["dikdortgen", 215, 326, 15, 10], ["dikdortgen", 109, 245, 10, 13], ["dikdortgen", 44, 8, 13, 7], ["dikdortgen", 118, 56, 5, 11], ["dikdortgen", 183, 351, 19, 5], ["daire", 226, 36, 10]], "rrt_path": [[191.5360058239888, 314.2764663369204], [191.19244065779355, 313.8189226040336], [190.84488210220823, 313.37126180801647], [190.49333015723258, 312.9334839488685], [190.1377848228668, 312.50558902659014], [189.77824609911082, 312.0875770411813], [189.41471398596465, 311.6794479926419], [189.04718848342822, 311.2812018809718], [188.67566959150167, 310.8928387061713], [188.30015731018494, 310.5143584682402], [187.92065163947802, 310.1457611671786], [187.53715257938083, 309.7870468029865], [187.14966012989356, 309.4382153756638], [186.75817429101602, 309.09926688521057], [186.36269506274834, 308.7702013316268], [185.96322244509037, 308.45101871491244], [185.55975643804229, 308.1417190350676], [185.152297041604, 307.84230229209214], [184.7408442557755, 307.55276848598623], [184.32539808055688, 307.2731176167498], [183.90595851594796, 307.0033496843828], [183.48252556194893, 306.74346468888524], [183.05509921855966, 306.49346263025706], [182.6236794857802, 306.2533435084984], [182.18826636361064, 306.02310732360934], [181.74885985205074, 305.80275407558946], [181.3054599511008, 305.59228376443934], [180.85806666076053, 305.3916963901585], [180.40667998103015, 305.20099195274713], [179.95129991190956, 305.02017045220526], [179.49192645339878, 304.8492318885328], [179.02855960549778, 304.68817626172984], [178.56119936820664, 304.5370035717964], [178.08984574152524, 304.3957138187323], [177.61449872545373, 304.26430700253775], [177.13515831999197, 304.1427831232126], [176.65182452514003, 304.0311421807569], [176.16449734089787, 303.9293841751707], [175.67317676726557, 303.837509106454], [175.17786280424303, 303.7555169746066], [174.67855545183033, 303.6834077796288], [174.17525471002745, 303.62118152152044], [173.66796057883437, 303.56883820028156], [173.1566730582511, 303.52637781591216], [172.64139214827762, 303.4938003684121], [172.12211784891392, 303.4711058577815], [171.59885016016005, 303.45829428402044], [171.07158908201603, 303.4553656471288], [170.54033461448182, 303.4623199471067], [170.00508675755734, 303.47915718395393], [169.46584551124275, 303.5058773576708], [168.92261087553788, 303.54248046825694], [168.3753828504429, 303.5889665157126], [167.8241614359577, 303.6453355000378], [167.2694285840431, 303.7105023763096], [166.72073203993327, 303.7629717812293], [166.18178592189886, 303.79438191631897], [165.65259022993993, 303.80473278157876], [165.1331449640565, 303.7940243770086], [164.6234501242485, 303.7622567026085], [164.12350571051596, 303.7094297583784], [163.63331172285893, 303.63554354431847], [163.15286816127738, 303.5405980604285], [162.6821750257713, 303.42459330670874], [162.22123231634066, 303.28752928315885], [161.7700400329855, 303.1294059897791], [161.32859817570582, 302.9502234265695], [160.8969067445016, 302.7499815935299], [160.47496573937286, 302.52868049066035], [160.06277516031957, 302.2863201179608], [159.66033500734176, 302.0229004754314], [159.26764528043944, 301.73842156307205], [158.8847059796126, 301.4328833808828], [158.51151710486118, 301.10628592886354], [158.14807865618525, 300.75862920701434], [157.79428724701177, 300.3901153118978], [157.4385632536115, 300.0233796987924], [157.0730381972497, 299.67380340275406], [156.6977120779263, 299.34138642378275], [156.31258489564135, 299.02612876187857], [155.9176566503949, 298.72803041704157], [155.5129273421868, 298.44709138927146], [155.0983969710172, 298.1833116785686], [154.67406553688605, 297.93669128493275], [154.2399330397933, 297.70723020836397], [153.795999479739, 297.49492844886237], [153.34226485672315, 297.2997860064277], [152.8787291707457, 297.1218028810602], [152.4053924218068, 296.96097907275987], [151.92225460990622, 296.8173145815265], [151.42931573504413, 296.6908094073602], [150.92657579722047, 296.58146355026105], [150.41403479643526, 296.48927701022893], [149.8916927326885, 296.414249787264], [149.35954960598016, 296.356381881366], [148.81760541631027, 296.31567329253517], [148.26586016367884, 296.29212402077144], [147.7043138480858, 296.2857340660747], [147.13296646953123, 296.29650342844513], [146.55546418521277, 296.3223931520644], [145.98344904104798, 296.356892925947], [145.41779136465598, 296.39951605698934], [144.8584911560367, 296.4502625451912], [144.3055484151902, 296.5091323905528], [143.75896314211644, 296.57612559307415], [143.21873533681546, 296.65124215275523], [142.68486499928727, 296.73448206959597], [142.15735212953177, 296.8258453435963], [141.63619672754913, 296.9253319747565], [141.12139879333918, 297.03294196307627], [140.61295832690203, 297.1486753085557], [140.1108753282376, 297.27253201119487], [139.61514979734596, 297.40451207099375], [139.12578173422708, 297.5446154879522], [138.64277113888093, 297.69284226207054], [138.16611801130756, 297.8491923933484], [137.69582235150696, 298.013665881786], [137.23188415947914, 298.18626272738334], [136.77430343522406, 298.3669829301404], [136.3230801787417, 298.55582649005703], [135.87821439003218, 298.7527934071335], [135.4397060690954, 298.9578836813695], [135.00755521593135, 299.17109731276526], [134.58176183054007, 299.3924343013207], [134.16232591292157, 