{"harita_boyut": {"genislik": 440, "yukseklik": 345}, "baslangic": [170.91121815991752, 296.07809628063956], "hedef": [263.2952643848201, 65.68107621983667], "engeller": [["daire", 378, 104, 8], ["dikdortgen", 251, 233, 20, 11], ["dikdortgen", 395, 275, 18, 8], ["daire", 87, 104, 13], ["daire", 92, 173, 6], ["daire", 295, 207, 8], ["dikdortgen", 72, 15, 18, 11], ["daire", 216, 227, 13], ["dikdortgen", 354, 156, 5, 17], ["dikdortgen", 331, 211, 10, 17], ["daire", 375, 22, 6], ["daire", 309, 329, 7], ["dikdortgen", 77, 292, 15, 16], ["daire", 343, 57, 5], ["dikdortgen", 102, 155, 8, 14], ["dikdortgen", 231, 220, 19, 14], ["daire", 112, 42, 12], ["daire", 200, 246, 14], ["daire", 393, 133, 5], ["daire", 404, 312, 12], ["daire", 90, 199, 6], ["daire", 20, 149, 12], ["daire", 71, 34, 10], ["dikdortgen", 315, 283, 6, 5], ["daire", 397, 323, 12], ["dikdortgen", 150, 48, 12, 9], ["daire", 171, 12, 9], ["dikdortgen", 83, 291, 9, 8], ["dikdortgen", 415, 178, 13, 19], ["daire", 79, 255, 10], ["dikdortgen", 338, 191, 18, 14], ["dikdortgen", 236, 11, 13, 5], ["daire", 316, 316, 9], ["daire", 385, 140, 6], ["daire", 191, 36, 10], ["dikdortgen", 277, 237, 18, 8], ["daire", 386, 262, 9], ["daire", 231, 299, 3], ["dikdortgen", 209, 103, 18, 9], ["dikdortgen", 49, 28, 17, 14], ["daire", 271, 157, 8], ["dikdortgen", 0, 229, 19, 6], ["daire", 340, 270, 10], ["dikdortgen", 123, 45, 11, 9], ["dikdortgen", 155, 255, 14, 15], ["dikdortgen", 382, 112, 6, 9], ["dikdortgen", 136, 176, 10, 19], ["daire", 239, 307, 5], ["daire", 387, 334, 11], ["dikdortgen", 220, 197, 5, 11], ["daire", 223, 306, 9], ["dikdortgen", 348, 58, 19, 8], ["daire", 278, 61, 10], ["dikdortgen", 50, 127, 9, 9], ["dikdortgen", 419, 320, 9, 8], ["daire", 69, 108, 9], ["dikdortgen", 13, 296, 15, 18], ["daire", 269, 123, 7], ["daire", 339, 100, 8], ["dikdortgen", 378, 27, 12, 18], ["dikdortgen", 416, 107, 10, 19], ["dikdortgen", 199, 276, 18, 15], ["daire", 60, 221, 6], ["daire", 72, 321, 5], ["daire", 292, 259, 9], ["daire", 251, 172, 15], ["daire", 187, 141, 15], ["dikdortgen", 63, 273, 15, 8], ["daire", 354, 30, 3], ["daire", 26, 14, 5], ["daire", 362, 145, 11], ["daire", 168, 317, 10], ["daire", 120, 138, 11], ["daire", 146, 236, 9], ["dikdortgen", 333, 154, 8, 6]], "rrt_path": [[170.91121815991752, 296.07809628063956], [180.34079072582924, 284.8598931560663], [179.37933008939598, 269.08276046349255], [180.02170196583958, 249.57008640158918], [179.39158025750115, 237.2025160647271], [187.69634200859193, 226.27937448191253], [193.60020371997652, 217.05171517574078], [200.68565881697015, 198.93260101444892], [205.48692903658576, 188.7340394305225], [210.83573116494185, 170.80234498446023], [209.3986726169924, 169.71824944850036], [211.5822310361783, 166.36682100229982], [222.4663219220109, 152.1896037181618], [233.6888868794498, 138.86176989027115], [245.49861778888186, 124.42305438540109], [249.049842351778, 109.78202954301491], [249.17677365111533, 96.01040855782199], [256.08266834142677, 78.30253094366778], [263.2952643848201, 65.68107621983667]]}