{"harita_boyut": {"genislik": 358, "yukseklik": 321}, "baslangic": [15.041559448871533, 192.98454492809964], "hedef": [38.04738464082037, 57.695822676528394], "engeller": [["dikdortgen", 125, 291, 9, 6], ["daire", 254, 221, 6], ["daire", 168, 297, 5], ["dikdortgen", 175, 255, 10, 10], ["daire", 16, 11, 3], ["daire", 345, 188, 8], ["dikdortgen", 264, 310, 9, 6], ["daire", 151, 115, 6], ["dikdortgen", 206, 48, 10, 20], ["dikdortgen", 159, 141, 14, 8], ["dikdortgen", 320, 79, 12, 17], ["daire", 131, 86, 8], ["dikdortgen", 296, 116, 10, 9], ["dikdortgen", 121, 245, 20, 9], ["dikdortgen", 335, 163, 9, 11], ["dikdortgen", 23, 15, 13, 7], ["dikdortgen", 290, 280, 17, 12], ["dikdortgen", 253, 112, 19, 8], ["daire", 220, 292, 13], ["daire", 37, 34, 5], ["daire", 77, 189, 13], ["dikdortgen", 338, 246, 19, 9], ["dikdortgen", 263, 299, 18, 8], ["daire", 337, 55, 11], ["dikdortgen", 335, 116, 5, 7], ["dikdortgen", 336, 45, 9, 15], ["daire", 178, 144, 11], ["dikdortgen", 281, 273, 14, 11], ["dikdortgen", 212, 40, 16, 8], ["daire", 143, 32, 12], ["dikdortgen", 254, 9, 7, 12], ["daire", 148, 149, 7], ["daire", 179, 257, 13], ["daire", 304, 282, 15], ["daire", 290, 97, 9], ["daire", 166, 172, 6], ["dikdortgen", 309, 55, 19, 14], ["dikdortgen", 251, 215, 6, 8], ["dikdortgen", 216, 88, 12, 7], ["dikdortgen", 292, 207, 7, 7], ["dikdortgen", 11, 124, 15, 7], ["dikdortgen", 152, 92, 11, 12], ["dikdortgen", 67, 242, 11, 8], ["dikdortgen", 294, 83, 13, 6], ["dikdortgen", 323, 129, 13, 19], ["dikdortgen", 153, 285, 12, 20], ["daire", 289, 303, 10], ["daire", 305, 192, 3], ["dikdortgen", 171, 221, 18, 13], ["dikdortgen", 118, 7, 16, 16], ["dikdortgen", 95, 33, 6, 8], ["dikdortgen", 342, 150, 16, 15], ["daire", 202, 263, 4], ["daire", 17, 6, 5], ["daire", 177, 294, 15], ["dikdortgen", 40, 223, 5, 19], ["daire", 131, 215, 5]], "rrt_path": [[15.041559448871533, 192.98454492809964], [31.166917050494966, 186.49493344067102], [43.99834223889413, 182.30849697670402], [60.45969704982939, 177.67248747288542], [70.02685567034176, 171.31467158600955], [76.86146341409015, 169.66156557899868], [95.21868801522223, 163.4473016068318], [106.36079037777913, 151.2203613219325], [108.75012549480732, 149.7765570123612], [102.66206076410421, 133.41781069680175], [97.30158907338438, 122.8493038535673], [85.81150321744158, 109.91583152669399], [78.63588994664032, 101.62004141189466], [70.41599931038282, 89.52887148525927], [62.404002588730194, 76.99698891185169], [50.254317045026895, 64.22985459046056], [38.04738464082037, 57.695822676528394]]}