{"harita_boyut": {"genislik": 333, "yukseklik": 345}, "baslangic": [42.62864759596988, 110.50384337141439], "hedef": [17.978771111269317, 268.8797211286163], "engeller": [["daire", 248, 120, 13], ["daire", 280, 158, 12], ["daire", 223, 109, 8], ["dikdortgen", 268, 202, 9, 19], ["daire", 181, 308, 8], ["daire", 310, 322, 12], ["dikdortgen", 198, 263, 5, 7], ["dikdortgen", 194, 300, 15, 15], ["daire", 225, 221, 12], ["dikdortgen", 35, 43, 19, 12], ["daire", 51, 264, 11], ["daire", 188, 331, 11], ["dikdortgen", 297, 261, 6, 10], ["dikdortgen", 60, 56, 18, 9], ["daire", 122, 277, 8], ["dikdortgen", 265, 31, 12, 14], ["dikdortgen", 14, 319, 12, 5], ["daire", 315, 200, 10], ["dikdortgen", 40, 183, 17, 15], ["dikdortgen", 7, 46, 5, 10], ["daire", 65, 100, 10], ["daire", 319, 305, 14], ["dikdortgen", 250, 279, 12, 6], ["daire", 262, 46, 12], ["daire", 63, 94, 4], ["daire", 248, 163, 5], ["daire", 185, 337, 5], ["daire", 205, 119, 15], ["daire", 309, 269, 4], ["daire", 271, 98, 15], ["daire", 212, 278, 5], ["daire", 9, 265, 3], ["dikdortgen", 13, 172, 18, 9], ["dikdortgen", 60, 264, 10, 12], ["daire", 113, 294, 4], ["dikdortgen", 188, 285, 12, 11], ["daire", 34, 18, 7], ["dikdortgen", 125, 75, 20, 13], ["dikdortgen", 155, 218, 14, 11], ["dikdortgen", 231, 25, 7, 19], ["daire", 214, 330, 11], ["dikdortgen", 101, 330, 6, 8], ["daire", 64, 245, 3], ["dikdortgen", 303, 55, 7, 17], ["dikdortgen", 259, 138, 12, 14], ["daire", 197, 118, 14], ["dikdortgen", 218, 337, 12, 6], ["dikdortgen", 110, 179, 17, 7], ["daire", 184, 200, 13], ["daire", 225, 130, 15], ["dikdortgen", 36, 296, 7, 8], ["dikdortgen", 43, 297, 20, 16], ["daire", 161, 81, 9], ["daire", 102, 113, 8], ["daire", 163, 246, 14], ["daire", 261, 101, 15], ["daire", 226, 315, 14]], "rrt_path": [[42.62864759596988, 110.50384337141439], [52.91327864053328, 125.6311826150647], [58.64974150448605, 133.41601038243638], [71.67108053543846, 145.99092493812978], [74.22773262538051, 149.06721005024065], [85.10322306175732, 161.3254155739545], [103.25666362573477, 166.16634308475696], [114.98479351728996, 166.24762784467117], [132.3701366265287, 174.06079536086784], [138.47305981289622, 178.96511627275478], [140.39605018496368, 180.84579580463208], [133.90983239537826, 190.70654219140962], [126.44060387415456, 192.3162386978855], [108.30285390883591, 197.3493478970435], [96.60474195813865, 211.50331932828993], [82.27432290063409, 225.27852253706735], [66.62583144175463, 226.30912923055553], [48.104043630045005, 225.91068335906846], [33.97679702394509, 237.8640331757984], [28.23326676423556, 249.65197967672847], [19.493580970583203, 265.21269116305933], [17.978771111269317, 268.8797211286163]]}