{"harita_boyut": {"genislik": 250, "yukseklik": 428}, "baslangic": [79.76306165600735, 39.70170555504782], "hedef": [243.7863628978987, 12.29959316532066], "engeller": [["daire", 111, 313, 13], ["daire", 72, 131, 10], ["dikdortgen", 167, 160, 12, 15], ["dikdortgen", 135, 272, 19, 13], ["daire", 17, 183, 13], ["dikdortgen", 162, 192, 6, 17], ["daire", 50, 209, 14], ["dikdortgen", 211, 252, 14, 5], ["dikdortgen", 110, 160, 19, 14], ["daire", 241, 251, 4], ["dikdortgen", 100, 174, 12, 16], ["dikdortgen", 50, 405, 18, 9], ["dikdortgen", 165, 88, 8, 12], ["daire", 50, 10, 4], ["dikdortgen", 173, 16, 12, 11], ["dikdortgen", 53, 109, 13, 18], ["daire", 98, 362, 8], ["daire", 209, 421, 3], ["dikdortgen", 48, 387, 5, 14], ["daire", 232, 63, 15], ["dikdortgen", 231, 176, 5, 9], ["daire", 39, 15, 15], ["dikdortgen", 28, 382, 7, 15], ["daire", 166, 21, 8], ["daire", 41, 216, 8], ["dikdortgen", 15, 124, 17, 12], ["dikdortgen", 218, 400, 18, 5], ["dikdortgen", 125, 213, 5, 18], ["dikdortgen", 201, 99, 15, 13], ["daire", 134, 231, 7], ["daire", 98, 235, 9], ["dikdortgen", 226, 105, 8, 15], ["daire", 118, 354, 5], ["dikdortgen", 180, 166, 12, 20], ["dikdortgen", 22, 256, 15, 10], ["daire", 22, 283, 14], ["dikdortgen", 152, 406, 5, 11], ["dikdortgen", 95, 168, 5, 11], ["dikdortgen", 119, 33, 17, 14], ["daire", 180, 91, 3], ["daire", 95, 272, 13], ["dikdortgen", 147, 313, 15, 18], ["dikdortgen", 233, 272, 9, 14], ["daire", 118, 121, 7], ["dikdortgen", 28, 76, 6, 9], ["daire", 136, 363, 13], ["daire", 68, 88, 12], ["daire", 193, 361, 4], ["dikdortgen", 232, 286, 7, 13], ["daire", 120, 140, 15], ["daire", 73, 250, 12], ["daire", 90, 205, 4], ["dikdortgen", 222, 309, 14, 17]], "rrt_path": [[79.76306165600735, 39.70170555504782], [84.86662848824189, 48.77412039829444], [95.06644212416872, 63.78742616633451], [97.34445954540335, 67.07537942460196], [111.90013892779976, 77.87403663779249], [121.61393825020821, 80.61307426947592], [134.73803068323298, 86.97249789030627], [152.00758947445368, 92.78465093586195], [152.90832239470276, 91.63324684362208], [157.38594622178692, 85.05404108176592], [162.41723961573484, 81.73616686549947], [168.77958835371533, 78.71056212707796], [187.0876466807894, 74.59200376503179], [193.31926384974062, 70.0504100952639], [206.55968349652207, 57.592685248836126], [217.36122053293116, 48.34752621370871], [229.17760996173342, 35.56579086081328], [233.92503975065014, 29.127425524347963], [243.7863628978987, 12.29959316532066]]}