{"harita_boyut": {"genislik": 153, "yukseklik": 222}, "baslangic": [110.58566808423184, 94.0780673756501], "hedef": [8.7038787057797, 72.04083441079251], "engeller": [["daire", 71, 94, 12], ["dikdortgen", 41, 14, 20, 8], ["dikdortgen", 22, 138, 7, 6], ["daire", 75, 104, 14], ["daire", 138, 74, 10], ["daire", 46, 211, 10], ["daire", 21, 93, 13], ["dikdortgen", 37, 24, 9, 13], ["daire", 33, 107, 8], ["dikdortgen", 88, 25, 10, 15], ["daire", 41, 107, 13], ["dikdortgen", 125, 130, 16, 17], ["dikdortgen", 97, 4, 13, 6], ["daire", 44, 172, 14], ["daire", 42, 216, 6], ["dikdortgen", 84, 123, 19, 16]], "rrt_path": [[110.58566808423186, 94.0780673756501], [110.37246997555401, 93.62064154293832], [110.15885059214621, 93.16349554658608], [109.94480993400852, 92.70662938659333], [109.73034800114084, 92.2500430629601], [109.51546479354323, 91.79373657568638], [109.30016031121572, 91.33770992477214], [109.08443455415824, 90.88196311021747], [108.8682875223708, 90.42649613202225], [108.65171921585346, 89.97130899018659], [108.43472963460619, 89.51640168471042], [108.21731877862891, 89.06177421559373], [107.99948664792176, 88.6074265828366], [107.78123324248465, 88.15335878643894], [107.5625585623176, 87.69957082640082], [107.3434626074206, 87.24606270272217], [107.12394537779367, 86.79283441540308], [106.90400687343683, 86.33988596444348], [106.68364709435004, 85.8872173498434], [106.46286604053329, 85.4348285716028], [106.2416637119866, 84.98271962972173], [106.02004010870996, 84.53089052420017], [105.79799523070342, 84.0793412550381], [105.57552907796692, 83.62807182223555], [105.3526416505005, 83.17708222579253], [105.12933294830412, 82.726372465709], [104.9056029713778, 82.275942541985], [104.68145171972158, 81.82579245462051], [104.45687919333537, 81.37592220361552], [104.23188539221924, 80.92633178897003], [104.00647031637317, 80.47702121068406], [103.78063396579718, 80.02799046875761], [103.55437634049125, 79.57923956319067], [103.32769744045535, 79.13076849398323], [103.10059726568952, 78.6825772611353], [102.87307581619376, 78.23466586464689], [102.64513309196808, 77.78703430451797], [102.41676909301243, 77.33968258074857], [102.18798381932687, 76.8926106933387], [101.95877727091133, 76.44581864228829], [101.72914944776589, 75.99930642759745], [101.49910034989051, 75.55307404926609], [101.26862997728517, 75.10712150729424], [101.0377383299499, 74.6614488016819], [100.80642540788469, 74.21605593242907], [100.57469121108954, 73.77094289953575], [100.34253573956448, 73.32610970300196], [100.10995899330945, 72.88155634282766], [99.87696097232448, 72.43728281901286], [99.64354167660959, 71.99328913155759], [99.40970110616475, 71.54957528046184], [99.17543926098998, 71.1061412657256], [98.94047807891042, 70.6630985616186], [98.70225442079702, 70.22147472272597], [98.46014647311219, 69.78151903218043], [98.21415423585594, 69.34323148998189], [97.96427770902831, 68.90661209613042], [97.71051689262926, 68.47166085062598], [97.45287178665883, 68.03837775346861], [97.19134239111698, 67.60676280465829], [96.9259287060037, 67.17681600419499], [96.65663073131905, 66.74853735207874], [96.38344846706298, 66.32192684830954], [96.10638191323552, 65.89698449288741], [95.82543106983664, 65.4737102858123], [95.54059593686634, 65.05210422708424], [95.25187651432466, 64.63216631670325], [94.95927280221156, 64.21389655466928], [94.66278480052708, 63.79729494098237], [94.36241250927115, 63.3823614756425], [94.05815592844384, 62.96909615864967], [93.75001505804514, 62.5574989900039], [93.43798989807502, 62.14756996970516], [93.1220804485335, 61.73930909775349], [92.80228670942056, 61.33271637414885], [92.47860868073622, 60.92779179889126], [92.15104636248049, 60.52453537198072], [91.81959975465332, 60.12294709341722], [91.48426885725479, 59.72302696320078], [91.14505367028482, 59.32477498133137], [90.80195419374346, 58.928191147809024], [90.4549704276307, 58.53327546263372], [90.10410237194652, 58.140027925805455], [89.74935002669093, 57.74844853732423], [89.38938048732125, 57.36483117072299], [89.02267298891688, 56.99635676190287], [88.64922590518294, 56.6430329901042], [88.26903923611937, 56.304859855327], [87.88211298172625, 55.98183735757131], [87.48844714200355, 55.673965496837106], [87.08804171695127, 55.38124427312436], [86.6808967065694, 55.10367368643309], [86.26701211085792, 54.841253736763306], [85.84638792981688, 54.593984424115014], [85.41902416344627, 54.3618657484882], [84.98492081174605, 54.144897709882855], [84.54407787471627, 53.94308030829899], [84.09649535235691, 53.75641354373663], [83.64217324466796, 53.58489741619572], [83.1811115516494, 53.4285319256763], [82.71331027330127, 53.28731707217836], [82.23876940962359, 53.1612528557019], [81.7574889606163, 53.05033927624693], [81.26946892627944, 52.95457633381344], [80.77470930661298, 52.87396402840142], [80.27321010161695, 52.80850236001089], [79.76497131129133, 52.75819132864183], [79.24999293563613, 52.72303093429425], [78.72827497465134, 52.70302117696815], [78.19981742833697, 52.698162056663534], [77.66462029669302, 52.708453573380396], [77.12316783492666, 52.7334375918056], [76.58340761195102, 52.765595221240886], [76.04814266563119, 52.8022746148686], [75.51737299596715, 52.84347577268872], [74.99109860295893, 52.88919869470124], [74.4693194866065, 52.93944338090618], [73.95203564690988, 52.99420983130353], [73.43924708386906, 53.0534980458933], [72.93095379748405, 53.11730802467547], [72.42715578775484, 53.185639767650045], [71.92785305468145, 53.25849327481704], [71.43304559826385, 53.335868546176435], [70.94273341850206, 53.417765581728254], [70.45691651539607, 53.504184381472484], [69.97559488894588, 53.59512494540911], [69.49876853915151, 53.69058727353817], [69.02643746601295, 53.790571365859634], [68.55860166953016, 53.895077222373494], [68.0952611497032, 54.00410484307979], [67.63641590653204, 54.11765422797848], [67.1820659400167, 54.235725377069585], [66.73221125015715, 54.3583182903531], [66.27527653920872, 54.48046215273798], [65.79768524628834, 54.59632674065586], [65.29941620148067, 54.705902963046015], [64.78046940478572, 54.80919081990844], [64.2408448562035, 54.90619031124315], [63.68054255573399, 54.99690143705013], [63.0995625033772, 55.08132419732939], [62.497904699133116, 55.15945859208092], [61.875569143001755, 55.23130462130472], [61.232555834983124, 55.296862285000806], [60.5688647750772, 55.35613158316917], [59.88449596328401, 55.40911251580982], [59.179449399603506, 55.455805082922716], [58.45372508403574, 55.49620928450791], [57.70732301658069, 55.53032512056538], [56.94024319723837, 55.55815259109512], [56.15248562600875, 55.57969169609714], [55.344050302891844, 55.59494243557144], [54.51493722788767, 55.60390480951801], [53.66514640099621, 55.60657881793686], [52.809944621995335, 55.60077745492994], [52.03258382210631, 55.57457468051177], [51.34563506588467, 55.52616965935814], [50.7490983533304, 55.455562391468995], [50.24297368444354, 55.3627528768444], [49.82726105922407, 55.247741115484324], [49.501960477671986, 55.11052710738878], [49.2670719397873, 54.95111085255776], [49.122595445570006, 54.76949235099128], [49.06853099502009, 54.5656716026893], [49.104878588137574, 54.33964860765187], [49.23163822492244, 54.091423365878946], [49.44880990537471, 53.82099587737056], [49.75639362949437, 53.5283661421267], [50.154389397281406, 53.21353416014736], [50.64279720873586, 52.87649993143256], [51.15771098298271, 52.54485298799194], [51.53499356415594, 52.28945461960785], [51.76637430016683, 52.11387543204147], [51.85185319101537, 52.01811542529276], [51.79143023670156, 52.00217459936174], [51.58510543722539, 52.066052954248406], [51.23287879258687, 52.20975048995274], [50.734750302786, 52.43326720647478], [50.091036101325784, 52.73642672885755], [49.39060591377985, 53.06964749149776], [48.70322779723617, 53.39400499589826], [48.02890175169476, 53.709499242059046], [47.36762777715562, 54.01613022998014], [46.71940587361873, 54.31389795966154], [46.08423604108412, 