{"harita_boyut": {"genislik": 452, "yukseklik": 306}, "baslangic": [96.01450920398985, 79.0201540464675], "hedef": [412.80293552665495, 298.04716245439994], "engeller": [["dikdortgen", 22, 235, 17, 18], ["daire", 391, 223, 8], ["daire", 194, 58, 14], ["dikdortgen", 326, 300, 11, 5], ["dikdortgen", 3, 150, 11, 7], ["daire", 284, 282, 14], ["daire", 156, 57, 7], ["daire", 70, 95, 6], ["daire", 263, 180, 6], ["dikdortgen", 242, 285, 12, 13], ["dikdortgen", 25, 279, 17, 11], ["daire", 387, 126, 6], ["daire", 295, 196, 14], ["dikdortgen", 349, 277, 7, 9], ["dikdortgen", 26, 262, 17, 7], ["daire", 338, 15, 7], ["daire", 381, 262, 3], ["dikdortgen", 417, 259, 14, 16], ["daire", 76, 244, 3], ["daire", 230, 279, 12], ["daire", 440, 164, 11], ["daire", 102, 264, 9], ["daire", 265, 154, 9], ["dikdortgen", 11, 224, 10, 16], ["daire", 350, 154, 8], ["daire", 324, 93, 13], ["daire", 232, 98, 14], ["daire", 297, 247, 15], ["dikdortgen", 121, 88, 14, 13], ["daire", 253, 116, 14], ["dikdortgen", 318, 89, 18, 5], ["dikdortgen", 293, 40, 18, 13], ["daire", 206, 240, 4], ["dikdortgen", 96, 145, 16, 5], ["daire", 164, 164, 12], ["dikdortgen", 338, 130, 6, 20], ["dikdortgen", 226, 6, 7, 6], ["dikdortgen", 431, 219, 19, 17], ["dikdortgen", 219, 65, 17, 6], ["dikdortgen", 304, 246, 8, 17], ["dikdortgen", 43, 88, 20, 16], ["dikdortgen", 91, 3, 20, 13], ["daire", 105, 229, 4], ["dikdortgen", 431, 273, 19, 13], ["dikdortgen", 411, 131, 6, 5], ["daire", 37, 188, 13], ["daire", 219, 124, 9], ["dikdortgen", 327, 114, 11, 8], ["dikdortgen", 320, 198, 18, 17], ["dikdortgen", 38, 209, 10, 19], ["daire", 393, 20, 10], ["daire", 72, 179, 3], ["dikdortgen", 281, 265, 18, 17], ["daire", 293, 89, 13], ["dikdortgen", 427, 231, 12, 9], ["dikdortgen", 432, 195, 20, 15], ["daire", 353, 72, 14], ["daire", 53, 259, 3], ["dikdortgen", 320, 162, 13, 16], ["daire", 386, 233, 11], ["dikdortgen", 183, 286, 16, 8], ["daire", 245, 116, 13], ["daire", 416, 193, 10], ["dikdortgen", 132, 51, 15, 17], ["daire", 235, 105, 8], ["daire", 26, 208, 4], ["daire", 68, 273, 10], ["dikdortgen", 41, 92, 18, 8], ["daire", 46, 258, 11]], "rrt_path": [[96.01450920398985, 79.0201540464675], [105.53936853775184, 95.47987890017271], [111.27185958292695, 100.9737971011316], [121.56723425982709, 114.52208699732526], [128.98066885353336, 116.81769896573334], [145.1543365755605, 123.15562801890442], [157.55899880006515, 127.74372651152078], [173.4246215144998, 137.94521447371656], [188.3066282840784, 144.68524601787948], [205.3175970077662, 146.23234393070143], [205.41972313844246, 148.86427981769017], [214.5073981249969, 164.03262013545307], [214.6429042936183, 175.07229049518241], [214.5480980115059, 191.40872098751055], [227.25224988440274, 201.00479874090306], [242.74570434008731, 206.13246602775962], [260.75874382617013, 212.9072955266865], [270.7601157897366, 214.00145816881093], [285.6043263916749, 215.5991490731975], [300.06568715112525, 224.20152876611778], [303.6976251981645, 225.87754368922228], [316.7225709136659, 237.0443260516506], [328.71464762863656, 246.3642022887204], [334.6954931569418, 250.43821577668783], [351.6554255205408, 260.99102659595144], [365.86864434735014, 267.75730176538224], [379.20061275796127, 274.2331069566492], [394.96908899518905, 283.1136457754579], [404.1341181167064, 290.24970480195594], [412.80293552665495, 298.04716245439994]]}