{"harita_boyut": {"genislik": 263, "yukseklik": 458}, "baslangic": [161.98765724732888, 414.5007655630366], "hedef": [210.8088015771668, 177.17792261918896], "engeller": [["daire", 56, 321, 7], ["dikdortgen", 199, 24, 14, 12], ["dikdortgen", 208, 89, 5, 13], ["dikdortgen", 182, 156, 10, 20], ["dikdortgen", 38, 288, 8, 8], ["dikdortgen", 167, 408, 19, 7], ["daire", 115, 404, 11], ["daire", 191, 77, 9], ["dikdortgen", 126, 374, 12, 12], ["daire", 247, 312, 3], ["dikdortgen", 141, 82, 9, 8], ["dikdortgen", 232, 407, 17, 5], ["dikdortgen", 121, 280, 16, 12], ["dikdortgen", 138, 85, 12, 19], ["dikdortgen", 180, 298, 15, 18], ["dikdortgen", 30, 130, 5, 5], ["dikdortgen", 138, 273, 16, 11], ["dikdortgen", 245, 47, 13, 7], ["daire", 237, 111, 5], ["daire", 9, 55, 5], ["daire", 152, 193, 6], ["daire", 223, 395, 7], ["dikdortgen", 110, 93, 20, 14], ["daire", 35, 29, 13], ["dikdortgen", 240, 332, 17, 13], ["dikdortgen", 92, 392, 7, 16], ["daire", 217, 84, 14], ["daire", 135, 445, 13], ["daire", 87, 265, 12], ["dikdortgen", 14, 20, 6, 13], ["dikdortgen", 119, 181, 5, 5], ["daire", 198, 280, 5], ["daire", 156, 124, 13], ["dikdortgen", 129, 426, 14, 7], ["daire", 109, 49, 5], ["daire", 177, 111, 14], ["daire", 27, 36, 4], ["daire", 132, 234, 8], ["dikdortgen", 26, 111, 16, 11], ["dikdortgen", 126, 127, 10, 8], ["dikdortgen", 1, 12, 13, 9], ["daire", 126, 341, 6], ["daire", 85, 239, 14], ["dikdortgen", 82, 430, 18, 5], ["dikdortgen", 144, 436, 15, 19], ["daire", 129, 238, 5], ["dikdortgen", 172, 88, 12, 5], ["daire", 42, 331, 15], ["dikdortgen", 121, 314, 13, 12], ["daire", 65, 169, 7], ["dikdortgen", 232, 161, 13, 15], ["daire", 152, 437, 5], ["dikdortgen", 45, 60, 19, 9], ["dikdortgen", 25, 431, 12, 5], ["dikdortgen", 71, 409, 15, 14], ["dikdortgen", 214, 355, 17, 10], ["daire", 199, 210, 10], ["daire", 204, 70, 15], ["daire", 174, 171, 12], ["daire", 74, 13, 9]], "rrt_path": [[161.98765724732888, 414.5007655630366], [155.29942105850978, 397.3585798611622], [150.7792957351375, 386.25763126147524], [144.52815892370964, 368.9064485777847], [138.10279561229385, 352.9268508210871], [144.0529464489021, 334.2971709576764], [149.81016629129218, 317.8317108298074], [150.4415393915779, 310.10793026573396], [160.0637243519137, 298.00849066776385], [171.03961243618093, 284.7229549301246], [171.59827150118582, 268.9284839362861], [171.06036398473879, 267.67053153431385], [179.38806941899148, 259.4253405585258], [192.60054049032212, 246.86293414773257], [206.2708361496768, 239.7663281363866], [213.94022851643086, 228.32820344381062], [218.57273992418214, 212.49862119973523], [214.27220366145883, 198.19047222531862], [209.1351776932879, 180.8109630945085], [210.8088015771668, 177.17792261918896]]}