{"harita_boyut": {"genislik": 308, "yukseklik": 456}, "baslangic": [165.4671893236158, 292.9149746136921], "hedef": [238.48712281804018, 435.1725456874921], "engeller": [["daire", 18, 385, 9], ["daire", 209, 319, 5], ["dikdortgen", 213, 120, 18, 9], ["dikdortgen", 90, 279, 11, 7], ["dikdortgen", 145, 128, 13, 5], ["daire", 127, 365, 9], ["dikdortgen", 87, 247, 9, 13], ["dikdortgen", 30, 83, 18, 7], ["daire", 121, 345, 4], ["daire", 290, 100, 7], ["dikdortgen", 194, 160, 7, 10], ["daire", 191, 259, 11], ["dikdortgen", 197, 221, 20, 18], ["daire", 29, 249, 9], ["daire", 144, 373, 10], ["dikdortgen", 174, 8, 16, 13], ["dikdortgen", 168, 149, 9, 6], ["daire", 23, 402, 11], ["dikdortgen", 136, 413, 10, 14], ["daire", 109, 245, 7], ["daire", 129, 13, 3], ["daire", 21, 61, 7], ["daire", 113, 60, 4], ["daire", 176, 262, 15], ["daire", 36, 184, 4], ["daire", 101, 250, 11], ["dikdortgen", 197, 422, 8, 5], ["dikdortgen", 170, 407, 11, 8], ["dikdortgen", 87, 331, 5, 9], ["dikdortgen", 225, 49, 17, 19], ["dikdortgen", 13, 73, 7, 9], ["dikdortgen", 207, 231, 20, 16], ["daire", 38, 294, 9], ["daire", 252, 207, 13], ["daire", 147, 245, 11], ["daire", 285, 151, 9], ["dikdortgen", 276, 79, 20, 6], ["dikdortgen", 283, 239, 15, 8], ["daire", 236, 213, 11], ["dikdortgen", 189, 33, 18, 9], ["daire", 200, 306, 7], ["dikdortgen", 256, 413, 12, 6], ["dikdortgen", 58, 204, 5, 8], ["dikdortgen", 215, 18, 8, 6], ["dikdortgen", 218, 341, 9, 6], ["daire", 282, 390, 6], ["daire", 64, 116, 7], ["dikdortgen", 113, 209, 20, 14], ["daire", 251, 367, 15], ["dikdortgen", 214, 302, 13, 5], ["daire", 110, 218, 4], ["dikdortgen", 126, 10, 14, 15], ["dikdortgen", 31, 130, 11, 15], ["daire", 20, 229, 13], ["daire", 274, 339, 4], ["daire", 208, 76, 9], ["daire", 222, 391, 3], ["daire", 20, 363, 15], ["daire", 173, 349, 15], ["daire", 27, 378, 12], ["daire", 101, 163, 12], ["daire", 119, 124, 10], ["dikdortgen", 157, 101, 12, 18], ["dikdortgen", 257, 386, 17, 16], ["daire", 234, 166, 3], ["daire", 282, 331, 8], ["daire", 116, 362, 8], ["daire", 35, 271, 7], ["daire", 302, 304, 5], ["dikdortgen", 203, 156, 19, 7]], "rrt_path": [[165.4671893236158, 292.9149746136921], [181.89826854939085, 302.91459468004155], [188.94068387946606, 311.2779968667918], [188.0665488120852, 313.1820307479455], [190.34180210643353, 323.3807647717574], [192.1848804403254, 335.60238926345005], [192.71916817803753, 343.44138910191623], [194.74928433447963, 362.0461230335313], [194.5350929852932, 366.04038417496076], [192.12300470202405, 383.744173342469], [203.54218028849752, 397.211395869533], [212.82394777887137, 404.37322110285453], [224.7167085645308, 418.28331833247904], [230.53823355620102, 427.0311694713808], [238.48712281804018, 435.1725456874921]]}