{"harita_boyut": {"genislik": 369, "yukseklik": 345}, "baslangic": [301.11205540944496, 37.46595644540877], "hedef": [323.95343813783046, 302.4335643587394], "engeller": [["dikdortgen", 318, 277, 20, 7], ["daire", 169, 91, 15], ["daire", 250, 68, 10], ["dikdortgen", 329, 206, 19, 16], ["dikdortgen", 210, 98, 9, 17], ["dikdortgen", 330, 299, 7, 19], ["daire", 341, 250, 14], ["daire", 64, 183, 11], ["dikdortgen", 334, 224, 19, 16], ["dikdortgen", 130, 29, 13, 20], ["daire", 289, 148, 3], ["daire", 201, 37, 5], ["dikdortgen", 297, 92, 13, 6], ["daire", 87, 103, 5], ["dikdortgen", 253, 147, 10, 11], ["daire", 54, 283, 8], ["daire", 236, 125, 5], ["daire", 216, 160, 10], ["dikdortgen", 17, 83, 14, 10], ["dikdortgen", 144, 181, 13, 14], ["daire", 152, 30, 13], ["daire", 54, 15, 11], ["dikdortgen", 99, 3, 17, 10], ["dikdortgen", 247, 289, 6, 7], ["dikdortgen", 272, 271, 14, 6], ["dikdortgen", 263, 34, 5, 10], ["daire", 50, 118, 14], ["dikdortgen", 101, 228, 9, 14], ["daire", 240, 131, 14], ["dikdortgen", 292, 16, 18, 16], ["daire", 353, 301, 8], ["dikdortgen", 45, 138, 13, 12], ["daire", 251, 266, 9], ["dikdortgen", 139, 246, 20, 15], ["dikdortgen", 179, 130, 17, 12], ["dikdortgen", 40, 59, 6, 16], ["dikdortgen", 309, 166, 20, 14], ["daire", 283, 272, 6], ["daire", 22, 219, 4], ["daire", 275, 62, 7], ["daire", 183, 88, 11], ["dikdortgen", 4, 157, 15, 6], ["daire", 24, 150, 15], ["daire", 72, 137, 11], ["daire", 257, 31, 7], ["dikdortgen", 264, 66, 15, 10], ["daire", 188, 13, 12], ["dikdortgen", 170, 227, 14, 10], ["daire", 265, 208, 3], ["dikdortgen", 197, 107, 14, 7], ["daire", 42, 310, 10], ["dikdortgen", 354, 301, 8, 6], ["dikdortgen", 26, 169, 14, 10], ["daire", 188, 327, 4], ["daire", 163, 128, 15], ["dikdortgen", 148, 24, 10, 12], ["dikdortgen", 265, 177, 12, 16], ["daire", 223, 39, 8], ["dikdortgen", 178, 210, 17, 19], ["daire", 64, 213, 9], ["daire", 304, 66, 14], ["daire", 56, 166, 5], ["dikdortgen", 241, 313, 18, 9]], "rrt_path": [[301.11205540944496, 37.46595644540877], [317.40574887605595, 41.94230394349656], [332.1254765459662, 50.74187783062863], [337.4556766053839, 58.85094007162738], [337.38334983451415, 73.85617479858074], [337.4264583637163, 81.85300518905396], [334.36717795597787, 100.95190281788987], [332.9624406393838, 104.69712818779328], [323.5330096226807, 119.51613404732115], [312.965247246434, 134.55056676264368], [305.5417454847898, 149.4009630770297], [298.9850686630336, 166.0717586575875], [291.0519883860604, 180.3187845761165], [290.85037164998784, 178.17035957476756], [287.99296602977256, 188.21154069009336], [283.30724729043027, 199.15021612285207], [288.39912847731256, 216.65358401230856], [288.55025447057807, 227.83085190371028], [291.84578781525727, 246.94892800176422], [294.9766618247616, 265.7803797093245], [295.7527018320545, 273.72215305229383], [308.13648446076326, 287.38449056136494], [310.9801915556115, 290.19755471966454], [323.95343813783046, 302.4335643587394]]}