{"harita_boyut": {"genislik": 372, "yukseklik": 291}, "baslangic": [175.3356571129196, 189.93618139795333], "hedef": [273.07962889898414, 12.956098292138556], "engeller": [["daire", 172, 76, 6], ["dikdortgen", 78, 244, 8, 14], ["daire", 266, 281, 8], ["dikdortgen", 208, 120, 7, 5], ["daire", 32, 227, 4], ["daire", 167, 212, 4], ["dikdortgen", 261, 93, 19, 7], ["daire", 183, 247, 4], ["dikdortgen", 145, 201, 20, 20], ["daire", 46, 248, 4], ["daire", 353, 208, 4], ["daire", 57, 90, 12], ["dikdortgen", 319, 86, 13, 15], ["daire", 222, 189, 3], ["dikdortgen", 253, 263, 19, 7], ["daire", 128, 259, 8], ["dikdortgen", 282, 279, 18, 7], ["dikdortgen", 45, 119, 14, 9], ["dikdortgen", 279, 89, 10, 18], ["daire", 358, 137, 3], ["daire", 53, 254, 4], ["dikdortgen", 203, 274, 18, 8], ["dikdortgen", 350, 0, 15, 19], ["dikdortgen", 103, 65, 10, 14], ["daire", 212, 152, 12], ["dikdortgen", 247, 18, 6, 14], ["dikdortgen", 57, 251, 20, 7], ["daire", 38, 43, 7], ["daire", 184, 58, 15], ["daire", 257, 20, 3], ["daire", 196, 35, 5], ["daire", 292, 28, 7], ["daire", 112, 267, 14], ["daire", 273, 253, 6], ["dikdortgen", 350, 159, 19, 5], ["dikdortgen", 25, 184, 11, 9], ["dikdortgen", 53, 255, 9, 15], ["dikdortgen", 163, 203, 16, 12], ["daire", 280, 132, 15], ["dikdortgen", 284, 73, 13, 6], ["dikdortgen", 257, 202, 17, 11], ["dikdortgen", 84, 59, 13, 17], ["daire", 142, 261, 6], ["dikdortgen", 296, 265, 8, 7], ["dikdortgen", 352, 132, 12, 14], ["dikdortgen", 145, 232, 13, 9], ["dikdortgen", 185, 42, 8, 18], ["daire", 212, 98, 7], ["dikdortgen", 174, 166, 10, 5], ["dikdortgen", 319, 76, 14, 12], ["daire", 209, 248, 5], ["dikdortgen", 326, 13, 13, 5], ["dikdortgen", 105, 54, 18, 19], ["dikdortgen", 3, 35, 15, 7]], "rrt_path": [[175.3356571129196, 189.93618139795333], [163.20123273514542, 180.84409704341783], [151.67668749553098, 170.06404551583108], [143.18155168549518, 157.0459143589887], [140.27694720182217, 144.56643029704543], [144.23735832674453, 130.96847876645762], [146.71547970447165, 130.43240231477938], [155.54661903383413, 117.28568190870806], [165.6148631227424, 112.92486312262325], [179.74075483489815, 104.76046477219943], [197.93455980636253, 96.61487232386912], [200.3245523180204, 93.40739110113074], [210.88335770179714, 79.53587815875615], [217.24089095715203, 70.64379903978211], [230.89109392617848, 60.656309933736274], [243.49599530812154, 54.51405940644712], [255.51401439403062, 39.624012292842934], [259.60138691204924, 34.92871288792222], [268.7005178511747, 19.523794477726923], [273.07962889898414, 12.956098292138556]]}