{"harita_boyut": {"genislik": 465, "yukseklik": 190}, "baslangic": [355.02589213494747, 100.38873428019795], "hedef": [195.91187130865399, 171.7676688502644], "engeller": [["daire", 82, 105, 10], ["daire", 90, 120, 6], ["dikdortgen", 128, 118, 6, 9], ["dikdortgen", 383, 45, 15, 11], ["dikdortgen", 194, 50, 19, 5], ["daire", 201, 50, 14], ["dikdortgen", 413, 43, 12, 10], ["daire", 323, 51, 9], ["dikdortgen", 308, 45, 18, 20], ["dikdortgen", 332, 16, 19, 15], ["daire", 450, 93, 3], ["dikdortgen", 298, 107, 7, 11], ["dikdortgen", 215, 129, 11, 12], ["dikdortgen", 203, 7, 7, 20], ["dikdortgen", 253, 118, 18, 19], ["daire", 40, 20, 13], ["daire", 376, 161, 5], ["dikdortgen", 265, 125, 18, 9], ["dikdortgen", 101, 35, 17, 16], ["dikdortgen", 208, 141, 11, 17], ["daire", 119, 90, 3], ["dikdortgen", 140, 145, 13, 13], ["daire", 49, 140, 15], ["daire", 312, 82, 12], ["dikdortgen", 400, 43, 10, 19], ["daire", 307, 115, 15], ["dikdortgen", 440, 65, 10, 13], ["dikdortgen", 451, 68, 9, 7], ["daire", 66, 34, 15], ["daire", 136, 123, 9], ["daire", 162, 33, 5], ["daire", 311, 180, 6], ["daire", 117, 11, 7], ["daire", 314, 13, 4], ["dikdortgen", 405, 146, 10, 10], ["dikdortgen", 295, 54, 10, 20], ["dikdortgen", 169, 42, 15, 14], ["daire", 411, 138, 5], ["daire", 35, 25, 12], ["dikdortgen", 9, 3, 13, 19], ["daire", 225, 75, 11], ["daire", 106, 110, 13], ["dikdortgen", 264, 134, 18, 8], ["dikdortgen", 198, 56, 14, 19]], "rrt_path": [[355.02589213494747, 100.38873428019795], [340.1696817357995, 110.88153375534189], [327.70764201993745, 117.29061527439374], [328.2293584965499, 120.63391755667286], [320.01342563107926, 134.02034660860653], [303.2325954441249, 144.6891711186685], [284.6194091098705, 147.3622157824708], [269.55160784310425, 147.63667767135408], [251.44815785247113, 152.7884298207586], [247.909749312338, 154.65381584062501], [232.4261934514286, 160.23311293458255], [225.78056310776074, 162.68615579152146], [218.31307029224345, 164.1563897330604], [203.36880342052535, 167.06042969938636], [195.91187130865399, 171.7676688502644]]}