{"harita_boyut": {"genislik": 366, "yukseklik": 234}, "baslangic": [321.4849924582741, 166.98718188252693], "hedef": [318.2522285190858, 22.09995147511724], "engeller": [["dikdortgen", 193, 163, 12, 6], ["dikdortgen", 62, 1, 15, 19], ["daire", 174, 58, 3], ["dikdortgen", 247, 25, 15, 13], ["dikdortgen", 183, 198, 8, 10], ["daire", 279, 106, 15], ["daire", 88, 162, 8], ["daire", 158, 138, 12], ["daire", 135, 114, 13], ["daire", 162, 227, 4], ["daire", 323, 79, 10], ["daire", 211, 177, 8], ["daire", 272, 70, 7], ["dikdortgen", 179, 22, 19, 20], ["dikdortgen", 115, 157, 11, 19], ["dikdortgen", 178, 153, 13, 12], ["dikdortgen", 51, 179, 6, 13], ["daire", 70, 154, 3], ["daire", 305, 30, 5], ["dikdortgen", 81, 92, 10, 9], ["dikdortgen", 35, 16, 8, 16], ["dikdortgen", 80, 162, 9, 18], ["dikdortgen", 252, 189, 5, 17], ["dikdortgen", 273, 119, 19, 7], ["daire", 82, 179, 8], ["daire", 314, 133, 5], ["daire", 69, 136, 15], ["dikdortgen", 34, 134, 8, 15], ["dikdortgen", 192, 181, 17, 18], ["daire", 48, 180, 3], ["dikdortgen", 331, 10, 20, 10], ["daire", 50, 213, 3], ["daire", 131, 135, 12], ["daire", 351, 105, 15], ["dikdortgen", 205, 76, 9, 11], ["dikdortgen", 105, 173, 7, 6], ["daire", 329, 148, 5], ["dikdortgen", 201, 213, 14, 13], ["daire", 243, 190, 3], ["daire", 299, 103, 4], ["dikdortgen", 70, 166, 6, 12], ["dikdortgen", 23, 138, 9, 8]], "rrt_path": [[321.4849924582741, 166.98718188252693], [303.0817451094166, 164.09431945978608], [299.6593618745694, 164.1925733485757], [282.91918934479554, 162.56857147075306], [266.4580279927835, 155.81324253919897], [253.2249063972872, 148.14368064361224], [240.3174530995005, 139.64339678099893], [232.76586666520407, 125.83476345868733], [240.7961106778815, 108.30243716389934], [242.36942729166222, 110.63824951955534], [253.222876093268, 97.23085300405887], [255.1256921436345, 80.95376143130356], [253.7809619344835, 73.13842502383432], [265.38571456117387, 58.886621783023], [276.59038599524274, 52.642746302061354], [293.9224932184486, 58.00021564536137], [308.0264756567974, 48.998018924914824], [318.32609084676443, 35.79478463360113], [318.2522285190858, 22.09995147511724]]}