{"harita_boyut": {"genislik": 462, "yukseklik": 218}, "baslangic": [12.545404578291928, 135.89606495162965], "hedef": [173.91832706614704, 37.89738082875802], "engeller": [["daire", 370, 169, 3], ["daire", 86, 100, 13], ["daire", 157, 190, 15], ["dikdortgen", 16, 165, 10, 16], ["daire", 68, 152, 12], ["daire", 235, 75, 14], ["dikdortgen", 136, 12, 18, 18], ["daire", 203, 93, 6], ["dikdortgen", 332, 28, 8, 12], ["daire", 318, 74, 4], ["daire", 359, 209, 3], ["dikdortgen", 332, 126, 11, 8], ["daire", 245, 135, 15], ["dikdortgen", 152, 96, 19, 9], ["dikdortgen", 110, 157, 13, 7], ["daire", 23, 68, 13], ["daire", 217, 136, 11], ["dikdortgen", 215, 19, 16, 16], ["daire", 358, 198, 13], ["dikdortgen", 245, 174, 16, 20], ["dikdortgen", 264, 116, 12, 11], ["dikdortgen", 365, 192, 20, 8], ["daire", 65, 78, 6], ["daire", 131, 54, 9], ["dikdortgen", 194, 94, 16, 9], ["dikdortgen", 349, 118, 11, 5], ["daire", 446, 181, 4], ["daire", 364, 75, 11], ["dikdortgen", 136, 13, 17, 13], ["dikdortgen", 236, 123, 6, 15], ["daire", 382, 201, 8], ["dikdortgen", 157, 47, 10, 12], ["daire", 443, 79, 3], ["daire", 112, 93, 10], ["dikdortgen", 5, 13, 7, 20], ["dikdortgen", 394, 76, 17, 15], ["dikdortgen", 415, 129, 20, 5], ["daire", 83, 155, 13], ["dikdortgen", 297, 113, 15, 11], ["daire", 315, 33, 10], ["daire", 379, 16, 5], ["daire", 344, 158, 7], ["dikdortgen", 434, 64, 20, 19], ["dikdortgen", 365, 175, 20, 12], ["dikdortgen", 28, 32, 17, 9], ["dikdortgen", 82, 133, 20, 16], ["daire", 28, 187, 11], ["daire", 310, 35, 3], ["dikdortgen", 273, 44, 6, 15], ["dikdortgen", 215, 153, 17, 16]], "rrt_path": [[12.545404578291928, 135.89606495162965], [22.177483229386024, 136.21202505224454], [41.78500661338729, 135.89198142890982], [60.888607427010164, 133.9351455737154], [78.2286158551632, 126.65433211992199], [82.22737232877289, 126.55459915263152], [101.39113668707706, 125.65061582683714], [116.80124347348233, 124.14628764740642], [129.96914160552717, 122.32480026160796], [145.05711822529722, 118.14569616809472], [162.68737058026358, 116.73691361175108], [171.01063641070212, 116.58794567387612], [185.94405989432857, 114.43059550685086], [204.47558054576447, 113.97189631411528], [211.26205609665033, 118.1600677710159], [211.60666572105924, 114.34438852955778], [217.01410783862605, 104.8873689524906], [218.95213158817742, 87.86513387054623], [213.55965851663487, 77.1572756773918], [202.50641617060606, 61.46411258751646], [193.32743141195488, 55.98543980951012], [179.6340284484973, 42.88133364073669], [173.91832706614704, 37.89738082875802]]}