{"harita_boyut": {"genislik": 423, "yukseklik": 135}, "baslangic": [155.28868055325302, 11.503011398123343], "hedef": [97.44048308697816, 121.63177021408866], "engeller": [["daire", 221, 123, 6], ["daire", 367, 99, 7], ["daire", 208, 21, 3], ["dikdortgen", 136, 64, 20, 13], ["daire", 80, 84, 15], ["dikdortgen", 372, 76, 8, 13], ["daire", 62, 26, 10], ["dikdortgen", 161, 80, 7, 19], ["dikdortgen", 60, 86, 7, 9], ["dikdortgen", 322, 33, 12, 19], ["dikdortgen", 115, 57, 5, 20], ["daire", 81, 78, 10], ["daire", 224, 102, 3], ["dikdortgen", 171, 14, 9, 12], ["daire", 190, 42, 5], ["dikdortgen", 354, 111, 14, 17], ["daire", 80, 113, 11], ["daire", 154, 68, 15], ["daire", 393, 65, 5], ["daire", 54, 13, 12], ["dikdortgen", 5, 68, 20, 8], ["dikdortgen", 149, 47, 11, 9], ["dikdortgen", 92, 18, 10, 6], ["daire", 241, 67, 13], ["daire", 374, 95, 4], ["dikdortgen", 13, 114, 9, 17], ["daire", 305, 41, 8], ["daire", 309, 93, 13]], "rrt_path": [[155.28868055325302, 11.503011398123343], [150.30149392382378, 21.693606662444015], [141.59301999428322, 35.77266645242517], [132.54459776087648, 52.864694491437575], [125.67653039723793, 66.68911869653732], [128.68132751369387, 66.54009320414569], [129.88119479160673, 79.90700165864553], [133.00124925977258, 95.02512970524397], [128.15391772431445, 111.96911761662867], [113.68996468834857, 116.73050050750572], [97.44048308697816, 121.63177021408866]]}