{"harita_boyut": {"genislik": 483, "yukseklik": 362}, "baslangic": [115.9970724778458, 180.57549100709198], "hedef": [42.62775497327617, 44.754101418007906], "engeller": [["daire", 40, 90, 14], ["dikdortgen", 309, 10, 10, 12], ["daire", 109, 85, 3], ["daire", 266, 300, 11], ["daire", 319, 217, 5], ["dikdortgen", 328, 304, 17, 12], ["dikdortgen", 9, 333, 11, 6], ["dikdortgen", 298, 23, 8, 5], ["daire", 467, 288, 9], ["dikdortgen", 300, 148, 11, 16], ["dikdortgen", 408, 205, 19, 9], ["daire", 195, 267, 11], ["daire", 153, 68, 12], ["dikdortgen", 74, 170, 12, 18], ["daire", 162, 206, 10], ["daire", 328, 242, 12], ["daire", 239, 322, 7], ["dikdortgen", 120, 328, 14, 9], ["daire", 142, 181, 12], ["dikdortgen", 344, 167, 7, 9], ["daire", 322, 142, 15], ["daire", 17, 280, 6], ["daire", 398, 88, 3], ["dikdortgen", 218, 211, 15, 12], ["daire", 345, 287, 6], ["daire", 242, 331, 9], ["daire", 391, 236, 15], ["daire", 224, 215, 10], ["dikdortgen", 149, 193, 15, 16], ["daire", 399, 204, 12], ["daire", 203, 328, 11], ["daire", 142, 317, 5], ["daire", 124, 288, 8], ["dikdortgen", 213, 263, 12, 12], ["daire", 296, 225, 11], ["dikdortgen", 253, 346, 8, 16], ["dikdortgen", 78, 201, 13, 15], ["daire", 41, 302, 11], ["dikdortgen", 223, 48, 18, 15], ["dikdortgen", 72, 113, 10, 7], ["daire", 153, 289, 8], ["daire", 89, 109, 5], ["dikdortgen", 323, 249, 12, 14], ["dikdortgen", 320, 119, 16, 15], ["dikdortgen", 219, 10, 19, 14], ["dikdortgen", 253, 86, 12, 13], ["dikdortgen", 458, 171, 15, 6], ["dikdortgen", 411, 149, 9, 20], ["dikdortgen", 344, 354, 13, 5], ["daire", 98, 238, 6], ["daire", 276, 17, 12], ["dikdortgen", 75, 164, 5, 12], ["daire", 366, 46, 10], ["dikdortgen", 136, 6, 10, 11], ["daire", 332, 102, 4], ["daire", 224, 271, 11], ["dikdortgen", 444, 319, 18, 9], ["daire", 338, 92, 14], ["dikdortgen", 330, 233, 11, 8], ["dikdortgen", 236, 120, 15, 14], ["dikdortgen", 451, 32, 17, 18], ["daire", 31, 285, 15], ["daire", 121, 19, 4], ["daire", 125, 206, 7], ["daire", 79, 270, 11], ["dikdortgen", 291, 215, 6, 17], ["daire", 66, 105, 12], ["dikdortgen", 234, 202, 17, 19], ["daire", 409, 54, 4], ["dikdortgen", 442, 103, 8, 6], ["dikdortgen", 17, 192, 10, 15], ["dikdortgen", 205, 151, 16, 13], ["daire", 313, 303, 7], ["daire", 414, 227, 9], ["daire", 210, 199, 12], ["daire", 222, 263, 3], ["daire", 281, 93, 7], ["dikdortgen", 15, 19, 13, 15], ["dikdortgen", 425, 53, 5, 10], ["dikdortgen", 256, 125, 12, 19], ["dikdortgen", 206, 125, 9, 10], ["daire", 285, 256, 5], ["dikdortgen", 91, 89, 19, 9], ["dikdortgen", 446, 42, 17, 20], ["daire", 100, 158, 11], ["dikdortgen", 424, 42, 19, 17], ["daire", 333, 186, 7]], "rrt_path": [[115.9970724778458, 180.57549100709198], [120.4003048319493, 174.3211387100444], [125.52463352895677, 158.39158389794991], [127.06479452088305, 157.82225687155218], [133.23692350025874, 143.19977353985007], [139.41207163298247, 126.8691631194732], [145.31848223840734, 108.68590450840162], [143.37601436652147, 92.25574254922189], [133.83404504335405, 86.68359802320937], [124.65412065195203, 81.08442594565611], [107.18028044535748, 76.02608476627377], [89.49073080770357, 69.11813670630552], [72.6644184921313, 61.38218881118707], [56.49741704888558, 54.6780828044002], [42.62775497327617, 44.754101418007906]]}