{"harita_boyut": {"genislik": 383, "yukseklik": 143}, "baslangic": [175.5096972230443, 120.81520031119611], "hedef": [375.1941826883234, 6.181521452957813], "engeller": [["daire", 88, 90, 12], ["dikdortgen", 319, 48, 7, 14], ["dikdortgen", 310, 98, 14, 14], ["dikdortgen", 213, 53, 5, 19], ["dikdortgen", 135, 7, 13, 20], ["dikdortgen", 71, 17, 18, 18], ["dikdortgen", 310, 87, 5, 15], ["dikdortgen", 115, 57, 19, 5], ["daire", 17, 42, 6], ["dikdortgen", 96, 86, 17, 6], ["dikdortgen", 256, 103, 17, 18], ["daire", 32, 27, 5], ["dikdortgen", 336, 36, 7, 6], ["dikdortgen", 130, 59, 19, 11], ["daire", 360, 102, 9], ["dikdortgen", 196, 74, 7, 8], ["dikdortgen", 222, 90, 13, 14], ["dikdortgen", 183, 73, 16, 16], ["daire", 217, 36, 9], ["dikdortgen", 221, 113, 12, 13], ["dikdortgen", 239, 55, 5, 19], ["dikdortgen", 262, 64, 20, 18], ["daire", 69, 86, 9], ["daire", 222, 89, 13], ["dikdortgen", 248, 27, 12, 8], ["dikdortgen", 99, 124, 15, 12], ["dikdortgen", 258, 7, 15, 9]], "rrt_path": [[175.5096972230443, 120.81520031119611], [165.95481316894356, 114.43176602644077], [156.24968328974404, 108.23668010915506], [141.1769053866333, 98.53428133065646], [126.44756835069809, 87.7091619652898], [115.33646361449149, 77.91859863324335], [108.17115207267005, 63.528901356677004], [107.6823832185214, 52.51487219588627], [126.55988855416246, 46.54244610694166], [136.87035525733685, 40.76514422908349], [153.36930428276995, 32.6405915562792], [163.53584603760433, 26.482085379767145], [180.83132971461612, 20.212557704041775], [193.91473061821546, 17.560686400918065], [205.51872338597377, 19.09984164286193], [220.78793868014176, 21.095706549326405], [233.06598920704852, 26.303177940343442], [232.20086348783067, 26.246542784146744], [234.7037630405138, 35.450079960695334], [244.3832818219053, 40.805810372576666], [262.0225709375728, 42.65649399932495], [278.55499356951435, 38.77582405991649], [283.83088305744184, 36.474237823209016], [301.6120665650858, 31.001261557213567], [317.43713916695225, 24.724573312779317], [330.9267356428754, 18.707454531237797], [344.5716715539775, 14.656453363632776], [356.1861507941989, 11.46219599427554], [375.1941826883234, 6.181521452957813]]}