{"harita_boyut": {"genislik": 195, "yukseklik": 331}, "baslangic": [34.04930527064205, 161.32528729868682], "hedef": [17.894300809715354, 37.868373745776694], "engeller": [["daire", 43, 28, 12], ["dikdortgen", 21, 206, 11, 16], ["daire", 102, 134, 6], ["dikdortgen", 25, 105, 20, 20], ["dikdortgen", 144, 110, 10, 17], ["daire", 93, 147, 10], ["daire", 187, 179, 6], ["dikdortgen", 105, 117, 10, 7], ["daire", 94, 293, 6], ["daire", 187, 246, 7], ["daire", 65, 30, 10], ["dikdortgen", 6, 60, 9, 8], ["daire", 19, 59, 6], ["daire", 81, 249, 15], ["daire", 87, 42, 10], ["dikdortgen", 159, 155, 17, 16], ["daire", 25, 209, 14], ["daire", 145, 84, 7], ["dikdortgen", 132, 157, 13, 18], ["daire", 130, 190, 11], ["daire", 31, 229, 6], ["daire", 88, 204, 11], ["daire", 46, 7, 6], ["dikdortgen", 99, 186, 12, 17], ["daire", 52, 233, 3], ["dikdortgen", 114, 146, 13, 9], ["dikdortgen", 136, 128, 10, 20], ["daire", 157, 282, 11], ["daire", 97, 227, 12], ["dikdortgen", 164, 76, 15, 16], ["daire", 151, 49, 11], ["daire", 150, 31, 7]], "rrt_path": [[34.049305270642044, 161.32528729868685], [34.27337478508581, 160.8666913527019], [34.50576567093954, 160.41538848187375], [34.74647792820323, 159.97137868620234], [34.99551155687688, 159.5346619656877], [35.25286655696049, 159.1052383203298], [35.51854292845409, 158.68310775012867], [35.79254067135762, 158.26827025508425], [36.07485978567113, 157.86072583519658], [36.365500271394595, 157.46047449046569], [36.66446212852802, 157.06751622089158], [36.97174535707143, 156.6818510264742], [37.28734995702478, 156.3034789072136], [37.61127592838811, 155.93239986310974], [37.943523271161396, 155.5686138941626], [38.28409198534465, 155.2121210003723], [38.632982070937864, 154.86292118173873], [38.990193527941045, 154.5210144382619], [39.35572635635418, 154.18640076994177], [39.72958055617728, 153.85908017677843], [40.11175612741035, 153.53905265877188], [40.502253070053385, 153.22631821592205], [40.90107138410638, 152.920876848229], [41.30821106956934, 152.6227285556927], [41.72367212644226, 152.33187333831313], [42.147454554725144, 152.04831119609037], [42.579558354418, 151.77204212902433], [43.0199835255208, 151.50306613711504], [43.46808598049682, 151.24083900456512], [43.91644793341022, 150.9790931418657], [44.36295909456207, 150.71604547928513], [44.80761946395242, 150.45169601682355], [45.25042904158123, 150.18604475448083], [45.69138782744851, 149.9190916922571], [46.130495821554256, 149.65083683015223], [46.56775302389848, 149.38128016816626], [47.00315943448117, 149.11042170629923], [47.43671505330233, 148.83826144455114], [47.86841988036198, 148.56479938292196], [48.29827391566008, 148.29003552141168], [48.72627715919666, 148.01396986002032], [49.15242961097172, 147.73660239874795], [49.57673127098525, 147.45793313759444], [49.999182139237234, 147.17796207655982], [50.419782215727714, 146.89668921564416], [50.83853150045664, 146.6141145548474], [51.255429993424045, 146.33023809416954], [51.67047769462994, 146.04505983361065], [52.083674604074304, 145.75857977317068], [52.49502072175713, 145.4707979128496], [52.90451604767841, 145.1817142526474], [53.312160581838185, 144.8913287925642], [53.71795432423643, 144.5996415325999], [54.121897274873135, 144.30665247275445], [54.52398943374832, 144.01236161302796], [54.92423080086198, 143.71676895342043], [55.322621376214116, 143.4198744939318], [55.7191611598047, 143.12167823456204], [56.11385015163378, 142.82218017531125], [56.50668835170132, 142.52138031617937], [56.89924236616452, 142.21974248881222], [57.29392199278959, 141.91798017212662], [57.69075383435852, 141.61610124251962], [58.08973789087127, 141.3141056999912], [58.49087416232788, 141.01199354454144], [58.894162648728305, 140.7097647761702], [59.2996033500726, 140.40741939487762], [59.70719626636073, 140.10495740066364], [60.116941397592704, 139.80237879352828], [60.52883874376851, 139.4996835734715], [60.94288830488818, 139.1968717404933], [61.35909008095167, 138.89394329459373], [61.777444071958996, 138.5908982357727], [62.19795027791018, 138.28773656403033], [62.62060869880521, 137.98445827936658], [63.045419334644066, 137.6810633817814], [63.472382185426774, 137.37755187127482], [63.90149725115332, 137.07392374784683], [64.33276453182371, 136.77017901149748], [64.76618402743796, 136.4663176622267], [65.20175573799602, 136.16233970003455], [65.63947966349795, 135.85824512492098], [66.07935580394368, 135.554033936886], [66.52138415933331, 135.2497061359296], [66.96556472966675, 134.94526172205187], [67.41189751494403, 134.64070069525272], [67.86038251516516, 134.33602305553217], [68.31101973033013, 134.03122880289018], [68.76380916043894, 133.72631793732683], [69.21716489718952, 133.4205525772333], [69.6552638335744, 133.10657064521877], [70.07403383466196, 132.78247748352115], [70.47347490045217, 132.44827309214037], [70.8535870309451, 132.1039574710765], [71.21437022614067, 131.74953062032955], [71.5558244860389, 131.38499253989946], [71.87794981063982, 131.01034322978626], [72.18074619994339, 130.62558268998993], [72.46421365394967, 130.23071092051055], [72.72835217265857, 129.82572792134798], [72.97316175607018, 129.41063369250236], [73.19864240418444, 128.9854282339736], [73.40479411700139, 128.55011154576175], [73.59161689452098, 128.10468362786673], [73.75911073674328, 127.64914448028867], [73.90727564366821, 127.18349410302744], [74.03611161529585, 126.70773249608315], [74.14561865162614, 126.22185965945573], [74.23579675265911, 125.72587559314522], [74.30664591839474, 125.21978029715154], [74.35609374627727, 124.70682804063395], [74.37459483774526, 124.2020078497659], [74.36095881019601, 123.70718896823311], [74.31518566362948, 123.22237139603557], [74.2372753980457, 122.74755513317325], [74.12722801344468, 122.28274017964623], [73.98504350982637, 121.82792653545438], [73.81072188719084, 121.38311420059784], [73.60426314553803, 120.94830317507652], [73.36566728486798, 120.52349345889047], [73.09493430518067, 120.10868505203966], [72.79206420647608, 119.70387795452409], [72.45705698875426, 119.30907216634378], [72.08991265201517, 118.9242676874987], [71.70586222234598, 118.54487624307163], [71.32445633082847, 118.1650082974727], [70.94576894426073, 117.78464156855216], [70.56980006264273, 117.40377605631002], [70.19654968597452, 117.0224117607463], [69.82601781425605, 116.64054868186093], [69.45820444748733, 116.258186819654], [69.0931095856684, 115.87532617412548], [68.73073322879924, 115.49196674527535], [68.3710753768798, 115.10810853310359], [68.01413602991015, 114.72375153761026], [67.65991518789026, 114.33889575879535], [67.30841285082013, 113.95354119665879], [66.95962901869976, 113.56768785120066], [66.61356369152915, 113.18133572242091], [66.27021686930831, 112.79448481031957], [65.92958855203722, 112.40713511489662], [65.59167873971589, 112.01928663615209], [65.25648743234433, 111.63093937408594], [64.92401462992252, 111.2420933286982], [64.59426033245049, 110.85274849998888], [64.26722453992822, 110.46290488795792], [63.942907252355695, 110.07256249260537], [63.62130846973295, 109.68172131393123], [63.30242819205996, 109.29038135193551], [62.98626641933673, 108.89854260661814], [62.67282315156325, 108.5062050779792], [62.36209838873955, 108.11336876601865], [62.05409213086563, 107.72003367073653], [61.74943990364367, 107.32544928324015], [61.44936487522027, 106.92817113233362], [61.153897569628775, 106.52816317138911], [60.86303798686919, 106.1254254004066], [60.57678612694151, 105.71995781938608], [60.295141989845746, 105.31176042832756], [60.018105575581885, 104.90083322723106], [59.74567688414992, 104.48717621609654], [59.47785591554988, 104.07078939492405], [59.21464266978174, 103.65167276371355], [58.9560371468455, 103.22982632246506], [58.70203934674119, 102.80525007117855], [58.45264926946877, 102.37794400985408], [58.20786691502825, 101.94790813849158], [57.96769228341965, 101.5151424570911], [57.73212537464294, 101.0796469656526], [57.50116618869816, 100.64142166417612], [57.27481472558528,