{"harita_boyut": {"genislik": 405, "yukseklik": 127}, "baslangic": [376.15964026942737, 52.18073579484652], "hedef": [96.68548610879947, 23.502203213932944], "engeller": [["daire", 213, 42, 14], ["daire", 334, 45, 11], ["daire", 259, 97, 9], ["dikdortgen", 199, 93, 18, 19], ["daire", 84, 112, 10], ["daire", 117, 92, 10], ["daire", 40, 71, 12], ["dikdortgen", 292, 75, 14, 20], ["dikdortgen", 142, 71, 14, 19], ["daire", 361, 52, 6], ["daire", 227, 85, 15], ["dikdortgen", 340, 5, 12, 18], ["dikdortgen", 348, 96, 15, 10], ["dikdortgen", 71, 107, 9, 8], ["daire", 197, 102, 13], ["dikdortgen", 76, 29, 19, 13], ["daire", 206, 16, 5], ["dikdortgen", 6, 95, 17, 6], ["daire", 346, 73, 14], ["daire", 14, 117, 9], ["dikdortgen", 396, 32, 8, 20], ["daire", 27, 112, 6], ["daire", 94, 70, 7], ["daire", 84, 105, 10], ["dikdortgen", 371, 70, 20, 10]], "rrt_path": [[376.15964026942737, 52.18073579484652], [369.28756059300133, 40.87104486398111], [354.48746350644757, 34.94907834894066], [339.511427228978, 29.552156611158022], [335.5420389186355, 29.058237142300438], [316.66252859628025, 25.476962830179307], [299.05569749221206, 34.73490501932366], [297.93573207244475, 50.09560330618483], [295.93269108261387, 53.53800167777376], [285.35079051002197, 56.75885002511197], [268.207806784923, 61.38970699175942], [256.30376391938603, 62.0311577281078], [247.45435389168497, 63.76206018018193], [227.91962856753017, 61.853249163188764], [214.4897539717583, 61.61182018446646], [202.78483097344886, 59.458056813834055], [195.6741721309848, 51.323719517794196], [194.26973216917162, 47.57838263125619], [177.55671169696836, 37.9849164445771], [159.1638053630132, 35.92073180859639], [142.0133586895038, 35.22438952566345], [123.86388579974383, 28.252725926215447], [116.07360706518382, 26.77024095054984], [100.6467097897161, 24.057817243404227], [96.68548610879947, 23.502203213932944]]}