{"harita_boyut": {"genislik": 185, "yukseklik": 127}, "baslangic": [168.69619802075707, 109.93420826024955], "hedef": [57.242805870520684, 51.55020688790796], "engeller": [["dikdortgen", 22, 51, 14, 20], ["dikdortgen", 100, 108, 11, 17], ["dikdortgen", 166, 92, 10, 10], ["dikdortgen", 25, 19, 17, 14], ["dikdortgen", 61, 10, 8, 6], ["daire", 95, 48, 9], ["daire", 98, 42, 9], ["daire", 17, 27, 3], ["dikdortgen", 48, 82, 8, 8], ["dikdortgen", 4, 46, 10, 8], ["dikdortgen", 72, 103, 10, 5]], "rrt_path": [[168.69619802075707, 109.93420826024955], [154.0081714326658, 105.50004940771157], [144.21592805669852, 101.83114882040668], [128.9040103726355, 90.66304487181297], [123.2900910828894, 86.00482069003239], [108.3536590622823, 78.16037244737751], [93.98451582037772, 74.8556931383065], [87.13398723558896, 75.45446387271811], [67.76752280409569, 73.19515629902907], [65.1688844773314, 74.33701192045064], [63.182343034647346, 65.08540194700224], [57.242805870520684, 51.55020688790796]]}