{"harita_boyut": {"genislik": 479, "yukseklik": 452}, "baslangic": [220.6452459775361, 347.88421413620716], "hedef": [102.89513454731542, 286.92479034069174], "engeller": [["daire", 118, 35, 15], ["daire", 301, 128, 10], ["daire", 306, 325, 5], ["dikdortgen", 79, 33, 10, 17], ["daire", 445, 430, 13], ["daire", 154, 154, 15], ["dikdortgen", 90, 182, 6, 5], ["dikdortgen", 453, 348, 15, 13], ["dikdortgen", 371, 223, 20, 14], ["dikdortgen", 80, 167, 12, 9], ["daire", 368, 397, 8], ["dikdortgen", 203, 188, 11, 12], ["dikdortgen", 158, 434, 16, 15], ["daire", 443, 143, 14], ["dikdortgen", 340, 170, 9, 18], ["daire", 434, 407, 10], ["dikdortgen", 446, 167, 5, 5], ["daire", 126, 56, 10], ["daire", 127, 392, 10], ["dikdortgen", 171, 365, 16, 17], ["dikdortgen", 369, 14, 6, 19], ["daire", 60, 106, 14], ["daire", 13, 10, 6], ["daire", 151, 22, 8], ["dikdortgen", 195, 79, 16, 16], ["daire", 184, 64, 10], ["daire", 269, 106, 14], ["daire", 124, 306, 14], ["dikdortgen", 81, 321, 17, 18], ["dikdortgen", 177, 429, 6, 13], ["dikdortgen", 143, 364, 12, 6], ["dikdortgen", 90, 177, 9, 15], ["dikdortgen", 368, 119, 8, 9], ["daire", 228, 70, 9], ["daire", 241, 299, 4], ["dikdortgen", 231, 412, 9, 10], ["daire", 54, 308, 10], ["daire", 127, 159, 13], ["daire", 362, 88, 14], ["daire", 182, 59, 11], ["dikdortgen", 50, 78, 5, 10], ["dikdortgen", 398, 201, 9, 6], ["daire", 408, 241, 12], ["daire", 390, 103, 13], ["daire", 210, 17, 11], ["daire", 48, 14, 9], ["dikdortgen", 129, 61, 9, 11], ["dikdortgen", 8, 71, 15, 5], ["dikdortgen", 199, 417, 9, 18], ["daire", 291, 197, 13], ["daire", 316, 78, 12], ["daire", 96, 407, 10], ["dikdortgen", 338, 350, 13, 10], ["dikdortgen", 142, 156, 9, 12], ["dikdortgen", 111, 233, 15, 7], ["dikdortgen", 77, 427, 7, 20], ["dikdortgen", 125, 108, 11, 15], ["dikdortgen", 284, 419, 18, 7], ["dikdortgen", 86, 1, 18, 13], ["dikdortgen", 396, 100, 16, 13], ["dikdortgen", 424, 252, 7, 5], ["dikdortgen", 154, 70, 11, 5], ["daire", 140, 297, 9], ["daire", 433, 117, 6], ["dikdortgen", 432, 136, 18, 8], ["dikdortgen", 442, 179, 15, 15], ["dikdortgen", 365, 130, 6, 10], ["dikdortgen", 105, 193, 5, 9], ["daire", 279, 347, 7], ["daire", 360, 262, 7], ["daire", 30, 265, 8], ["daire", 272, 332, 12], ["daire", 14, 415, 8], ["daire", 393, 97, 10], ["daire", 183, 430, 7], ["dikdortgen", 94, 4, 10, 11], ["dikdortgen", 172, 139, 18, 6], ["dikdortgen", 1, 83, 12, 20], ["dikdortgen", 222, 46, 5, 15], ["dikdortgen", 320, 347, 12, 18], ["dikdortgen", 458, 26, 6, 20], ["daire", 413, 355, 9], ["dikdortgen", 130, 384, 6, 10], ["dikdortgen", 199, 178, 7, 5], ["daire", 250, 333, 13], ["dikdortgen", 80, 317, 19, 20], ["daire", 74, 198, 5], ["dikdortgen", 262, 366, 6, 14], ["dikdortgen", 93, 48, 14, 16], ["dikdortgen", 391, 420, 9, 6], ["daire", 385, 89, 11], ["daire", 390, 285, 8], ["daire", 335, 93, 8], ["dikdortgen", 428, 198, 13, 15], ["daire", 214, 181, 5], ["dikdortgen", 395, 32, 20, 11], ["daire", 46, 114, 7], ["dikdortgen", 150, 152, 20, 11], ["dikdortgen", 108, 382, 13, 7], ["dikdortgen", 23, 322, 12, 19], ["daire", 57, 294, 6], ["dikdortgen", 181, 207, 20, 14], ["dikdortgen", 191, 245, 5, 18], ["dikdortgen", 472, 217, 6, 9], ["dikdortgen", 456, 131, 5, 8], ["dikdortgen", 122, 179, 10, 9], ["daire", 471, 404, 6], ["daire", 344, 337, 7]], "rrt_path": [[220.6452459775361, 347.88421413620716], [223.5895736244462, 341.5277404403026], [225.49816920359837, 322.69549119437767], [216.844601263487, 306.8469434942373], [212.1283938006093, 296.33336893205814], [207.66862621352263, 286.103905018101], [202.54789681578916, 269.2747660840528], [202.64354890085275, 255.2324828301152], [203.08057847720204, 247.31332071833037], [203.4027652088136, 229.18758794807505], [205.2499552228774, 228.28101120177945], [188.56777331262128, 234.5161546102085], [184.6797146799347, 241.46797000760216], [174.0710134267473, 255.9719529033564], [165.38473644961238, 263.7486716601494], [151.12836374308546, 271.38310638412764], [141.79726944419016, 274.37807780930734], [126.02394346339135, 281.8897922534708], [122.69070688964811, 284.10102131068317], [102.89513454731542, 286.92479034069174]]}