{"harita_boyut": {"genislik": 147, "yukseklik": 241}, "baslangic": [83.62343248246148, 113.22333439379669], "hedef": [63.94112169653745, 227.80317426320542], "engeller": [["daire", 94, 41, 8], ["daire", 15, 110, 4], ["dikdortgen", 3, 9, 20, 8], ["dikdortgen", 4, 21, 12, 11], ["daire", 81, 81, 8], ["daire", 64, 158, 6], ["dikdortgen", 120, 31, 8, 18], ["dikdortgen", 82, 207, 12, 10], ["daire", 116, 172, 4], ["daire", 28, 205, 15], ["dikdortgen", 135, 31, 6, 13], ["dikdortgen", 3, 141, 14, 8], ["daire", 12, 148, 6], ["dikdortgen", 52, 67, 19, 14], ["daire", 40, 45, 3], ["daire", 131, 204, 15], ["daire", 52, 35, 12]], "rrt_path": [[83.62343248246148, 113.22333439379669], [83.3507687569556, 113.68208690448415], [83.08557808159283, 114.14215771235935], [82.8278604563731, 114.60354681742223], [82.5776158812965, 115.06625421967281], [82.33484435636292, 115.53027991911105], [82.09954588157244, 115.99562391573701], [81.87172045692505, 116.46228620955073], [81.65136808242072, 116.93026680055208], [81.43848875805945, 117.39956568874113], [81.2330824838413, 117.8701828741179], [81.03514925976621, 118.34211835668236], [80.84468908583418, 118.81537213643452], [80.66170196204524, 119.28994421337438], [80.4861878883994, 119.76583458750196], [80.3181468648966, 120.24304325881721], [80.15757889153691, 120.72157022732017], [80.0044839683203, 121.20141549301083], [79.85886209524675, 121.68257905588918], [79.72071327231627, 122.16506091595522], [79.5900374995289, 122.64886107320899], [79.46683477688457, 123.13397952765042], [79.35110510438335, 123.62041627927961], [79.24284848202518, 124.10817132809647], [79.14206490981012, 124.597244674101], [79.0487543877381, 125.08763631729323], [78.96291691580919, 125.5793462576732], [78.88455249402332, 126.07237449524085], [78.81366112238057, 126.56672102999619], [78.75024280088087, 127.06238586193922], [78.69429752952425, 127.55936899106996], [78.64582530831072, 128.05767041738838], [78.60482613724027, 128.55729014089457], [78.57130001631289, 129.05822816158837], [78.54524694552859, 129.56048447946992], [78.52666692488735, 130.06405909453915], [78.5155599543892, 130.56895200679608], [78.51192603403413, 131.0751632162407], [78.51576516382215, 131.58269272287305], [78.52707734375323, 132.0915405266931], [78.5458625738274, 132.6017066277008], [78.57212085404464, 133.11319102589624], [78.60585218440495, 133.62599372127934], [78.64705656490835, 134.14011471385018], [78.69573399555483, 134.6555540036087], [78.75188447634439, 135.17231159055495], [78.81550800727702, 135.69038747468886], [78.8879097497116, 136.20848380584994], [78.97608952529282, 136.7196399737019], [79.0810856110531, 137.2228235173891], [79.20289800699246, 137.71803443691164], [79.34152671311087, 138.2052727322694], [79.49697172940837, 138.68453840346248], [79.66923305588493, 139.1558314504908], [79.85831069254058, 139.61915187335444], [80.06420463937528, 140.07449967205338], [80.28691489638908, 140.52187484658756], [80.52644146358193, 140.96127739695706], [80.78278434095388, 141.3927073231618], [81.05594352850487, 141.81616462520185], [81.34591902623495, 142.23164930307718], [81.6527108341441, 142.63916135678778], [81.97631895223232, 143.03870078633366], [82.3167433804996, 143.43026759171482], [82.67398411894597, 143.81386177293126], [83.04804116757141, 144.18948332998303], [83.43891452637592, 144.55713226287003], [83.84660419535952, 144.91680857159236], [84.27111017452216, 145.26851225614993], [84.71243246386389, 145.6122433165428], [85.15306049648234, 145.95519842068418], [85.5600034984951, 146.3109364467737], [85.93248933801547, 146.6797747332963], [86.27051801504348, 147.06171328025212], [86.57408952957907, 147.45675208764104], [86.84320388162229, 147.86489115546317], [87.07786107117312, 148.28613048371838], [87.27806109823157, 148.72047007240684], [87.44380396279762, 149.16790992152838], [87.57508966487131, 149.6284500310831], [87.67191820445258, 150.10209040107094], [87.73428958154149, 150.588831031492], [87.76220379613801, 151.08867192234618], [87.76459585326265, 151.59599311437657], [87.7554789035337, 152.10198058505566], [87.73502155067172, 152.60652828564162], [87.70322379467673, 153.1096362161344], [87.66008563554873, 153.611304376534], [87.60560707328773, 154.11153276684053], [87.53978810789368, 154.61032138705383], [87.46262873936664, 155.10767023717403], [87.37412896770657, 155.60357931720105], [87.2742887929135, 156.09804862713494], [87.1631082149874, 156.59107816697568], [87.0405872339283, 157.08266793672325], [86.90672584973618, 157.57281793637767], [86.76152406241106, 158.06152816593897], [86.60498187195292, 158.5487986254071], [86.43728388225459, 159.0345970066652], [86.2632529095998, 159.51807925323192], [86.08501893249944, 159.9988725907652], [85.90258195095346, 160.47697701926498], [85.71594196496193, 160.95239253873132], [85.52509897452481, 161.4251191491642], [85.33005297964209, 161.89515685056364], [85.1308039803138, 162.3625056429296], [84.92735197653992, 162.82716552626204], [84.71969696832048, 163.28913650056109], [84.50783895565544, 163.74841856582665], [84.29177793854481, 164.2050117220587], [84.07151391698861, 164.6589159692574], [83.84704689098682, 165.11013130742253], [83.61837686053944, 165.55865773655427], [83.38550382564648, 166.00449525665252], [83.14842778630796, 166.44764386771732], [82.90714874252384, 166.8881035697486], [82.66166669429413, 167.32587436274648], [82.41198164161887, 167.76095624671086], [82.158093584498, 168.19334922164182], [81.90000252293154, 168.62305328753928], [81.63770845691951, 169.0500684444033], [81.3712113864619, 169.47439469223386], [81.1005113115587, 169.89603203103093], [80.82560823220992, 170.31498046079454], [80.54650214841557, 170.73123998152474], [80.26319306017562, 171.14481059322142], [79.97568096749008, 171.55569229588463], [79.68396587035897, 171.9638850895144], [79.38804776878229, 172.36938897411068], [79.08792666276, 172.77220394967355], [78.78360255229215, 173.17233001620292], [78.47507543737872, 173.5697671736989], [78.16331541790017, 173.96518109115553], [77.8501861381667, 174.3598505752798], [77.53573385014967, 174.7538073635287], [77.21995855384911, 175.14705145590224], [76.90286024926498, 175.5395828524004], [76.58443893639729, 175.93140155302322], [76.26469461524601, 176.32250755777065], [75.94362728581122, 176.7129008666427], [75.62123694809283, 177.1025814796394], [75.29752360209089, 177.49154939676072], [74.97248724780542, 177.8798046180067], [74.64612788523634, 178.26734714337726], [74.31844551438374, 178.6541769728725], [73.98944013524755, 179.04029410649235], [73.65911174782781, 179.4256985442368], [73.32746035212452, 179.81039028610593], [72.99448594813767, 180.1943693320997], [72.66018853586725, 180.57763568221807], [72.32456811531327, 180.96018933646107], [71.98762468647573, 181.34203029482867], [71.64935824935463, 181.72315855732094], [71.30976880394999, 182.10357412393785], [70.96885635026177, 182.4832769946794], [70.62662088828998, 182.86226716954553], [70.28306241803466, 183.24054464853631], [69.93818093949577, 183.61810943165176], [69.59228177020944, 183.99509621289093], [69.25564335432556, 184.3760394345426], [68.93328639220275, 184.76315403066627], [68.625210883841, 185.15644000126187], [68.33141682924034, 185.55589734632937], [68.05190422840074, 185.9615260658689], [67.78667308132223, 186.3733261598803], [67.53572338800477, 186.79129762836365], [67.29905514844842, 187.21544047131894], [67.0766683626531, 187.6457546887462], [66.86856303061887, 188.08224028064538], [66.67473915234572, 188.5248972470165], [66.49519672783363, 188.9737255878596], [66.32993575708261, 189.4287253031746], [66.17895624009267, 189.8898963929616], [66.04225817686381, 190.3572388572205], [65.919841567396, 190.8307526959513], [65.8117064116893, 191.31043790915413], [65.71785270974365, 191.7962944968289], [65.63828046155906, 192.28832245897553], [65.57298966713557, 192.78652179559415], [65.52198032647314, 193.29089250668474], [65.48525243957177, 193.8014345922472], [65.46280600643149, 