{"harita_boyut": {"genislik": 253, "yukseklik": 101}, "baslangic": [64.44056764240734, 54.72934164746489], "hedef": [200.67261097621602, 22.855335569585105], "engeller": [["dikdortgen", 63, 11, 10, 9], ["daire", 142, 17, 3], ["daire", 178, 18, 8], ["daire", 95, 81, 10], ["dikdortgen", 20, 30, 20, 12], ["dikdortgen", 193, 38, 17, 13], ["daire", 129, 28, 15], ["daire", 173, 21, 8], ["daire", 129, 24, 4], ["daire", 118, 50, 11], ["daire", 117, 55, 10], ["dikdortgen", 27, 2, 17, 12]], "rrt_path": [[64.44056764240734, 54.72934164746489], [74.768513720073, 50.974836109497176], [87.64714674185495, 48.56351841991194], [101.68074797421882, 61.10438937121326], [106.59137310580812, 66.04169670010731], [111.06676194379378, 70.03345899917626], [118.95774432692977, 70.0105197693802], [126.61499996988323, 68.44930594633597], [133.23326760488453, 64.00221431510916], [130.6344472056297, 61.851647081484046], [141.44895099248976, 47.93120826137045], [148.0271098072967, 39.61472819075034], [166.1348122206735, 37.77083937536907], [180.13917273404635, 32.25447414684923], [197.08397031230479, 24.6221570617916], [200.67261097621602, 22.855335569585105]]}