{"harita_boyut": {"genislik": 102, "yukseklik": 130}, "baslangic": [35.11521444262111, 105.19874070130771], "hedef": [82.5913690587562, 12.792764473232365], "engeller": [["daire", 16, 87, 9], ["dikdortgen", 5, 94, 20, 7], ["dikdortgen", 64, 73, 18, 7], ["dikdortgen", 81, 36, 18, 8], ["dikdortgen", 34, 58, 10, 12], ["daire", 60, 101, 11]], "rrt_path": [[35.11521444262111, 105.19874070130771], [33.662522543276054, 87.37491657186064], [47.54255707838986, 75.41313064411952], [51.35625116995485, 74.2065912224833], [53.68112775891717, 75.2466313474767], [56.05886830439964, 60.481197661141344], [64.03942844372413, 43.01470042195016], [71.44332940095224, 26.633654346610836], [82.5913690587562, 12.792764473232365]]}