{"harita_boyut": {"genislik": 189, "yukseklik": 300}, "baslangic": [81.49629874946613, 241.44548230924954], "hedef": [158.35850245473281, 165.56320670245722], "engeller": [["daire", 140, 252, 4], ["daire", 20, 18, 12], ["daire", 155, 19, 10], ["daire", 118, 237, 14], ["dikdortgen", 156, 6, 18, 8], ["daire", 20, 38, 14], ["daire", 164, 126, 11], ["daire", 175, 202, 4], ["daire", 135, 36, 5], ["daire", 42, 272, 8], ["daire", 131, 49, 10], ["daire", 112, 76, 10], ["daire", 22, 53, 6], ["daire", 164, 117, 3], ["daire", 32, 110, 5], ["daire", 151, 266, 15], ["daire", 112, 98, 13], ["daire", 168, 49, 4], ["daire", 110, 160, 14], ["dikdortgen", 145, 56, 13, 18], ["daire", 185, 15, 4], ["dikdortgen", 46, 47, 17, 13], ["dikdortgen", 173, 164, 13, 13], ["daire", 63, 253, 8], ["dikdortgen", 119, 34, 5, 20], ["daire", 48, 231, 3], ["daire", 101, 193, 15], ["daire", 178, 62, 10]], "rrt_path": [[81.49629874946613, 241.44548230924954], [81.17910275821019, 234.03596256696147], [81.36886111146464, 219.3624520530759], [82.39231026445268, 209.69362069794914], [80.44271502365562, 194.10178160945642], [80.98672333622633, 175.3090072464182], [81.98432709630093, 165.49765601010571], [83.45921525763195, 151.60416156373668], [89.26265662897403, 133.5789251776947], [90.06772378370583, 125.90488507813052], [88.99819081488764, 125.93404843260915], [107.71429086280791, 124.19347177196006], [125.75085555666278, 129.94141975036413], [138.725257557895, 140.90617495394287], [146.09174470866841, 151.90003625951704], [158.35850245473281, 165.56320670245722]]}