{"harita_boyut": {"genislik": 339, "yukseklik": 484}, "baslangic": [113.13737819281613, 202.32316394263177], "hedef": [103.34084140976945, 371.35844704616954], "engeller": [["dikdortgen", 34, 220, 5, 8], ["dikdortgen", 300, 447, 17, 9], ["dikdortgen", 255, 19, 8, 13], ["daire", 255, 396, 10], ["dikdortgen", 298, 285, 8, 19], ["dikdortgen", 185, 183, 19, 9], ["dikdortgen", 190, 467, 8, 10], ["dikdortgen", 44, 260, 6, 8], ["dikdortgen", 168, 90, 7, 17], ["daire", 296, 103, 9], ["daire", 253, 165, 9], ["daire", 252, 181, 10], ["daire", 143, 174, 13], ["daire", 59, 245, 6], ["dikdortgen", 285, 347, 7, 7], ["dikdortgen", 137, 13, 9, 13], ["dikdortgen", 262, 419, 6, 8], ["daire", 226, 166, 14], ["dikdortgen", 86, 264, 17, 9], ["dikdortgen", 70, 325, 10, 16], ["dikdortgen", 319, 446, 16, 17], ["dikdortgen", 318, 130, 13, 7], ["daire", 223, 143, 6], ["dikdortgen", 169, 74, 15, 7], ["dikdortgen", 80, 20, 16, 7], ["dikdortgen", 7, 369, 15, 11], ["dikdortgen", 116, 295, 14, 5], ["daire", 55, 150, 10], ["dikdortgen", 24, 392, 10, 18], ["dikdortgen", 81, 318, 20, 6], ["dikdortgen", 62, 122, 10, 10], ["daire", 19, 271, 12], ["daire", 226, 330, 13], ["dikdortgen", 297, 363, 12, 11], ["dikdortgen", 299, 253, 12, 16], ["dikdortgen", 178, 410, 16, 13], ["dikdortgen", 158, 303, 18, 5], ["dikdortgen", 235, 290, 5, 16], ["dikdortgen", 135, 425, 11, 9], ["dikdortgen", 34, 300, 9, 19], ["dikdortgen", 126, 225, 5, 8], ["dikdortgen", 65, 434, 18, 18], ["daire", 241, 472, 7], ["daire", 135, 223, 5], ["daire", 235, 404, 15], ["daire", 128, 162, 4], ["dikdortgen", 295, 92, 5, 18], ["daire", 283, 272, 8], ["daire", 268, 206, 7], ["daire", 26, 369, 15], ["daire", 163, 132, 13], ["daire", 262, 392, 15], ["daire", 12, 438, 5], ["dikdortgen", 136, 286, 19, 17], ["daire", 162, 249, 5], ["dikdortgen", 246, 437, 9, 14], ["daire", 137, 239, 11], ["dikdortgen", 156, 266, 6, 7], ["daire", 35, 436, 14], ["daire", 200, 396, 9], ["dikdortgen", 228, 420, 7, 5], ["dikdortgen", 170, 76, 17, 11], ["dikdortgen", 271, 452, 17, 16], ["dikdortgen", 160, 451, 12, 6], ["dikdortgen", 292, 346, 11, 12], ["daire", 216, 131, 11], ["dikdortgen", 301, 426, 20, 19], ["dikdortgen", 276, 29, 15, 5], ["daire", 244, 317, 7], ["daire", 287, 219, 8], ["dikdortgen", 153, 288, 8, 19], ["daire", 113, 98, 11], ["dikdortgen", 309, 403, 10, 10], ["daire", 268, 294, 3], ["dikdortgen", 35, 29, 12, 10], ["daire", 98, 166, 15], ["daire", 77, 249, 5], ["dikdortgen", 214, 81, 7, 20], ["daire", 286, 58, 10], ["daire", 49, 422, 6], ["daire", 193, 459, 14], ["daire", 248, 437, 11]], "rrt_path": [[113.13737819281613, 202.32316394263177], [119.93580378326554, 202.96745345305723], [135.45158606528153, 205.40493754687944], [152.99952879981726, 197.99811488182414], [169.2882279773778, 191.35630490726476], [178.24656091938604, 177.3755510814595], [180.8742905453988, 174.35975317500507], [198.22659975915965, 164.52115632080057], [198.9925446154167, 163.887934949746], [207.74025362636866, 176.47925560827431], [212.42580518567013, 182.89694717192714], [223.97063432953283, 194.24509173908018], [230.48860213012736, 211.56507119349587], [232.22835311646716, 227.4072115415968], [227.66241064426254, 246.70195758059458], [222.06114221838476, 262.6168048381366], [213.99243053437044, 280.00860737289264], [210.9956935040153, 290.743965027652], [209.15911307681884, 303.1112837840738], [207.21874802397244, 318.7773060704822], [206.24313240999317, 330.0656631234384], [198.67304540496198, 346.4787800813958], [190.1738411128589, 350.0102575425098], [174.4009294077631, 359.9792379457177], [170.41348408052514, 360.29590774580635], [153.0499096134773, 364.3313975026902], [137.97676134931802, 362.25098685709537], [120.22316211763678, 356.582301445342], [105.27676771320762, 368.80889425198495], [103.34084140976945, 371.35844704616954]]}