{"harita_boyut": {"genislik": 323, "yukseklik": 272}, "baslangic": [192.79062673835176, 130.5207350708262], "hedef": [305.2844633343586, 97.24519432232873], "engeller": [["daire", 64, 123, 12], ["daire", 24, 61, 11], ["daire", 207, 236, 3], ["dikdortgen", 255, 189, 15, 6], ["daire", 21, 36, 5], ["daire", 95, 118, 15], ["dikdortgen", 23, 241, 11, 11], ["daire", 34, 37, 8], ["dikdortgen", 61, 260, 5, 11], ["dikdortgen", 237, 117, 13, 11], ["dikdortgen", 249, 13, 19, 19], ["daire", 88, 35, 4], ["daire", 189, 171, 15], ["dikdortgen", 38, 167, 5, 14], ["dikdortgen", 51, 78, 9, 7], ["dikdortgen", 210, 38, 13, 12], ["dikdortgen", 41, 113, 18, 18], ["daire", 100, 223, 7], ["dikdortgen", 159, 60, 8, 11], ["daire", 126, 106, 9], ["daire", 137, 124, 12], ["dikdortgen", 147, 54, 18, 15], ["daire", 224, 138, 6], ["daire", 281, 197, 7], ["daire", 234, 266, 5], ["daire", 132, 78, 7], ["daire", 266, 166, 5], ["dikdortgen", 239, 217, 18, 8], ["daire", 163, 97, 13], ["daire", 53, 260, 5], ["dikdortgen", 273, 227, 8, 13], ["daire", 61, 79, 15], ["daire", 161, 36, 14], ["daire", 223, 168, 13], ["dikdortgen", 171, 247, 9, 15], ["dikdortgen", 133, 210, 6, 15], ["dikdortgen", 176, 251, 18, 16], ["daire", 101, 255, 5], ["daire", 157, 253, 10], ["daire", 278, 263, 5], ["daire", 279, 106, 10], ["dikdortgen", 85, 164, 13, 20], ["dikdortgen", 18, 155, 6, 16]], "rrt_path": [[192.79062673835176, 130.5207350708262], [204.91910658014484, 117.8094543859963], [215.07565462395036, 107.97971775615453], [216.76767599588862, 107.832260241623], [219.8122062488247, 105.23787485410693], [234.00780027308443, 96.75849505863984], [237.62745527361847, 95.05611505490714], [254.07217379795654, 85.85075106425016], [271.9282616001688, 89.1336509009173], [290.6611064449396, 92.99254983563569], [305.2844633343586, 97.24519432232873]]}