{"harita_boyut": {"genislik": 242, "yukseklik": 210}, "baslangic": [223.89800562967594, 94.43742346487423], "hedef": [78.96891363075012, 117.52685582688946], "engeller": [["dikdortgen", 234, 152, 8, 20], ["daire", 40, 56, 10], ["dikdortgen", 89, 156, 18, 9], ["daire", 80, 79, 15], ["daire", 207, 186, 10], ["daire", 60, 168, 11], ["dikdortgen", 12, 51, 17, 19], ["dikdortgen", 161, 68, 12, 8], ["dikdortgen", 5, 130, 8, 6], ["dikdortgen", 121, 78, 19, 10], ["dikdortgen", 223, 27, 18, 5], ["dikdortgen", 157, 188, 6, 18], ["dikdortgen", 7, 169, 14, 10], ["daire", 156, 129, 14], ["dikdortgen", 87, 130, 8, 8], ["dikdortgen", 175, 7, 12, 15], ["dikdortgen", 112, 59, 12, 19], ["daire", 167, 70, 5], ["daire", 171, 76, 4], ["daire", 127, 174, 14], ["dikdortgen", 199, 163, 14, 5], ["daire", 149, 201, 5], ["dikdortgen", 152, 26, 15, 8], ["daire", 133, 49, 3], ["dikdortgen", 169, 188, 9, 8]], "rrt_path": [[223.89800562967588, 94.43742346487421], [223.47572618912392, 94.15890759270093], [223.05303233364359, 93.88149695752348], [222.6299240632351, 93.60519155934192], [222.2064013778984, 93.32999139815624], [221.78246427763338, 93.05589647396637], [221.35811276244013, 92.78290678677237], [220.93334683231868, 92.51102233657427], [220.50816648726897, 92.240243123372], [220.08257172729103, 91.97056914716563], [219.65656255238474, 91.70200040795507], [219.2301389625503, 91.4345369057404], [218.80330095778763, 91.1681786405216], [218.3760485380966, 90.90292561229865], [217.9483817034774, 90.63877782107157], [217.52030045392996, 90.37573526684034], [217.09180478945427, 90.11379794960497], [216.66289471005032, 89.85296586936548], [216.23357021571815, 89.59323902612184], [215.8038313064577, 89.33461741987406], [215.37367798226907, 89.07710105062218], [214.9431102431521, 88.82068991836611], [214.51212808910697, 88.56538402310592], [214.0807315201335, 88.3111833648416], [213.64892053623186, 88.05808794357313], [213.21669513740193, 87.80609775930051], [212.7840553236438, 87.5552128120238], [212.35100109495735, 87.3054331017429], [211.91753245134277, 87.05675862845791], [211.4836493927998, 86.80918939216873], [211.04935191932873, 86.56272539287546], [210.6146400309293, 86.31736663057802], [210.17951372760166, 86.07311310527646], [209.74397300934584, 85.82996481697077], [209.30801787616164, 85.58792176566092], [208.87164832804933, 85.34698395134694], [208.4348643650087, 85.10715137402883], [207.9976659870398, 84.86842403370656], [207.5600531941427, 84.63080193038016], [207.1220259695523, 84.39428506260894], [206.68262948046154, 84.1587913766711], [206.24092478103992, 83.92424018409505], [205.79691187128734, 83.69063148488068], [205.3505907512039, 83.45796527902812], [204.90196142078952, 83.22624156653725], [204.45102388004426, 82.99546034740817], [203.99777812896812, 82.76562162164079], [203.54222416756102, 82.53672538923519], [203.08436199582303, 82.30877165019129], [202.6241916137542, 82.08176040450918], [202.1617130213544, 81.8556916521888], [201.69692621862367, 81.63056539323013], [201.2298312055621, 81.40638162763324], [200.76042798216957, 81.18314035539807], [200.28871654844622, 80.96084157652467], [199.81469690439187, 80.73948529101298], [199.33836905000663, 80.51907149886304], [198.85973298529052, 80.29960020007485], [198.3787887102435, 80.08107139464842], [197.89553622486557, 79.86348508258371], [197.41186540963895, 79.65428093445314], [196.93106698565137, 79.46641314554442], [196.4532004537654, 79.30011594591676], [195.9782658139811, 79.1553893355701], [195.50626306629843, 79.03223331450447], [195.03719221071745, 78.9306478827199], [194.57105324723815, 78.85063304021634], [194.1078461758605, 78.7921887869938], [193.64757099658448, 78.75531512305231], [193.19022770941015, 78.74001204839185], [192.73581631433743, 78.74627956301241], [192.2843368113664, 78.77411766691401], [191.835789200497, 78.82352636009664], [191.39017348172928, 78.89450564256029], [190.94748965506324, 78.987055514305], [190.50773772049882, 79.10117597533072], [190.07091767803604, 79.23686702563745], [189.637029527675, 79.39412866522522], [189.20607326941555, 79.57296089409405], [188.7780489032578, 79.77336371224389], [188.3529564292017, 79.99533711967477], [187.93079584724723, 80.23888111638668], [187.51156715739444, 80.50399570237961], [187.09527035964328, 80.79068087765359], [186.6819054539938, 81.09893664220859], [186.271472440446, 81.42876299604461], [185.8639713189998, 81.78015993916168], [185.45838742194516, 82.14982073226004], [185.04704946350938, 82.51274512955511], [184.62837284793957, 82.86376903151158], [184.20235757523562, 83.20289243812938], [183.76900364539765, 83.53011534940852], [183.3283110584255, 83.84543776534903], [182.88027981431935, 84.14885968595092], [182.42490991307906, 84.44038111121414], [181.96220135470472, 84.72000204113874], [181.4921541391963, 84.98772247572468], [181.0147682665538, 85.24354241497197], [180.5300437367772, 85.48746185888062], [180.03798054986652, 85.71948080745064], [179.53857870582178, 85.93959926068203], [179.0318382046429, 86.14781721857476], [178.51775904632996, 86.34413468112882], [177.99634123088293, 86.52855164834426], [177.46758475830185, 86.7010681202211], [176.93148962858666, 86.86168409675923], [176.38805584173738, 87.01039957795874], [175.83728339775408, 87.14721456381963], [175.2791722966366, 87.27212905434186], [174.7137225383851, 87.38514304952544], [174.1409341229995, 87.48625654937038], [173.5608070504798, 87.57546955387667], [172.97334132082605, 87.65278206304434], [172.3785369340382, 87.71819407687335], [171.77639389011625, 87.77170559536373], [171.16691218906027, 87.81331661851547], [170.55009183087014, 87.84302714632855], [169.9302666741932, 87.86500794270205], [169.34505618743583, 87.91546275434321], [168.8031703204173, 88.00277375225151], [168.30460907313767, 88.12694093642696], [167.84937244559683, 88.28796430686957], [167.4374604377949, 88.48584386357929], [167.0688730497318, 88.72057960655616], [166.7436102814075, 88.99217153580018], [166.46167213282214, 89.30061965131135], [166.2230586039756, 89.64592395308965], [166.02776969486789, 90.02808444113508], [165.87580540549905, 90.44710111544768], [165.76716573586904, 90.9029739760274], [165.70185068597794, 91.39570302287427], [165.66215963234524, 91.91269363700255], [165.60557629491726, 92.42369398301454], [165.53024009149448, 92.92738019093913], [165.43615102207684, 93.42375226077635], [165.3233090866644, 93.91281019252621], [165.19171428525718, 94.39455398618871], [165.04136661785512, 94.8689836417638], [164.87226608445826, 95.33609915925155], [164.68441268506655, 95.79590053865189], [164.47780641968004, 96.24838777996487], [164.25244728829867, 96.69356088319046], [164.00833529092253, 97.13141984832868], [163.74547042755154, 97.56196467537953], [163.46385269818575, 97.985195364343], [163.16348210282516, 98.40111191521912], [162.8443586414697, 98.80971432800786], [162.50648231411947, 99.21100260270919], [162.1498531207744, 99.60497673932315], [161.7744710614345, 99.99163673784975], [161.38033613609983, 100.37098259828898], [160.96744834477028, 100.74301432064084], [160.5358081012293, 101.10773185521785], [160.09377087884863, 101.46413186972207], [159.64945983287424, 101.81123892881233], [159.2028749633061, 102.14905303248861], [158.75401627014418, 102.47757418075089], [158.30288375338847, 102.79680237359918], [157.849477413039, 103.10673761103351], [157.39379724909574, 103.40737989305383], [156.93584326155874, 103.69872921966017], [156.47561545042797, 103.98078559085255], [156.0131138157034, 104.2535490066309], [155.54833835738506, 104.5170194669953], [155.08128907547302, 104.77119697194571], [154.61196596996712, 105.01608152148214], [154.14036904086748, 105.25167311560455], [153.6664982881741, 105.47797175431302], [153.19035371188693, 105.69497743760749], [152.711935312006, 105.90269016548797], [152.23124308853127, 106.10110993795445], [151.74827704146276, 106.29023675500696], [151.26303717080054, 106.4700706166455], [150.7755234765445, 106.64061152287002], [150.28573595869472, 