{"harita_boyut": {"genislik": 137, "yukseklik": 123}, "baslangic": [111.34556473058727, 42.88847114771796], "hedef": [9.268410793000587, 113.08903951492425], "engeller": [["daire", 67, 70, 5], ["daire", 64, 15, 6], ["dikdortgen", 119, 83, 18, 6], ["daire", 8, 31, 6], ["daire", 75, 14, 10], ["daire", 58, 39, 3], ["dikdortgen", 21, 81, 17, 12], ["daire", 107, 98, 14]], "rrt_path": [[111.34556473058727, 42.88847114771796], [101.87921978388162, 59.50993577777964], [90.0025540033519, 72.96720541938316], [76.72341991864135, 80.87481527888721], [65.48511176674613, 84.98920214750109], [67.2638767450124, 84.77273670636082], [53.54486191626522, 92.36517701859634], [42.07964291387257, 99.15935557047351], [34.08581299142954, 99.39855231917558], [19.28811702207588, 107.0678246314679], [9.268410793000587, 113.08903951492425]]}