{"harita_boyut": {"genislik": 460, "yukseklik": 288}, "baslangic": [84.67599031876388, 135.01946395146285], "hedef": [354.46288021744476, 211.14036821429352], "engeller": [["dikdortgen", 299, 84, 6, 8], ["dikdortgen", 318, 126, 15, 15], ["daire", 264, 80, 6], ["dikdortgen", 243, 39, 12, 10], ["dikdortgen", 49, 55, 13, 20], ["daire", 34, 109, 4], ["dikdortgen", 208, 189, 15, 19], ["daire", 370, 30, 5], ["daire", 171, 182, 8], ["dikdortgen", 28, 82, 9, 9], ["dikdortgen", 60, 132, 8, 8], ["daire", 220, 106, 8], ["daire", 353, 39, 9], ["daire", 84, 31, 7], ["daire", 280, 222, 5], ["dikdortgen", 73, 7, 13, 10], ["daire", 14, 146, 9], ["daire", 375, 205, 9], ["daire", 381, 274, 13], ["daire", 191, 165, 11], ["dikdortgen", 213, 218, 8, 5], ["dikdortgen", 231, 52, 20, 9], ["dikdortgen", 290, 56, 7, 19], ["dikdortgen", 15, 73, 17, 5], ["dikdortgen", 351, 63, 13, 6], ["dikdortgen", 372, 89, 20, 13], ["dikdortgen", 228, 180, 12, 16], ["dikdortgen", 365, 33, 14, 11], ["dikdortgen", 35, 133, 16, 17], ["dikdortgen", 237, 16, 7, 11], ["daire", 369, 134, 14], ["dikdortgen", 424, 211, 20, 5], ["dikdortgen", 100, 190, 8, 11], ["dikdortgen", 216, 91, 18, 18], ["dikdortgen", 21, 151, 5, 14], ["daire", 176, 128, 11], ["daire", 250, 254, 7], ["dikdortgen", 382, 176, 17, 20], ["dikdortgen", 48, 225, 20, 8], ["dikdortgen", 33, 30, 17, 14], ["daire", 73, 79, 12], ["dikdortgen", 97, 259, 6, 20], ["daire", 254, 55, 14], ["daire", 394, 220, 5], ["dikdortgen", 23, 166, 17, 17], ["daire", 365, 39, 10], ["dikdortgen", 150, 57, 8, 12], ["daire", 317, 170, 5], ["daire", 141, 95, 4], ["dikdortgen", 335, 158, 16, 18], ["daire", 17, 96, 14], ["daire", 140, 55, 9], ["dikdortgen", 165, 229, 5, 7], ["daire", 348, 53, 10], ["daire", 387, 141, 11], ["daire", 380, 45, 5], ["daire", 349, 251, 10], ["daire", 94, 35, 10], ["daire", 206, 158, 3], ["dikdortgen", 342, 162, 7, 19], ["dikdortgen", 46, 80, 8, 6], ["daire", 289, 152, 7], ["dikdortgen", 76, 54, 18, 20], ["daire", 51, 68, 12], ["dikdortgen", 186, 245, 12, 11], ["dikdortgen", 363, 172, 11, 12]], "rrt_path": [[84.67599031876388, 135.01946395146285], [98.49967075672241, 135.01087732357163], [112.97503838472977, 130.99775360016136], [132.34428529655762, 128.74635705923342], [144.38873502090462, 126.90106474419203], [154.53918558103916, 120.93848659890763], [167.49899996985945, 112.7083513703961], [184.07277764510442, 110.47570203145892], [194.82827799104143, 111.72034956459065], [212.23692932447827, 117.21526488750607], [215.8975507383004, 118.82767019159898], [223.44049053150667, 119.51428247713972], [241.43413342219282, 119.93470956917984], [252.05426544154636, 120.70226273402787], [263.9235319593231, 122.13178497256933], [264.57418001054566, 125.07312474150075], [256.1858883037214, 138.57349248219796], [259.0512924107256, 158.20064384321358], [261.9039220851916, 169.7266092792968], [278.12092875401095, 176.03862891123586], [291.18798271850017, 183.89040834523402], [305.4030010580987, 189.94811927725908], [324.017795761838, 194.74797436615185], [331.0025971502334, 197.78200332253263], [347.34420305363057, 207.50111115432045], [354.46288021744476, 211.14036821429352]]}