{"harita_boyut": {"genislik": 311, "yukseklik": 424}, "baslangic": [148.27549274164795, 297.0043456221853], "hedef": [258.46654441592136, 364.91591937305725], "engeller": [["daire", 256, 324, 15], ["daire", 210, 163, 9], ["dikdortgen", 176, 289, 19, 6], ["dikdortgen", 110, 52, 18, 7], ["dikdortgen", 98, 290, 6, 14], ["daire", 168, 395, 6], ["dikdortgen", 22, 122, 7, 6], ["daire", 111, 20, 5], ["daire", 17, 31, 13], ["dikdortgen", 257, 93, 12, 19], ["daire", 238, 266, 8], ["daire", 121, 178, 10], ["dikdortgen", 70, 119, 8, 20], ["dikdortgen", 173, 3, 15, 16], ["dikdortgen", 210, 296, 15, 20], ["dikdortgen", 16, 5, 20, 9], ["daire", 289, 338, 13], ["daire", 242, 54, 13], ["daire", 217, 88, 11], ["dikdortgen", 2, 129, 18, 18], ["daire", 147, 408, 12], ["dikdortgen", 49, 331, 19, 7], ["dikdortgen", 273, 390, 7, 17], ["daire", 241, 190, 4], ["daire", 226, 192, 12], ["daire", 220, 193, 8], ["dikdortgen", 0, 169, 19, 12], ["daire", 30, 126, 13], ["dikdortgen", 265, 135, 15, 12], ["dikdortgen", 297, 215, 14, 16], ["dikdortgen", 151, 404, 20, 14], ["dikdortgen", 157, 54, 7, 10], ["daire", 44, 410, 4], ["dikdortgen", 183, 121, 7, 7], ["daire", 142, 396, 12], ["dikdortgen", 1, 244, 13, 12], ["dikdortgen", 142, 378, 16, 9], ["dikdortgen", 8, 366, 16, 14], ["daire", 225, 144, 13], ["dikdortgen", 208, 380, 9, 6], ["daire", 291, 296, 8], ["dikdortgen", 236, 314, 8, 11], ["daire", 289, 246, 3], ["dikdortgen", 161, 85, 17, 7], ["daire", 218, 221, 13], ["daire", 252, 154, 12], ["dikdortgen", 121, 176, 7, 18], ["dikdortgen", 271, 18, 14, 9], ["dikdortgen", 114, 393, 20, 13], ["dikdortgen", 265, 11, 19, 10], ["dikdortgen", 227, 174, 20, 11], ["dikdortgen", 158, 149, 17, 7], ["daire", 144, 415, 4], ["daire", 166, 137, 4], ["daire", 284, 296, 13], ["daire", 61, 280, 15], ["dikdortgen", 89, 271, 17, 14], ["dikdortgen", 239, 397, 19, 10], ["dikdortgen", 208, 156, 19, 11], ["daire", 209, 131, 14], ["dikdortgen", 122, 72, 6, 18], ["dikdortgen", 196, 17, 13, 12], ["dikdortgen", 71, 305, 6, 13], ["daire", 77, 236, 3], ["dikdortgen", 122, 52, 13, 9]], "rrt_path": [[148.27549274164795, 297.0043456221853], [147.56702334245838, 297.21139238231535], [146.94962014553562, 297.4494896144194], [146.42328315087966, 297.7186373184978], [145.98801235849055, 298.01883549455056], [145.64380776836825, 298.3500841425775], [145.3906693805128, 298.71238326257867], [145.22859719492413, 299.10573285455405], [145.15759121160232, 299.5301329185038], [145.1776514305473, 299.98558345442774], [145.2887778517591, 300.47208446232594], [145.47238955520783, 300.97740555227716], [145.6764747306347, 301.4673113517077], [145.89793798952238, 301.93976440453577], [146.13677933187086, 302.3947647107612], [146.39299875768015, 302.8323122703842], [146.6665962669502, 303.25240708340453], [146.95757185968105, 303.6550491498223], [147.2659255358727, 304.0402384696376], [147.59165729552515, 304.40797504285024], [147.9347671386384, 304.75825886946035], [148.29525506521242, 305.0910899494679], [148.67312107524722, 305.40646828287294], [149.06836516874287, 305.70439386967536], [149.48098734569928, 305.98486670987523], [149.9109876061165, 306.24788680347257], [150.35836594999444, 306.4934541504673], [150.8231223773332, 306.72156875085943], [151.3052568881328, 306.932230604649], [151.8047694823931, 307.12543971183607], [152.32138928870546, 307.3014535869291], [152.8418872751738, 307.47284892696445], [153.3589393155839, 307.64658869923886], [153.87254540993578, 307.8226729037523], [154.38270555822947, 308.0011015405049], [154.8894197604649, 308.1818746094965], [155.39268801664213, 308.36499211072714], [155.89251032676108, 308.55045404419684], [156.3888866908218, 308.73826040990554], [156.88181710882432, 308.9284112078533], [157.3713015807686, 309.1209064380401], [157.85734010665468, 309.315746100466], [158.3399326864825, 309.5129301951309], [158.8190793202521, 309.71245872203485], [159.29478000796342, 309.9143316811778], [159.76703474961658, 310.11854907255986], [160.23584354521148, 310.32511089618095], [160.70120639474817, 310.5340171520412], [161.1631232982266, 310.7452678401403], [161.6215942556468, 310.95886296047854], [162.07661926700877, 311.17480251305585], [162.5281983323125, 311.3930864978721], [162.9781657201366, 311.6122896593761], [163.4286174840131, 311.8307833309873], [163.87955591829578, 312.04856572995703], [164.33098102298447, 312.2656368562852], [164.7828927980794, 312.4819967099719], [165.23529124358038, 312.69764529101707], [165.68817635948744, 312.9125825994207], [166.14154814580064, 313.1268086351829], [166.59540660251994, 313.3403233983035], [167.0497517296454, 313.55312688878263], [167.5045835271769, 313.7652191066202], [167.9599019951145, 313.97660005181626], [168.41570713345828, 314.1872697243708], [168.87199894220814, 314.39722812428386], [169.32877742136412, 314.60647525155537], [169.78604257092618, 314.8150111061854], [170.24379439089438, 315.0228356881739], [170.70203288126868, 315.22994899752086], [171.16075804204908, 315.4363510342263], [171.6199698732356, 315.6420417982902], [172.0796683748282, 315.8470212897127], [172.5397728577584, 316.05133616403276], [173.00010381580518, 316.2550902142385], [173.46065466032934, 316.45828724997267], [173.92142539133087, 316.66092727123515], [174.38241600880974, 316.86301027802597], [174.843626512766, 317.0645362703452], [175.30505690319964, 317.2655052481927], [175.76670718011061, 317.4659172115685], [176.22857734349898, 317.66577216047284], [176.6906673933647, 317.8650700949054], [177.15297732970774, 318.06381101486625], [177.61550715252815, 318.2619949203555], [178.078256861826, 318.45962181137315], [178.54122645760114, 318.6566916879191], [179.0044159398537, 318.8532045499934], [179.46782530858357, 319.049160397596], [179.93145456379082, 319.24455923072696], [180.39530370547544, 319.43940104938633], [180.85937273363746, 319.633685853574], [181.32366164827675, 319.82741364329], [181.7881704493935, 320.0205844185344], [182.2528991369876, 320.2131981793071], [182.717847711059, 320.4052549256082], [183.1830161716078, 320.5967546574375], [183.64840451863398, 320.78769737479524], [184.11401275213754, 320.9780830776814], [184.57984087211844, 321.1679117660958], [185.0458888785767, 321.3571834400387], [185.51215677151228, 321.5458980995097], [185.97864455092528, 321.73405574450925], [186.44535221681562, 321.92165637503706], [186.91227976918333, 322.1086999910932], [187.37942720802843, 322.2951865926778], [187.84679453335082, 322.4811161797906], [188.31438174515065, 322.66648875243186], [188.78218884342783, 322.8513043106014], [189.25021582818238, 323.0355628542993], [189.7180763024107, 323.2201411206222], [190.18524832769148, 323.4062233909496], [190.6517290559929, 323.5938161274823], [191.11751848731495, 323.7829193302203], [191.58261662165762, 323.9735329991636], [192.04702345902103, 324.1656571343122], [192.51073899940496, 324.35929173566603], [192.97376324280964, 324.55443680322526], [193.43609618923495, 324.7510923369898], [193.89773783868088, 324.9492583369596], [194.3586881911475, 325.14893480313475], [194.81894724663474, 325.35012173551513], [195.27851500514265, 325.5528191341009], [195.73739146667123, 325.75702699889194], [196.19557663122043, 325.9627453298883], [196.65307049879027, 326.16997412709003], [197.10987306938077, 326.37871339049696], [197.5659843429919, 326.58896312010916], [198.02140431962368, 326.8007233159268], [198.47613299927616, 327.0139939779497], [198.9301703819493, 327.2287751061779], [199.38351646764306, 327.44506670061145], [199.8361712563575, 327.66286876125025], [200.2881347480925, 327.88218128809433], [200.73940694284818, 328.10300428114374], [201.18998784062458, 328.32533774039854], [201.6398774414216, 328.54918166585855], [202.08907574523923, 328.7745360575239], [202.53758275207753, 329.0014009153946], [202.98539846193648, 329.22977623947054], [203.4325228748161, 329.4596620297518], [203.87895599071635, 329.69105828623833], [204.32469780963726, 329.9239650089303], [204.77000616677813, 330.15782018142795], 