{"harita_boyut": {"genislik": 300, "yukseklik": 373}, "baslangic": [280.43934253688604, 249.03582347061703], "hedef": [32.922901324237685, 41.01681332938194], "engeller": [["dikdortgen", 229, 265, 14, 14], ["dikdortgen", 236, 180, 12, 15], ["daire", 231, 41, 3], ["dikdortgen", 205, 233, 5, 8], ["daire", 197, 103, 7], ["daire", 146, 219, 15], ["dikdortgen", 120, 173, 13, 12], ["dikdortgen", 65, 282, 11, 18], ["daire", 265, 29, 9], ["daire", 136, 356, 12], ["daire", 77, 51, 6], ["dikdortgen", 214, 23, 8, 15], ["dikdortgen", 199, 360, 9, 9], ["daire", 125, 115, 3], ["dikdortgen", 98, 290, 9, 9], ["daire", 267, 219, 10], ["dikdortgen", 172, 301, 15, 20], ["dikdortgen", 79, 257, 6, 17], ["daire", 231, 169, 4], ["daire", 234, 356, 8], ["daire", 169, 220, 3], ["daire", 118, 271, 11], ["daire", 253, 106, 9], ["dikdortgen", 59, 68, 10, 16], ["dikdortgen", 12, 357, 17, 11], ["dikdortgen", 237, 277, 12, 20], ["daire", 61, 161, 14], ["daire", 29, 209, 15], ["daire", 221, 285, 13], ["dikdortgen", 98, 278, 18, 11], ["daire", 99, 338, 9], ["daire", 39, 98, 8], ["dikdortgen", 132, 228, 18, 6], ["daire", 41, 86, 15], ["daire", 281, 88, 14], ["dikdortgen", 110, 26, 16, 9], ["daire", 249, 113, 5], ["dikdortgen", 136, 177, 19, 11], ["dikdortgen", 168, 26, 7, 11], ["dikdortgen", 224, 196, 14, 20], ["daire", 93, 315, 13], ["daire", 100, 364, 7], ["dikdortgen", 231, 148, 17, 7], ["dikdortgen", 94, 227, 12, 9], ["dikdortgen", 21, 176, 10, 10], ["daire", 258, 295, 14], ["dikdortgen", 116, 306, 15, 6], ["daire", 237, 322, 3], ["dikdortgen", 88, 108, 6, 19], ["daire", 252, 105, 10], ["daire", 44, 355, 9], ["daire", 25, 253, 13], ["daire", 122, 130, 7], ["daire", 43, 233, 13], ["dikdortgen", 227, 26, 6, 9]], "rrt_path": [[280.43934253688604, 249.03582347061703], [266.7260336915596, 245.90079898186005], [255.45975685183663, 243.20175280588265], [247.63283791584658, 238.71187170494528], [233.57335184391187, 236.5126333714743], [219.7221423551187, 225.37278047562333], [208.71819678721795, 211.2791302816212], [200.77495444916462, 196.62469996505166], [194.51852102025939, 188.0832865764199], [182.83210467946722, 175.65622599426428], [172.72139003185703, 160.04217941316918], [161.52166772795977, 149.53813470534556], [149.39407311710062, 137.05568432268848], [145.9973379727829, 129.82566546304028], [136.0267505009571, 113.35050618814886], [131.04107608539476, 107.18397049431441], [133.8922239919827, 105.65631543062152], [124.62921625794797, 91.47642215438889], [121.04496969365678, 84.66110086120874], [110.01692619876889, 71.62163947894348], [101.88723798043556, 59.04759556477598], [97.66040589311093, 54.723825237985416], [84.01759800316269, 41.94889637356583], [80.59161036125933, 39.884287772032486], [76.60263726112098, 39.587482100973666], [61.38297235653663, 42.20069845409002], [43.90722377859103, 42.990044460321336], [32.922901324237685, 41.01681332938194]]}