{"harita_boyut": {"genislik": 373, "yukseklik": 328}, "baslangic": [109.10596733822821, 78.02535250277843], "hedef": [30.665557864860972, 11.026106852240403], "engeller": [["dikdortgen", 22, 173, 7, 11], ["dikdortgen", 344, 312, 13, 8], ["daire", 260, 301, 3], ["dikdortgen", 216, 183, 19, 14], ["daire", 265, 54, 9], ["dikdortgen", 362, 306, 9, 18], ["daire", 330, 59, 8], ["dikdortgen", 104, 40, 11, 12], ["dikdortgen", 107, 210, 9, 17], ["dikdortgen", 228, 154, 12, 14], ["dikdortgen", 69, 148, 17, 14], ["dikdortgen", 55, 259, 12, 16], ["dikdortgen", 134, 108, 11, 9], ["dikdortgen", 289, 122, 5, 15], ["dikdortgen", 39, 228, 8, 17], ["dikdortgen", 155, 286, 9, 7], ["daire", 109, 298, 6], ["dikdortgen", 213, 311, 16, 15], ["daire", 27, 252, 3], ["daire", 213, 194, 15], ["dikdortgen", 245, 88, 5, 14], ["daire", 288, 276, 15], ["daire", 330, 294, 4], ["dikdortgen", 335, 23, 12, 10], ["daire", 212, 49, 7], ["dikdortgen", 41, 126, 18, 11], ["daire", 107, 60, 5], ["daire", 61, 114, 13], ["dikdortgen", 188, 284, 18, 14], ["daire", 251, 306, 3], ["daire", 349, 19, 15], ["daire", 26, 41, 6], ["daire", 95, 290, 4], ["daire", 235, 290, 6], ["dikdortgen", 225, 303, 8, 17], ["daire", 177, 19, 12], ["daire", 253, 145, 13], ["daire", 269, 268, 6], ["dikdortgen", 217, 185, 6, 6], ["dikdortgen", 359, 22, 10, 8], ["dikdortgen", 232, 293, 13, 6], ["dikdortgen", 207, 293, 16, 11], ["daire", 284, 76, 4], ["dikdortgen", 222, 120, 6, 14], ["dikdortgen", 144, 289, 16, 15], ["dikdortgen", 7, 6, 5, 13], ["daire", 138, 280, 13], ["daire", 51, 236, 5], ["dikdortgen", 120, 119, 15, 12], ["dikdortgen", 148, 32, 17, 17], ["daire", 153, 8, 7], ["daire", 280, 217, 6], ["daire", 38, 289, 11], ["dikdortgen", 322, 123, 20, 19], ["daire", 344, 76, 10], ["dikdortgen", 77, 18, 12, 17], ["daire", 180, 43, 12], ["daire", 121, 296, 15], ["daire", 104, 127, 8], ["daire", 50, 269, 7], ["dikdortgen", 41, 230, 5, 13]], "rrt_path": [[109.10596733822824, 78.02535250277845], [108.73629473797001, 78.74396271076314], [108.3673673052335, 79.3550471278246], [107.99918504001873, 79.8586057539628], [107.63174794232573, 80.25463858917779], [107.26505601215445, 80.54314563346954], [106.8991092495049, 80.72412688683806], [106.53390765437712, 80.79758234928335], [106.16945122677106, 80.7635120208054], [105.80573996668676, 80.62191590140421], [105.44277387412419, 80.37279399107979], [105.08055294908338, 80.01614628983214], [104.72037932837344, 79.57213275184189], [104.36745459050994, 79.12128530263638], [104.02232001985766, 78.6719842198617], [103.6849756164167, 78.22422950351788], [103.35542138018695, 77.77802115360491], [103.0336573111685, 77.33335917012279], [102.71968340936128, 76.89024355307151], [102.4134996747653, 76.44867430245108], [102.11510610738067, 76.00865141826152], [101.8245027072072, 75.57017490050276], [101.54168947424508, 75.13324474917489], [101.26666640849416, 74.69786096427785], [100.99943350995451, 74.26402354581165], [100.73999077862617, 73.83173249377631], [100.48833821450903, 73.40098780817182], [100.2424215910106, 72.97252757535493], [99.99017261528935, 72.5506879490526], [99.72962214974929, 72.13617644303157], [99.4607701943904, 71.72899305729183], [99.18361674921267, 71.32913779183336], [98.89816181421611, 70.93661064665616], [98.60440538940072, 70.55141162176028], [98.3023474747665, 70.1735407171457], [97.99198807031343, 69.80299793281236], [97.67332717604154, 69.43978326876034], [97.34636479195085, 69.08389672498961], [97.01110091804127, 68.73533830150014], [96.66753555431288, 68.39410799829199], [96.31566870076566, 68.0602058153651], [95.9555003573996, 67.7336317527195], [95.5870305242147, 67.41438581035518], [95.210259201211, 67.10246798827218], [94.82518638838843, 66.79787828647044], [94.43181208574703, 66.50061670494998], [94.03013629328682, 66.21068324371082], [93.62015901100777, 65.92807790275295], [93.20188023890988, 65.65280068207636], [92.77529997699317, 65.38485158168106], [92.34041822525762, 65.12423060156705], [91.89723498370324, 64.87093774173432], [91.44575025233001, 64.62497300218288], [90.98596403113797, 64.38633638291273], [90.52260003443541, 64.1506462254296], [90.0611075240753, 63.91284786238347], [89.60149333456842, 63.67293495416735], [89.14375746591476, 63.430907500781224], [88.68789991811435, 63.18676550222509], [88.23392069116719, 62.94050895849895], [87.78181978507322, 62.692137869602796], [87.33159719983252, 62.44165223553662], [86.88325293544506, 62.18905205630046], [86.43678699191081, 61.9343373318943], [85.99219936922981, 61.677508062318104], [85.54949006740205, 61.41856424757193], [85.10865908642751, 61.15750588765573], [84.66970642630622, 60.89433298256954], [84.23263208703816, 60.62904553231331], [83.79743606862334, 60.361643536887115], [83.36411837106174, 60.09212699629089], [82.93267899435338, 59.820495910524656], [82.50311793849825, 59.54675027958842], [82.07543520349637, 59.27089010348218], [81.64963078934771, 58.99291538220593], [81.2257046960523, 58.71282611575966], [80.80365692361012, 58.4306223041434], [80.38348747202119, 58.146303947357126], [79.96519634128548, 57.859871045400865], [79.54878353140299, 57.57132359827457], [79.13424904237375, 57.28066160597828], [78.72159287419774, 56.98788506851197], [78.31081502687498, 56.69299398587566], [77.90191550040544, 56.395988358069346], [77.49489429478913, 56.09686818509303], [77.08975141002607, 55.795633466946704], [76.68648684611625, 55.49228420363037], [76.28510060305966, 55.186820395144025], [75.88557317912961, 54.879262094961966], [75.4875587752449, 54.569964885597834], [75.0909302620208, 54.25905949321204], [74.6956876394573, 53.94654591780461], [74.30183090755438, 53.632424159375525], [73.90936006631205, 53.3166942179248], [73.5182751157303, 52.99935609345243], [73.12857605580918, 52.68040978595841], [72.74026288654862, 52.35985529544274], [72.35333560794868, 52.037692621905435], [71.96779422000932, 51.71392176534648], [71.58363872273056, 51.38854272576587], [71.20086911611239, 51.061555503163625], [70.8194854001548, 50.73296009753973], [70.43948757485782, 50.402756508894186], [70.06087564022143, 50.070944737226995], [69.68364959624564, 49.737524782538166], [69.30780944293043, 49.40249664482768], [68.93335518027583, 49.06586032409556], [68.5602868082818, 48.727615820341775], [68.1886043269484, 48.38776313356637], [67.81830773627556, 48.04630226376929], [67.44939703626332, 47.70323321095058], [67.08187222691168, 47.35855597511023], [66.71573330822065, 47.012270556248225], [66.3509802801902, 46.66437695436458], [65.98761314282032, 46.31487516945927], [65.62563189611107, 45.96376520153233], [65.26503654006241, 45.61104705058375], [64.90582707467433, 45.256720716613515], [64.54800349994684, 44.900786199621635], [64.19156581587995, 44.5432434996081], [63.83651402247367, 44.18409261657293], [63.48284811972797, 43.82333355051611], [63.13020888218255, 43.46146582102554], [62.77820609992092, 43.09903203300601], [62.42683960768767, 42.73603241625279], [62.07610940548275, 42.37246697076586], [61.72601549330624, 42.00833569654526], [61.3765578711581, 41.64363859359094], [61.027736539038315, 41.27837566190294], [60.67955149694693, 40.91254690148125], [60.332002744883894, 40.54615231232585], [59.98509028284924, 40.17919189443677], [59.638814110842944, 39.81166564781397], [59.29317422886504, 39.443573572457495], [58.94817063691551, 39.074915668367325], [58.603803334994346, 38.705691935543456], [58.26007232310157, 38.335902373985896], [57.916977601237136, 37.96554698369463], [57.57451916940111, 37.59462576466968], [57.23269702759344, 37.22313871691104], [56.89151117581413, 36.85108584041868], [56.55096161406321, 36.47846713519265], [56.21104834234066, 36.10528260123293], [55.87177136064649, 35.731532238539494], [55.53313066898068, 35.357216047112374], [55.19512626734325, 34.98233402695155], [54.85775815573419, 34.60688617805704], [54.52102633415352, 34.230872500428845], [54.1849308026012, 33.85429299406694], [53.849471561077266, 33.47714765897134], [53.51453874075727, 33.09953971534357], 