{"harita_boyut": {"genislik": 127, "yukseklik": 312}, "baslangic": [93.17200488523129, 95.075785201202], "hedef": [113.29565764163023, 205.44152423615415], "engeller": [["daire", 42, 78, 3], ["dikdortgen", 105, 25, 15, 16], ["daire", 81, 137, 13], ["dikdortgen", 95, 280, 14, 20], ["daire", 28, 159, 4], ["dikdortgen", 49, 228, 6, 15], ["daire", 101, 14, 12], ["dikdortgen", 97, 178, 7, 9], ["dikdortgen", 87, 67, 20, 14], ["daire", 96, 176, 9], ["dikdortgen", 86, 288, 16, 18], ["daire", 89, 179, 11], ["daire", 94, 29, 4], ["daire", 41, 252, 11], ["dikdortgen", 85, 188, 6, 20], ["daire", 19, 242, 15], ["dikdortgen", 78, 134, 8, 8], ["daire", 32, 251, 7], ["dikdortgen", 25, 247, 12, 13]], "rrt_path": [[93.17200488523127, 95.07578520120198], [92.89738729886979, 95.49965166207589], [92.61992407097428, 95.9210409567158], [92.33961520154467, 96.33995308512166], [92.05646069058105, 96.75638804729353], [91.77046053808336, 97.17034584323137], [91.48161474405161, 97.58182647293518], [91.18992330848582, 97.99082993640498], [90.89538623138596, 98.39735623364075], [90.59800351275202, 98.80140536464248], [90.29777515258405, 99.2029773294102], [89.99470115088202, 99.60207212794391], [89.68878150764593, 99.99868976024361], [89.3800162228758, 100.39283022630924], [89.06840529657158, 100.78449352614089], [88.75394872873335, 101.17367965973851], [88.43664651936102, 101.5603886271021], [88.11649866845465, 101.94462042823167], [87.79350517601422, 102.32637506312722], [87.46766604203975, 102.70565253178876], [87.13898126653119, 103.08245283421624], [86.8074508494886, 103.45677597040972], [86.47307479091195, 103.8286219403692], [86.13585309080122, 104.19799074409461], [85.7957857491565, 104.56488238158605], [85.45287276597766, 104.92929685284344], [85.10711414126479, 105.29123415786682], [84.75850987501785, 105.65069429665618], [84.40705996723686, 106.0076772692115], [84.05276441792182, 106.3621830755328], [83.69562322707272, 106.71421171562011], [83.33563639468956, 107.06376318947336], [82.97280392077234, 107.4108374970926], [82.60712580532106, 107.75543463847784], [82.23860204833574, 108.09755461362901], [81.86723264981636, 108.4371974225462], [81.49314265890042, 108.77446998492594], [81.11930045276789, 109.1119103269697], [80.74696331140309, 109.45059345005008], [80.37613123480605, 109.7905193541671], [80.00680422297675, 110.13168803932071], [79.63898227591521, 110.47409950551094], [79.2726653936214, 110.81775375273776], [78.90785357609535, 111.1626507810012], [78.54454682333703, 111.50879059030127], [78.18274513534647, 111.85617318063795], [77.82244851212364, 112.20479855201125], [77.46365695366859, 112.55466670442117], [77.10637045998126, 112.90577763786767], [76.7505890310617, 113.25813135235083], [76.39631266690985, 113.61172784787058], [76.04354136752578, 113.96656712442693], [75.69227513290944, 114.32264918201993], [75.34251396306085, 114.67997402064951], [74.99425785798002, 115.03854164031574], [74.64750681766692, 115.39835204101857], [74.30226084212157, 115.759405222758], [73.95851993134396, 116.12170118553402], [73.6162840853341, 116.48523992934669], [73.275553304092, 116.850021454196], [72.93632758761763, 117.21604576008188], [72.59860693591102, 117.58331284700441], [72.26239134897216, 117.95182271496353], [71.92768082680104, 118.32157536395925], [71.59398895652727, 118.69224402149227], [71.25770341720681, 119.06140192787922], [70.91808950919952, 119.42855551139894], [70.57514723250543, 119.79370477205134], [70.22887658712456, 120.15684970983651], [69.87927757305684, 120.51799032475441], [69.52635019030235, 120.87712661680506], [69.17009443886104, 121.2342585859884], [68.81051031873294, 121.5893862323045], [68.44759782991802, 121.94250955575335], [68.08135697241632, 122.29362855633491], [67.7117877462278, 122.64274323404923], [67.33889015135246, 122.98985358889627], [66.96266418779032, 123.33495962087605], [66.5831098555414, 123.67806132998855], [66.20022715460564, 124.01915871623379], [65.8140160849831, 124.35825177961176], [65.42447664667375, 124.6953405201225], [65.0316088396776, 125.03042493776593], [64.63541266399464, 125.36350503254212], [64.23588811962487, 125.69458080445102], [63.833035206568304, 126.02365225349268], [63.42685392482494, 126.35071937966707], [63.01734427439476, 126.67578218297419], [62.60450625527777, 126.99884066341404], [62.188339867473985, 127.31989482098665], [61.768845110983406, 127.63894465569196], [61.347788795440195, 127.95692198966294], [60.93796666120248, 128.28057534511854], [60.54192442876177, 128.61124734474552], [60.15966209811806, 128.948937988544], [59.791179669271365, 129.2936472765139], [59.436477142221676, 129.64537520865525], [59.09555451696898, 130.00412178496805], [58.768411793513316, 130.36988700545228], [58.45504897185463, 130.742670870108], [58.15546605199297, 131.12247337893513], [57.86966303392832, 131.50929453193368], [57.59763991766064, 131.9031343291037], [57.339396703190005, 132.3039927704452], [57.09493339051636, 132.71186985595813], [56.864249979639716, 133.1267655856425], [56.647346470560095, 133.54867995949832], [56.444222863277474, 133.97761297752555], [56.254879157791855, 134.41356463972429], [56.079315354103244, 134.85653494609443], [55.917531452211634, 135.30652389663607], [55.76952745211704, 135.76353149134908], [55.635303353819445, 136.2275577302336], [55.514859157318845, 136.69860261328952], [55.408194862615275, 137.17666614051694], [55.3153104697087, 137.66174831191574], [55.23620597859913, 138.153849127486], [55.17088138928656, 138.65296858722775], [55.11933670177102, 139.15910669114095], [55.08157191605247, 139.67226343922556], [55.05758703213091, 140.19243883148164], [55.04592708711359, 140.71868001661022], [55.03754811592329, 141.2450641261219], [55.03088918486378, 141.77056890872242], [55.02595029393508, 142.29519436441194], [55.0227314431372, 142.81894049319047], [55.0212326324701, 143.34180729505792], [55.02145386193381, 143.8637947700143], [55.02339513152831, 144.38490291805968], [55.02705644125362, 144.905131739194], [55.03243779110973, 145.42448123341725], [55.03953918109664, 145.94295140072947], [55.04836061121437, 146.46054224113067], [55.05890208146287, 146.9772537546208], [55.07116359184219, 147.4930859411999], [55.08514514235231, 148.00803880086795], [55.10084673299323, 148.52211233362496], [55.11826836376497, 149.03530653947095], [55.13741003466748, 149.54762141840584], [55.158271745700816, 150.05905697042976], [55.18085349686494, 150.5696131955426], [55.20515528815987, 151.07929009374436], [55.231177119585595, 151.58808766503512], [55.25891899114215, 152.09600590941483], [55.28838090282947, 152.6030448268835], [55.31956285464761, 153.1092044174411], [55.35246484659655, 153.61448468108767], [55.38708687867629, 154.1188856178232], [55.42342895088684, 154.6224072276477], [55.46149106322818, 155.12504951056115], [55.50106152086704, 155.62681153519128], [55.53448728621412, 156.1276596312462], [55.55793183891894, 156.6275769195771], [55.57139517898148, 157.126563400184], [55.57487730640173, 157.62461907306684], [55.56837822117971, 158.1217439382257], [55.551897923315416, 158.61793799566053], [55.52543641280883, 159.11320124537127], [55.48899368965999, 159.60753368735806], [55.44256975386886, 160.1009353216208], [55.386164605435454, 160.59340614815954], [55.31977824435977, 161.08494616697425], [55.243410670641794, 161.5755553780649], [55.15706188428157, 162.06523378143154], [55.06073188527905, 162.5539813770742], [54.95442067363425, 163.04179816499277], [54.83812824934719, 163.52868414518736], [54.71185461241783, 164.01463931765792], [54.57559976284621, 164.49966368240445], [54.42936370063231, 164.983757239427], [54.27314642577612, 165.46691998872546], [54.10696722466981, 165.94915146568076], [53.94083926963237, 166.43021044776836], [53.783147858888704, 166.90989492879677], [53.633892992438795, 167.3882049087659], [53.49307467028267, 167.8651403876759], [53.36069289242031, 168.34070136552663], [53.23674765885173, 168.81488784231811], [53.121238969576915, 169.2876998180504], 