{"harita_boyut": {"genislik": 461, "yukseklik": 244}, "baslangic": [317.0095866312755, 40.02356781507083], "hedef": [130.67062218185615, 11.628226954231128], "engeller": [["daire", 114, 175, 5], ["dikdortgen", 150, 81, 12, 8], ["dikdortgen", 341, 190, 16, 14], ["daire", 282, 50, 14], ["daire", 208, 142, 5], ["daire", 46, 188, 3], ["daire", 109, 75, 6], ["dikdortgen", 380, 62, 15, 20], ["dikdortgen", 227, 24, 6, 18], ["daire", 195, 85, 9], ["daire", 224, 71, 12], ["daire", 54, 173, 6], ["dikdortgen", 138, 71, 5, 19], ["daire", 381, 84, 11], ["dikdortgen", 392, 208, 7, 11], ["daire", 365, 186, 3], ["daire", 397, 156, 8], ["dikdortgen", 152, 4, 6, 20], ["dikdortgen", 166, 92, 11, 10], ["daire", 68, 103, 13], ["daire", 64, 174, 6], ["daire", 265, 194, 6], ["daire", 184, 17, 7], ["dikdortgen", 62, 218, 19, 9], ["dikdortgen", 181, 185, 19, 12], ["dikdortgen", 37, 118, 5, 13], ["dikdortgen", 151, 230, 19, 6], ["dikdortgen", 269, 146, 17, 7], ["dikdortgen", 329, 89, 8, 10], ["dikdortgen", 365, 48, 5, 15], ["dikdortgen", 121, 165, 6, 8], ["daire", 440, 140, 4], ["dikdortgen", 334, 73, 9, 12], ["dikdortgen", 122, 18, 5, 15], ["dikdortgen", 87, 15, 16, 16], ["daire", 229, 105, 15], ["daire", 190, 228, 11], ["daire", 53, 7, 7], ["daire", 115, 225, 8], ["daire", 181, 230, 3], ["dikdortgen", 236, 79, 8, 10], ["daire", 194, 92, 7], ["dikdortgen", 234, 20, 8, 5], ["dikdortgen", 76, 196, 10, 19], ["dikdortgen", 250, 63, 9, 8], ["daire", 162, 134, 12], ["dikdortgen", 436, 3, 20, 17], ["daire", 283, 134, 11], ["dikdortgen", 318, 4, 8, 14], ["dikdortgen", 177, 97, 8, 9], ["daire", 360, 92, 3], ["dikdortgen", 7, 164, 11, 8], ["daire", 347, 204, 10], ["daire", 310, 74, 5], ["dikdortgen", 374, 191, 8, 7], ["dikdortgen", 371, 221, 5, 11]], "rrt_path": [[317.0095866312755, 40.02356781507083], [313.200024145033, 41.24308971459291], [300.7170371658488, 55.37527344147358], [300.2611911611224, 59.34921410786192], [287.6669225115092, 71.33354722796895], [270.06285993920284, 68.39823755541751], [265.14111672918375, 59.05114087247567], [258.9101680927004, 54.42659338893738], [258.9405321174594, 53.95902378572123], [244.70424902508506, 53.65841889009081], [228.85007101600917, 53.361196283043874], [220.90751620418993, 54.17976594990751], [217.01169502706537, 55.086726453936095], [207.91768525343167, 59.979608230468344], [194.40177470191568, 65.82304446734354], [177.4262334716228, 70.75059565369776], [160.17332388454335, 61.57695339003646], [152.04422935555124, 56.189078374247956], [142.10292924577607, 48.47417544375543], [134.3865419784379, 32.24699472153878], [134.1716193808879, 13.562915201048135], [130.67062218185615, 11.628226954231128]]}