{"harita_boyut": {"genislik": 421, "yukseklik": 457}, "baslangic": [7.000842169399318, 315.652340333605], "hedef": [228.2213817897498, 326.2294732179972], "engeller": [["dikdortgen", 197, 220, 20, 17], ["dikdortgen", 43, 403, 19, 8], ["dikdortgen", 48, 390, 12, 7], ["daire", 280, 68, 7], ["dikdortgen", 149, 402, 8, 11], ["daire", 119, 441, 8], ["daire", 244, 5, 3], ["daire", 99, 389, 5], ["daire", 197, 70, 12], ["daire", 191, 280, 3], ["daire", 89, 414, 5], ["daire", 62, 92, 13], ["daire", 169, 230, 5], ["dikdortgen", 258, 431, 7, 20], ["dikdortgen", 336, 236, 17, 5], ["dikdortgen", 117, 31, 16, 8], ["daire", 71, 391, 11], ["daire", 38, 44, 5], ["daire", 30, 377, 12], ["daire", 273, 375, 8], ["daire", 273, 56, 8], ["dikdortgen", 257, 352, 11, 15], ["dikdortgen", 294, 51, 8, 12], ["dikdortgen", 338, 31, 16, 9], ["dikdortgen", 252, 385, 7, 6], ["daire", 122, 182, 15], ["daire", 63, 207, 15], ["daire", 233, 216, 3], ["dikdortgen", 93, 346, 9, 18], ["dikdortgen", 145, 442, 19, 10], ["daire", 311, 375, 7], ["daire", 251, 164, 7], ["daire", 124, 323, 4], ["daire", 131, 164, 7], ["dikdortgen", 385, 417, 11, 13], ["daire", 107, 427, 4], ["daire", 35, 248, 7], ["daire", 188, 366, 13], ["daire", 178, 440, 8], ["dikdortgen", 244, 361, 12, 18], ["daire", 207, 397, 4], ["dikdortgen", 253, 95, 14, 20], ["dikdortgen", 77, 401, 19, 9], ["dikdortgen", 117, 229, 17, 16], ["daire", 305, 336, 4], ["daire", 95, 267, 6], ["daire", 85, 242, 4], ["daire", 35, 42, 5], ["daire", 318, 140, 5], ["dikdortgen", 284, 85, 6, 17], ["daire", 322, 26, 8], ["daire", 312, 77, 8], ["daire", 122, 267, 4], ["dikdortgen", 307, 136, 5, 15], ["dikdortgen", 403, 238, 5, 20], ["dikdortgen", 158, 41, 5, 13], ["dikdortgen", 314, 78, 14, 7], ["daire", 234, 395, 8], ["daire", 345, 319, 6], ["daire", 78, 377, 10], ["dikdortgen", 151, 262, 12, 15], ["daire", 27, 29, 6], ["dikdortgen", 153, 195, 13, 16], ["daire", 285, 376, 7], ["dikdortgen", 146, 427, 19, 6], ["daire", 94, 332, 8], ["daire", 149, 339, 9], ["daire", 36, 84, 5], ["dikdortgen", 13, 39, 7, 12], ["daire", 193, 135, 4], ["daire", 373, 222, 9], ["dikdortgen", 361, 254, 16, 7], ["dikdortgen", 231, 198, 9, 17], ["dikdortgen", 201, 235, 20, 5], ["daire", 204, 366, 8], ["daire", 108, 75, 5], ["dikdortgen", 339, 129, 10, 16], ["daire", 163, 29, 15], ["dikdortgen", 193, 112, 17, 6], ["daire", 280, 294, 12], ["daire", 305, 109, 14], ["dikdortgen", 26, 213, 20, 8], ["daire", 155, 268, 14], ["dikdortgen", 150, 411, 9, 11], ["dikdortgen", 344, 379, 5, 15], ["dikdortgen", 211, 294, 11, 14], ["dikdortgen", 223, 94, 13, 11], ["daire", 5, 148, 4], ["dikdortgen", 151, 58, 17, 19], ["daire", 391, 346, 7], ["daire", 230, 406, 14], ["dikdortgen", 231, 97, 5, 19], ["dikdortgen", 357, 193, 17, 5], ["daire", 318, 239, 14], ["dikdortgen", 69, 342, 11, 9], ["daire", 25, 183, 8]], "rrt_path": [[7.000842169399318, 315.652340333605], [25.568066569114034, 312.768479600782], [41.10996378447226, 313.10373568124805], [48.02725789371362, 312.66982637529753], [64.65700458660802, 307.2119006951294], [77.3607212060922, 299.40153287653084], [83.79554638549249, 295.0125130410252], [96.04780202301357, 286.06455797596453], [102.11797303499038, 281.9114298380099], [120.21648291053006, 276.19793917243123], [130.5459079010366, 278.31638518519503], [147.4446651901519, 286.48405775653856], [157.28167636519177, 292.9058830037929], [160.37748070047152, 290.98073189325265], [176.9860061709764, 298.1717917406825], [190.98466855574833, 304.6884852060568], [202.79102550826084, 311.9409876890745], [212.4192796772736, 316.93506481485747], [228.2213817897498, 326.2294732179972]]}