{"harita_boyut": {"genislik": 281, "yukseklik": 143}, "baslangic": [200.9011109276489, 137.2440603200693], "hedef": [53.33846463617139, 97.01067963253698], "engeller": [["daire", 227, 53, 5], ["daire", 260, 22, 10], ["dikdortgen", 175, 14, 16, 10], ["daire", 207, 30, 14], ["daire", 117, 97, 6], ["dikdortgen", 134, 107, 14, 9], ["dikdortgen", 96, 20, 7, 6], ["dikdortgen", 109, 44, 17, 6], ["dikdortgen", 219, 51, 12, 15], ["daire", 15, 101, 11], ["daire", 218, 60, 11], ["dikdortgen", 40, 19, 5, 17], ["dikdortgen", 101, 58, 16, 6], ["daire", 81, 128, 14], ["daire", 36, 35, 11], ["dikdortgen", 101, 15, 13, 13], ["dikdortgen", 82, 61, 13, 5], ["daire", 219, 44, 7], ["dikdortgen", 149, 90, 11, 17], ["dikdortgen", 74, 107, 17, 14]], "rrt_path": [[200.9011109276489, 137.2440603200693], [200.83692768958664, 136.71955368299672], [200.76557582284454, 136.19877822317554], [200.68705532742254, 135.6817339406058], [200.60136620332068, 135.1684208352875], [200.50850845053895, 134.65883890722063], [200.4084820690774, 134.15298815640523], [200.30128705893597, 133.65086858284124], [200.1869234201147, 133.15248018652875], [200.06539115261353, 132.65782296746767], [199.93669025643254, 132.16689692565805], [199.80082073157163, 131.67970206109985], [199.65778257803092, 131.19623837379314], [199.50757579581028, 130.7165058637378], [199.35020038490987, 130.24050453093398], [199.18565634532953, 129.76823437538158], [199.01394367706936, 129.2996953970806], [198.83506238012933, 128.83488759603108], [198.64901245450943, 128.37381097223303], [198.45579390020967, 127.9164655256864], [198.25540671723002, 127.46285125639118], [198.04785090557056, 127.01296816434746], [197.8331264652312, 126.56681624955516], [197.611233396212, 126.1243955120143], [197.38217169851293, 125.6857059517249], [197.14594137213396, 125.25074756868693], [196.9025424170752, 124.81952036290042], [196.65197483333654, 124.39202433436533], [196.39423862091803, 123.96825948308171], [196.12933377981963, 123.54822580904951], [195.8572603100414, 123.13192331226877], [195.5780182115833, 122.71935199273948], [195.29160748444536, 122.31051185046161], [194.99802812862754, 121.90540288543522], [194.69728014412982, 121.50402509766025], [194.38936353095232, 121.10637848713674], [194.07427828909488, 120.71246305386464], [193.7520244185576, 120.32227879784402], [193.42260191934048, 119.93582571907481], [193.08601079144347, 119.55310381755706], [192.74225103486663, 119.17411309329077], [192.39132264960992, 118.79885354627591], [192.03322563567332, 118.42732517651248], [191.6679599930569, 118.05952798400051], [191.29833742229306, 117.69396643807144], [190.9356369564986, 117.32464127253647], [190.5810389366677, 116.95092466941279], [190.2345433628005, 116.57281662870042], [189.89615023489694, 116.19031715039944], [189.565859552957, 115.80342623450977], [189.24367131698065, 115.41214388103141], [188.929585526968, 115.01647008996443], [188.623602182919, 114.61640486130875], [188.3257212848336, 114.21194819506444], [188.03594283271187, 113.80310009123144], [187.75426682655373, 113.38986054980978], [187.4806932663593, 112.97222957079947], [187.21522215212843, 112.55020715420048], [186.95785348386124, 112.12379330001285], [186.70858726155762, 111.69298800823648], [186.46742348521775, 111.25779127887154], [186.23436215484145, 110.8182031119179], [186.0094032704288, 110.37422350737559], [185.79254683197973, 109.92585246524462], [185.5837928394944, 109.473089985525], [185.38314129297265, 109.01593606821669], [185.1905921924145, 108.55439071331972], [185.0061455378201, 108.0884539208341], [184.82980132918925, 107.61812569075981], [184.66155956652204, 107.14340602309684], [184.4996118235357, 106.66515732270962], [184.334593837988, 106.18784523212176], [184.1651688983379, 105.71210720420942], [183.99133700458543, 105.23794323897259], [183.8130981567306, 104.76535333641127], [183.63045235477338, 104.29433749652546], [183.4433995987138, 103.8248957193152], [183.25193988855182, 103.35702800478039], [183.05607322428747, 102.89073435292113], [182.85579960592074, 102.42601476373738], [182.65111903345166, 101.96286923722916], [182.4420315068802, 101.5012977733964], [182.22853702620628, 101.04130037223916], [182.0106355914301, 100.58287703375748], [181.78832720255147, 100.1260277579513], [181.5616118595705, 99.6707525448206], [181.33048956248712, 99.21705139436543], [181.09496031130138, 98.76492430658578], [180.85502410601322, 98.31437128148164], [180.61068094662278, 97.86539231905302], [180.3619308331299, 97.41798741929988], [180.10877376553464, 96.97215658222228], [179.85120974383702, 96.52789980782019], [179.58923876803703, 96.0852170960936], [179.32286083813466, 95.64410844704256], [179.05207595412992, 95.20457386066698], [178.77688411602276, 94.76661333696694], [178.49653230535918, 94.33268060477121], [178.21026027403119, 93.90525295091035], [177.91806801770585, 93.4843303895036], [177.61995553638315, 93.06991292055088], [177.31592283006304, 92.66200054405222], [177.00596989874555, 92.26059326000762], [176.69009674243068, 91.86569106841709], [176.36830336111848, 91.47729396928065], [176.04058975480885, 91.09540196259826], [175.70695592350185, 90.7200150483699], [175.36740186719751, 90.35113322659562], [175.02192758589578, 89.98875649727545], [174.67053307959668, 89.63288486040928], [174.31321834830018, 89.28351831599721], [173.9499833920063, 88.94065686403918], [173.58082821071503, 88.60430050453522], [173.20575280442642, 88.27444923748534], [172.82475717314043, 87.95110306288952], [172.43784131685706, 87.63426198074774], [172.0450052355763, 87.32392599106004], [171.64624892929817, 87.0200950938264], [171.24157239802264, 86.72276928904684], [170.83141644570176, 86.43144904990787], [170.41936995707238, 86.14206738892432], [170.0062219791192, 85.85373014413557], [169.59197251184233, 85.5664373155416], [169.17662155524175, 85.28018890314242], [168.76016910931742, 84.99498490693803], [168.34261517406938, 84.7108253269284], [167.9239597494976, 84.42771016311357], [167.50420283560214, 84.14563941549352], [167.08334443238294, 83.86461308406827], [166.66138453984001, 83.5846311688378], [166.2383231579734, 83.3056936698021], [165.8141602867831, 83.02780058696123], [165.388895926269, 82.7509519203151], [164.96253007643122, 82.47514766986379], [164.53506273726964, 82.20038783560722], [164.10649390878444, 81.92667241754546], [163.67682359097552, 81.6540014156785], [163.24605178384283, 81.38237483000631], [162.8141784873864, 81.11179266052889], [162.38120370160632, 80.84225490724629], [161.9471274265025, 80.57376157015845], [161.51194966207498, 80.30631264926542], [161.0756704083237, 80.03990814456715], [160.6376283590175, 79.77739532891124], [160.1970370552375, 79.52216032361252], [159.75389505067312, 79.27420935580267], [159.30820234532433, 79.03354242548168], [158.8599589391912, 78.80015953264957], [158.40916483227363, 78.5740606773063], [157.9558200245717, 78.35524585945195], [157.49992451608537, 78.14371507908646], [157.04147830681464, 77.93946833620983], [156.58048139675952, 77.74250563082207], [156.11693378592, 77.55282696292318], [155.6508354742961, 77.37043233251315], [155.18218646188782, 77.195321739592], [154.71098674869512, 77.02749518415972], [154.23723633471806, 76.86695266621632], [153.7609352199566, 76.71369418576178], [153.28208340441074, 76.56771974279611], [152.8006808880805, 76.42902933731932], [152.3167276709659, 76.2976229693314], [151.83022375306683, 76.17350063883232], [151.34116913438345, 76.05666234582216], [150.84956381491565, 75.94710809030083], [150.35540779466345, 75.84483787226839], [149.85870107362683, 75.7498516917248], [149.35944365180586, 75.6621495486701], [148.8576355292005, 75.58173144310427], [148.35327670581074, 75.5085973750273], [147.84955909461496, 75.4333655513047], [147.3532989347866, 75.33600142014468], [146.86472234147908, 75.21584037520986], [146.38382931469235, 75.07288241650032], [145.91061985442641, 74.90712754401595], [145.44509396068128, 74.71857575775678], [144.98725163345696, 74.50722705772286], 