{"harita_boyut": {"genislik": 313, "yukseklik": 396}, "baslangic": [143.26188404637745, 348.69604998903463], "hedef": [70.81728302065392, 218.34025830006107], "engeller": [["daire", 46, 190, 14], ["daire", 116, 52, 6], ["daire", 220, 263, 15], ["daire", 52, 243, 13], ["daire", 28, 242, 10], ["dikdortgen", 25, 365, 10, 8], ["dikdortgen", 110, 363, 18, 12], ["dikdortgen", 133, 141, 9, 13], ["daire", 57, 176, 14], ["daire", 114, 330, 11], ["dikdortgen", 120, 4, 7, 15], ["dikdortgen", 131, 189, 18, 19], ["dikdortgen", 75, 309, 19, 16], ["daire", 189, 373, 9], ["dikdortgen", 172, 176, 8, 10], ["dikdortgen", 104, 337, 13, 11], ["dikdortgen", 283, 249, 15, 5], ["dikdortgen", 56, 171, 7, 18], ["daire", 11, 17, 6], ["daire", 224, 30, 14], ["dikdortgen", 262, 380, 9, 11], ["dikdortgen", 58, 83, 19, 10], ["dikdortgen", 129, 129, 13, 11], ["daire", 24, 100, 9], ["dikdortgen", 183, 384, 10, 10], ["daire", 127, 376, 14], ["daire", 95, 312, 8], ["dikdortgen", 50, 249, 16, 11], ["daire", 231, 96, 7], ["daire", 166, 322, 6], ["daire", 159, 20, 5], ["dikdortgen", 278, 87, 20, 12], ["dikdortgen", 193, 15, 10, 20], ["dikdortgen", 103, 278, 10, 17], ["dikdortgen", 113, 329, 8, 18], ["daire", 98, 27, 7], ["daire", 19, 17, 11], ["dikdortgen", 268, 197, 18, 17], ["dikdortgen", 293, 378, 18, 15], ["daire", 80, 98, 5], ["dikdortgen", 204, 45, 5, 8], ["dikdortgen", 146, 60, 9, 12], ["daire", 230, 209, 13], ["daire", 287, 63, 15], ["daire", 275, 172, 5], ["dikdortgen", 0, 109, 17, 18], ["daire", 78, 132, 11], ["daire", 74, 133, 9], ["dikdortgen", 252, 168, 6, 15], ["dikdortgen", 119, 172, 8, 19], ["daire", 35, 294, 6], ["dikdortgen", 234, 264, 15, 12], ["dikdortgen", 118, 363, 19, 7], ["daire", 43, 264, 4], ["daire", 221, 99, 3], ["dikdortgen", 14, 68, 12, 17], ["daire", 147, 96, 4], ["dikdortgen", 79, 64, 8, 15], ["dikdortgen", 218, 365, 8, 9], ["dikdortgen", 213, 118, 16, 16], ["daire", 268, 21, 6]], "rrt_path": [[143.26188404637745, 348.6960499890347], [143.2911730029181, 348.1851007304291], [143.32453251962738, 347.6753097919406], [143.36196259650535, 347.1666771735693], [143.40346323355186, 346.65920287531503], [143.44903443076703, 346.1528868971779], [143.49867618815085, 345.64772923915797], [143.55238850570328, 345.14372990125514], [143.6101713834244, 344.6408888834695], [143.6720248213141, 344.1392061858009], [143.73794881937243, 343.6386818082495], [143.80794337759943, 343.1393157508153], [143.88200849599505, 342.6411080134981], [143.9601441745593, 342.1440585962981], [144.0423504132922, 341.6481674992153], [144.12862721219372, 341.1534347222496], [144.21897457126386, 340.65986026540094], [144.31339249050265, 340.16744412866944], [144.41188096991004, 339.6761863120551], [144.51444000948612, 339.1860868155579], [144.6210696092308, 338.69714563917785], [144.7317697691441, 338.209362782915], [144.84654048922607, 337.7227382467692], [144.96538176947664, 337.23727203074054], [145.08829360989586, 336.752964134829], [145.21527601048373, 336.26981455903467], [145.34632897124018, 335.78782330335736], [145.48145249216532, 335.3069903677973], [145.62064657325905, 334.82731575235425], [145.76391121452147, 334.34879945702846], [145.91124641595246, 333.8714414818197], [146.06265217755208, 333.3952418267281], [146.2181284993204, 332.9202004917537], [146.37767538125735, 332.44631747689647], [146.54129282336285, 331.9735927821563], [146.70898082563707, 331.50202640753326], [146.88073938807986, 331.0316183530273], [147.0565685106913, 330.5623686186386], [147.2364681934714, 330.094277204367], [147.42043843642014, 329.6273441102125], [147.60847923953747, 329.16156933617503], [147.80059060282346, 328.6969528822549], [147.99677252627808, 328.2334947484518], [148.19677360591234, 327.7711106495258], [148.39608395477566, 327.3082886090516], [148.59303544983476, 326.8444693751617], [148.7876280910896, 326.379652947856], [148.97986187854013, 325.9138393271345], [149.16973681218644, 325.44702851299724], [149.3572528920285, 324.97922050544406], [149.54241011806624, 324.5104153044752], [149.7252084902997, 324.04061291009043], [149.90564800872892, 323.56981332229], [150.0837286733539, 323.09801654107366], [150.25945048417458, 322.6252225664415], [150.432813441191, 322.1514313983936], [150.6038175444031, 321.6766430369298], [150.77246279381103, 321.20085748205037], [150.9387491894146, 320.72407473375495], [151.102676731214, 320.2462947920438], [151.26424541920903, 319.76751765691677], [151.42345525339985, 319.28774332837406], [151.5803062337864, 318.8069718064155], [151.73479836036864, 318.3252030910411], [151.88693163314665, 317.84243718225093], [152.0367060521204, 317.35867408004503], [152.18412161728983, 316.87391378442317], [152.32917832865505, 316.3881562953856], [152.471876186216, 315.9014016129322], [152.61221518997266, 315.41364973706305], [152.75019533992503, 314.92490066777805], [152.88581663607317, 314.43515440507724], [153.019079078417, 313.94441094896064], [153.1499826669566, 313.45267029942823], [153.27852740169192, 312.95993245648003], [153.40405660257812, 312.46633966463315], [153.52377098329052, 311.97249828178497], [153.63735339146928, 311.47847700681666], [153.74480382711437, 310.9842758397281], [153.84612229022585, 310.4898947805194], [153.94130878080372, 309.99533382919054], [154.03036329884793, 309.5005929857414], [154.11328584435853, 309.00567225017215], [154.19007641733555, 308.51057162248264], [154.26073501777887, 308.01529110267296], [154.32526164568856, 307.5198306907431], [154.38365630106466, 307.024190386693], [154.4359189839071, 306.52837019052276], [154.48204969421596, 306.0323701022324], [154.52204843199115, 305.53619012182173], [154.5559151972327, 305.0398302492909], [154.58364998994062, 304.5432904846399], [154.60525281011493, 304.04657082786866], [154.6207236577556, 303.54967127897726], [154.63006253286267, 303.05259183796574], [154.63326943543612, 302.55533250483404], [154.6303443654759, 302.05789327958206], [154.62128732298206, 301.5602741622099], [154.60609830795454, 301.0624751527175], [154.58477732039347, 300.564496251105], [154.55732436029876, 300.0663374573723], [154.5237394276704, 299.56799877151934], [154.4840225225084, 299.0694801935462], [154.43817364481282, 298.57078172345297], [154.38619279458354, 298.0719033612395], [154.32807997182067, 297.5728451069058], [154.26383517652417, 297.0736069604519], [154.19345840869403, 296.57418892187786], [154.11694966833034, 296.07459099118364], [154.03430895543292, 295.5748131683692], [153.94553627000187, 295.07485545343457], [153.85112436900428, 294.57472696820275], [153.75731911205395, 294.0745433348362], [153.66601194649317, 293.57433956744757], [153.577202872322, 293.07411566603685], [153.49089188954036, 292.573871630604], [153.40707899814828, 292.073607461149], [153.3257641981458, 291.5733231576719], [153.2469474895329, 291.0730187201727], [153.17062887230952, 290.57269414865135], [153.09680834647574, 290.07234944310795], [153.02548591203157, 289.57198460354243], [152.95666156897693, 289.07159962995473], [152.8903353173118, 288.5711945223449], [152.82650715703627, 288.0707692807129], [152.76517708815035, 287.5703239050589], [152.70634511065398, 287.06985839538277], [152.65001122454717, 286.5693727516845], [152.59617542982994, 286.0688669739641], [152.54483772650227, 285.5683410622216], [152.49599811456417, 285.06779501645696], [152.44965659401564, 284.5672288366702], [152.40581316485665, 284.06664252286134], [152.36446782708728, 283.5660360750304], [152.32562058070744, 283.0654094931773], [152.2892714257172, 282.56476277730206], [152.25542036211652, 282.06409592740476], [152.22406738990537, 281.5634089434853], [152.19521250908383, 281.06270182554374], [152.16885571965184, 280.56197457358], [152.14499702160944, 280.0612271875943], [152.1236364149566, 279.56045966758643], [152.1047738996933, 279.0596720135563], [152.08840947581956, 278.5588642255041], [152.07454314333546, 278.05803630342984], [152.06317490224086, 277.5571882473335], [152.05430475253584, 277.0563200572149], [152.04793269422044, 276.5554317330744],