{"harita_boyut": {"genislik": 264, "yukseklik": 249}, "baslangic": [10.171149768150876, 238.71815499513065], "hedef": [119.927054103659, 27.188067183938987], "engeller": [["daire", 195, 99, 7], ["dikdortgen", 88, 218, 11, 16], ["dikdortgen", 160, 155, 13, 10], ["daire", 214, 90, 13], ["daire", 56, 151, 15], ["daire", 15, 150, 12], ["dikdortgen", 77, 133, 10, 18], ["dikdortgen", 59, 11, 17, 12], ["dikdortgen", 144, 65, 8, 20], ["dikdortgen", 34, 215, 5, 7], ["daire", 32, 145, 3], ["daire", 249, 97, 10], ["dikdortgen", 174, 174, 20, 8], ["dikdortgen", 182, 27, 20, 16], ["daire", 49, 170, 15], ["daire", 141, 180, 14], ["dikdortgen", 188, 41, 15, 18], ["dikdortgen", 227, 56, 18, 12], ["daire", 25, 52, 12], ["daire", 191, 67, 14], ["dikdortgen", 66, 102, 11, 7], ["daire", 148, 52, 6], ["daire", 56, 128, 8], ["daire", 93, 40, 12], ["daire", 194, 72, 11], ["dikdortgen", 149, 176, 19, 15], ["daire", 216, 202, 13], ["daire", 29, 16, 9], ["daire", 7, 102, 4], ["daire", 159, 105, 11], ["dikdortgen", 253, 2, 10, 18], ["daire", 200, 243, 3]], "rrt_path": [[10.171149768150876, 238.71815499513065], [19.16337459909405, 228.5821110001194], [27.965502332462925, 212.74798606561035], [29.51328580562771, 209.0595763378011], [33.859924049386386, 202.5688355944821], [49.39763225422565, 192.97439452005423], [66.32865186712904, 184.25504026844416], [72.92826543901076, 179.9107007271461], [85.65658703947886, 168.2745843222813], [93.64793020361464, 153.09538088977143], [93.27891205818317, 145.22032664020864], [93.51448415352924, 130.06078883076862], [92.01507717437329, 128.39460432705107], [94.89144710866914, 118.55399150127938], [105.49087915650898, 102.13831480835528], [109.77698752738908, 95.53926363598053], [123.01814266191774, 81.67090896598968], [125.45708135582197, 63.33173492287432], [125.79944053408451, 54.08370088608368], [124.46114293058044, 40.576914990895304], [119.927054103659, 27.188067183938987]]}