{"harita_boyut": {"genislik": 339, "yukseklik": 305}, "baslangic": [170.99273049213983, 51.93299669530551], "hedef": [333.15565307077804, 219.33088400244537], "engeller": [["daire", 283, 185, 14], ["dikdortgen", 164, 179, 15, 7], ["dikdortgen", 107, 261, 17, 10], ["daire", 144, 226, 15], ["dikdortgen", 120, 80, 6, 11], ["dikdortgen", 103, 168, 14, 13], ["dikdortgen", 225, 99, 14, 18], ["daire", 192, 290, 7], ["daire", 109, 167, 6], ["dikdortgen", 73, 267, 11, 14], ["daire", 116, 64, 8], ["dikdortgen", 217, 112, 18, 12], ["daire", 62, 58, 6], ["dikdortgen", 136, 282, 13, 6], ["daire", 291, 269, 9], ["dikdortgen", 112, 73, 13, 9], ["dikdortgen", 245, 238, 12, 12], ["dikdortgen", 58, 5, 9, 7], ["daire", 315, 186, 8], ["daire", 161, 69, 11], ["dikdortgen", 297, 106, 13, 20], ["daire", 20, 220, 5], ["dikdortgen", 320, 259, 17, 14], ["daire", 151, 117, 14], ["daire", 114, 118, 15], ["daire", 25, 77, 6], ["dikdortgen", 324, 42, 14, 15], ["daire", 279, 38, 8], ["daire", 19, 36, 15], ["dikdortgen", 110, 35, 20, 14], ["daire", 26, 146, 11], ["dikdortgen", 205, 28, 15, 19], ["dikdortgen", 67, 211, 13, 9], ["daire", 90, 166, 12], ["dikdortgen", 137, 149, 5, 11], ["daire", 324, 254, 4], ["dikdortgen", 5, 69, 14, 8], ["daire", 248, 134, 3], ["dikdortgen", 118, 99, 12, 6], ["daire", 233, 27, 11], ["dikdortgen", 111, 3, 18, 9], ["dikdortgen", 171, 112, 10, 19], ["dikdortgen", 234, 154, 20, 6], ["dikdortgen", 168, 24, 13, 11], ["daire", 24, 146, 9], ["daire", 300, 286, 7], ["dikdortgen", 181, 41, 8, 14], ["dikdortgen", 95, 61, 20, 8], ["daire", 184, 34, 3], ["daire", 230, 235, 9], ["dikdortgen", 206, 197, 10, 9]], "rrt_path": [[170.99273049213983, 51.93299669530551], [176.5951289917104, 61.92939733809877], [179.01733658428017, 72.55531726726603], [193.57161593431496, 85.78584058063227], [199.44665503169446, 90.89262502523265], [205.9188145399857, 108.12702648309418], [207.8051660870233, 125.74295074058799], [208.42532044507948, 126.7280571898163], [201.1066948321864, 144.06791861256218], [206.49745681455977, 158.22176703671448], [210.85290022140308, 164.79449202801393], [220.35201120979337, 180.06642547536137], [222.17740556112898, 183.62562980528008], [234.19291438375637, 198.85747850200877], [249.64458603315148, 201.7097893691682], [266.34742871477295, 203.9086607479003], [283.77335730357356, 207.30374075105243], [300.0046423602962, 215.99904888371026], [317.5208051626563, 219.52682082249265], [333.15565307077804, 219.33088400244537]]}