{"harita_boyut": {"genislik": 308, "yukseklik": 378}, "baslangic": [239.07103856528414, 39.856907185315364], "hedef": [64.89702544668431, 32.403844851519665], "engeller": [["dikdortgen", 295, 217, 9, 6], ["daire", 207, 104, 10], ["daire", 261, 168, 6], ["dikdortgen", 290, 57, 5, 10], ["dikdortgen", 250, 328, 10, 14], ["dikdortgen", 125, 88, 7, 8], ["daire", 47, 87, 10], ["daire", 25, 340, 3], ["dikdortgen", 107, 76, 7, 13], ["dikdortgen", 78, 282, 18, 8], ["dikdortgen", 7, 312, 18, 18], ["dikdortgen", 119, 213, 12, 16], ["dikdortgen", 190, 245, 8, 14], ["dikdortgen", 281, 276, 16, 13], ["dikdortgen", 220, 223, 11, 8], ["dikdortgen", 43, 176, 19, 11], ["daire", 19, 146, 8], ["daire", 207, 69, 7], ["dikdortgen", 158, 162, 16, 9], ["daire", 163, 351, 14], ["dikdortgen", 247, 6, 8, 11], ["dikdortgen", 11, 332, 18, 15], ["dikdortgen", 30, 64, 10, 10], ["daire", 283, 276, 10], ["daire", 36, 169, 12], ["dikdortgen", 195, 315, 12, 8], ["dikdortgen", 158, 2, 9, 12], ["daire", 29, 140, 6], ["daire", 292, 294, 7], ["daire", 183, 208, 8], ["daire", 145, 357, 10], ["dikdortgen", 31, 263, 20, 10], ["dikdortgen", 130, 69, 12, 18], ["dikdortgen", 250, 350, 14, 13], ["dikdortgen", 258, 60, 17, 19], ["dikdortgen", 4, 262, 15, 10], ["dikdortgen", 221, 16, 7, 18], ["daire", 36, 364, 11], ["dikdortgen", 284, 334, 10, 7], ["daire", 75, 366, 8], ["daire", 244, 167, 15], ["daire", 148, 43, 12], ["dikdortgen", 132, 335, 20, 16], ["dikdortgen", 100, 141, 11, 9], ["dikdortgen", 203, 200, 9, 8], ["dikdortgen", 202, 47, 9, 14], ["daire", 150, 243, 15], ["dikdortgen", 262, 26, 11, 16], ["daire", 222, 83, 14], ["dikdortgen", 271, 123, 17, 8], ["daire", 53, 196, 9], ["daire", 181, 360, 10], ["daire", 236, 79, 6], ["daire", 124, 201, 9], ["dikdortgen", 132, 304, 11, 13], ["daire", 130, 240, 13], ["daire", 218, 317, 11], ["dikdortgen", 153, 194, 16, 11]], "rrt_path": [[239.07103856528414, 39.856907185315364], [238.04588424899984, 43.72330843554841], [235.1717583442093, 60.936025484918275], [245.3629011443428, 72.51534723907918], [248.5969804408312, 77.24751041263772], [246.4236309196505, 84.86168806294874], [241.445433970708, 101.1728052516385], [240.73152858681186, 108.60445739330679], [233.24394698111706, 126.01587516288097], [225.34747277771766, 139.32631803431093], [208.65177943823505, 148.0832212458407], [207.38406606533937, 148.11878069047276], [191.8803256246752, 145.00265784597408], [184.16662645029712, 145.4208992174999], [170.80867598782345, 148.48334638751518], [153.5002864806777, 150.59633127432977], [136.03801198996794, 147.14815928462994], [126.48183023261609, 138.3847408510546], [119.01041239198803, 131.92146383278035], [107.90556628566387, 123.45690670145548], [99.14818766314677, 109.97816444477144], [93.6697280227464, 93.1675077093131], [92.95189489110925, 85.21539637325895], [86.85978788722454, 67.63640444619357], [84.14309568007715, 62.11517213850924], [74.27259878297741, 47.19600898947141], [64.89702544668431, 32.403844851519665]]}