{"harita_boyut": {"genislik": 456, "yukseklik": 294}, "baslangic": [33.21199238997775, 126.3064847128203], "hedef": [432.4329717627731, 261.9756887976004], "engeller": [["dikdortgen", 17, 96, 19, 14], ["dikdortgen", 149, 262, 17, 5], ["dikdortgen", 236, 38, 19, 18], ["dikdortgen", 443, 4, 13, 16], ["daire", 380, 28, 10], ["daire", 317, 246, 12], ["dikdortgen", 423, 85, 10, 15], ["dikdortgen", 15, 249, 20, 20], ["dikdortgen", 441, 139, 14, 14], ["dikdortgen", 298, 168, 18, 5], ["daire", 201, 223, 12], ["daire", 371, 220, 15], ["daire", 10, 277, 3], ["daire", 277, 168, 4], ["dikdortgen", 206, 42, 17, 13], ["daire", 445, 48, 3], ["dikdortgen", 17, 41, 12, 19], ["dikdortgen", 114, 11, 12, 15], ["daire", 49, 224, 12], ["daire", 441, 80, 14], ["dikdortgen", 173, 239, 19, 10], ["daire", 404, 57, 9], ["daire", 126, 37, 5], ["dikdortgen", 47, 282, 14, 8], ["daire", 183, 63, 13], ["daire", 385, 201, 11], ["dikdortgen", 360, 51, 18, 18], ["daire", 193, 247, 10], ["daire", 259, 16, 15], ["dikdortgen", 110, 276, 17, 11], ["dikdortgen", 4, 26, 11, 19], ["dikdortgen", 200, 211, 8, 20], ["daire", 323, 174, 13], ["dikdortgen", 421, 48, 10, 14], ["dikdortgen", 281, 178, 16, 13], ["dikdortgen", 414, 240, 11, 19], ["daire", 430, 127, 9], ["daire", 106, 94, 7], ["dikdortgen", 439, 31, 9, 12], ["dikdortgen", 254, 26, 16, 10], ["dikdortgen", 406, 109, 10, 10], ["daire", 15, 270, 4], ["daire", 281, 74, 3], ["dikdortgen", 377, 56, 11, 17], ["daire", 174, 269, 10], ["daire", 168, 73, 12], ["dikdortgen", 302, 183, 6, 14], ["dikdortgen", 407, 188, 16, 6], ["daire", 392, 238, 10], ["daire", 427, 187, 8], ["daire", 400, 68, 15], ["dikdortgen", 96, 184, 8, 19], ["daire", 205, 230, 14], ["dikdortgen", 74, 14, 19, 15], ["daire", 284, 142, 11], ["dikdortgen", 154, 28, 10, 10], ["dikdortgen", 224, 258, 20, 13], ["daire", 353, 251, 12], ["dikdortgen", 396, 15, 17, 8], ["dikdortgen", 369, 192, 15, 18], ["daire", 31, 51, 7], ["dikdortgen", 246, 174, 7, 16], ["daire", 397, 173, 7], ["daire", 369, 234, 14], ["dikdortgen", 370, 238, 5, 12], ["daire", 272, 111, 3], ["daire", 450, 220, 5]], "rrt_path": [[33.21199238997775, 126.3064847128203], [49.46146188761894, 128.79167008168022], [53.2237076609478, 127.43317578980074], [72.07891390020461, 124.73367440342574], [91.45216794747307, 121.18440270116093], [102.14653678978543, 122.53866631831217], [120.09661545657767, 123.31451273510818], [130.04091695799957, 125.45586889214772], [144.05565045642112, 129.38896597082328], [160.49221799031815, 132.48149970760593], [172.4388280161848, 142.5315839315222], [180.09082955810533, 143.46541453624903], [198.3301177644763, 143.08078523623217], [212.42081930053047, 142.76684778150835], [221.59401143161205, 142.14253397444628], [238.8295954635098, 134.5713005227667], [245.69697991932836, 127.4904684087395], [248.42823092912826, 128.69963753073245], [257.2571940673092, 126.2770729656002], [272.2881479770788, 122.62698517366395], [290.04207565889186, 118.08236090636895], [309.1080319983751, 115.2286686839684], [318.7762833065967, 120.08091492413111], [337.36128794838874, 124.80356066056842], [351.7672642256791, 132.38785087780286], [362.0327583518214, 148.66877423736437], [364.66224423842147, 166.94495151589518], [365.3853761212205, 174.0013676691632], [380.39510790242207, 185.20116065578742], [388.29111222820876, 184.06000231322716], [398.98609184950965, 189.36588054708503], [401.1244337075885, 196.81495836683533], [404.18028394523066, 203.511017691379], [411.5156551793453, 214.60527656757225], [418.71254002110095, 220.73805413280772], [430.19741739442117, 235.67561643183663], [430.11791628287045, 242.71361694347038], [432.4329717627731, 261.9756887976004]]}