{"harita_boyut": {"genislik": 464, "yukseklik": 114}, "baslangic": [323.2027966290889, 37.099659013616154], "hedef": [442.6272807270575, 34.92454999591084], "engeller": [["daire", 177, 37, 12], ["dikdortgen", 23, 86, 20, 17], ["dikdortgen", 301, 82, 16, 19], ["dikdortgen", 68, 99, 19, 11], ["daire", 194, 48, 15], ["daire", 353, 27, 12], ["dikdortgen", 378, 5, 8, 12], ["daire", 206, 48, 13], ["dikdortgen", 219, 1, 12, 8], ["daire", 250, 67, 15], ["daire", 304, 105, 8], ["daire", 44, 22, 7], ["dikdortgen", 281, 36, 6, 14], ["dikdortgen", 351, 30, 15, 11], ["dikdortgen", 147, 1, 18, 13], ["dikdortgen", 71, 97, 16, 7], ["dikdortgen", 350, 53, 19, 17], ["daire", 328, 62, 4], ["dikdortgen", 357, 73, 9, 6], ["dikdortgen", 370, 97, 17, 16], ["dikdortgen", 101, 32, 7, 11], ["dikdortgen", 60, 99, 13, 5], ["dikdortgen", 185, 12, 16, 15], ["dikdortgen", 46, 56, 19, 20], ["dikdortgen", 417, 59, 5, 20], ["daire", 84, 43, 6]], "rrt_path": [[323.2027966290889, 37.099659013616154], [327.13498200132807, 36.366229945233755], [340.8394395842521, 48.03910733552289], [342.9753770924346, 46.73331486710038], [346.9736234193924, 46.61488214793701], [366.82531724711174, 47.96697665768156], [373.37830818019916, 44.87506551496506], [392.5684242238115, 40.75898842598818], [411.61761371475137, 38.113814707336026], [430.81626996134327, 35.92803001978314], [442.6272807270575, 34.92454999591084]]}