{"harita_boyut": {"genislik": 495, "yukseklik": 400}, "baslangic": [475.6843314102578, 129.95612952437855], "hedef": [371.1967843879766, 183.07968196509918], "engeller": [["dikdortgen", 224, 173, 15, 7], ["dikdortgen", 9, 288, 15, 7], ["daire", 475, 69, 7], ["dikdortgen", 295, 59, 10, 19], ["daire", 274, 268, 11], ["dikdortgen", 407, 161, 15, 6], ["dikdortgen", 341, 156, 14, 8], ["dikdortgen", 199, 19, 9, 16], ["dikdortgen", 325, 240, 7, 16], ["daire", 203, 200, 8], ["daire", 431, 330, 13], ["daire", 461, 62, 14], ["dikdortgen", 384, 339, 6, 8], ["dikdortgen", 65, 139, 8, 6], ["daire", 197, 151, 13], ["daire", 451, 247, 13], ["dikdortgen", 158, 371, 19, 19], ["daire", 462, 113, 9], ["dikdortgen", 380, 123, 15, 6], ["dikdortgen", 84, 185, 7, 17], ["dikdortgen", 386, 342, 10, 5], ["dikdortgen", 328, 123, 19, 20], ["dikdortgen", 438, 256, 10, 16], ["dikdortgen", 381, 291, 18, 10], ["dikdortgen", 137, 89, 14, 19], ["dikdortgen", 216, 130, 18, 6], ["dikdortgen", 312, 198, 16, 9], ["dikdortgen", 190, 214, 5, 5], ["dikdortgen", 127, 135, 10, 7], ["daire", 344, 73, 6], ["dikdortgen", 409, 22, 8, 10], ["daire", 466, 343, 10], ["dikdortgen", 254, 107, 9, 20], ["daire", 101, 103, 10], ["daire", 90, 17, 7], ["dikdortgen", 327, 237, 13, 5], ["dikdortgen", 354, 302, 19, 10], ["dikdortgen", 85, 109, 14, 16], ["daire", 33, 381, 10], ["daire", 465, 124, 3], ["dikdortgen", 87, 47, 9, 6], ["daire", 331, 42, 14], ["dikdortgen", 354, 359, 19, 14], ["dikdortgen", 85, 49, 8, 16], ["daire", 44, 319, 9], ["daire", 302, 377, 15], ["daire", 423, 349, 4], ["dikdortgen", 388, 81, 7, 11], ["dikdortgen", 361, 193, 8, 11], ["dikdortgen", 177, 62, 12, 10], ["daire", 405, 95, 13], ["dikdortgen", 4, 257, 5, 15], ["dikdortgen", 145, 84, 7, 7], ["daire", 287, 379, 13], ["daire", 162, 18, 3], ["daire", 16, 158, 3], ["dikdortgen", 361, 361, 11, 15], ["daire", 214, 208, 15], ["dikdortgen", 211, 58, 17, 17], ["dikdortgen", 62, 280, 8, 16], ["daire", 239, 31, 13], ["daire", 176, 68, 14], ["daire", 444, 388, 12], ["daire", 147, 79, 11], ["dikdortgen", 423, 124, 5, 18], ["dikdortgen", 464, 11, 14, 10], ["dikdortgen", 105, 255, 11, 10], ["dikdortgen", 122, 163, 10, 12], ["daire", 290, 336, 9], ["dikdortgen", 205, 162, 8, 20], ["daire", 291, 123, 6], ["dikdortgen", 336, 40, 16, 15], ["dikdortgen", 479, 228, 10, 11], ["dikdortgen", 123, 315, 5, 19], ["dikdortgen", 84, 238, 18, 8], ["dikdortgen", 73, 37, 19, 10], ["daire", 367, 377, 11], ["daire", 435, 50, 4], ["dikdortgen", 133, 65, 7, 15], ["daire", 202, 221, 12], ["dikdortgen", 336, 92, 10, 9], ["daire", 397, 288, 3], ["dikdortgen", 183, 200, 8, 18], ["daire", 297, 36, 15], ["daire", 451, 271, 12], ["daire", 219, 227, 12], ["daire", 313, 113, 13], ["dikdortgen", 369, 349, 10, 13], ["dikdortgen", 174, 230, 7, 20], ["daire", 173, 160, 15], ["daire", 197, 280, 15], ["daire", 476, 214, 3], ["dikdortgen", 1, 273, 5, 13], ["daire", 44, 276, 7], ["dikdortgen", 102, 40, 17, 11], ["daire", 467, 315, 14], ["dikdortgen", 248, 150, 6, 10], ["dikdortgen", 375, 383, 5, 13], ["dikdortgen", 135, 320, 19, 10]], "rrt_path": [[475.6843314102578, 129.95612952437855], [460.4997285559936, 136.74269351773913], [450.74385359533045, 143.65013055959471], [438.52037205027887, 156.4371199419424], [427.79139220974247, 171.61844031817975], [410.33026375203855, 179.10060151862857], [392.93227431382013, 178.79048881628344], [377.16841377265615, 176.68574712836474], [375.8928170280534, 176.61175955522066], [371.1967843879766, 183.07968196509918]]}