{"harita_boyut": {"genislik": 202, "yukseklik": 248}, "baslangic": [135.08067008426116, 147.21677468427282], "hedef": [5.286813235502031, 183.7526913148091], "engeller": [["dikdortgen", 68, 44, 10, 9], ["dikdortgen", 30, 227, 9, 16], ["daire", 84, 180, 11], ["dikdortgen", 25, 235, 20, 12], ["dikdortgen", 109, 134, 7, 6], ["daire", 83, 96, 7], ["dikdortgen", 146, 156, 15, 8], ["daire", 20, 204, 9], ["dikdortgen", 155, 187, 11, 8], ["daire", 139, 169, 6], ["dikdortgen", 37, 35, 5, 15], ["daire", 105, 168, 5], ["dikdortgen", 90, 135, 5, 6], ["dikdortgen", 111, 167, 10, 16], ["daire", 71, 78, 5], ["dikdortgen", 107, 6, 18, 19], ["daire", 26, 60, 3], ["daire", 78, 130, 11], ["dikdortgen", 116, 30, 12, 9], ["dikdortgen", 43, 213, 15, 8], ["dikdortgen", 45, 19, 6, 8], ["dikdortgen", 21, 185, 19, 13], ["dikdortgen", 34, 141, 16, 11], ["daire", 65, 15, 15], ["daire", 47, 52, 12]], "rrt_path": [[135.08067008426116, 147.21677468427282], [135.17343068337252, 146.7230094907815], [135.26513299825348, 146.2291053037031], [135.35577702890407, 145.7350621230376], [135.44536277532424, 145.24087994878514], [135.5338902375141, 144.74655878094555], [135.62135941547345, 144.25209861951888], [135.70777030920252, 143.75749946450523], [135.79312291870116, 143.26276131590447], [135.87741724396938, 142.76788417371662], [135.96065328500723, 142.27286803794175], [136.04283104181468, 141.77771290857982], [136.1239505143918, 141.28241878563082], [136.2040117027384, 140.78698566909472], [136.28301460685475, 140.29141355897167], [136.36095922674065, 139.79570245526145], [136.43784556239618, 139.29985235796426], [136.5136736138213, 138.80386326707992], [136.58844338101602, 138.30773518260855], [136.6621548639804, 137.81146810455016], [136.73480806271434, 137.31506203290465], [136.8064029772179, 136.8185169676721], [136.8769396074911, 136.3218329088525], [136.9464179535339, 135.8250098564459], [137.0148380153463, 135.32804781045218], [137.08219979292832, 134.83094677087138], [137.14850328627995, 134.33370673770355], [137.21374849540118, 133.83632771094864], [137.27793542029204, 133.3388096906067], [137.34106406095248, 132.84115267667767], [137.40313441738255, 132.3433566691616], [137.46414648958222, 131.84542166805846], [137.52410027755153, 131.34734767336823], [137.58299578129044, 130.849134685091], [137.64083300079895, 130.35078270322668], [137.69761193607707, 129.8522917277753], [137.7533325871248, 129.35366175873685], [137.80799495394214, 128.8548927961114], [137.85997606344299, 128.3558159867145], [137.9069170276184, 127.85618591319768], [137.94879809527478, 127.35600052065807], [137.9856192664122, 126.8552598090957], [138.01738054103058, 126.35396377851052], [138.04408191912995, 125.85211242890256], [138.0657234007104, 125.34970576027185], [138.08230498577183, 124.84674377261835], [138.09382667431424, 124.34322646594205], [138.10028846633767, 123.83915384024301], [138.1016903618421, 123.33452589552117], [138.09803236082755, 122.82934263177657], [138.089314463294, 122.32360404900918], [138.07553666924144, 121.81731014721902], [138.05669897866989, 121.31046092640608], [138.0328013915793, 120.80305638657035], [138.00384390796978, 120.29509652771185], [137.9698265278413, 119.78658134983061], [137.93074925119373, 119.27751085292653], [137.8866120780272, 118.7678850369997], [137.8374150083417, 118.25770390205008], [137.7831580421372, 117.74696744807771], [137.7238411794137, 117.23567567508258], [137.65946442017122, 116.72382858306463], [137.59002776440974, 116.21142617202395], [137.51553121212922, 115.69846844196042], [137.43604456259698, 115.18580737415986], [137.35179484147264, 114.67621408100122], [137.26279953419586, 114.16990199262342], [137.16905864076662, 113.66687110902642], [137.07057216118488, 113.16712143021024], [136.96734009545068, 112.6706529561749], [136.859362443564, 112.17746568692036], [136.74663920552484, 111.68755962244663], [136.62917038133324, 111.20093476275372], [136.50695597098914, 110.71759110784166], [136.37999597449257, 110.23752865771036], [136.24829039184354, 109.76074741235995], [136.11183922304198, 109.2872473717903], [135.97064246808804, 108.8170285360015], [135.82470012698158, 108.35009090499351], [135.67401219972265, 107.88643447876635], [135.51857868631126, 107.42605925731999], [135.35839958674737, 106.96896524065444], [135.19347490103104, 106.51515242876974], [135.0238046291622, 106.06462082166584], [134.8493887711409, 105.61737041934275], [134.67022732696714, 105.17340122180048], [134.48632029664088, 104.73271322903904], [134.2976676801622, 104.2953064410584], [134.104269477531, 103.86118085785861], [133.90612568874735, 103.43033647943963], [133.7032363138112, 103.00277330580144], [133.49560135272262, 102.57849133694408], [133.28322080548156, 102.15749057286754], [133.066094672088, 101.73977101357184], [132.84422295254197, 101.32533265905693], [132.6176056468435, 100.91417550932286], [132.3862427549925, 100.5062995643696], [132.15013427698906, 100.10170482419716], [131.90928021283318, 99.70039128880553], [131.6635786933871, 99.29839857483417], [131.4128893339166, 98.8902689216884], [131.15721126490695, 98.4759685250993], [130.89654448635812, 98.05549738506691], [130.63088899827014, 97.62885550159119], [130.36024480064302, 97.19604287467213], [130.0846118934767, 96.75705950430977], [129.80399027677126, 96.31190539050411], [129.51837995052668, 95.86058053325512], [129.2277809147429, 95.40308493256282], [128.93219316941997, 94.93941858842719], [128.63161671455788, 94.46958150084825], [128.32605155015665, 93.993573669826], [128.01549767621623, 93.51139509536044], [127.69995509273667, 93.02304577745156], [127.37942379971796, 92.52852571609935], [127.05390379716009, 92.02783491130386], [126.72339508506306, 91.52097336306502], [126.38789766342686, 91.00794107138287], [126.0474115322515, 90.48873803625742], [125.70193669153699, 89.96336425768862], [125.35147314128331, 89.43181973567656], [124.99602088149047, 88.89410447022115], [124.63557991215849, 88.35021846132241], [124.27153334946466, 87.8144627757659], [123.91067567156048, 87.35709057623626], [123.55392086475102, 86.9875522468759], [123.20126892903626, 86.70584778768482], [122.85271986441614, 86.51197719866299], [122.50827367089076, 86.40594047981043], [122.16793034846005, 86.38773763112715], [121.83168989712402, 86.45736865261313], [121.49955231688268, 86.61483354426841], [121.17151760773604, 86.86013230609294], [120.84758576968412, 87.19326493808674], [120.52775680272686, 87.61423144024982], [120.20724479648872, 88.08335507643514], [119.8782741194372, 88.53617336061848], [119.54073635543543, 88.9717874881598], [119.19463150448344, 89.39019745905914], [118.83995956658126, 89.79140327331652], [118.47672054172885, 90.17540493093189], [118.10491442992627, 90.5422024319053], [117.72454123117345, 90.89179577623669], [117.33560094547042, 91.22418496392612], [116.93809357281718, 91.53936999497355], [116.53201911321372, 91.837350869379], [116.11737756666008, 92.11812758714245], [115.69416893315619, 92.38170014826393], [115.26240225417148, 92.6280865964415], [114.82740206385265, 92.86791289108952], [114.39367630612273, 93.110175355238], [113.96122498098171, 93.35487398888696], [113.53004808842962, 93.60200879203646], [113.10014562846641, 93.85157976468639], [112.67151760109216, 94.10358690683684], [112.2441640063068, 94.35803021848777], [111.81808484411032, 94.61490969963917], [111.39328011450279, 94.87422535029106], [110.96974981748413, 95.13597717044341], [110.54749395305443, 95.40016516009628], [110.12651252121361, 95.66678931924962], [109.70680552196171, 95.93584964790345], [109.28837295529873, 96.20734614605777], [108.87121482122463, 96.48127881371255], [108.45533111973947, 96.75764765086782], [108.04072185084321, 97.0364526575236], [107.62738701453586, 97.31769383367985], [107.21532661081741, 97.60137117933658], [106.8045406396879, 97.88748469449382], [106.39502910114729, 98.1760343791515], [105.98679199519559, 98.46702023330971], [105.57982932183279, 98.76044225696837], [105.1741410810589, 