{"harita_boyut": {"genislik": 491, "yukseklik": 486}, "baslangic": [100.88522941773493, 375.7912909492766], "hedef": [224.8042140020375, 20.044194680936194], "engeller": [["daire", 426, 191, 14], ["dikdortgen", 168, 284, 13, 5], ["dikdortgen", 144, 128, 14, 9], ["daire", 404, 425, 6], ["dikdortgen", 324, 163, 18, 5], ["dikdortgen", 351, 407, 17, 7], ["dikdortgen", 62, 82, 12, 16], ["dikdortgen", 361, 374, 7, 5], ["daire", 58, 340, 13], ["dikdortgen", 329, 110, 8, 17], ["dikdortgen", 219, 401, 15, 15], ["daire", 193, 213, 10], ["dikdortgen", 430, 431, 13, 7], ["dikdortgen", 255, 244, 6, 20], ["daire", 154, 61, 8], ["dikdortgen", 215, 195, 16, 7], ["dikdortgen", 292, 361, 13, 12], ["daire", 246, 284, 12], ["daire", 173, 291, 3], ["dikdortgen", 417, 442, 14, 7], ["dikdortgen", 117, 363, 9, 10], ["daire", 98, 217, 14], ["daire", 21, 303, 7], ["daire", 343, 432, 6], ["daire", 111, 114, 12], ["dikdortgen", 355, 393, 13, 10], ["daire", 53, 203, 8], ["daire", 25, 468, 10], ["daire", 110, 22, 3], ["dikdortgen", 419, 301, 12, 18], ["daire", 313, 47, 5], ["daire", 363, 33, 11], ["dikdortgen", 219, 238, 15, 19], ["daire", 327, 15, 9], ["daire", 464, 22, 8], ["dikdortgen", 378, 304, 14, 10], ["daire", 167, 296, 8], ["dikdortgen", 10, 104, 6, 8], ["dikdortgen", 189, 322, 10, 14], ["dikdortgen", 287, 229, 13, 17], ["daire", 272, 325, 4], ["daire", 343, 200, 3], ["dikdortgen", 299, 212, 18, 6], ["daire", 117, 148, 15], ["daire", 59, 171, 5], ["daire", 173, 51, 3], ["daire", 448, 4, 3], ["daire", 173, 292, 4], ["dikdortgen", 388, 344, 7, 12], ["dikdortgen", 259, 169, 7, 8], ["daire", 462, 73, 3], ["dikdortgen", 223, 197, 9, 11], ["dikdortgen", 18, 234, 18, 20], ["daire", 31, 397, 9], ["daire", 369, 374, 13], ["daire", 440, 458, 5], ["daire", 373, 453, 6], ["dikdortgen", 436, 197, 16, 10], ["dikdortgen", 143, 405, 7, 7], ["dikdortgen", 151, 211, 5, 16], ["dikdortgen", 44, 288, 18, 12], ["daire", 69, 24, 13], ["daire", 173, 268, 12], ["daire", 123, 92, 11], ["dikdortgen", 206, 55, 17, 6], ["dikdortgen", 333, 347, 16, 10], ["daire", 410, 227, 7], ["daire", 308, 198, 10], ["daire", 74, 350, 5], ["dikdortgen", 28, 89, 7, 13], ["daire", 355, 440, 4], ["dikdortgen", 9, 269, 14, 11], ["daire", 254, 80, 14], ["dikdortgen", 367, 136, 11, 14], ["daire", 147, 203, 11], ["dikdortgen", 339, 203, 16, 9], ["dikdortgen", 470, 88, 9, 9], ["daire", 166, 219, 11], ["daire", 264, 31, 14], ["dikdortgen", 70, 296, 13, 19], ["daire", 418, 17, 8], ["daire", 172, 373, 4], ["dikdortgen", 452, 463, 8, 10], ["dikdortgen", 150, 400, 8, 8], ["daire", 474, 170, 15], ["daire", 205, 155, 15], ["daire", 452, 12, 7], ["daire", 133, 179, 14], ["daire", 422, 162, 4], ["dikdortgen", 16, 167, 9, 13], ["daire", 242, 168, 5], ["daire", 36, 422, 5], ["daire", 86, 299, 10], ["daire", 197, 453, 12], ["daire", 446, 165, 14], ["daire", 231, 257, 9], ["daire", 212, 398, 11], ["daire", 401, 230, 5], ["dikdortgen", 10, 384, 16, 13], ["dikdortgen", 338, 420, 7, 13], ["daire", 250, 471, 4], ["daire", 227, 107, 3], ["daire", 258, 414, 6], ["dikdortgen", 151, 131, 20, 12], ["dikdortgen", 153, 289, 17, 12], ["daire", 100, 151, 10], ["daire", 59, 71, 10], ["dikdortgen", 316, 345, 11, 9], ["dikdortgen", 291, 414, 16, 19], ["daire", 431, 364, 10], ["daire", 371, 264, 9], ["dikdortgen", 203, 99, 5, 7], ["dikdortgen", 394, 75, 11, 13], ["daire", 439, 193, 15], ["dikdortgen", 416, 67, 20, 9], ["daire", 164, 412, 12], ["dikdortgen", 160, 364, 19, 6], ["daire", 181, 416, 4], ["daire", 251, 384, 8]], "rrt_path": [[100.88522941773493, 375.7912909492766], [110.70238955605755, 359.4870107376093], [119.12339397850818, 347.1060083771689], [128.21611783350087, 330.20370686358183], [138.74175249599938, 315.0707367696452], [158.45444890518743, 312.7300920848216], [177.66844332502504, 314.5488490374857], [197.01231928707944, 315.4477737144633], [201.00556095408874, 315.68019787168635], [220.16207693541332, 319.0167907487702], [239.7747963262996, 321.9843275028495], [256.0068987516773, 322.1564614174253], [264.0922012376917, 317.68167332023023], [269.43474801709505, 301.91191758538474], [272.3292873365551, 302.4268485019269], [272.0950492504191, 298.4337128269212], [273.2682195317984, 280.9554860718635], [275.19274475336454, 269.6815644555324], [280.37431918568336, 252.90051761976775], [280.75645128309566, 243.02812482943415], [281.3430365795267, 227.71758767276796], [281.99630217916985, 212.6930487691579], [279.41490736467426, 203.19423168227632], [262.8364483043838, 192.41614113737717], [245.90591566340757, 182.7731974906687], [231.6991427121894, 177.95649609636945], [218.4480032212959, 178.35557217481204], [200.81458518181086, 175.6616910356989], [190.3637037730456, 170.36431213549176], [185.23114356901266, 160.7443195863989], [184.64597773426527, 150.70635992462272], [186.14449745917153, 146.99766222407243], [188.38933541894272, 127.32249489000736], [186.76269911741377, 108.03777617227432], [186.95570759157457, 88.38251194872095], [189.4014573000719, 78.7128890923308], [194.5376022561417, 62.94208198636492], [200.85124986082712, 48.684790049020165], [215.2361536294955, 35.33023409079895], [224.8042140020375, 20.044194680936194]]}