{"harita_boyut": {"genislik": 349, "yukseklik": 212}, "baslangic": [55.55700639398894, 201.66332299218496], "hedef": [41.80605581081297, 81.9218271086311], "engeller": [["daire", 129, 90, 10], ["daire", 149, 124, 5], ["daire", 164, 53, 6], ["daire", 129, 145, 5], ["daire", 319, 38, 6], ["dikdortgen", 222, 112, 9, 16], ["dikdortgen", 175, 90, 10, 7], ["dikdortgen", 59, 149, 14, 17], ["dikdortgen", 204, 93, 11, 6], ["daire", 123, 74, 6], ["daire", 158, 33, 13], ["dikdortgen", 247, 182, 9, 18], ["daire", 294, 167, 9], ["dikdortgen", 118, 164, 6, 19], ["daire", 128, 182, 14], ["daire", 120, 82, 7], ["daire", 311, 83, 12], ["daire", 304, 176, 15], ["dikdortgen", 288, 55, 11, 6], ["dikdortgen", 316, 155, 12, 15], ["dikdortgen", 225, 72, 11, 16], ["daire", 104, 182, 12], ["dikdortgen", 333, 122, 16, 20], ["daire", 82, 154, 15], ["dikdortgen", 335, 107, 13, 11], ["daire", 12, 109, 5], ["dikdortgen", 58, 87, 19, 15], ["daire", 295, 24, 14], ["dikdortgen", 34, 50, 18, 8], ["daire", 285, 37, 14], ["dikdortgen", 108, 89, 19, 12], ["daire", 318, 116, 4], ["dikdortgen", 164, 128, 17, 9], ["dikdortgen", 201, 15, 15, 10], ["daire", 102, 61, 11], ["daire", 247, 88, 10]], "rrt_path": [[55.55700639398895, 201.66332299218493], [55.410809968396656, 201.1816774170024], [55.26365146660121, 200.7003916471796], [55.11553088860264, 200.21946568271667], [54.966448234400936, 199.73889952361358], [54.816403503996106, 199.25869316987036], [54.66539669738813, 198.77884662148688], [54.513427814577035, 198.29935987846326], [54.36049685556282, 197.82023294079957], [54.206603820345435, 197.34146580849557], [54.051748708924954, 196.86305848155146], [53.89593152130133, 196.38501095996722], [53.739152257474565, 195.90732324374275], [53.58141091744466, 195.42999533287812], [53.42270750121163, 194.95302722737333], [53.26304200877547, 194.4764189272284], [53.10241444013617, 194.00017043244318], [52.94082479529375, 193.5242817430179], [52.77827307424819, 193.0487528589524], [52.6147592769995, 192.57358378024676], [52.45028340354767, 192.09877450690095], [52.284845453892714, 191.62432503891495], [52.11844542803462, 191.15023537628875], [51.951083325973386, 190.6765055190224], [51.78275914770905, 190.2031354671159], [51.61347289324155, 189.73012522056922], [51.44322456257094, 189.2574747793824], [51.27201415569717, 188.78518414355534], [51.09984167262029, 188.31325331308818], [50.92670711334028, 187.84168228798083], [50.752610477857125, 187.37047106823326], [50.57755176617084, 186.89961965384558], [50.401530978281414, 186.42912804481767], [50.22454811418886, 185.95899624114963], [50.04660317389318, 185.48922424284143], [49.86769615739438, 185.01981204989306], [49.68782706469242, 184.55075966230447], [49.50699589578734, 184.08206708007572], [49.32520265067912, 183.61373430320683], [49.142447329367776, 183.14576133169777], [48.9587299318533, 182.67814816554852], [48.77405045813569, 182.2108948047591], [48.58840890821494, 181.7440012493295], [48.40180528209106, 181.27746749925973], [48.21423957976405, 180.81129355454982], [48.025711801233896, 180.3454794151997], [47.83622194650062, 179.88002508120942], [47.64577001556422, 179.414930552579], [47.45435600842467, 178.95019582930837], [47.26497770810479, 178.48467312664857], [47.08139273460426, 178.01692373509493], [46.90361275808031, 177.54694318640253], [46.731637778532985, 177.0747314805714], [46.56546779596227, 176.6002886176015], [46.40510281036817, 176.1236145974929], [46.25054282175068, 175.6447094202455], [46.10178783010979, 175.16357308585938], [45.95883783544553, 174.68020559433452], [45.82169283775786, 174.19460694567087], [45.69035283704681, 173.70677713986854], [45.56481783331237, 173.21671617692743], [45.44508782655455, 172.72442405684762], [45.33116281677332, 172.22990077962905], [45.22304280396871, 171.7331463452717], [45.120727788140705, 171.23416075377563], [45.02421776928932, 170.73294400514087], [44.93351274741455, 170.22949609936728], [44.84861272251638, 169.723817036455], [44.769517694594825, 169.21590681640396], [44.696227663649886, 168.7057654392142], [44.62874262968155, 168.19339290488568], [44.56706259268982, 167.67878921341838], [44.511187552674706, 167.1619543648124], [44.4611175096362, 166.64288835906763], [44.416852463574315, 166.1215911961841], [44.37839241448903, 165.5980628761619], [44.34573736238036, 165.0723033990009], [44.318887307248296, 164.54431276470115], [44.29784224909284, 164.01409097326268], [44.28260218791401, 163.4816380246855], [44.273526261958914, 162.94842565423875], [44.27176880803884, 162.41918429153068], [44.277417053000995, 161.89427138895886], [44.290470996845386, 161.37368694652318], [44.310930639572, 160.85743096422368], [44.338795981180844, 160.34550344206033], [44.37406702167193, 159.8379043800332], [44.41674376104523, 159.33463377814223], [44.46682619930076, 158.8356916363874], [44.52431433643853, 158.34107795476874], [44.58920817245853, 157.85079273328628], [44.66150770736073, 157.36483597193995], [44.74121294114519, 156.88320767072983], [44.82832387381186, 156.40590782965586], [44.92284050536076, 155.93293644871807], [45.024762835791904, 155.4642935279165], [45.13409086510527, 154.99997906725105], [45.25082459330086, 154.53999306672176], [45.374964020378684, 154.0843355263287], [45.50650914633873, 153.6330064460717], [45.64545997118101, 153.18600582595099], [45.79181649490552, 152.74333366596636], [45.94557871751226, 152.30498996611797], [46.10674663900122, 151.87097472640573], [46.275320259372414, 151.44128794682968], [46.45129957862585, 151.01592962738977], [46.6346845967615, 150.59489976808607], [46.82547531377938, 150.17819836891852], [47.02367172967949, 149.76582542988712], [47.22927384446183, 149.35778095099187], [47.4422816581264, 148.95406493223282], [47.662695170673196, 148.55467737361], [47.890514382102225, 148.15961827512328], [48.125739292413485, 147.76888763677277], [48.36836990160697, 147.38248545855842], [48.618406209682675, 147.00041174048022], [48.87584821664062, 146.62266648253825], [49.140710148739466, 146.2486075605328], [49.41318017949966, 145.8697414714326], [49.693316835731316, 145.48342651709524], [49.981120117434465, 145.0896626975207], [50.2765900246091, 144.68845001270907], [50.57972655725522, 144.27978846266026], [50.89052971537282, 143.86367804737432], [51.208999498961894, 143.44011876685119], [51.535135908022475, 143.0091106210909], [51.86893894255452, 142.5706536100935], [52.21040860255803, 142.1247477338589], [52.55954488803305, 141.67139299238715], [52.91634779897955, 141.21058938567828], [53.280817335397515, 140.74233691373223], [53.65295349728699, 140.26663557654902], [54.03275628464792, 139.78348537412867], [54.42022569748034, 139.2928863064712], [54.81536173578426, 138.79483837357654], [55.21816439955965, 138.2893415754447], [55.628633688806524, 137.7763959120757], [56.04676960352488, 137.2560013834696], [56.47257214371472, 136.7281579896263], [56.906041309376036, 136.19286573054586], [57.347177100508844, 135.6501246062283], [57.795979517113125, 135.09993461667355], [58.25244855918889, 134.54229576188166], [58.71658422673616, 133.97720804185263], [59.188386519754886, 133.4046714565864], [59.651059758385124, 132.8341613598977], [60.03123222265657, 132.30707071786497], [60.320329645775736, 131.82823673935658], [60.51835202774259, 131.39765942437256], [60.625299368557165, 131.01533877291288], [60.64117166821943, 130.68127478497757], [60.565968926729404, 130.39546746056664], [60.39969114408709, 130.1579167996801], [60.142338320292474, 129.96862280231787], [59.79391045534557, 129.82758546848], [59.35440754924637, 129.73480479816652], [58.834338584358356, 129.68229744922238], [58.32075136029913, 129.60393595619442], [57.833055991083896, 129.48497506820175], [57.371252476712655, 129.32541478524445], [56.935340817185455, 129.1252551073225], [56.525321012502246, 128.88449603443587], [56.141193062663035, 128.60313756658456], [55.78295696766786, 128.2811797037686], [55.45061272751665, 127.91862244598796], [55.14416034220948, 127.5154657932427], 