{"harita_boyut": {"genislik": 476, "yukseklik": 199}, "baslangic": [461.28569306582693, 20.15613490870745], "hedef": [132.51370602406809, 62.85599955920543], "engeller": [["daire", 341, 169, 13], ["dikdortgen", 225, 12, 7, 8], ["daire", 385, 94, 8], ["daire", 432, 132, 6], ["daire", 373, 66, 9], ["dikdortgen", 261, 117, 10, 7], ["daire", 451, 70, 5], ["daire", 278, 123, 7], ["dikdortgen", 221, 76, 20, 10], ["dikdortgen", 226, 28, 14, 12], ["dikdortgen", 382, 81, 14, 10], ["daire", 345, 18, 6], ["dikdortgen", 395, 124, 15, 8], ["dikdortgen", 163, 96, 5, 9], ["dikdortgen", 180, 96, 5, 12], ["dikdortgen", 226, 77, 7, 19], ["dikdortgen", 76, 87, 10, 15], ["daire", 198, 100, 4], ["daire", 213, 112, 11], ["daire", 26, 102, 13], ["dikdortgen", 343, 104, 16, 8], ["daire", 407, 91, 4], ["daire", 405, 74, 5], ["dikdortgen", 407, 32, 10, 7], ["daire", 174, 88, 12], ["daire", 257, 89, 11], ["daire", 176, 86, 5], ["daire", 206, 91, 13], ["daire", 406, 173, 5], ["dikdortgen", 426, 169, 9, 16], ["dikdortgen", 433, 44, 5, 19], ["daire", 291, 194, 4], ["daire", 245, 49, 14], ["dikdortgen", 308, 144, 15, 10], ["daire", 115, 122, 6], ["daire", 151, 28, 8], ["daire", 363, 102, 3], ["dikdortgen", 69, 142, 19, 9], ["dikdortgen", 307, 158, 5, 10], ["daire", 275, 93, 7], ["dikdortgen", 113, 20, 15, 11], ["dikdortgen", 443, 136, 17, 19], ["dikdortgen", 342, 48, 5, 19], ["dikdortgen", 51, 33, 20, 8], ["dikdortgen", 388, 133, 16, 9], ["dikdortgen", 452, 164, 10, 17], ["dikdortgen", 210, 186, 5, 12]], "rrt_path": [[461.28569306582693, 20.15613490870745], [446.3418306792958, 23.78430194840448], [431.47910426349125, 34.63371355934631], [422.236809029448, 44.95950936534309], [403.51985317225984, 48.16067519929121], [395.9135703276836, 50.12145026277703], [376.1810024047743, 51.06187380495003], [368.4142979832483, 50.91304038338672], [362.3487596179025, 56.11120062610122], [352.8650868832368, 69.69383603545181], [353.77256366259195, 73.58953698584972], [336.59422147908157, 79.04332567931783], [336.8038851965514, 82.48541224073206], [325.8882774328426, 81.09458723110961], [316.33504754275486, 80.25496905371156], [298.323110232261, 75.51607038158417], [294.988399220895, 73.30706552177182], [277.934121069857, 69.4406925614237], [260.94380778166504, 70.688374794332], [242.61043225871546, 69.85377667440125], [231.13797356345066, 70.53691980886073], [220.06450347602038, 70.49299536171979], [208.3592018827291, 70.3239460498318], [191.74564754432907, 70.44597245263652], [173.5131124365537, 67.82302365669038], [169.52138017546196, 67.56597588727927], [151.19147838858598, 65.99317638057038], [132.51370602406809, 62.85599955920543]]}