{"harita_boyut": {"genislik": 442, "yukseklik": 132}, "baslangic": [314.28300596088366, 56.08271915736458], "hedef": [222.64480660899872, 126.9519862733891], "engeller": [["dikdortgen", 125, 116, 19, 10], ["daire", 54, 81, 10], ["dikdortgen", 408, 7, 11, 11], ["dikdortgen", 84, 76, 19, 16], ["dikdortgen", 232, 75, 7, 6], ["dikdortgen", 424, 105, 15, 9], ["daire", 415, 19, 15], ["dikdortgen", 389, 72, 10, 17], ["daire", 159, 110, 8], ["daire", 23, 26, 15], ["daire", 145, 103, 7], ["daire", 63, 30, 11], ["dikdortgen", 66, 78, 16, 14], ["dikdortgen", 399, 0, 5, 8], ["daire", 69, 51, 10], ["daire", 108, 94, 12], ["dikdortgen", 261, 66, 8, 19], ["dikdortgen", 40, 76, 20, 20], ["dikdortgen", 212, 18, 5, 6], ["dikdortgen", 111, 18, 8, 17], ["dikdortgen", 147, 37, 18, 14], ["dikdortgen", 205, 62, 20, 5], ["daire", 19, 115, 5], ["daire", 329, 39, 7], ["daire", 397, 45, 6], ["dikdortgen", 196, 7, 17, 8], ["daire", 81, 78, 9], ["dikdortgen", 335, 23, 12, 10], ["daire", 55, 86, 15]], "rrt_path": [[314.28300596088366, 56.08271915736456], [314.5064382004708, 56.55137083536482], [314.73735752244676, 57.01363236170191], [314.97576392681145, 57.469503736375835], [315.22165741356486, 57.9189849593866], [315.47503798270714, 58.362076030734194], [315.73590563423807, 58.79877695041861], [316.0042603681577, 59.22908771843986], [316.2801021844661, 59.653008334797924], [316.5634310831632, 60.07053879949284], [316.8542470642492, 60.48167911252459], [317.1525501277239, 60.886429273893164], [317.4583402735873, 61.28478928359857], [317.77161750183944, 61.676759141640794], [318.09238181248026, 62.062338848019856], [318.42063320550994, 62.441528402735756], [318.7563716809283, 62.814327805788466], [319.0995972387355, 63.180737057178035], [319.4503098789314, 63.54075615690443], [319.808509601516, 63.89438510496765], [320.17419640648944, 64.2416239013677], [320.54737029385154, 64.58247254610458], [320.9280312636024, 64.9169310391783], [321.3161793157421, 65.24499938058884], [321.7118144502704, 65.56667757033621], [322.1149366671875, 65.88196560842042], [322.52554596649344, 66.19086349484145], [322.94364234818806, 66.49337122959932], [323.36922581227145, 66.78948881269402], [323.80229635874355, 67.07921624412555], [324.24285398760435, 67.36255352389391], [324.69089869885397, 67.6395006519991], [325.14643049249236, 67.91005762844111], [325.60944936851945, 68.17422445321998], [326.0799553269353, 68.43200112633565], [326.5579483677399, 68.68338764778818], [327.04342849093325, 68.92838401757753], [327.53639569651534, 69.1669902357037], [328.03684998448614, 69.3992063021667], [328.5447913548457, 69.62503221696653], [329.0602198075941, 69.84446798010322], [329.57803866224225, 70.06061699672937], [330.02455702234147, 70.31835018002874], [330.37559008170933, 70.63239383122536], [330.631137840346, 71.00274795031922], [330.7912002982514, 71.42941253731036], [330.85577745542537, 71.91238759219873], [330.83670969469745, 72.43948758753244], [330.7856026805249, 72.95760256479261], [330.7084697124358, 73.46054393805844], [330.60531079043, 73.94831170732992], [330.4761259145075, 74.42090587260708], [330.32091508466857, 74.87832643388994], [330.1396783009129, 75.32057339117843], [329.93241556324057, 75.74764674447258], [329.69912687165163, 76.1595464937724], [329.4398122261461, 76.55627263907787], [329.1544716267239, 76.93782518038901], [328.843105073385, 77.30420411770585], [328.50571256612955, 77.65540945102832], [328.14229410495744, 77.99144118035647], [327.7528496898687, 78.31229930569026], [327.33737932086336, 78.61798382702975], [326.89588299794127, 78.90849474437488], [326.42836072110265, 79.18383205772568], [325.9348124903474, 79.44399576708214], [325.4188211820992, 79.69102379014161], [324.9030318206291, 79.93779647505482], [324.3914165613502, 80.18657315897306], [323.8839754042624, 80.43735384189632], [323.38070834936553, 80.69013852382459], [322.8816153966598, 80.94492720475787], [322.38669654614506, 81.20171988469616], [321.89595179782145, 81.46051656363946], [321.4093811516889, 81.72131724158778], [320.9269846077474, 81.98412191854112], [320.4487621659969, 82.24893059449947], [319.97471382643744, 82.5157432694628], [319.50483958906915, 82.78455994343118], [319.0391394538919, 83.05538061640456], [318.57761342090566, 83.32820528838295], [318.1202614901105, 83.60303395936637], [317.66708366150635, 83.87986662935477], [317.2180799350934, 84.15870329834823], [316.77325031087145, 84.43954396634666], [316.3325947888405, 84.72238863335012], [315.89611336900066, 85.0072372993586], [315.46380605135187, 85.29408996437209], [315.0356728358941, 85.58294662839057], [314.6117137226274, 85.8738072914141], [314.19192871155184, 86.1666719534426], [313.7763178026673, 86.46154061447615], [313.36488099597375, 86.7584132745147], [312.9576182914713, 87.05728993355824], [312.55452968915995, 87.35817059160682], [312.1556151890396, 87.6610552486604], [311.7608747911104, 87.965943904719], [311.3703084953722, 88.27283655978263], [310.9839163018251, 88.58173321385124], [310.6013440629937, 88.89254862027575], [310.2194097550804, 89.20451683581173], [309.83735647040373, 89.51745566561657], [309.45518420896383, 89.83136510969025], [309.07289297076056, 90.14624516803278], [308.6904827557938, 90.46209584064411], [308.3079535640639, 90.7789171275243], [307.92530539557055, 91.0967090286733], [307.54253825031384, 91.41547154409113], [307.1596521282938, 91.73520467377782], [306.7766470295105, 92.05590841773332], [306.3935229539638, 92.37758277595766], [306.01027990165375, 92.70022774845083], [305.62691787258024, 93.0238433352128], [305.24343686674354, 93.34842953624364], [304.8598368841435, 93.6739863515433], [304.47611792478006, 94.00051378111183], [304.0922799886533, 94.32801182494914], [303.70832307576313, 94.65648048305532], [303.3242471861097, 94.98591975543033], [302.9400523196929, 95.31632964207415], [302.5557384765128, 95.64771014298682], [302.1713056565692, 95.98006125816829], [301.7867538598624, 96.31338298761861], [301.40034858842506, 96.64386794073405], [301.0089179289793, 96.96455346143831], [300.6123942696864, 97.27529113521344], [300.21077761054613, 97.57608096205942], [299.80406795155864, 97.86692294197623], [299.39226529272395, 98.1478170749639], [298.97536963404207, 98.41876336102243], [298.5533809755128, 98.67976180015177], [298.1262993171365, 98.93081239235201], [297.6941246589128, 99.17191513762305], [297.256857000842, 99.40307003596496], [296.81449634292386, 99.6242770873777], [296.3670426851586, 99.83553629186133], [295.914496027546, 100.03684764941576], [295.4568563700862, 100.22821116004106], [294.9941237127791, 100.4096268237372], [294.5262980556249, 100.5810946405042], [294.0533793986234, 100.74261461034203], [293.57536774177476, 100.8941867332507], [293.0922630850787, 101.03581100923024], [292.6040654285356, 101.16748743828063], [292.1107747721451, 101.28921602040185], [291.6123911159075, 101.40099675559392], [291.1089144598226, 101.50282964385686], [290.6003448038905, 101.59471468519064], [290.086809068827, 101.6768408675343], [289.5721693580983, 101.7549589540233], [289.05824089725877, 101.83177185831423], [288.54502368630847, 101.90727958040713], [288.03251772524743, 101.98148212030202], [287.52072301407566, 102.05437947799888], [287.00963955279303, 102.1259716534977], [286.4992673413997, 102.19625864679847], [285.9896063798956, 102.26524045790124], [285.48065666828063, 102.33291708680596], [284.97241820655495, 102.39928853351266], [284.46489099471853, 102.46435479802132], [283.9580750327713, 102.52811588033194], [283.4519703207133, 102.59057178044456], [282.9465768585445, 102.6517224983591], [282.44189464626504, 102.71156803407567], [281.93792368387466, 102.77010838759418], [281.4346639713736, 102.82734355891465], [280.93211550876174, 102.8832735480371], [280.4302782960391, 102.9378983549615], [279.9291523332057, 102.99121797968789], [279.4287376202615, 103.04323242221622], [278.92894521164015, 103.09403732663506], [278.429087217421, 103.14437238809731], [277.9290187612509, 