{"harita_boyut": {"genislik": 352, "yukseklik": 330}, "baslangic": [184.3313200155596, 212.7121104920623], "hedef": [293.30351672925946, 227.16805306886266], "engeller": [["dikdortgen", 229, 218, 9, 8], ["daire", 158, 159, 3], ["daire", 131, 182, 11], ["dikdortgen", 84, 279, 8, 18], ["daire", 302, 94, 10], ["daire", 262, 124, 8], ["daire", 265, 23, 14], ["dikdortgen", 92, 278, 20, 11], ["dikdortgen", 328, 68, 9, 19], ["dikdortgen", 154, 297, 12, 19], ["daire", 215, 270, 4], ["daire", 69, 138, 11], ["daire", 125, 249, 15], ["daire", 118, 66, 8], ["daire", 23, 291, 15], ["dikdortgen", 150, 39, 14, 8], ["daire", 80, 128, 9], ["dikdortgen", 331, 281, 19, 12], ["daire", 280, 160, 7], ["dikdortgen", 62, 76, 14, 17], ["daire", 343, 100, 4], ["daire", 33, 115, 15], ["dikdortgen", 287, 269, 13, 16], ["dikdortgen", 234, 274, 20, 20], ["dikdortgen", 46, 13, 10, 12], ["daire", 103, 228, 9], ["dikdortgen", 329, 165, 18, 13], ["daire", 127, 73, 15], ["dikdortgen", 107, 154, 7, 12], ["dikdortgen", 297, 192, 18, 15], ["dikdortgen", 50, 17, 19, 7], ["dikdortgen", 198, 143, 8, 9], ["dikdortgen", 119, 221, 13, 12], ["daire", 228, 73, 8], ["daire", 287, 144, 6], ["dikdortgen", 169, 222, 15, 11], ["daire", 20, 311, 14], ["daire", 112, 205, 4], ["dikdortgen", 329, 217, 9, 18], ["dikdortgen", 31, 58, 13, 9], ["daire", 50, 156, 14], ["daire", 315, 283, 11], ["daire", 294, 274, 11], ["daire", 151, 87, 11], ["daire", 155, 294, 5], ["dikdortgen", 281, 34, 8, 7], ["dikdortgen", 151, 282, 19, 15], ["daire", 259, 218, 15], ["daire", 200, 244, 7], ["daire", 168, 244, 6], ["dikdortgen", 233, 284, 7, 15], ["dikdortgen", 107, 11, 19, 20], ["daire", 152, 273, 7], ["daire", 309, 90, 3], ["dikdortgen", 117, 2, 11, 17], ["daire", 245, 78, 15], ["daire", 280, 282, 15], ["dikdortgen", 176, 186, 5, 16]], "rrt_path": [[184.3313200155596, 212.71211049206224], [184.60082341508297, 212.28722115298615], [184.87350701148202, 211.86446210699447], [185.14937080475687, 211.4438333540873], [185.4284147949075, 211.0253348942647], [185.71063898193395, 210.60896672752654], [185.9960433658361, 210.1947288538728], [186.28462794661408, 209.78262127330368], [186.57639272426783, 209.372643985819], [186.8713376987974, 208.96479699141884], [187.16946287020272, 208.55908029010317], [187.4707682384837, 208.15549388187193], [187.77525380364057, 207.75403776672522], [188.08291956567322, 207.35471194466305], [188.3937655245816, 206.95751641568535], [188.70779168036577, 206.5624511797921], [189.02499803302575, 206.16951623698344], [189.34538458256145, 205.77871158725918], [189.668951328973, 205.39003723061947], [189.99569827226026, 205.00349316706422], [190.32562541242334, 204.6190793965935], [190.65873274946216, 204.23679591920725], [190.9950202833768, 203.8566427349055], [191.33448801416714, 203.4786198436882], [191.67713594183334, 203.1027272455555], [192.02296406637527, 202.7289649405072], [192.371972387793, 202.35733292854349], [192.72416090608652, 201.9878312096642], [193.07952962125574, 201.62045978386942], [193.43807853330082, 201.25521865115917], [193.79980764222162, 200.89210781153332], [194.16471694801828, 200.53112726499205], [194.53207390419942, 200.17192071642054], [194.89614368334193, 199.8116988670932], [195.25570595661262, 199.44986817488433], [195.61076072401144, 199.08642863979384], [195.9613079855384, 198.7213802618218], [196.30734774119347, 198.35472304096814], [196.6488799909767, 197.9864569772329], [196.98590473488804, 197.6165820706161], [197.3184219729275, 197.2450983211177], [197.64643170509515, 196.87200572873778], [197.96993393139093, 196.49730429347625], [198.2889286518148, 196.1209940153332], [198.6034158663669, 195.7430748943085], [198.91339557504705, 195.3635469304022], [199.21886777785534, 194.98241012361444], [199.51983247479177, 194.59966447394498], [199.8162896658564, 194.215309981394], [200.1082393510491, 193.82934664596144], [200.39568153036996, 193.4417744676473], [200.678616203819, 193.0525934464516], [200.95704337139608, 192.66180358237432], [201.23096303310138, 192.26940487541546], [201.5003751889348, 191.875397325575], [201.76527983889633, 191.47978093285298], [202.02567698298603, 191.0825556972494], [202.28156662120375, 190.6837216187642], [202.53294875354976, 190.28327869739746], [202.77982338002386, 189.88122693314915], [203.0221905006261, 189.47756632601926], [203.26005011535642, 189.07229687600773], [203.49340222421495, 188.6654185831147], [203.72224682720156, 188.2569314473401], [203.94692786882325, 187.84550614027538], [204.16924804471572, 187.4241753329696], [204.38946813908808, 186.99193110742746], [204.60758815194052, 186.54877346364898], [204.82360808327303, 186.0947024016342], [205.0375279330855, 185.62971792138302], [205.24934770137799, 185.15382002289547], [205.45906738815054, 184.66700870617163], [205.66668699340315, 184.16928397121143], [205.87220651713568, 183.66064581801484], [206.07562595934832, 183.14109424658196], [206.2769453200409, 182.61062925691266], [206.47616459921352, 182.069250849007], [206.6732837968662, 181.51695902286508], [206.86830291299887, 180.9537537784867], [207.06122194761159, 180.37963511587208], [207.2520409007043, 179.79460303502103], [207.44075977227706, 179.19865753593368], [207.62737856232982, 178.59179861860997], [207.81189727086257, 177.97402628304985], [207.9943158978754, 177.34534052925346], [208.17890189634656, 176.722297955469], [208.3915341549763, 176.205301862096], [208.63657184205755, 175.8112646787475], [208.91401495759035, 175.5401864054236], [209.22386350157467, 175.39206704212438], [209.56611747401055, 175.36690658884973], [209.940776874898, 175.46470504559966], [210.34784170423694, 175.68546241237416], [210.78512076283022, 176.01720650849094], [211.23219596030515, 176.34837784294626], [211.684072909366, 176.65168829552834], [212.14075161001276, 176.9271378662372], [212.60223206224555, 177.17472655507282], [213.06851426606423, 177.3944543620352], [213.53959822146882, 177.5863212871243], [214.0154839284594, 177.75032733034016], [214.49617138703584, 177.88647249168278], [214.9816605971983, 177.9947567711522], [215.47195155894664, 178.0751801687483], [215.96704427228096, 178.12774268447123], [216.46693873720125, 178.15244431832087], [216.9716349537074, 178.1492850702973], [217.48113292179949, 178.11826494040048], [217.99543264147752, 178.05938392863038], [218.51453411274153, 177.97264203498705], [219.0368782222712, 177.8672669255841], [219.55871257155547, 177.76546730079934], [220.07987223363475, 177.66821928654795], [220.600357208509, 177.57552288282994], [221.1201674961783, 177.48737808964535], [221.63930309664255, 177.40378490699405], [222.15776400990177, 177.32474333487613], [222.675550235956, 177.25025337329154], [223.1926617748053, 177.1803150222404], [223.70909862644945, 177.1149282817226], [224.2248607908887, 177.0540931517381], [224.739948268123, 176.9978096322871], [225.25436105815214, 176.94607772336937], [225.7680991609764, 176.89889742498502], [226.2811625765956, 176.85626873713403], [226.79355130500974, 176.81819165981642], [227.30526534621902, 176.78466619303222], [227.81630470022318, 176.75569233678132], [228.32666936702236, 176.7312700910638], [228.83635934661655, 176.71139945587967], [229.34537463900568, 176.69608043122886], [229.85371524418989, 176.68531301711147], [230.36138116216904, 176.67909721352743], [230.8683723929432, 176.67743302047677], [231.37468893651237, 176.68032043795944], [231.88033079287658, 176.68775946597555], [232.38529796203565, 176.69975010452495], [232.8895904439898, 176.71629235360774], [233.39320823873896, 176.7373862132239], [233.89615134628306, 176.7630316833734], [234.39841976662217, 176.7932287640563], [234.9000134997563, 176.8279774552726], [235.4009325456854, 176.86727775702218], [235.90117690440954, 176.91112966930518], [236.40089382027415, 176.95881572701143], [236.90034656134924, 177.00905312600983], [237.39954033972697, 177.06181646977785], [237.89847515540737, 177.1171057583154], [238.39715100839038, 177.17492099162263], [238.89556789867612, 177.23526216969947], 