{"harita_boyut": {"genislik": 403, "yukseklik": 161}, "baslangic": [185.41227239693146, 140.23341173408184], "hedef": [101.57428630361551, 44.66136065579992], "engeller": [["dikdortgen", 45, 20, 17, 17], ["dikdortgen", 7, 93, 5, 5], ["dikdortgen", 333, 2, 16, 12], ["dikdortgen", 185, 27, 7, 12], ["dikdortgen", 108, 40, 10, 14], ["dikdortgen", 113, 59, 11, 9], ["daire", 329, 33, 9], ["dikdortgen", 360, 130, 10, 7], ["dikdortgen", 114, 47, 11, 17], ["daire", 46, 91, 8], ["dikdortgen", 193, 138, 16, 13], ["dikdortgen", 27, 2, 18, 20], ["dikdortgen", 84, 24, 16, 15], ["dikdortgen", 177, 113, 12, 9], ["dikdortgen", 88, 14, 8, 14], ["dikdortgen", 358, 29, 16, 10], ["daire", 230, 71, 6], ["daire", 243, 55, 9], ["daire", 28, 108, 12], ["daire", 351, 36, 6], ["daire", 386, 57, 14], ["dikdortgen", 343, 42, 8, 19], ["daire", 205, 125, 6], ["daire", 259, 99, 14], ["dikdortgen", 231, 99, 17, 16], ["dikdortgen", 72, 37, 14, 5], ["dikdortgen", 281, 8, 18, 18], ["daire", 356, 8, 4], ["daire", 201, 147, 6], ["dikdortgen", 231, 67, 20, 9], ["daire", 89, 94, 6], ["daire", 362, 136, 3]], "rrt_path": [[185.41227239693146, 140.23341173408184], [175.22706807557267, 131.12207670210879], [162.8491781026434, 121.79525372437708], [151.75720096551825, 110.08322328839044], [141.01944268925195, 101.22010836316336], [133.09002316566827, 95.26098567550423], [123.32510864599936, 86.21725329554934], [122.59665712852393, 86.95476796932982], [103.0822859676766, 86.1664085046091], [99.15232542602871, 85.42115006548167], [91.09169555045538, 67.88748970513826], [92.70915470054821, 64.2290985426488], [100.4301497449792, 48.49423836519685], [101.57428630361551, 44.66136065579992]]}