{"harita_boyut": {"genislik": 236, "yukseklik": 271}, "baslangic": [78.58122673625878, 107.55432059405797], "hedef": [184.2417925540248, 59.878339373567044], "engeller": [["daire", 202, 197, 6], ["daire", 67, 73, 11], ["daire", 80, 137, 13], ["dikdortgen", 68, 194, 12, 20], ["dikdortgen", 71, 31, 9, 5], ["daire", 66, 211, 8], ["dikdortgen", 172, 183, 6, 14], ["dikdortgen", 147, 109, 17, 11], ["daire", 83, 180, 10], ["daire", 15, 77, 14], ["daire", 140, 132, 10], ["dikdortgen", 44, 139, 9, 10], ["dikdortgen", 215, 116, 6, 11], ["daire", 107, 5, 5], ["dikdortgen", 102, 62, 19, 17], ["dikdortgen", 8, 40, 20, 5], ["dikdortgen", 45, 192, 13, 10], ["dikdortgen", 168, 76, 6, 16], ["daire", 123, 66, 11], ["dikdortgen", 168, 241, 12, 20], ["daire", 172, 28, 15], ["daire", 106, 142, 10], ["dikdortgen", 89, 168, 6, 17], ["daire", 129, 219, 13], ["dikdortgen", 81, 204, 20, 8], ["dikdortgen", 214, 91, 7, 20], ["dikdortgen", 51, 53, 10, 15], ["dikdortgen", 123, 174, 9, 8], ["dikdortgen", 27, 133, 11, 15], ["dikdortgen", 210, 88, 5, 10], ["dikdortgen", 83, 146, 15, 14]], "rrt_path": [[78.58122673625878, 107.55432059405797], [93.62592944885202, 108.61533693917406], [107.75746611774488, 120.19073421072883], [121.79458842206768, 131.11702923046988], [123.97648585239264, 128.90160377224694], [129.929345443626, 112.91984209347078], [132.44384600734668, 104.1165171378949], [145.7579602964645, 91.66049516555685], [150.7031126732517, 85.39670540794691], [161.8266441655692, 70.485833643883], [167.5855138982562, 68.61884007378674], [184.2417925540248, 59.878339373567044]]}