{"harita_boyut": {"genislik": 393, "yukseklik": 244}, "baslangic": [19.80840844048183, 43.603016630750446], "hedef": [169.26231543530062, 130.25639693830928], "engeller": [["daire", 216, 50, 4], ["dikdortgen", 163, 173, 6, 10], ["dikdortgen", 130, 68, 20, 20], ["daire", 265, 191, 8], ["dikdortgen", 378, 180, 14, 16], ["daire", 306, 179, 14], ["daire", 283, 68, 4], ["daire", 259, 229, 9], ["daire", 156, 56, 7], ["daire", 232, 43, 4], ["daire", 337, 155, 8], ["dikdortgen", 73, 115, 8, 6], ["dikdortgen", 93, 159, 5, 7], ["daire", 180, 102, 14], ["dikdortgen", 367, 29, 14, 11], ["dikdortgen", 122, 126, 20, 16], ["daire", 353, 143, 9], ["dikdortgen", 21, 84, 18, 11], ["daire", 114, 51, 14], ["dikdortgen", 322, 9, 5, 19], ["dikdortgen", 315, 108, 13, 13], ["daire", 117, 129, 8], ["daire", 229, 212, 4], ["daire", 312, 104, 6], ["daire", 22, 137, 9], ["dikdortgen", 370, 16, 10, 9], ["daire", 173, 150, 8], ["dikdortgen", 360, 196, 7, 14], ["dikdortgen", 278, 173, 11, 20], ["daire", 37, 109, 13], ["daire", 354, 52, 8], ["daire", 288, 169, 7], ["daire", 144, 209, 11], ["daire", 353, 21, 6], ["dikdortgen", 96, 40, 17, 20], ["daire", 227, 41, 15], ["dikdortgen", 123, 63, 12, 19], ["daire", 12, 222, 3], ["daire", 261, 7, 3], ["dikdortgen", 110, 157, 15, 17], ["dikdortgen", 334, 105, 13, 7], ["daire", 123, 175, 13], ["daire", 58, 66, 10], ["daire", 153, 87, 5], ["daire", 355, 177, 13], ["daire", 111, 96, 7], ["dikdortgen", 62, 79, 12, 19]], "rrt_path": [[19.80840844048183, 43.603016630750446], [34.56095906955118, 47.98817737302199], [54.42918682757412, 50.09068248670498], [58.42918356463874, 50.08557333096177], [68.95200707255029, 53.879059738177816], [78.2039637430065, 60.96260728956491], [88.81362271485568, 69.2381255079048], [95.12609724296813, 87.45291232731134], [92.6049219428135, 101.72798812651953], [100.27486685243551, 114.9223269170816], [102.5649688644989, 116.65650743691077], [120.89341031886822, 115.09692858207869], [127.72001584738692, 116.71789927155203], [144.67051915950032, 115.6857268439383], [162.56342577629627, 121.38701739706642], [169.26231543530062, 130.25639693830928]]}