{"harita_boyut": {"genislik": 360, "yukseklik": 225}, "baslangic": [197.41931617553416, 218.80254091499944], "hedef": [300.13695610885856, 141.91125845720666], "engeller": [["dikdortgen", 89, 164, 6, 7], ["daire", 159, 17, 10], ["dikdortgen", 294, 15, 14, 5], ["dikdortgen", 43, 105, 19, 12], ["daire", 225, 149, 10], ["dikdortgen", 130, 123, 16, 19], ["dikdortgen", 248, 81, 14, 7], ["dikdortgen", 31, 67, 9, 7], ["daire", 134, 35, 8], ["daire", 33, 162, 11], ["dikdortgen", 184, 154, 6, 18], ["dikdortgen", 251, 46, 6, 17], ["daire", 133, 62, 7], ["dikdortgen", 344, 74, 10, 13], ["dikdortgen", 118, 73, 7, 8], ["daire", 257, 86, 7], ["daire", 305, 192, 6], ["dikdortgen", 36, 146, 12, 10], ["dikdortgen", 197, 160, 16, 17], ["daire", 281, 20, 5], ["dikdortgen", 121, 140, 13, 19], ["daire", 110, 213, 7], ["dikdortgen", 100, 10, 20, 19], ["dikdortgen", 41, 107, 8, 20], ["dikdortgen", 315, 146, 18, 17], ["dikdortgen", 164, 72, 19, 16], ["daire", 198, 170, 3], ["daire", 64, 128, 15], ["daire", 345, 200, 3], ["dikdortgen", 126, 23, 15, 17], ["dikdortgen", 140, 116, 19, 18], ["daire", 53, 89, 3], ["daire", 294, 105, 12], ["daire", 332, 163, 10], ["dikdortgen", 330, 13, 8, 14], ["dikdortgen", 126, 42, 18, 6], ["dikdortgen", 187, 111, 17, 20], ["daire", 8, 123, 8], ["dikdortgen", 294, 173, 20, 6], ["dikdortgen", 126, 50, 7, 10]], "rrt_path": [[197.4193161755342, 218.8025409149995], [197.7239307652514, 218.40665457127926], [198.0289160992681, 218.01083730777577], [198.3342721775844, 217.6150891244893], [198.6399990002003, 217.21941002141958], [198.94609656711575, 216.8237999985668], [199.2525648783307, 216.42825905593088], [199.5594039338453, 216.03278719351187], [199.86661373365942, 215.6373844113097], [200.17419427777307, 215.24205070932442], [200.48214556618638, 214.846786087556], [200.7904675988992, 214.4515905460045], [201.0991603759116, 214.05646408466984], [201.4082238972235, 213.66140670355205], [201.71765816283502, 213.26641840265117], [202.0274631727461, 212.87149918196715], [202.33763892695674, 212.47664904150002], [202.64818542546692, 212.0818679812497], [202.9591026682767, 211.68715600121632], [203.27039065538602, 211.2925131013998], [203.58204938679492, 210.89793928180012], [203.89407886250333, 210.50343454241732], [204.20647908251138, 210.10899888325145], [204.51925004681897, 209.71463230430248], [204.8323917554261, 209.32033480557033], [205.1459042083328, 208.92610638705503], [205.45978740553906, 208.53194704875662], [205.77404134704489, 208.1378567906751], [206.0886660328503, 207.7438356128105], [206.40366146295528, 207.34988351516273], [206.71902763735983, 206.95600049773182], [207.03476455606386, 206.56218656051777], [207.35087221906758, 206.16844170352067], [207.66735062637076, 205.7747659267404], [207.98419977797354, 205.38115923017702], [208.3014196738759, 204.98762161383053], [208.6190103140778, 204.59415307770087], [208.93697169857924, 204.2007536217881], [209.25530382738032, 203.80742324609224], [209.57400670048094, 203.41416195061322], [209.89308031788107, 203.0209697353511], [210.21252467958084, 202.62784660030587], [210.5323397855801, 202.23479254547746], [210.85252563587892, 201.84180757086594], [211.17308223047735, 201.4488916764713], [211.49400956937532, 201.05604486229353], [211.81530765257287, 200.66326712833268], [212.13697648006996, 200.27055847458865], [212.45901605186663, 199.87791890106152], [212.78143536161792, 199.4853607977175], [213.10621011688497, 199.09560596674837], [213.4348421532491, 198.7107233881274], [213.76733147071042, 198.3307130618545], [214.10367806926885, 197.95557498792977], [214.44388194892443, 197.58530916635314], [214.7879431096771, 197.2199155971246], [215.13586155152692, 196.85939428024423], [215.48763727447385, 196.50374521571197], [215.84327027851793, 196.15296840352784], [216.20276056365918, 195.80706384369182], [216.56610812989751, 195.46603153620393], [216.933312977233, 195.12987148106419], [217.3043751056656, 194.79858367827256], [217.67929451519535, 194.472168127829], [218.05807120582222, 194.15062482973366], [218.44070517754622, 193.83395378398637], [218.8271964303674, 193.52215499058724], [219.2175449642856, 193.2152284495362], [219.61175077930102, 192.91317416083328], [220.00981387541353, 192.6159921244785], [220.41173425262315, 192.32368234047183], [220.81751191093, 192.03624480881336], [221.22714685033392, 191.75367952950296], [221.64063907083496, 191.4759865025407], [222.05798857243312, 191.2031657279265], [222.47919535512844, 190.93521720566048], [222.90425941892087, 190.67214093574256], [223.33318076381045, 190.41393691817277], [223.76595938979716, 190.1606051529511], [224.20259529688101, 189.91214564007754], [224.64308848506198, 189.66855837955214], [225.08743895434003, 189.42984337137483], [225.53564670471528, 189.19600061554564], [225.98771173618763, 188.9670301120646], [226.44363404875713, 188.74293186093172], [226.9023719517789, 188.5222964916052], [227.35892912263498, 188.2983641565728], [227.81265182259997, 188.07025037049698], [228.26354005167389, 187.83795513337773], [228.71159380985665, 187.60147844521506], [229.1568130971484, 187.36082030600892], [229.5991979135489, 187.11598071575932], [230.0387482590584, 186.86695967446636], [230.47546413367675, 186.6137571821299], [230.90934553740402, 186.35637323875002], [231.34039247024015, 186.09480784432674], [231.76860493218518, 185.82906099885994], [232.1939829232391, 185.55913270234976], [232.61652644340194, 185.28502295479615], [233.03623549267368, 185.0067317561991], [233.45311007105423, 184.72425910655858], [233.86715017854374, 184.43760500587467], [234.27835581514216, 184.14676945414732], [234.6867269808495, 183.85175245137648], [235.0922636756656, 183.55255399756223], [235.4949658995907, 183.24917409270455], [235.89483365262458, 182.94161273680342], [236.29186693476754, 182.62986992985893], [236.68606574601927, 182.3139456718709], [237.07743008637988, 181.99383996283947], [237.46595995584943, 181.66955280276466], [237.85165535442786, 181.34108419164633], [238.23451628211518, 181.0084341294846], [238.61454273891138, 180.67160261627942], [238.99173472481647, 180.33058965203082], [239.36609223983052, 179.98539523673878], [239.73761528395335, 179.6360193704033], [240.10630385718514, 179.28246205302435], [240.47215795952582, 178.924723284602], [240.83517759097543, 178.56280306513625], [241.19536275153388, 178.19670139462704], [241.55164578451098, 177.8265955312767], [241.90178998483472, 177.45285682509294], [242.24572472325883, 177.0754970023295], [242.58344999978328, 176.69451606298642], [242.91496581440808, 176.30991400706364], [243.24027216713324, 175.9216908345612], [243.55936905795872, 175.529846545479], [243.87225648688462, 175.1343811398172], [244.1789344539108, 174.7352946175757], [244.47940295903737, 174.3325869787545], [244.7736620022643, 173.92625822335364], [245.06171158359157, 173.51630835137306], [245.34355170301922, 173.10273736281283], [245.61918236054723, 172.6855452576729], [245.88860355617547, 172.26473203595327], [246.15181528990416, 171.84029769765397], [246.4088175617332, 171.41224224277505], [246.6596103716626, 170.9805656713164], [246.9041937196924, 170.5452679832781], [247.14256760582248, 170.10634917866008], [247.37473203005288, 169.6638092574624], [247.60068699238377, 169.21764821968506], [247.82043249281483, 168.76786606532798], [248.03396853134637, 168.31446279439123], [248.2412951079782, 167.8574384068748], [248.44244921074883, 167.39681172241842], [248.64208819652143, 166.9349524200297], [248.84344847729375, 166.4735071971373], [249.04653005306565, 166.0124760537413], [249.2513329238373, 165.55185898984158], [249.4578570896086, 165.0916560054382], [249.66610255037952, 164.63186710053114], [249.87606930615016, 164.17249227512045], [250.08775735692046, 163.71353152920608], [250.30116670269044, 163.254984862788], [250.51629734346005, 162.7968522758663], [250.7331492792294, 162.33913376844097], [250.95172250999835, 161.88182934051193], [251.172017035767, 161.42493899207923], [251.39403285653535, 