{"harita_boyut": {"genislik": 241, "yukseklik": 143}, "baslangic": [124.32478590357842, 123.39566115720332], "hedef": [190.64676734966162, 24.463361868444935], "engeller": [["dikdortgen", 129, 34, 16, 20], ["dikdortgen", 159, 107, 16, 15], ["dikdortgen", 60, 95, 9, 11], ["daire", 216, 74, 13], ["daire", 162, 27, 9], ["daire", 133, 64, 15], ["dikdortgen", 109, 64, 8, 14], ["daire", 42, 86, 7], ["daire", 78, 126, 4], ["daire", 89, 111, 9], ["daire", 98, 66, 11], ["daire", 138, 118, 9], ["dikdortgen", 103, 67, 19, 14], ["daire", 213, 23, 6], ["dikdortgen", 193, 53, 12, 13], ["dikdortgen", 182, 114, 6, 5], ["dikdortgen", 14, 136, 12, 6]], "rrt_path": [[124.32478590357842, 123.39566115720332], [119.28821868214206, 107.9027581438397], [127.93467334960185, 96.318797343861], [133.0023693694783, 92.78035281654209], [145.68198763387346, 79.48031408440056], [146.71942120210332, 79.05699645084043], [153.87247584333244, 70.40432954465183], [154.4435750808839, 59.369889096944334], [165.88547668008965, 45.90547982510503], [176.1136666154008, 37.65223186684417], [190.64676734966162, 24.463361868444935]]}