{"harita_boyut": {"genislik": 254, "yukseklik": 292}, "baslangic": [217.6617858858783, 248.27808815271268], "hedef": [229.6647122096228, 139.77654950101544], "engeller": [["dikdortgen", 201, 6, 7, 16], ["dikdortgen", 60, 176, 20, 20], ["daire", 148, 229, 15], ["daire", 193, 45, 14], ["daire", 153, 148, 10], ["daire", 31, 111, 15], ["daire", 103, 165, 5], ["dikdortgen", 73, 55, 8, 10], ["dikdortgen", 241, 125, 8, 13], ["dikdortgen", 64, 131, 19, 15], ["daire", 109, 191, 5], ["dikdortgen", 95, 177, 19, 8], ["dikdortgen", 63, 276, 7, 7], ["daire", 20, 122, 4], ["daire", 92, 154, 15], ["dikdortgen", 193, 215, 13, 15], ["dikdortgen", 93, 16, 12, 17], ["dikdortgen", 236, 92, 16, 9], ["daire", 214, 282, 9], ["dikdortgen", 174, 233, 8, 15], ["daire", 149, 197, 12], ["daire", 238, 241, 11], ["dikdortgen", 135, 140, 13, 5], ["dikdortgen", 153, 201, 13, 18], ["daire", 42, 209, 5], ["dikdortgen", 164, 243, 19, 6], ["dikdortgen", 76, 23, 20, 15], ["daire", 15, 144, 9], ["daire", 21, 98, 9], ["daire", 159, 186, 12], ["dikdortgen", 50, 158, 16, 13], ["dikdortgen", 40, 254, 17, 7], ["dikdortgen", 245, 236, 7, 11], ["dikdortgen", 16, 205, 13, 18], ["daire", 145, 244, 7], ["dikdortgen", 158, 278, 20, 11], ["daire", 29, 247, 5]], "rrt_path": [[217.6617858858783, 248.27808815271268], [203.35258587461487, 247.040535447226], [192.18212939194353, 252.54513741714226], [184.8829614839745, 255.4536209363489], [177.0151739155677, 255.66937622431809], [157.9917836483619, 255.969884482986], [144.26916080095646, 257.0480353400647], [132.3938241253476, 251.31943823449566], [129.63285333515913, 248.42512652085352], [121.2589299679288, 233.37474392483884], [118.28737204401266, 218.46117274491468], [116.85292166003387, 208.07430933167987], [121.28567214971984, 190.3667466574387], [122.17097032392951, 186.46594582392504], [127.8010843415865, 167.74699301570288], [123.85583930239092, 149.7795824349128], [117.84462136765141, 144.8877105254242], [118.09578761543787, 142.9902181683647], [133.74528481671067, 131.87059418199993], [152.38753806508637, 132.74185848571474], [156.35761594031837, 133.23020433098569], [173.23374163700063, 131.18011561533703], [180.74160788140128, 131.73465260922077], [197.71892938227677, 130.99933081333796], [207.65392951593913, 134.8787607709146], [222.13973764878338, 137.80105864450522], [229.6647122096228, 139.77654950101544]]}