{"harita_boyut": {"genislik": 298, "yukseklik": 389}, "baslangic": [14.440706123376224, 214.61197374931774], "hedef": [183.44760313304428, 7.388758165985816], "engeller": [["daire", 38, 20, 3], ["dikdortgen", 67, 283, 13, 16], ["dikdortgen", 44, 194, 5, 11], ["dikdortgen", 159, 329, 17, 11], ["daire", 26, 40, 10], ["daire", 231, 243, 10], ["dikdortgen", 30, 200, 15, 7], ["daire", 149, 177, 5], ["daire", 200, 183, 4], ["dikdortgen", 67, 165, 16, 13], ["daire", 102, 15, 8], ["dikdortgen", 261, 370, 11, 8], ["dikdortgen", 193, 304, 19, 10], ["dikdortgen", 161, 163, 13, 15], ["dikdortgen", 63, 59, 13, 8], ["daire", 27, 59, 8], ["dikdortgen", 288, 121, 8, 10], ["dikdortgen", 36, 219, 16, 19], ["daire", 120, 265, 14], ["daire", 166, 66, 11], ["dikdortgen", 47, 284, 11, 6], ["dikdortgen", 26, 362, 20, 10], ["dikdortgen", 202, 218, 5, 15], ["dikdortgen", 8, 267, 8, 7], ["daire", 259, 104, 5], ["daire", 185, 374, 15], ["daire", 105, 344, 5], ["daire", 111, 271, 5], ["daire", 8, 235, 7], ["daire", 26, 364, 9], ["daire", 77, 142, 11], ["daire", 41, 352, 8], ["daire", 209, 64, 5], ["dikdortgen", 121, 180, 11, 13], ["dikdortgen", 191, 177, 8, 6], ["dikdortgen", 33, 222, 16, 9], ["daire", 208, 319, 11], ["dikdortgen", 66, 197, 12, 14], ["dikdortgen", 194, 132, 10, 12], ["dikdortgen", 153, 146, 17, 17], ["dikdortgen", 226, 136, 7, 17], ["daire", 129, 115, 13], ["daire", 227, 140, 12], ["dikdortgen", 124, 248, 5, 13], ["dikdortgen", 130, 36, 7, 11], ["daire", 136, 293, 8], ["dikdortgen", 85, 54, 7, 10], ["daire", 77, 26, 6], ["daire", 219, 68, 7], ["daire", 259, 373, 5], ["dikdortgen", 221, 198, 19, 7], ["daire", 136, 316, 9], ["daire", 283, 221, 12], ["daire", 127, 233, 4], ["daire", 156, 80, 10], ["dikdortgen", 151, 326, 14, 14], ["daire", 18, 95, 3]], "rrt_path": [[14.440706123376224, 214.61197374931774], [33.12661744447691, 213.84310161000457], [48.82711643297653, 213.07324145908942], [52.22537686179079, 210.96330637526455], [65.03723380284363, 219.2481293231694], [81.40630379281765, 221.8852273029211], [87.68283865889249, 218.10580876974683], [103.54837527855969, 210.73957049815738], [119.90415100048376, 204.77825522456646], [134.48088095353458, 210.67929365202772], [147.83443577666117, 212.83683559085193], [163.7161457042592, 222.00837367317416], [173.72690575686448, 232.93154753722774], [176.13008041083532, 233.16774011121493], [181.64489939636516, 215.28209789204098], [186.78273035236467, 202.05488773626698], [184.38678183800428, 182.82162141916], [183.1604518735735, 175.11185257771186], [180.086270149667, 157.74366341835602], [181.22036309598013, 140.1884563968486], [183.63177985751526, 129.17098675597515], [186.35178575039322, 110.01377120639951], [185.49557196520044, 95.49815798771154], [185.05366931537722, 79.3090524468312], [183.6533646424514, 64.51395383897703], [184.3580471392761, 46.28112490896492], [182.8634534522117, 33.596201686191655], [183.6852376158853, 26.04415249274439], [183.44760313304428, 7.388758165985816]]}