{"harita_boyut": {"genislik": 397, "yukseklik": 296}, "baslangic": [218.80778176226724, 37.42725165020401], "hedef": [284.0808162555486, 162.83882399123866], "engeller": [["daire", 277, 232, 6], ["daire", 185, 80, 4], ["daire", 134, 207, 8], ["dikdortgen", 189, 264, 5, 20], ["daire", 85, 41, 14], ["dikdortgen", 28, 145, 12, 20], ["daire", 311, 118, 7], ["daire", 289, 280, 14], ["dikdortgen", 56, 22, 18, 18], ["dikdortgen", 148, 236, 7, 14], ["daire", 326, 24, 6], ["dikdortgen", 95, 127, 15, 13], ["daire", 55, 29, 6], ["daire", 280, 258, 10], ["daire", 270, 193, 6], ["daire", 16, 267, 7], ["dikdortgen", 40, 248, 14, 7], ["dikdortgen", 350, 93, 9, 19], ["daire", 143, 97, 4], ["dikdortgen", 260, 175, 5, 5], ["dikdortgen", 161, 112, 18, 17], ["daire", 260, 78, 8], ["dikdortgen", 119, 279, 18, 12], ["dikdortgen", 263, 180, 19, 16], ["dikdortgen", 303, 18, 16, 12], ["dikdortgen", 320, 139, 16, 13], ["dikdortgen", 361, 140, 17, 11], ["dikdortgen", 298, 149, 19, 12], ["dikdortgen", 315, 71, 11, 16], ["daire", 46, 29, 6], ["daire", 53, 55, 13], ["daire", 226, 111, 12], ["daire", 281, 78, 13], ["daire", 172, 195, 4], ["daire", 297, 233, 11], ["dikdortgen", 54, 148, 8, 9], ["daire", 218, 181, 11], ["daire", 123, 113, 8], ["daire", 355, 243, 15], ["daire", 339, 156, 11], ["dikdortgen", 180, 25, 13, 5], ["daire", 94, 156, 14], ["daire", 71, 192, 14], ["daire", 10, 229, 8], ["dikdortgen", 316, 143, 13, 14], ["daire", 193, 223, 11], ["daire", 6, 208, 3], ["dikdortgen", 292, 247, 16, 6], ["dikdortgen", 51, 163, 5, 17], ["dikdortgen", 341, 278, 9, 14], ["daire", 337, 199, 3], ["daire", 125, 54, 8], ["dikdortgen", 189, 98, 6, 13], ["daire", 11, 184, 9], ["daire", 326, 265, 6], ["daire", 29, 175, 9], ["dikdortgen", 64, 212, 14, 12], ["dikdortgen", 158, 143, 5, 18]], "rrt_path": [[218.80778176226724, 37.42725165020401], [206.30193399347633, 44.997413794879286], [191.2200521195686, 53.19932114866971], [181.01690809566688, 68.75282914953762], [174.1369996235306, 78.49185038281023], [168.74964634047598, 87.85796659624592], [158.23179081028346, 102.03507125107969], [146.1031174248243, 117.55137026334314], [133.96278904054037, 131.9441180286292], [130.1864965547406, 137.6405586981048], [122.53114552736427, 154.12987771288124], [116.87472738627758, 171.14254744475136], [109.87957314213011, 178.5978749391141], [108.9457701539926, 177.2861040083524], [116.62923718922528, 182.292859980946], [131.20556636220724, 180.6930904409686], [148.21128360221942, 176.77928071895246], [163.5517917419992, 173.09563628412215], [178.60381878395228, 162.16032531489114], [193.85726714901173, 152.2209854813691], [211.22029324198255, 149.17844250862868], [224.66550551633026, 153.2036086526372], [234.98873795711933, 158.2884930782509], [253.76083255670952, 160.7760171189644], [264.45563878075194, 162.7132845204223], [284.0808162555486, 162.83882399123866]]}