{"harita_boyut": {"genislik": 127, "yukseklik": 313}, "baslangic": [106.7810184982981, 187.84944994493299], "hedef": [117.26857838342134, 304.06772140139384], "engeller": [["dikdortgen", 83, 216, 10, 17], ["daire", 12, 172, 5], ["daire", 32, 108, 12], ["dikdortgen", 4, 195, 10, 19], ["daire", 76, 104, 8], ["dikdortgen", 52, 84, 14, 15], ["dikdortgen", 71, 38, 16, 14], ["dikdortgen", 51, 49, 20, 13], ["daire", 36, 242, 15], ["dikdortgen", 97, 96, 6, 20], ["daire", 10, 213, 7], ["daire", 106, 284, 3], ["daire", 64, 264, 12], ["daire", 70, 282, 15], ["dikdortgen", 47, 225, 5, 16], ["daire", 45, 183, 9], ["daire", 101, 179, 4], ["dikdortgen", 3, 118, 20, 18], ["dikdortgen", 43, 272, 12, 15]], "rrt_path": [[106.7810184982981, 187.84944994493299], [103.90065892530025, 205.6028316071799], [100.69055982394124, 220.05943139093677], [99.36404049001337, 220.6696125245182], [100.28979018897822, 240.35262617625054], [102.20694500595462, 248.0992888788012], [107.53841384561456, 266.6857718382337], [114.12257247829358, 280.71329868536384], [115.4509961380222, 290.59458279424115], [117.26857838342134, 304.06772140139384]]}