{"harita_boyut": {"genislik": 412, "yukseklik": 131}, "baslangic": [107.09371935143486, 39.01402428649255], "hedef": [238.6734387605086, 56.699955921765046], "engeller": [["dikdortgen", 188, 19, 8, 20], ["daire", 386, 71, 15], ["daire", 327, 18, 14], ["daire", 81, 70, 14], ["daire", 107, 79, 7], ["dikdortgen", 211, 91, 11, 11], ["dikdortgen", 221, 2, 13, 10], ["daire", 334, 98, 5], ["dikdortgen", 370, 63, 14, 5], ["dikdortgen", 330, 40, 11, 12], ["dikdortgen", 277, 25, 5, 20], ["daire", 311, 39, 14], ["daire", 156, 72, 5], ["daire", 20, 80, 7], ["dikdortgen", 220, 113, 12, 6], ["dikdortgen", 80, 39, 10, 9], ["dikdortgen", 244, 63, 6, 16], ["dikdortgen", 392, 72, 5, 6], ["daire", 233, 21, 14], ["dikdortgen", 291, 67, 14, 5], ["daire", 248, 96, 6], ["daire", 335, 65, 8], ["dikdortgen", 163, 104, 6, 15], ["dikdortgen", 197, 68, 16, 15], ["daire", 218, 14, 8], ["daire", 177, 114, 12]], "rrt_path": [[107.09371935143484, 39.01402428649256], [107.58416395321238, 39.13904010055338], [108.0749140191938, 39.26187325797201], [108.5659695493791, 39.38252375874846], [109.05733054376832, 39.50099160288274], [109.54899700236139, 39.617276790374824], [110.04096892515838, 39.73137932122473], [110.53324631215925, 39.84329919543245], [111.02582916336402, 39.953036412997996], [111.51871747877269, 40.06059097392135], [112.0119112583852, 40.16596287820251], [112.50541050220166, 40.2691521258415], [112.99921521022196, 40.37015871683831], [113.49332538244616, 40.46898265119294], [113.98774101887427, 40.565623928905374], [114.48246211950628, 40.660082549975634], [114.97748868434216, 40.75235851440371], [115.47282071338194, 40.842451822189595], [115.9684582066256, 40.9303624733333], [116.46440116407314, 41.01609046783483], [116.9606495857246, 41.09963580569417], [117.4572034715799, 41.18099848691133], [117.95406282163914, 41.26017851148631], [118.45122763590226, 41.3371758794191], [118.94869791436926, 41.411990590709706], [119.44647365704017, 41.484622645358144], [119.94455486391495, 41.555072043364376], [120.44294153499362, 41.623338784728446], [120.94163367027619, 41.689422869450325], [121.44063126976263, 41.753324297530014], [121.93993433345298, 41.815043068967526], [122.4395428613472, 41.874579183762854], [122.93945685344535, 41.931932641916], [123.43967630974736, 41.98710344342696], [123.94020123025325, 42.04009158829574], [124.44103161496305, 42.09089707652234], [124.94216746387674, 42.13951990810675], [125.44360877699432, 42.18596008304899], [125.94535555431578, 42.23021760134903], [126.44740779584117, 42.272292463006906], [126.9497655015704, 42.31218466802258], [127.45242867150353, 42.34989421639608], [127.95539730564056, 42.3854211081274], [128.45867140398147, 42.41876534321653], [128.96225096652626, 42.449926921663476], [129.46613599327497, 42.47890584346825], [129.9702756617976, 42.505432887646776], [130.47444769331673, 42.52833057978033], [130.97862607386736, 42.54746111643734], [131.48281080344955, 42.562824497617804], [131.98700188206328, 42.574420723321715], [132.4911993097085, 42.58224979354906], [132.99540308638527, 42.586311708299874], [133.49961321209358, 42.58660646757413], [134.00382968683343, 42.58313407137184], [134.50805251060476, 42.57589451969299], [135.01228168340765, 42.56488781253759], [135.51651720524205, 42.55011394990564], [136.02075907610805, 42.53157293179716], [136.52500729600553, 42.50926475821211], [137.0292618649345, 42.48318942915052], [137.53352278289506, 42.45334694461237], [138.03779004988712, 42.419737304597675], [138.54206366591072, 42.382360509106434], [139.04634363096585, 42.341216558138626], [139.5506299450525, 42.29630545169429], [140.05492260817067, 42.24762718977339], [140.55922162032041, 42.195181772375946], [141.06352698150164, 42.138969199501936], [141.56783869171443, 42.078989471151395], [142.0721567509587, 42.015242587324295], [142.57648115923453, 41.94772854802064], [143.0808119165419, 41.876447353240444], [143.58514902288078, 41.8013990029837], [144.08949247825117, 41.7225834972504], [144.5937091055316, 41.642272190445205], [145.0973119998815, 41.568769312612766], [145.60025637040528, 41.502838778732254], [146.10254221710298, 41.444480588803685], [146.60416953997455, 41.39369474282705], [147.10513833902, 41.35048124080235], [147.60544861423935, 41.3148400827296], [148.10510036563255, 41.28677126860878], [148.60409359319968, 41.266274798439895], [149.1024282969407, 41.25335067222295], [149.60010447685565, 41.247998889957955], [150.09712213294443, 41.25021945164489], [150.59348126520715, 41.260012357283756], [151.08918187364372, 41.27737760687456], [151.5842239582542, 41.30231520041731], [152.07860751903854, 41.33482513791199], [152.57233255599678, 41.37490741935861], [153.06539906912894, 41.42256204475717], [153.55780705843497, 41.47778901410767], [154.0495565239149, 41.54058832741012], [154.54064746556872, 41.61095998466448], [155.03107988339642, 41.688903985870795], [155.520853777398, 41.77442033102904], [156.00996914757349, 41.86750902013924], [156.49842599392287, 41.96817005320136], [156.9862243164461, 42.07640343021542], [157.4733641151433, 42.19220915118143], [157.95984539001435, 42.315587216099374], [158.44566814105926, 42.446537624969245], [158.9308323682781, 42.585060377791066], [159.41533807167082, 42.73115547456482], [159.89918525123744, 42.88482291529052], [160.38237390697793, 43.04606269996815], [160.8649040388923, 43.214874828597715], [161.34687923863606, 43.390053762783204], [161.82886702045508, 43.56499510750222], [162.3109535017731, 43.73869667912821], [162.79313868259024, 43.91115847766116], [163.27542256290639, 44.08238050310108], [163.7578051427216, 44.252362755447955], [164.24028642203587, 44.4211052347018], [164.72286640084917, 44.58860794086261], [165.20554507916157, 44.75487087393039], [165.688322456973, 44.91989403390514], [166.17119853428346, 45.08367742078684], [166.65417331109302, 45.24622103457552], [167.1372467874016, 45.40752487527115], [167.62041896320923, 45.56758894287376], [168.10368983851598, 45.72641323738333], [168.5870594133217, 45.88399775879986], [169.0705276876265, 46.04034250712337], [169.55409466143036, 46.19544748235382], [170.03776033473326, 46.34931268449126], [170.52152470753526, 46.50193811353566], [171.00538777983627, 46.65332376948702], [171.48934955163634, 46.80346965234534], [171.97341002293544, 46.95237576211062], [172.45756919373363, 47.10004209878289], [172.94182706403092, 47.24646866236212], [173.4261836338272, 47.391655452848305], [173.91063890312253, 47.53560247024145], [174.39519287191695, 47.67830971454158], [174.8798455402104, 47.81977718574866], [175.36459690800294, 47.960004883862716], [175.84944697529446, 48.098992808883715], [176.33439574208506, 48.2367409608117], [176.81944320837476, 48.373249339646655], [177.3045893741635, 48.50851794538856], [177.78983423945127, 48.64254677803744], [178.2751778042381, 48.775335837593275], [178.76062006852396, 48.90688512405609], [179.24616103230892, 49.037194637425856], [179.73180484369004, 49.16626601764272], [180.21769693269815, 49.29415676011626], [180.7039094037057, 49.42089537113506], [181.19044225671266, 49.546481850699095], [181.67729549171906, 49.670916198808406], [182.16446910872492, 49.794198415462965], [182.65196310773013, 49.916328500662765], [183.13977748873484, 50.037306454407826], [183.6279122517389, 50.15713227669813], [184.11636739674242, 50.275805967533685], [184.60514292374538, 50.39332752691449], [185.09423883274772, 50.50969695484054], [185.58365512374954, 50.62491425131186], [186.07339179675077, 50.738979416328434], [186.56344885175145, 50.85189244989024], [187.0538262887515, 50.9636533519973], [187.544524107751, 51.074262122649614], [188.0355423087499, 51.18371876184719], [188.52688089174825, 51.292023269590004], [189.01853985674603, 51.399175645878074], [189.5105192037432, 51.505175890711385], [190.00281893273979, 51.61002400408996], [190.49543904373587, 51.713719986013786], [190.9883795367313, 51.81626383648285], [191.4816404117262, 51.91765555549718], [191.9752216687205, 52.01789514305676], 