{"harita_boyut": {"genislik": 184, "yukseklik": 420}, "baslangic": [15.814055754861958, 297.7140204089592], "hedef": [117.69916076232029, 59.93039906374932], "engeller": [["dikdortgen", 147, 40, 20, 7], ["dikdortgen", 119, 167, 12, 10], ["daire", 82, 50, 12], ["dikdortgen", 93, 389, 6, 18], ["daire", 101, 145, 8], ["daire", 60, 160, 5], ["daire", 42, 46, 14], ["daire", 146, 105, 12], ["daire", 165, 260, 7], ["dikdortgen", 131, 130, 15, 14], ["dikdortgen", 104, 361, 20, 5], ["dikdortgen", 84, 61, 8, 12], ["dikdortgen", 134, 160, 11, 10], ["dikdortgen", 101, 130, 15, 6], ["dikdortgen", 18, 364, 6, 9], ["dikdortgen", 125, 336, 12, 9], ["daire", 52, 23, 9], ["dikdortgen", 143, 165, 9, 12], ["dikdortgen", 103, 4, 19, 17], ["dikdortgen", 164, 367, 20, 8], ["daire", 143, 306, 4], ["daire", 153, 167, 3], ["daire", 66, 121, 9], ["dikdortgen", 127, 391, 5, 10], ["dikdortgen", 47, 267, 18, 10], ["daire", 173, 344, 7], ["daire", 128, 281, 3], ["daire", 99, 113, 7], ["daire", 131, 183, 4], ["dikdortgen", 157, 19, 8, 15], ["daire", 49, 83, 13], ["dikdortgen", 38, 335, 8, 6], ["daire", 96, 7, 7], ["dikdortgen", 126, 398, 5, 10], ["dikdortgen", 138, 21, 12, 20], ["dikdortgen", 70, 144, 20, 18], ["dikdortgen", 166, 15, 15, 16], ["daire", 76, 217, 10]], "rrt_path": [[15.814055754861958, 297.7140204089592], [21.621274049353854, 280.66508177402505], [27.480049555000914, 263.35595654866006], [29.49284134147843, 252.15923882606708], [31.45530953086134, 240.64055879702732], [33.98901404379034, 225.11742304737928], [39.191969668073746, 206.73637907133966], [41.6207629049158, 195.54005126004157], [55.6416980017474, 183.79253096256787], [69.39020330148173, 172.42360669844666], [87.07539484151326, 168.42880540006854], [101.36080368266722, 165.6133628237308], [111.49820593231713, 155.31786702341748], [121.06143898416211, 140.69722875999952], [126.74262567891957, 122.81538178980195], [127.80514201282159, 121.35424842440145], [126.53416593868594, 117.56154229038911], [119.39853828839333, 99.79525651149643], [116.96329102779949, 89.8533558999742], [117.05106784828988, 88.09209550240988], [116.4153393628939, 69.11378743318583], [117.69916076232029, 59.93039906374932]]}