{"harita_boyut": {"genislik": 393, "yukseklik": 141}, "baslangic": [340.5432320958308, 22.6738313862669], "hedef": [13.079199307085462, 124.99230174347173], "engeller": [["daire", 29, 65, 11], ["daire", 288, 124, 12], ["dikdortgen", 105, 21, 11, 5], ["daire", 192, 43, 14], ["daire", 108, 95, 14], ["dikdortgen", 77, 135, 10, 6], ["daire", 234, 86, 11], ["daire", 254, 57, 10], ["daire", 58, 23, 11], ["dikdortgen", 329, 17, 5, 18], ["dikdortgen", 158, 35, 6, 7], ["dikdortgen", 113, 121, 11, 17], ["daire", 279, 73, 11], ["dikdortgen", 177, 4, 12, 13], ["dikdortgen", 244, 11, 5, 6], ["daire", 129, 65, 3], ["dikdortgen", 265, 75, 17, 19], ["daire", 256, 105, 7], ["dikdortgen", 96, 112, 8, 15], ["daire", 102, 74, 14], ["dikdortgen", 296, 127, 16, 7], ["dikdortgen", 84, 18, 7, 16], ["daire", 122, 35, 7], ["daire", 143, 113, 9], ["daire", 357, 14, 13], ["dikdortgen", 2, 13, 16, 13], ["dikdortgen", 133, 86, 20, 7]], "rrt_path": [[340.5432320958308, 22.6738313862669], [341.43467416437585, 39.59043976932126], [323.0701842344063, 44.767807925529404], [306.6292540153795, 44.31412833912905], [294.7238772214495, 44.617952277235425], [278.58102031281595, 41.83701853350238], [259.4338378506738, 38.78896630478236], [252.0564452156648, 39.34051552299923], [236.7068959952101, 40.838439134329924], [226.9565112181236, 40.839055259068566], [211.20337419326444, 52.56419192076904], [200.06944410042652, 60.672842554035284], [189.11703410861324, 63.23890163272103], [173.8718971681364, 63.66134733422971], [155.05442862435007, 62.94249633796885], [135.53322158095168, 58.720885653359886], [128.50842504367228, 56.13274816259122], [109.54472583145109, 55.279906205173965], [92.06866553599964, 52.69958878111573], [90.9305207148676, 56.000190750111486], [83.02390930779167, 65.39313009814285], [82.20973452219623, 74.1902289155509], [84.54617733570421, 88.49806057089764], [78.56811858933658, 106.75658303156779], [63.593262475736715, 111.82588465402327], [52.85424228227992, 114.32832057756002], [43.657078414520555, 117.0812054996765], [24.544604352510444, 121.82694269854257], [13.079199307085462, 124.99230174347173]]}