{"harita_boyut": {"genislik": 449, "yukseklik": 110}, "baslangic": [258.3210889958816, 93.07505051216647], "hedef": [22.729643848422693, 99.02941173343851], "engeller": [["daire", 258, 55, 9], ["daire", 74, 82, 12], ["dikdortgen", 272, 43, 18, 18], ["dikdortgen", 308, 39, 7, 6], ["dikdortgen", 69, 10, 14, 18], ["daire", 262, 35, 11], ["dikdortgen", 426, 84, 18, 16], ["dikdortgen", 363, 65, 6, 20], ["daire", 137, 95, 5], ["dikdortgen", 24, 8, 17, 9], ["daire", 84, 27, 9], ["daire", 338, 82, 10], ["daire", 184, 25, 12], ["daire", 164, 49, 15], ["dikdortgen", 403, 76, 19, 15], ["dikdortgen", 294, 48, 10, 7], ["dikdortgen", 163, 88, 20, 16], ["dikdortgen", 163, 46, 14, 19], ["dikdortgen", 265, 71, 15, 8], ["daire", 69, 55, 15], ["daire", 89, 56, 13], ["daire", 162, 29, 5], ["dikdortgen", 358, 21, 7, 20], ["daire", 83, 22, 11]], "rrt_path": [[258.3210889958816, 93.07505051216647], [254.38632010856358, 92.35561058875791], [234.5671894875557, 90.18478918397845], [226.6580871036406, 89.02558376502233], [210.7242199856628, 85.92252608474374], [192.70591016190775, 81.94841548020003], [179.23434164066717, 82.82214676977425], [161.61143466962173, 82.72690648667697], [152.2742636629836, 81.16085376462111], [138.82857656224587, 77.51495911133607], [122.7563759867482, 86.7739450478078], [120.75756597124098, 90.23873342834536], [120.09746989094648, 92.59655292638406], [108.4504515882485, 94.94183369131213], [88.85164550824564, 98.28318012912851], [72.96911638109061, 99.50108288950007], [53.04156517890114, 99.27018705557332], [37.76619953956971, 99.86500042595131], [22.729643848422693, 99.02941173343851]]}