{"harita_boyut": {"genislik": 379, "yukseklik": 271}, "baslangic": [115.98829000026919, 176.61445951891588], "hedef": [175.36357161591482, 30.44080700048021], "engeller": [["dikdortgen", 316, 231, 13, 5], ["daire", 332, 15, 10], ["dikdortgen", 296, 162, 16, 20], ["daire", 91, 118, 3], ["dikdortgen", 311, 64, 13, 13], ["dikdortgen", 136, 46, 14, 6], ["dikdortgen", 235, 197, 18, 11], ["daire", 225, 86, 14], ["dikdortgen", 183, 31, 12, 18], ["daire", 182, 249, 6], ["dikdortgen", 65, 9, 8, 7], ["dikdortgen", 180, 232, 14, 20], ["daire", 178, 103, 7], ["dikdortgen", 362, 131, 5, 13], ["dikdortgen", 356, 32, 11, 17], ["dikdortgen", 262, 29, 5, 16], ["dikdortgen", 276, 166, 17, 12], ["daire", 35, 116, 7], ["daire", 19, 192, 14], ["daire", 88, 53, 10], ["daire", 144, 49, 15], ["daire", 129, 143, 14], ["dikdortgen", 342, 45, 11, 15], ["dikdortgen", 51, 59, 6, 6], ["dikdortgen", 246, 162, 9, 18], ["dikdortgen", 56, 106, 7, 16], ["daire", 18, 39, 8], ["dikdortgen", 304, 175, 8, 15], ["daire", 222, 165, 14], ["daire", 355, 117, 12], ["daire", 112, 99, 13], ["dikdortgen", 338, 208, 6, 17], ["daire", 224, 144, 7], ["daire", 312, 116, 5], ["dikdortgen", 107, 135, 14, 8], ["daire", 185, 54, 14], ["daire", 227, 151, 5], ["dikdortgen", 40, 205, 14, 14], ["dikdortgen", 16, 50, 8, 5], ["dikdortgen", 32, 30, 17, 14], ["daire", 211, 160, 12], ["daire", 333, 27, 8], ["dikdortgen", 282, 29, 13, 20], ["daire", 122, 53, 11], ["dikdortgen", 236, 13, 10, 15], ["dikdortgen", 294, 183, 10, 9], ["dikdortgen", 127, 121, 18, 13], ["daire", 350, 229, 6], ["dikdortgen", 15, 252, 17, 14], ["dikdortgen", 241, 38, 14, 11], ["dikdortgen", 138, 189, 12, 19]], "rrt_path": [[115.98829000026919, 176.61445951891588], [113.15688978069149, 161.59569769578954], [101.973328717707, 149.26171763579816], [100.62074778136432, 130.657657880527], [101.51303447483217, 129.05791687989756], [117.04480534310446, 119.39397923128391], [123.18710311606671, 114.6385104828403], [137.79523370487865, 105.66293375565671], [154.649104551716, 95.40698507121151], [160.00481256401918, 91.12451972665416], [166.94961089193603, 73.87646175656211], [166.28191092437802, 57.769519770267465], [165.56139017515153, 51.237439956796585], [169.85916521116155, 40.638832903064525], [175.36357161591482, 30.44080700048021]]}