{"harita_boyut": {"genislik": 351, "yukseklik": 410}, "baslangic": [231.16209817306384, 102.56740347343973], "hedef": [170.3117605152119, 250.11339555652398], "engeller": [["dikdortgen", 112, 80, 13, 5], ["dikdortgen", 160, 91, 5, 16], ["daire", 315, 227, 15], ["daire", 22, 110, 10], ["dikdortgen", 62, 210, 18, 7], ["daire", 246, 292, 3], ["daire", 210, 29, 10], ["dikdortgen", 246, 378, 10, 8], ["dikdortgen", 163, 206, 18, 15], ["daire", 113, 21, 6], ["dikdortgen", 156, 277, 18, 19], ["daire", 220, 183, 4], ["dikdortgen", 134, 355, 8, 10], ["dikdortgen", 289, 124, 12, 6], ["daire", 40, 318, 5], ["daire", 256, 132, 14], ["daire", 149, 282, 15], ["dikdortgen", 39, 317, 20, 13], ["daire", 145, 118, 11], ["dikdortgen", 210, 155, 14, 20], ["daire", 51, 324, 10], ["daire", 286, 103, 14], ["daire", 259, 328, 14], ["daire", 321, 306, 11], ["daire", 82, 388, 6], ["dikdortgen", 298, 360, 16, 10], ["dikdortgen", 5, 165, 5, 13], ["dikdortgen", 311, 6, 19, 9], ["dikdortgen", 86, 350, 11, 6], ["daire", 263, 374, 6], ["daire", 51, 99, 9], ["dikdortgen", 50, 194, 18, 6], ["daire", 296, 129, 13], ["daire", 69, 291, 15], ["daire", 116, 320, 7], ["daire", 133, 350, 11], ["dikdortgen", 89, 368, 5, 8], ["dikdortgen", 222, 53, 19, 11], ["daire", 143, 227, 10], ["daire", 129, 254, 5], ["dikdortgen", 9, 383, 19, 13], ["dikdortgen", 6, 350, 20, 12], ["daire", 186, 173, 6], ["daire", 222, 69, 7], ["daire", 270, 168, 9], ["daire", 290, 388, 14], ["dikdortgen", 120, 376, 16, 14], ["daire", 292, 322, 13], ["daire", 192, 91, 6], ["dikdortgen", 177, 368, 13, 14], ["dikdortgen", 133, 272, 17, 20], ["daire", 315, 376, 10], ["daire", 215, 171, 4], ["daire", 168, 218, 6], ["dikdortgen", 256, 165, 20, 16], ["daire", 56, 197, 9], ["dikdortgen", 164, 61, 9, 10], ["daire", 240, 76, 3], ["daire", 337, 187, 14], ["daire", 206, 38, 6], ["dikdortgen", 312, 271, 11, 16], ["daire", 43, 292, 13], ["daire", 59, 295, 15], ["dikdortgen", 242, 155, 11, 18], ["daire", 340, 133, 3], ["daire", 130, 265, 8], ["daire", 73, 246, 7], ["dikdortgen", 73, 186, 15, 13], ["daire", 336, 266, 6], ["daire", 192, 319, 9], ["dikdortgen", 246, 353, 15, 10]], "rrt_path": [[231.16209817306395, 102.56740347343975], [231.55737215974318, 103.00956108596898], [231.94082519703102, 103.45298776232133], [232.3124572849275, 103.89768350249682], [232.67226842343263, 104.3436483064955], [233.0202586125464, 104.79088217431732], [233.35642785226884, 105.23938510596226], [233.68077614259983, 105.68915710143034], [233.99330348353956, 106.14019816072161], [234.2940098750879, 106.59250828383604], [234.58289531724495, 107.0460874707736], [234.85995981001057, 107.5009357215343], [235.12520335338488, 107.9570530361182], [235.37862594736782, 108.41443941452522], [235.62022759195938, 108.87309485675536], [235.85000828715954, 109.33301936280867], [236.06796803296845, 109.79421293268513], [236.27410682938597, 110.25667556638477], [236.4684246764121, 110.72040726390753], [236.65092157404686, 111.18540802525342], [236.82159752229032, 111.65167785042252], [236.98045252114244, 112.11921673941472], [237.12748657060314, 112.58802469223008], [237.2626996706725, 113.05810170886863], [237.3860918213505, 113.52944778933029], [237.49766302263714, 114.0020629336151], [237.59741327453247, 114.47594714172308], [237.6853425770364, 114.9511004136542], [237.76145093014904, 115.42752274940848], [237.82573833387025, 115.90521414898589], [237.87820478820015, 116.38417461238647], [237.9188502931387, 116.8644041396102], [237.9476748486858, 117.34590273065707], [237.96467845484165, 117.82867038552709], [237.96986111160606, 118.31270710422027], [237.9632228189792, 118.79801288673661], [237.94476357696092, 119.28458773307608], [237.9144833855513, 119.77243164323869], [237.87238224475036, 120.2615446172245], [237.818460154558, 120.7519266550334], [237.75271711497433, 121.2435777566655], [237.67515312599932, 121.73649792212073], [237.58576818763294, 122.23068715139911], [237.48459421028645, 122.72613926594263], [237.37573895952448, 123.22205891192418], [237.2620685942733, 123.71789113788999], [237.14358311453293, 124.2136359438401], [237.02028252030325, 124.70929332977454], [236.89216681158433, 125.2048632956933], [236.7592359883762, 125.70034584159633], [236.62149005067883, 126.1957409674837], [236.47892899849222, 126.69104867335538], [236.33155283181637, 127.18626895921135], [236.1793615506513, 127.68140182505167], [236.02235515499697, 128.17644727087625], [235.8605336448534, 128.67140529668515], [235.69389702022062, 129.1662759024784], [235.52244528109856, 129.6610590882559], [235.34617842748725, 130.15575485401774], [235.16509645938677, 130.6503631997639], [234.97919937679703, 131.14488412549434], [234.788487179718, 131.6393176312091], [234.59295986814976, 132.13366371690816], [234.3926174420923, 132.62792238259152], [234.1874599015456, 133.12209362825922], [233.97748724650967, 133.61617745391123], [233.7626994769845, 134.11017385954756], [233.54309659297002, 134.60408284516814], [233.3186785944664, 135.09790441077308], [233.0894454814735, 135.59163855636234], [232.85624444833402, 136.0852440098808], [232.6358529836813, 136.57790343650962], [232.43479647284497, 137.06929894453364], [232.25307491582495, 137.55943053395288], [232.09068831262144, 138.04829820476732], [231.94763666323433, 138.53590195697694], [231.8239199676636, 139.02224179058177], [231.71953822590936, 139.50731770558187], [231.63449143797143, 139.99112970197712], [231.56877960385, 140.47367777976766], [231.52240272354499, 140.95496193895335], [231.49536079705635, 141.43498217953422], [231.4876538243841, 141.91373850151035], [231.49928180552834, 142.3912309048817], [231.5302447404889, 142.86745938964822], [231.580542629266, 143.34242395580998], [231.65017547185943, 143.81612460336692], [231.7391432682693, 144.28856133231912], [231.84744601849553, 144.7597341426665], [231.97508372253822, 145.2296430344091], [232.12205638039734, 145.69828800754686], [232.28836399207285, 146.16566906207993], [232.47400655756476, 146.63178619800811], [232.67898407687312, 147.09663941533154], [232.88864429647828, 147.5617878686888], [233.08446600529993, 148.02920241069515], [233.26638737730877, 148.49888962029354], [233.43440841250472, 148.970849497484], [233.58852911088792, 149.44508204226653], [233.7287494724582, 149.9215872546411], [233.85506949721568, 150.40036513460777], [233.9674891851603, 150.8814156821665], [234.0660085362921, 151.36473889731724], [234.15062755061103, 151.8503347800601], [234.22134622811714, 152.33820333039498], [234.27816456881044, 152.828344548322], [234.32108257269087, 153.32075843384104], [234.35010023975843, 153.81544498695212], [234.36521757001321, 154.31240420765525], [234.36643456345513, 154.81163609595046], [234.3537512200842, 155.31314065183776], [234.32716753990044, 155.8169178753171], [234.28668352290384, 156.3229677663885], [234.23229916909438, 156.83129032505198], [234.1640144784721, 157.3418855513075], [234.0818627426521, 157.85474747227795], [233.99436640520238, 158.36834706907285], [233.908137865722, 158.881498005424], [233.82317712421099, 159.39420028133134], [233.73948418066934, 159.90645389679491], [233.6570590350971, 160.4182588518148], [233.57590168749414, 160.92961514639086], [233.49601213786056, 161.4405227805232], [233.4173903861963, 161.95098175421174], [233.34003643250142, 162.4609920674565], [233.26395027677592, 162.97055372025756], [233.18913191901976, 163.47966671261486], [233.11558135923295, 163.98833104452837], [233.04329859741543, 164.4965467159981], [232.97228363356737, 165.00431372702408], [232.9025364676886, 165.5116320776063], [232.83405709977922, 166.01850176774482], [232.76684552983915, 166.5249227974395], [232.70090175786848, 167.0308951666904], [232.63622578386713, 167.53641887549762], [232.57281760783513, 168.04149392386103], [232.5106772297725, 168.54612031178067], [232.4498046496792, 169.05029803925657], [232.39019986755537, 169.55402710628874], [232.3318628834008, 170.05730751287712], [232.27479369721559, 170.5601392590217], [232.2189923089997, 