{"harita_boyut": {"genislik": 247, "yukseklik": 410}, "baslangic": [81.38062683511721, 274.5968658425715], "hedef": [204.15695632369426, 118.96366321318578], "engeller": [["dikdortgen", 27, 349, 9, 17], ["daire", 172, 183, 4], ["dikdortgen", 84, 384, 12, 5], ["daire", 176, 289, 8], ["dikdortgen", 184, 327, 18, 16], ["dikdortgen", 81, 112, 18, 8], ["daire", 149, 126, 10], ["dikdortgen", 41, 292, 20, 7], ["daire", 54, 284, 13], ["dikdortgen", 177, 377, 15, 11], ["daire", 232, 17, 14], ["dikdortgen", 17, 382, 17, 5], ["daire", 54, 281, 3], ["dikdortgen", 137, 9, 5, 14], ["dikdortgen", 12, 231, 9, 16], ["dikdortgen", 225, 181, 14, 11], ["daire", 55, 57, 11], ["dikdortgen", 124, 279, 18, 7], ["dikdortgen", 199, 211, 7, 13], ["daire", 200, 84, 14], ["dikdortgen", 203, 216, 13, 14], ["daire", 189, 75, 12], ["dikdortgen", 175, 300, 11, 17], ["daire", 26, 215, 14], ["daire", 41, 123, 6], ["dikdortgen", 40, 225, 13, 18], ["dikdortgen", 54, 125, 20, 8], ["dikdortgen", 84, 250, 14, 13], ["daire", 112, 51, 13], ["dikdortgen", 80, 215, 10, 7], ["dikdortgen", 162, 217, 5, 19], ["daire", 56, 359, 5], ["dikdortgen", 67, 71, 16, 6], ["daire", 98, 285, 9], ["daire", 21, 44, 3], ["dikdortgen", 118, 58, 10, 12], ["dikdortgen", 110, 141, 9, 5], ["dikdortgen", 170, 49, 13, 12], ["daire", 201, 401, 9], ["dikdortgen", 155, 383, 13, 20], ["dikdortgen", 159, 306, 12, 12], ["dikdortgen", 145, 393, 12, 9], ["daire", 178, 62, 14], ["dikdortgen", 83, 142, 15, 19], ["dikdortgen", 50, 284, 8, 13], ["dikdortgen", 169, 395, 7, 7], ["daire", 196, 136, 11], ["dikdortgen", 13, 276, 8, 12], ["dikdortgen", 176, 228, 13, 15], ["dikdortgen", 41, 402, 18, 8]], "rrt_path": [[81.38062683511721, 274.5968658425715], [98.90072894743915, 268.9364942708332], [104.74309918443045, 267.882653928261], [111.58239438732355, 254.93520903134453], [120.88507208049286, 239.06885364492098], [122.60778322102384, 235.45883060811215], [123.03740075244318, 235.1339628192903], [126.66475307851783, 233.4480461242781], [137.25420055353638, 218.36744783981533], [144.1301601165106, 203.83136811431433], [150.32621516201868, 187.76345252975437], [153.8629695128479, 172.34178940871269], [159.49967553086316, 154.40882716134473], [162.02654127193617, 139.27882349427816], [175.19005466925535, 125.23527490158688], [181.5811017704711, 115.26740022660896], [200.49844608773503, 120.58085301447117], [204.15695632369426, 118.96366321318578]]}