{"harita_boyut": {"genislik": 477, "yukseklik": 338}, "baslangic": [375.3702184272347, 253.10095526500675], "hedef": [103.99178663416575, 236.78684668273576], "engeller": [["daire", 148, 207, 3], ["dikdortgen", 189, 112, 11, 6], ["daire", 43, 258, 4], ["daire", 156, 70, 4], ["daire", 211, 221, 4], ["dikdortgen", 156, 285, 11, 12], ["dikdortgen", 237, 113, 8, 20], ["dikdortgen", 403, 217, 9, 10], ["daire", 333, 191, 5], ["dikdortgen", 54, 236, 9, 14], ["daire", 395, 287, 7], ["daire", 216, 301, 10], ["daire", 45, 143, 7], ["dikdortgen", 318, 219, 9, 20], ["dikdortgen", 220, 18, 19, 20], ["dikdortgen", 4, 145, 16, 14], ["daire", 287, 172, 8], ["dikdortgen", 259, 169, 18, 18], ["daire", 331, 312, 14], ["dikdortgen", 10, 123, 15, 7], ["dikdortgen", 216, 149, 20, 15], ["dikdortgen", 415, 109, 7, 17], ["dikdortgen", 249, 214, 8, 14], ["dikdortgen", 42, 149, 5, 13], ["daire", 436, 271, 13], ["dikdortgen", 359, 331, 14, 5], ["daire", 92, 27, 8], ["daire", 357, 166, 5], ["daire", 125, 110, 8], ["dikdortgen", 393, 19, 20, 6], ["daire", 336, 153, 13], ["daire", 441, 160, 11], ["daire", 338, 266, 12], ["dikdortgen", 69, 194, 12, 7], ["dikdortgen", 152, 154, 12, 18], ["daire", 37, 7, 6], ["dikdortgen", 199, 230, 14, 9], ["dikdortgen", 267, 176, 10, 12], ["daire", 329, 265, 3], ["daire", 118, 61, 13], ["dikdortgen", 44, 99, 10, 15], ["dikdortgen", 272, 241, 16, 7], ["dikdortgen", 175, 79, 5, 13], ["daire", 302, 262, 10], ["daire", 307, 302, 7], ["dikdortgen", 173, 239, 12, 12], ["dikdortgen", 3, 196, 20, 13], ["daire", 9, 274, 6], ["dikdortgen", 349, 273, 13, 9], ["daire", 111, 73, 3], ["dikdortgen", 8, 273, 20, 19], ["daire", 27, 314, 7], ["daire", 29, 186, 11], ["daire", 262, 130, 12], ["daire", 169, 299, 5], ["dikdortgen", 371, 207, 14, 5], ["dikdortgen", 23, 265, 10, 11], ["dikdortgen", 347, 56, 9, 19], ["daire", 76, 47, 15], ["dikdortgen", 280, 154, 5, 10], ["dikdortgen", 3, 195, 18, 13], ["daire", 273, 98, 11], ["dikdortgen", 35, 13, 16, 13], ["daire", 121, 229, 11], ["dikdortgen", 323, 105, 9, 9], ["daire", 215, 201, 14], ["dikdortgen", 80, 314, 12, 19], ["daire", 349, 287, 10], ["dikdortgen", 206, 190, 19, 13], ["dikdortgen", 300, 278, 6, 12], ["dikdortgen", 292, 139, 15, 20], ["daire", 338, 317, 6], ["daire", 405, 193, 14], ["daire", 32, 296, 3], ["daire", 209, 59, 8], ["daire", 335, 298, 8], ["daire", 460, 211, 3], ["daire", 441, 325, 3], ["dikdortgen", 447, 231, 14, 6], ["dikdortgen", 86, 283, 5, 12]], "rrt_path": [[375.3702184272347, 253.10095526500675], [361.03502263123926, 241.91581694508102], [352.09542595967116, 225.7507547393512], [346.54245819037084, 217.2285973362017], [327.5838509265873, 212.5259652642712], [313.0192197286865, 212.27613896172286], [294.68508982412084, 216.45110474454026], [289.05599731205064, 213.6672579248439], [271.29577864874244, 206.22368613337076], [256.4029428525704, 199.21360366873265], [242.9183306208614, 190.40253451578982], [228.6208082644947, 180.34816025807046], [217.36074150410897, 170.28556456132674], [216.919319143741, 171.5324337646822], [201.74797170865222, 184.19860382407055], [196.45137407121996, 188.76965196964184], [192.55965241496423, 204.539559495551], [186.4312113595868, 217.52062331228484], [169.74160712283225, 226.6157186904383], [152.78931556771613, 232.68080338788172], [142.4728905727216, 238.12468900321056], [124.5705632690455, 245.91423380684213], [120.9739169215321, 247.66470090191092], [111.42863198915872, 242.89068882987183], [103.99178663416575, 236.78684668273576]]}