{"harita_boyut": {"genislik": 376, "yukseklik": 400}, "baslangic": [196.21686374854815, 121.44324461530368], "hedef": [67.11267924772109, 246.3384836546228], "engeller": [["dikdortgen", 357, 237, 6, 5], ["daire", 89, 17, 10], ["dikdortgen", 238, 48, 20, 17], ["dikdortgen", 100, 291, 18, 10], ["dikdortgen", 358, 112, 6, 12], ["dikdortgen", 108, 266, 17, 13], ["dikdortgen", 12, 61, 6, 5], ["daire", 364, 364, 8], ["dikdortgen", 204, 151, 17, 15], ["daire", 58, 380, 6], ["dikdortgen", 335, 100, 10, 7], ["dikdortgen", 221, 17, 17, 19], ["daire", 155, 147, 4], ["daire", 26, 228, 5], ["dikdortgen", 272, 84, 7, 10], ["daire", 138, 390, 3], ["daire", 198, 264, 14], ["dikdortgen", 152, 244, 13, 11], ["dikdortgen", 174, 197, 7, 11], ["daire", 74, 375, 8], ["daire", 64, 391, 3], ["daire", 64, 315, 8], ["daire", 70, 230, 9], ["dikdortgen", 96, 272, 18, 8], ["daire", 20, 237, 12], ["daire", 86, 36, 14], ["daire", 71, 125, 7], ["dikdortgen", 161, 102, 6, 7], ["dikdortgen", 280, 192, 20, 19], ["dikdortgen", 249, 259, 13, 7], ["dikdortgen", 279, 147, 6, 7], ["dikdortgen", 244, 225, 11, 10], ["daire", 254, 267, 10], ["dikdortgen", 155, 250, 14, 18], ["dikdortgen", 119, 36, 8, 17], ["daire", 255, 286, 13], ["daire", 302, 269, 6], ["daire", 219, 239, 4], ["dikdortgen", 174, 231, 5, 17], ["dikdortgen", 182, 151, 20, 6], ["dikdortgen", 125, 88, 11, 9], ["dikdortgen", 9, 351, 14, 13], ["daire", 91, 272, 10], ["dikdortgen", 61, 208, 17, 8], ["daire", 127, 276, 7], ["dikdortgen", 157, 323, 5, 5], ["daire", 147, 59, 15], ["dikdortgen", 134, 22, 8, 16], ["dikdortgen", 314, 171, 11, 9], ["daire", 164, 127, 13], ["daire", 110, 121, 5], ["daire", 48, 259, 13], ["daire", 170, 240, 11], ["daire", 96, 187, 7], ["daire", 167, 99, 11], ["dikdortgen", 139, 54, 11, 20], ["dikdortgen", 148, 316, 15, 9], ["daire", 278, 364, 9], ["dikdortgen", 357, 29, 13, 11], ["daire", 163, 346, 3], ["daire", 192, 149, 5], ["dikdortgen", 162, 305, 8, 13], ["daire", 343, 131, 8], ["dikdortgen", 181, 60, 17, 13], ["daire", 245, 279, 6], ["dikdortgen", 317, 355, 9, 11], ["dikdortgen", 163, 230, 13, 18], ["dikdortgen", 185, 1, 13, 8], ["dikdortgen", 339, 215, 8, 20], ["daire", 188, 48, 15], ["dikdortgen", 194, 184, 8, 17], ["daire", 79, 33, 11], ["dikdortgen", 168, 335, 14, 12], ["dikdortgen", 285, 112, 8, 8], ["dikdortgen", 210, 42, 10, 10]], "rrt_path": [[196.21686374854815, 121.44324461530368], [205.94853119614874, 132.05943335889646], [221.51706555932, 141.72416008088342], [224.89808482816304, 143.8616138707259], [229.34966974432538, 154.2287947506877], [232.7243489619699, 165.29457034840985], [237.23389136724165, 183.116070244771], [234.07776915763824, 183.35266563192528], [216.30205135265595, 175.30946587528325], [203.10336998076838, 173.33032754747498], [187.42554740736315, 178.75979728528353], [172.23146284621808, 190.24166251261371], [168.39289303156295, 191.36655440876126], [163.52320881547155, 201.62983907476087], [150.10280947646174, 213.2191674129541], [139.4837582232808, 217.3588390737593], [120.94967261805827, 222.57832172841105], [102.65675842462007, 227.86770809408503], [94.7768019160511, 235.06331835291147], [83.85580601776326, 242.79833129535058], [67.11267924772109, 246.3384836546228]]}