{"harita_boyut": {"genislik": 361, "yukseklik": 228}, "baslangic": [17.43370247646167, 89.88357217914624], "hedef": [212.87884134467419, 51.05359060590797], "engeller": [["dikdortgen", 144, 64, 12, 17], ["daire", 95, 137, 7], ["dikdortgen", 352, 144, 8, 13], ["dikdortgen", 267, 134, 12, 17], ["daire", 137, 201, 9], ["daire", 274, 56, 4], ["daire", 253, 164, 9], ["daire", 185, 67, 10], ["dikdortgen", 321, 9, 11, 13], ["dikdortgen", 165, 65, 11, 5], ["dikdortgen", 177, 101, 19, 6], ["daire", 246, 214, 8], ["daire", 318, 140, 4], ["daire", 297, 89, 11], ["dikdortgen", 198, 11, 10, 10], ["dikdortgen", 53, 48, 8, 16], ["daire", 173, 130, 4], ["dikdortgen", 179, 196, 12, 5], ["daire", 68, 37, 10], ["daire", 243, 8, 4], ["dikdortgen", 49, 12, 18, 7], ["daire", 56, 27, 10], ["dikdortgen", 243, 74, 7, 5], ["dikdortgen", 111, 4, 6, 13], ["dikdortgen", 173, 113, 7, 14], ["daire", 340, 114, 5], ["dikdortgen", 116, 76, 5, 12], ["daire", 177, 160, 14], ["dikdortgen", 280, 73, 17, 14], ["daire", 134, 103, 14], ["dikdortgen", 27, 203, 20, 7], ["dikdortgen", 111, 19, 6, 15], ["dikdortgen", 330, 112, 20, 5], ["daire", 61, 94, 14], ["daire", 218, 156, 8], ["daire", 329, 79, 13], ["daire", 314, 148, 10], ["dikdortgen", 223, 18, 6, 12], ["daire", 133, 210, 6], ["dikdortgen", 47, 142, 20, 12], ["dikdortgen", 325, 96, 5, 15]], "rrt_path": [[17.43370247646167, 89.88357217914624], [21.266823236992074, 91.02689419642344], [39.6490661528334, 84.01443436087519], [46.3515311992169, 76.58360583162684], [59.61015908855822, 74.55670047672318], [67.56443737983928, 74.84529670141596], [74.64971104564356, 78.04484978798375], [89.12629943461918, 83.50479529277858], [105.67633286628704, 74.98810308789082], [109.6312834119068, 69.19476642854971], [111.37538306162499, 66.56439261105581], [125.68512812516471, 55.06782929922178], [137.3749896359574, 46.4928764963091], [154.1720915301042, 43.89389884226879], [165.35388853729572, 47.47433898904057], [184.2553296140186, 51.032749038825976], [195.7187180239449, 52.12589909830858], [212.87884134467419, 51.05359060590797]]}