{"harita_boyut": {"genislik": 184, "yukseklik": 205}, "baslangic": [108.68383689488074, 39.516443451589254], "hedef": [8.149799365013203, 104.01386155727957], "engeller": [["daire", 169, 79, 5], ["dikdortgen", 91, 126, 18, 17], ["dikdortgen", 9, 125, 15, 13], ["dikdortgen", 43, 103, 14, 7], ["dikdortgen", 112, 158, 7, 9], ["daire", 49, 17, 7], ["daire", 13, 14, 10], ["daire", 112, 62, 3], ["dikdortgen", 151, 45, 8, 19], ["daire", 50, 184, 3], ["dikdortgen", 16, 56, 16, 6], ["dikdortgen", 61, 82, 18, 5], ["daire", 46, 49, 13], ["daire", 129, 30, 9], ["dikdortgen", 75, 84, 9, 8], ["dikdortgen", 162, 174, 7, 20], ["dikdortgen", 74, 39, 14, 5], ["daire", 62, 46, 5]], "rrt_path": [[108.68383689488074, 39.516443451589254], [102.81075665468192, 58.58341406779882], [97.00931325363756, 75.57481297797332], [93.69827061446, 90.84322143473598], [91.03843461999396, 98.2132047923646], [81.90429473500473, 108.90114055009892], [83.83129708269006, 106.49355625268038], [80.86739226419667, 103.80743112028023], [64.83189649221883, 96.48557439793646], [52.064743289633434, 97.74959080345329], [32.46091201890365, 98.03467175538897], [15.501479851879814, 101.66340805195088], [8.149799365013203, 104.01386155727957]]}