{"harita_boyut": {"genislik": 148, "yukseklik": 389}, "baslangic": [33.695991441157005, 144.66429224128615], "hedef": [16.258429663640175, 382.1665424306309], "engeller": [["dikdortgen", 61, 260, 16, 8], ["dikdortgen", 1, 357, 20, 11], ["daire", 32, 201, 4], ["dikdortgen", 78, 260, 12, 14], ["daire", 75, 305, 15], ["dikdortgen", 70, 186, 7, 15], ["daire", 11, 222, 11], ["dikdortgen", 43, 76, 17, 12], ["daire", 23, 295, 9], ["dikdortgen", 109, 231, 9, 20], ["dikdortgen", 51, 207, 20, 10], ["dikdortgen", 124, 14, 10, 19], ["dikdortgen", 21, 181, 14, 8], ["daire", 77, 26, 8], ["dikdortgen", 127, 215, 5, 11], ["daire", 66, 205, 15], ["daire", 27, 247, 7], ["daire", 134, 27, 8], ["dikdortgen", 128, 73, 20, 13], ["daire", 52, 51, 14], ["dikdortgen", 0, 120, 8, 12], ["dikdortgen", 83, 374, 15, 6], ["daire", 82, 157, 5], ["daire", 109, 303, 6], ["dikdortgen", 65, 281, 12, 6], ["daire", 49, 313, 10], ["daire", 92, 260, 15], ["daire", 48, 196, 13]], "rrt_path": [[33.695991441157005, 144.66429224128615], [46.07616665993047, 137.10800085452513], [62.93661362122869, 126.50403477697729], [73.87689447854896, 128.40919164495247], [88.56581651940144, 140.785058779512], [87.23619558219374, 141.30281599532395], [92.37683010969354, 154.30268289896176], [92.31294068515848, 158.30217263409455], [89.85972186244463, 168.4740021411722], [86.33884965639811, 181.9703856286523], [86.27388872756292, 198.80529435474753], [86.39762866894925, 206.63336175541087], [83.67530804672445, 217.46217937016132], [75.25580018961442, 227.87670864302186], [68.4201031460357, 245.53114929284973], [52.645544701529225, 255.75297383572806], [48.7091874264016, 266.54374249409244], [42.49661544525222, 282.24076164876993], [38.9384870824125, 294.86897147022717], [33.53345816598711, 311.3316273450537], [32.66199172023302, 322.933927588526], [31.378142947901296, 340.27338301052805], [30.683800834615493, 354.9887377797663], [26.98980159159896, 374.1522341524093], [16.258429663640175, 382.1665424306309]]}