{"harita_boyut": {"genislik": 121, "yukseklik": 276}, "baslangic": [106.64194229425894, 166.7056324712257], "hedef": [6.55520444904481, 111.38038572551893], "engeller": [["daire", 47, 57, 15], ["dikdortgen", 59, 145, 12, 20], ["daire", 96, 16, 13], ["dikdortgen", 24, 85, 7, 8], ["dikdortgen", 13, 155, 12, 19], ["dikdortgen", 40, 203, 13, 5], ["daire", 88, 139, 12], ["daire", 82, 89, 6], ["dikdortgen", 72, 176, 18, 14], ["dikdortgen", 72, 90, 19, 9], ["dikdortgen", 106, 148, 12, 6], ["dikdortgen", 27, 221, 12, 10], ["dikdortgen", 89, 190, 15, 9], ["dikdortgen", 9, 69, 20, 9], ["dikdortgen", 12, 149, 16, 20], ["dikdortgen", 19, 45, 12, 10]], "rrt_path": [[106.64194229425894, 166.7056324712257], [108.81004774461344, 184.20916519606797], [110.54909807921061, 191.04842975083193], [108.89064175556395, 205.22053989529434], [105.36459332296687, 207.1091855611035], [103.85948093456683, 205.45158896026925], [88.75464829043582, 208.83065916477608], [72.97831175178084, 203.1501433044555], [64.8200756100625, 197.4765574966304], [58.33128455906295, 182.8803452801283], [55.22454264530905, 177.09270880226683], [48.55996883009376, 164.05259987965013], [45.67845472856621, 159.1979970589602], [35.84087199208281, 145.43094135643767], [28.548675712416998, 139.27985305909797], [16.84524483127873, 129.59523539424094], [12.495952103775146, 120.80383849372463], [6.55520444904481, 111.38038572551893]]}