{"harita_boyut": {"genislik": 212, "yukseklik": 354}, "baslangic": [115.10913856684128, 305.0227614310113], "hedef": [201.25503912792053, 19.30653475892453], "engeller": [["daire", 162, 224, 8], ["dikdortgen", 27, 57, 10, 19], ["dikdortgen", 144, 224, 8, 20], ["dikdortgen", 42, 313, 13, 19], ["daire", 160, 317, 4], ["dikdortgen", 38, 165, 10, 9], ["daire", 59, 208, 6], ["daire", 159, 276, 8], ["dikdortgen", 134, 26, 19, 18], ["daire", 106, 25, 14], ["daire", 51, 40, 15], ["daire", 194, 184, 6], ["daire", 73, 240, 15], ["daire", 122, 192, 7], ["dikdortgen", 102, 209, 11, 19], ["daire", 50, 209, 10], ["daire", 101, 159, 9], ["daire", 131, 165, 14], ["daire", 117, 273, 14], ["daire", 192, 196, 4], ["daire", 123, 107, 4], ["dikdortgen", 127, 156, 17, 8], ["daire", 110, 195, 8], ["daire", 152, 289, 9], ["daire", 16, 241, 15], ["dikdortgen", 61, 134, 16, 15], ["dikdortgen", 116, 59, 12, 18], ["dikdortgen", 15, 114, 20, 17], ["dikdortgen", 8, 303, 13, 19], ["dikdortgen", 156, 126, 7, 18], ["daire", 184, 147, 3], ["dikdortgen", 106, 17, 7, 7], ["daire", 166, 48, 13], ["dikdortgen", 192, 330, 9, 11], ["dikdortgen", 26, 128, 6, 13], ["dikdortgen", 172, 102, 9, 20], ["dikdortgen", 5, 241, 14, 5]], "rrt_path": [[115.10913856684128, 305.0227614310113], [122.80044407160021, 298.1417840851358], [133.4785078567835, 283.78601015647075], [134.8804544501561, 280.0397392440392], [137.30254413609705, 270.75360803362395], [131.26464883886646, 254.8352259710697], [127.79290989395345, 235.62978208620467], [128.32536197979397, 231.66537862839616], [130.50164936935573, 231.1269976944969], [138.9369494758164, 217.9185782625477], [142.07676257270256, 198.32397106569283], [145.6466048498898, 189.75393162168902], [150.4208732057988, 172.65823779743747], [152.65537970513316, 162.52827212200395], [151.06774720053536, 152.07408645059903], [134.97706419192673, 141.50988773137425], [132.50713557702088, 123.27818705457491], [139.1942830398106, 105.95380301533274], [146.5182080437934, 88.41005038440032], [158.385510290674, 78.5185693962714], [164.0822540790651, 73.41634487263538], [175.41516676623817, 65.83548725991018], [184.81639870420622, 53.43389224843104], [185.89101789400337, 49.580946155255106], [195.00377970687853, 33.38133334790826], [201.25503912792053, 19.30653475892453]]}