{"harita_boyut": {"genislik": 447, "yukseklik": 428}, "baslangic": [361.427379602959, 19.853107465111545], "hedef": [249.52035078819173, 130.1421104443703], "engeller": [["daire", 161, 43, 11], ["dikdortgen", 396, 196, 7, 17], ["daire", 9, 392, 7], ["daire", 150, 214, 12], ["dikdortgen", 342, 299, 14, 5], ["dikdortgen", 238, 153, 10, 17], ["dikdortgen", 9, 40, 6, 18], ["daire", 119, 417, 11], ["dikdortgen", 258, 310, 9, 9], ["daire", 36, 162, 5], ["dikdortgen", 86, 419, 8, 6], ["daire", 405, 351, 8], ["dikdortgen", 433, 345, 9, 15], ["daire", 14, 363, 7], ["dikdortgen", 177, 278, 16, 14], ["daire", 78, 40, 3], ["dikdortgen", 232, 166, 7, 6], ["daire", 210, 85, 15], ["dikdortgen", 24, 317, 8, 9], ["dikdortgen", 151, 296, 5, 20], ["dikdortgen", 425, 117, 7, 7], ["dikdortgen", 248, 337, 12, 9], ["daire", 222, 147, 14], ["dikdortgen", 41, 258, 7, 12], ["daire", 111, 175, 13], ["dikdortgen", 121, 117, 13, 11], ["dikdortgen", 193, 365, 6, 16], ["dikdortgen", 67, 225, 12, 11], ["dikdortgen", 41, 38, 11, 16], ["daire", 112, 256, 11], ["dikdortgen", 135, 195, 11, 12], ["daire", 123, 241, 6], ["dikdortgen", 239, 413, 9, 12], ["daire", 242, 257, 6], ["dikdortgen", 15, 409, 13, 11], ["daire", 19, 267, 9], ["dikdortgen", 327, 135, 20, 16], ["daire", 81, 40, 6], ["dikdortgen", 119, 52, 10, 6], ["dikdortgen", 320, 108, 13, 16], ["daire", 313, 186, 12], ["daire", 206, 120, 3], ["dikdortgen", 322, 362, 9, 11], ["dikdortgen", 342, 312, 12, 14], ["dikdortgen", 42, 270, 9, 5], ["dikdortgen", 59, 350, 15, 7], ["dikdortgen", 244, 389, 18, 14], ["dikdortgen", 294, 353, 19, 17], ["daire", 362, 228, 3], ["daire", 124, 287, 12], ["dikdortgen", 214, 30, 12, 18], ["dikdortgen", 392, 159, 10, 12], ["daire", 177, 56, 11], ["dikdortgen", 417, 270, 16, 14], ["dikdortgen", 26, 207, 5, 12], ["daire", 239, 297, 8], ["dikdortgen", 238, 360, 10, 15], ["dikdortgen", 32, 89, 6, 10], ["daire", 82, 70, 7], ["daire", 429, 144, 12], ["dikdortgen", 119, 251, 15, 19], ["dikdortgen", 236, 74, 5, 12], ["daire", 141, 402, 3], ["dikdortgen", 111, 0, 6, 16], ["dikdortgen", 39, 226, 20, 8], ["daire", 159, 352, 3], ["dikdortgen", 30, 312, 14, 11], ["dikdortgen", 140, 190, 14, 11], ["dikdortgen", 264, 41, 9, 5], ["dikdortgen", 156, 130, 6, 10], ["daire", 148, 168, 5], ["dikdortgen", 14, 122, 18, 18], ["dikdortgen", 92, 329, 12, 5], ["dikdortgen", 418, 277, 14, 8], ["dikdortgen", 50, 127, 20, 12], ["daire", 191, 161, 10], ["daire", 415, 67, 7], ["dikdortgen", 148, 313, 12, 10], ["dikdortgen", 302, 357, 16, 12], ["dikdortgen", 260, 36, 10, 10], ["dikdortgen", 214, 341, 8, 16], ["daire", 356, 234, 11], ["dikdortgen", 21, 100, 18, 10], ["dikdortgen", 308, 225, 15, 10], ["dikdortgen", 116, 258, 8, 14], ["dikdortgen", 164, 311, 19, 14], ["dikdortgen", 432, 241, 6, 19], ["daire", 222, 269, 12], ["daire", 440, 42, 7], ["daire", 233, 172, 6], ["daire", 70, 350, 14], ["dikdortgen", 187, 295, 13, 11], ["daire", 240, 27, 8], ["dikdortgen", 240, 200, 17, 9], ["daire", 111, 248, 7]], "rrt_path": [[361.42737960295887, 19.853107465111545], [361.029741032108, 20.163655628793116], [360.6335585464434, 20.475671453009035], [360.238832145965, 20.789154937759314], [359.84556183067247, 21.104106083043938], [359.45374760056626, 21.42052488886292], [359.06338945564625, 21.738411355216257], [358.6744873959125, 22.05776548210395], [358.2870414213647, 22.37858726952599], [357.9010515320032, 22.700876717482387], [357.51651772782776, 23.02463382597314], [357.13344000883853, 23.349858594998246], [356.7518183750355, 23.676551024557703], [356.37165282641854, 24.00471111465151], [355.99294336298783, 24.334338865279676], [355.6156899847432, 24.66543427644219], [355.23989269168476, 24.99799734813906], [354.8655514838126, 25.332028080370293], [354.49266636112645, 25.66752647313587], [354.12123732362653, 26.004492526435804], [353.7512643713127, 26.34292624027009], [353.38274750418503, 26.682827614638725], [353.0156867222437, 27.02419664954172], [352.6500820254883, 27.367033344979067], [352.28593341391917, 27.71133770095077], [351.92324088753617, 28.057109717456818], [351.56200444633936, 28.404349394497228], [351.2022240903287, 28.75305673207199], [350.8438998195042, 29.1032317301811], [350.4870316338659, 29.45487438882457], [350.13161953341364, 29.807984708002394], [349.7776635181476, 30.16256268771457], [349.4251635880678, 30.518608327961097], [349.0741197431741, 30.87612162874198], [348.7245319834666, 31.235102590057217], [348.37640030894516, 31.595551211906802], [348.02972471961, 31.95746749429075], [347.68450521546094, 32.32085143720904], [347.34074179649804, 32.68570304066169], [346.99843446272126, 33.052022304648695], [346.6575832141307, 33.419809229170056], [346.31818805072623, 33.78906381422576], [345.980248972508, 34.15978605981583], [345.6437659794759, 34.53197596594025], [345.30873907162993, 34.90563353259902], [344.9751682489702, 35.28075875979214], [344.64305351149665, 35.657351647519626], [344.3123948592091, 36.03541219578145], [343.98319229210784, 36.41494040457764], [343.6554458101927, 36.795936273908175], [343.32915541346375, 37.178399803773075], [343.0034539424147, 37.56146487182146], [342.6764065027451, 37.94319889795918], [342.34794156588686, 38.32353043916898], [342.0180591318399, 38.70245949545088], [341.68675920060434, 39.079986066804864], [341.3540417721801, 39.45611015323093], [341.0199068465672, 39.830831754729076], [340.6843544237656, 40.20415087129931], [340.34738450377546, 40.57606750294165], [340.00899708659654, 40.94658164965605], [339.66919217222903, 41.31569331144255], [339.32796976067283, 41.68340248830112], [338.9853298519279, 42.04970918023179], [338.64127244599445, 42.414613387234546], [338.29579754287226, 42.77811510930938], [337.94890514256144, 43.140214346456304], [337.60059524506187, 43.50091109867531], [337.25086785037377, 43.86020536596641], [336.8997229584969, 44.21809714832958], [336.5471605694314, 44.57458644576485], [336.1931806831773, 44.92967325827219], [335.8377832997345, 45.28335758585163], [335.4809684191031, 45.63563942850316], [335.1227360412829, 45.98651878622676], [334.7630861662741, 46.33599565902245], [334.4020187940767, 46.68407004689024], [334.0395339246906, 47.0307419498301], [333.6756315581158, 47.376011367842054], [333.3103116943524, 47.71987830092609], [332.94357433340025, 48.0623427490822], [332.57541947525954, 48.40340471231041], [332.2058471199301, 48.7430641906107], [331.8348572674121, 49.08132118398308], [331.4624499177053, 49.41817569242754], [331.0886683367267, 49.753671354272385], [330.71533504162267, 50.08964637399045], [330.34341287102285, 50.427071877849784], [329.9729018249271, 50.7659478658504], [329.6038019033353, 51.10627433799226], [329.23611310624767, 51.4480512942754], [328.8698354336642, 51.79127873469981], [328.50496888558473, 52.135956659265474], [328.1415134620094, 52.482085067972406], [327.7794691629381, 52.82966396082061], [327.418835988371, 53.17869333781009], [327.0596139383079, 53.529173198940825], [326.70180301274894, 53.881103544212834], [326.3454032116941, 54.2344843736261], [325.99041453514326, 54.58931568718065], [325.63683698309643, 54.945597484876444], [325.2846705555539, 55.30332976671352], [324.93391525251536, 55.66251253269186], [324.5845710739809, 56.02314578281147], [324.23663801995053, 56.38522951707233], [323.8901160904242, 56.74876373547447], [323.54500528540206, 57.11374843801788], [323.201305604884, 57.48018362470254], [322.85901704887, 57.84806929552849], [322.51813961736013, 58.217405450495704], [322.1786733103543, 58.58819208960417], [321.84061812785257, 58.96042921285391], [321.50397406985496, 59.334116820244915], [321.1687411363614, 59.70925491177721], [320.83491932737195, 60.085843487450745], [320.5025086428865, 60.463882547265534], [320.17150908290523, 60.84337209122161], [319.8419206474281, 61.22431211931895], [319.51374333645504, 61.60670263155757], [319.186975612588, 61.990541962471966], [318.8594969308954, 62.37353292266419], [318.5294046227945, 62.753614348501024], [318.1966986882854, 63.13078623998246], 