{"harita_boyut": {"genislik": 406, "yukseklik": 202}, "baslangic": [279.91189870658087, 168.99240445011696], "hedef": [93.69389641306563, 43.39201066924301], "engeller": [["daire", 275, 131, 6], ["daire", 226, 78, 6], ["daire", 208, 20, 4], ["daire", 218, 27, 9], ["dikdortgen", 63, 159, 10, 10], ["dikdortgen", 55, 96, 11, 5], ["daire", 143, 195, 5], ["daire", 112, 122, 3], ["dikdortgen", 63, 107, 16, 11], ["daire", 50, 107, 15], ["dikdortgen", 124, 179, 10, 11], ["dikdortgen", 157, 85, 8, 8], ["dikdortgen", 93, 52, 5, 11], ["daire", 263, 74, 6], ["daire", 250, 88, 6], ["dikdortgen", 33, 140, 8, 5], ["daire", 378, 193, 9], ["daire", 390, 134, 4], ["daire", 167, 172, 7], ["daire", 198, 80, 7], ["daire", 402, 4, 3], ["dikdortgen", 150, 147, 7, 20], ["dikdortgen", 288, 62, 19, 19], ["daire", 21, 117, 9], ["dikdortgen", 384, 187, 14, 8], ["daire", 231, 145, 8], ["dikdortgen", 213, 60, 8, 9], ["daire", 143, 38, 13], ["dikdortgen", 267, 174, 12, 16], ["daire", 205, 77, 6], ["dikdortgen", 273, 196, 20, 5], ["dikdortgen", 234, 0, 9, 18], ["dikdortgen", 116, 32, 13, 15], ["daire", 126, 87, 10], ["dikdortgen", 321, 154, 15, 13], ["dikdortgen", 122, 143, 9, 17], ["dikdortgen", 263, 38, 5, 9], ["daire", 286, 144, 6], ["daire", 82, 142, 13], ["dikdortgen", 373, 97, 11, 10], ["daire", 50, 155, 10]], "rrt_path": [[279.91189870658087, 168.99240445011696], [262.04744822663497, 162.941836458999], [251.55689470305236, 146.40853407453787], [242.05968724902, 136.87048445540833], [233.23975641631532, 129.81625605306013], [215.57679382539266, 120.78570228790285], [209.79084825332427, 117.5669080178365], [196.68706808202273, 111.31283781492947], [182.81495834301782, 104.85787680822946], [164.18283147177476, 103.15243844876342], [147.8226381492363, 103.2511289439536], [143.93395879410096, 104.18823772789716], [127.67715202569234, 104.78719012962699], [109.88456909471768, 105.71907666072646], [111.0634057940473, 102.24859218690494], [110.24109935006203, 85.65918110350383], [109.1369483343515, 79.0648106873701], [109.73495026708734, 63.30887083948307], [103.98561362453951, 46.59008862579806], [93.69389641306563, 43.39201066924301]]}