{"harita_boyut": {"genislik": 195, "yukseklik": 277}, "baslangic": [162.44360067915875, 139.95399741152175], "hedef": [66.12934589923103, 187.26792872851092], "engeller": [["daire", 52, 159, 7], ["dikdortgen", 76, 7, 20, 10], ["daire", 16, 236, 3], ["dikdortgen", 154, 218, 16, 9], ["daire", 34, 68, 4], ["daire", 62, 60, 10], ["daire", 89, 235, 15], ["daire", 174, 259, 11], ["dikdortgen", 89, 172, 6, 10], ["daire", 175, 206, 11], ["daire", 46, 52, 11], ["daire", 69, 248, 6], ["dikdortgen", 90, 132, 13, 20], ["dikdortgen", 161, 56, 10, 11], ["dikdortgen", 43, 79, 17, 19], ["dikdortgen", 66, 63, 20, 20], ["dikdortgen", 75, 209, 20, 18], ["daire", 48, 83, 11], ["daire", 36, 166, 15], ["dikdortgen", 21, 14, 15, 10], ["dikdortgen", 184, 143, 6, 19], ["daire", 39, 53, 3], ["daire", 146, 171, 8], ["dikdortgen", 154, 38, 7, 11], ["daire", 109, 48, 8], ["dikdortgen", 77, 109, 6, 9], ["daire", 160, 107, 3]], "rrt_path": [[162.44360067915875, 139.95399741152175], [144.38279020363146, 144.46376252527864], [130.74572149588485, 147.70270480845798], [121.67770877802792, 160.01722918402535], [117.0943236395484, 169.18845347451105], [111.34243935000622, 182.5798083953845], [102.36501915648172, 192.65895166426816], [83.6329199168278, 199.11807786367123], [73.81150776562049, 202.12884994846524], [73.87535559102815, 203.83849201107387], [66.12934589923103, 187.26792872851092]]}