{"harita_boyut": {"genislik": 143, "yukseklik": 252}, "baslangic": [116.68184947751145, 171.25820525652313], "hedef": [14.754173395910462, 123.72562896364599], "engeller": [["dikdortgen", 48, 187, 13, 20], ["dikdortgen", 51, 103, 10, 6], ["dikdortgen", 101, 99, 7, 20], ["dikdortgen", 10, 201, 9, 15], ["dikdortgen", 26, 192, 12, 8], ["dikdortgen", 115, 120, 16, 19], ["daire", 35, 52, 4], ["daire", 65, 187, 14], ["daire", 59, 99, 10], ["dikdortgen", 98, 28, 15, 17], ["daire", 29, 241, 3], ["daire", 54, 234, 3], ["dikdortgen", 45, 213, 18, 10], ["dikdortgen", 110, 200, 17, 7], ["dikdortgen", 106, 222, 7, 19], ["daire", 73, 211, 3], ["daire", 104, 90, 9], ["daire", 22, 82, 8]], "rrt_path": [[116.68184947751145, 171.25820525652313], [116.38111229888618, 170.84139225766032], [116.08268061909935, 170.42377067572366], [115.78655443815101, 170.00534051071318], [115.49273375604112, 169.58610176262874], [115.20121857276968, 169.16605443147049], [114.9120088883367, 168.74519851723835], [114.62510470274216, 168.32353401993234], [114.34050601598607, 167.90106093955245], [114.05821282806845, 167.4777792760987], [113.77822513898924, 167.05368902957105], [113.50054294874853, 166.62879019996956], [113.2251662573463, 166.20308278729422], [112.95209506478248, 165.77656679154498], [112.68132937105713, 165.34924221272186], [112.41286917617025, 164.92110905082487], [112.14671448012182, 164.49216730585405], [111.88286528291182, 164.06241697780933], [111.62132158454028, 163.63185806669074], [111.36208338500721, 163.20049057249827], [111.10515068431258, 162.76831449523195], [110.85052348245642, 162.33532983489172], [110.59820177943871, 161.90153659147765], [110.34818557525944, 161.4669347649897], [110.10047486991863, 161.0315243554279], [109.85506966341627, 160.5953053627922], [109.61196995575241, 160.15827778708268], [109.37117574692697, 159.72044162829923], [109.13268703693997, 159.28179688644192], [108.89650382579146, 158.8423435615108], [108.6626261134814, 158.40208165350572], [108.43105390000977, 157.96101116242684], [108.20178718537659, 157.51913208827403], [107.9748259695819, 157.0764444310474], [107.75017025262564, 156.63294819074687], [107.52782003450784, 156.1886433673725], [107.3077753152285, 155.74352996092423], [107.09003609478759, 155.2976079714021], [106.87460237318516, 154.85087739880606], [106.66147415042121, 154.40333824313626], [106.45065142649568, 153.95499050439247], [106.24213420140862, 153.50583418257486], [106.03592247515999, 153.05586927768337], [105.83201624774983, 152.605095789718], [105.63041551917814, 152.15351371867882], [105.43112028944489, 151.7011230645657], [105.23413055855008, 151.2479238273787], [105.03944632649376, 150.7939160071179], [104.84706759327585, 150.33909960378318], [104.65699435889641, 149.8834746173746], [104.46922662335545, 149.42704104789215], [104.28372424398093, 148.96975064320756], [104.09912270529017, 148.5099632340738], [103.91475309618721, 148.04687477874688], [103.73061541667205, 147.58048527722673], [103.5467096667447, 147.11079472951332], [103.36303584640515, 146.63780313560667], [103.17959395565344, 146.1615104955069], [102.99638399448953, 145.68191680921385], [102.81340596291342, 145.1990220767276], [102.63065986092515, 144.71282629804813], [102.44814568852462, 144.22332947317545], [102.26586344571197, 143.73053160210958], [102.0838131324871, 143.23443268485045], [101.90199474885007, 142.73503272139817], [101.72040829480082, 142.23233171175258], [101.5390537703394, 141.72632965591387], [101.35793117546578, 141.2170265538819], [101.17704051017998, 140.70442240565671], [100.99638177448197, 140.18851721123832], [100.81595496837178, 139.66931097062673], [100.63576009184942, 139.1468036838219], [100.45579714491485, 138.62099535082388], [100.27606612756809, 138.09188597163256], [100.09656703980914, 137.55947554624814], [99.91729988163802, 137.02376407467048], [99.7382646530547, 136.48475155689957], [99.55946135405918, 135.94243799293545], [99.38088998465149, 135.39682338277814], [99.2025505448316, 134.8479077264276], [99.02444303459953, 134.29569102388388], [98.84656745395523, 133.74017327514684], [98.6689238028988, 133.18135448021673], [98.49138005089729, 132.6194745787899], [98.30533563716783, 132.07016340966052], [98.10562529690921, 131.54280783238474], [97.89224903012139, 131.0374078469625], [97.66520683680444, 130.55396345339386], [97.42449871695827, 130.09247465167877], [97.17012467058295, 129.65294144181726], [96.90208469767845, 129.23536382380928], [96.62037879824476, 128.83974179765488], [96.3250069722819, 128.46607536335404], [96.0159692197899, 128.11436452090675], [95.69326554076868, 127.78460927031303], [95.35689593521829, 127.47680961157286], [95.00686040313872, 127.19096554468626], [94.64315894452999, 126.92707706965322], [94.26579155939206, 126.68514418647375], [93.874758247725, 126.46516689514785], [93.47005900952873, 126.2671451956755], [93.05169384480327, 126.09107908805669], [92.61966275354865, 125.93696857229146], [92.17396573576485, 125.80481364837979], [91.71460279145188, 125.69461431632169], [91.24157392060974, 125.60637057611714], [90.75487912323842, 125.54008242776615], [90.25451839933794, 125.49574987126874], [89.74185682960113, 125.47126974114687], [89.22470864645143, 125.45460273162462], [88.70431546377803, 125.443835901231], [88.18067728158094, 125.43896924996598], [87.65379409986011, 125.44000277782955], [87.12366591861559, 125.4469364848217], [86.59029273784732, 125.45977037094246], [86.05367455755538, 125.47850443619183], [85.51381137773971, 125.50313868056976], [84.97070319840033, 125.53367310407631], [84.42435001953723, 125.57010770671147], [83.87475184115041, 125.61244248847521], [83.32190866323991, 125.66067744936757], [82.76582048580568, 125.71481258938852], [82.20648730884774, 125.77484790853805], [81.64475546973105, 125.83925427161955], [81.09739214996782, 125.87773727304437], [80.57092000743161, 125.87851198384325], [80.06533904212245, 125.84157840401612], [79.58064925404031, 125.76693653356305], [79.1168506431852, 125.65458637248399], [78.67394320955711, 125.5045279207789], [78.25192695315606, 125.31676117844788], [77.85080187398202, 125.09128614549084], [77.47056797203504, 124.82810282190783], [77.11122524731508, 124.52721120769885], [76.77277369982215, 124.18861130286388], [76.45521332955624, 123.81230310740293], [76.15854413651738, 123.398286621316], [75.8815239936649, 122.94880600118387], [75.59882648378424, 122.50961860032031], [75.30045937157618, 122.09877743574347], [74.98642265704072, 121.71628250745339], [74.65671634017782, 121.36213381545001], [74.3113404209875, 121.0363313597334], [73.95029489946977, 120.73887514030349], [73.57357977562461, 120.46976515716035], [73.18119504945204, 120.22900141030394], [72.77314072095204, 120.01658389973426], [72.34941679012461, 119.8325126254513], [71.9100232569698, 119.6767875874551], [71.45496012148753, 119.54940878574563], [70.98422738367786, 119.45037622032288], [70.49782504354076, 119.3796898911869], [69.99575310107625, 119.33734979833764], [69.47801155628429, 119.3233559417751], [68.94460040916495, 119.33770832149933], [68.39551965971818, 119.38040693751029], [67.83076930794397, 119.45145178980798], [67.25834459506015, 119.53613323184481], [66.68882091860928, 119.61499464490035], [66.12224831993514, 119.6879439628995], [65.55862679903761, 119.75498118584224], [64.99795635591681, 119.81610631372861], [64.44023699057267, 119.87131934655858], [63.885468703005216, 119.92062028433213], [63.33365149321445, 119.96400912704928], [62.78478536120033, 120.00148587471007], [62.238870306962895, 120.03305052731442], [61.69590633050214, 120.0587030848624], [61.155893431818086, 120.07844354735398], [60.61883161091069, 120.09227191478918], [60.084720867779964, 120.10018818716796], [59.55356120242593, 120.10219236449035], [59.02535261484858, 120.09828444675637], [58.500095105047905, 120.08846443396598], [57.977788673023895, 120.07273232611917], [57.45843331877656, 120.05108812321595], [56.94202904230592, 120.02353182525638], [56.42857584361194, 