{"harita_boyut": {"genislik": 168, "yukseklik": 337}, "baslangic": [5.7115487184937805, 194.0682448845549], "hedef": [121.45863576987328, 228.44985060989268], "engeller": [["dikdortgen", 57, 107, 6, 10], ["daire", 40, 72, 11], ["daire", 23, 84, 11], ["dikdortgen", 148, 134, 16, 17], ["daire", 55, 319, 4], ["daire", 37, 232, 4], ["dikdortgen", 86, 77, 13, 14], ["daire", 35, 298, 13], ["dikdortgen", 87, 167, 9, 15], ["dikdortgen", 115, 246, 6, 15], ["daire", 131, 287, 7], ["daire", 161, 320, 3], ["dikdortgen", 109, 191, 12, 17], ["daire", 112, 282, 8], ["daire", 129, 26, 13], ["dikdortgen", 31, 78, 15, 5], ["dikdortgen", 121, 85, 9, 5], ["daire", 96, 227, 12], ["daire", 87, 81, 12], ["dikdortgen", 6, 140, 7, 14], ["dikdortgen", 134, 197, 5, 10], ["dikdortgen", 152, 23, 14, 9], ["dikdortgen", 79, 56, 12, 5], ["daire", 100, 308, 5], ["dikdortgen", 139, 3, 6, 7], ["daire", 119, 132, 14], ["daire", 138, 155, 5], ["daire", 78, 81, 8]], "rrt_path": [[5.7115487184937805, 194.0682448845549], [8.567241090398475, 186.68383773189518], [20.216816796959904, 174.19147164716125], [32.25596355856767, 162.37681123882035], [48.19560248658449, 158.38131930112792], [66.78425668992898, 152.08802867006202], [77.12463530645914, 152.58281820762318], [95.11002167175289, 154.2537391782269], [102.6569612675015, 156.8746325252446], [105.07806226885246, 154.4320405476108], [118.3975208163658, 163.22715201379637], [122.01773690228023, 172.06984965767236], [126.48968735727922, 185.70666632792543], [127.83895512533786, 199.71866551840932], [128.01809607082689, 211.36504705941596], [121.45863576987328, 228.44985060989268]]}