{"harita_boyut": {"genislik": 143, "yukseklik": 248}, "baslangic": [18.182043430144567, 197.86021571512967], "hedef": [12.945487339589338, 75.1319223562153], "engeller": [["dikdortgen", 43, 74, 20, 10], ["dikdortgen", 25, 181, 9, 12], ["daire", 50, 56, 14], ["daire", 65, 11, 4], ["dikdortgen", 1, 66, 5, 15], ["dikdortgen", 18, 111, 19, 15], ["daire", 107, 24, 13], ["daire", 76, 107, 15], ["dikdortgen", 87, 84, 9, 18], ["dikdortgen", 93, 203, 18, 11], ["dikdortgen", 32, 200, 19, 16], ["daire", 114, 132, 13], ["dikdortgen", 125, 195, 6, 19], ["dikdortgen", 48, 161, 16, 18], ["dikdortgen", 95, 39, 13, 9], ["dikdortgen", 5, 130, 12, 19], ["dikdortgen", 67, 50, 11, 8]], "rrt_path": [[18.182043430144567, 197.86021571512967], [19.67120480270826, 178.13602584239715], [20.45391936540245, 174.21335355002472], [23.693063751773867, 171.86645269054247], [31.870996528727872, 157.780444945694], [37.637606911451385, 149.26248896498217], [47.7123632188261, 135.22511098765767], [51.83275547282602, 128.73970402295285], [49.883776265008024, 127.39205520814708], [50.776313635902184, 119.31138663192725], [44.735613578283115, 107.19236214157844], [38.03491206165009, 104.32756228624014], [34.130738305544945, 103.45725930328545], [20.26913076335209, 91.54135165281672], [12.945487339589338, 75.1319223562153]]}