{"harita_boyut": {"genislik": 459, "yukseklik": 118}, "baslangic": [289.2752006412618, 65.55847023799265], "hedef": [189.07975497679993, 6.737452987730922], "engeller": [["dikdortgen", 361, 37, 10, 19], ["dikdortgen", 10, 86, 16, 12], ["daire", 98, 60, 6], ["daire", 76, 50, 15], ["daire", 74, 39, 10], ["dikdortgen", 410, 83, 8, 7], ["dikdortgen", 343, 95, 6, 19], ["dikdortgen", 1, 38, 19, 14], ["daire", 153, 77, 5], ["daire", 10, 6, 5], ["dikdortgen", 411, 71, 6, 19], ["daire", 145, 52, 5], ["daire", 119, 91, 13], ["daire", 15, 72, 7], ["daire", 178, 74, 10], ["daire", 25, 93, 14], ["dikdortgen", 401, 74, 16, 14], ["dikdortgen", 23, 98, 16, 13], ["daire", 321, 76, 4], ["daire", 20, 73, 12], ["daire", 301, 48, 5], ["daire", 41, 72, 15], ["dikdortgen", 447, 63, 10, 12], ["dikdortgen", 205, 62, 15, 12], ["dikdortgen", 221, 0, 9, 9], ["dikdortgen", 311, 1, 6, 15], ["daire", 150, 108, 10]], "rrt_path": [[289.2752006412618, 65.55847023799265], [305.88244605009373, 67.48846004021694], [320.421346938556, 66.6194146367346], [336.1455641389861, 54.46857554968012], [337.8775492991002, 50.86299273893445], [334.2316091291699, 49.28069311107103], [323.8437295570668, 45.97025882260852], [308.75539361126135, 39.45322546783265], [289.60954062514895, 34.14599716445872], [277.4968389463566, 31.06214161057325], [258.83062085141785, 25.388453983796882], [250.8940719189174, 24.808488337114227], [232.60830095910165, 22.51243873258604], [213.59188469380283, 18.91993733253031], [205.68485311494237, 14.489826292061327], [189.07975497679993, 6.737452987730922]]}