{"harita_boyut": {"genislik": 346, "yukseklik": 147}, "baslangic": [110.13430982874473, 10.968106216779233], "hedef": [173.20857069055754, 91.38755244662384], "engeller": [["daire", 259, 70, 15], ["daire", 184, 20, 5], ["dikdortgen", 23, 11, 5, 17], ["daire", 77, 131, 10], ["dikdortgen", 169, 129, 14, 8], ["daire", 36, 125, 15], ["dikdortgen", 266, 106, 14, 20], ["daire", 256, 104, 12], ["dikdortgen", 104, 85, 9, 6], ["daire", 44, 53, 3], ["dikdortgen", 2, 31, 18, 11], ["daire", 163, 114, 6], ["daire", 233, 105, 7], ["dikdortgen", 69, 119, 12, 17], ["dikdortgen", 262, 32, 5, 11], ["dikdortgen", 130, 124, 14, 14], ["dikdortgen", 236, 108, 12, 8], ["dikdortgen", 52, 99, 9, 6], ["daire", 112, 40, 8], ["daire", 185, 136, 7], ["dikdortgen", 289, 82, 18, 14], ["dikdortgen", 311, 29, 19, 8], ["dikdortgen", 329, 128, 8, 16], ["dikdortgen", 311, 91, 13, 13], ["dikdortgen", 186, 134, 16, 11]], "rrt_path": [[110.13430982874478, 10.968106216779233], [109.76279978477108, 11.311941824362188], [109.39056892203327, 11.654431442602156], [109.01761724053132, 11.99557507149914], [108.64394474026521, 12.33537271105313], [108.26955142123498, 12.673824361264137], [107.8944372834406, 13.010930022132158], [107.51860232688207, 13.346689693657186], [107.14204655155946, 13.681103375839237], [106.76476995747265, 14.01417106867829], [106.38677254462172, 14.345892772174361], [106.00805431300668, 14.676268486327448], [105.62861526262748, 15.005298211137545], [105.24845539348416, 15.332981946604653], [104.86757470557667, 15.659319692728774], [104.48597319890507, 15.984311449509908], [104.1036508734693, 16.307957216948054], [103.72060772926945, 16.63025699504322], [103.33684376630542, 16.95121078379539], [102.95235898457726, 17.270818583204573], [102.56715338408495, 17.58908039327077], [102.18122696482851, 17.905996213993983], [101.79457972680795, 18.221566045374207], [101.40721167002324, 18.535789887411443], [101.01912279447441, 18.848667740105697], [100.63031310016143, 19.16019960345696], [100.24078258708428, 19.47038547746523], [99.85053125524306, 19.77922536213052], [99.45955910463765, 20.08671925745282], [99.06786613526812, 20.392867163432136], [98.67545234713444, 20.69766908006846], [98.28231774023664, 21.0011250073618], [97.8884623145747, 21.303234945312155], [97.4938860701486, 21.603998893919517], [97.09858900695838, 21.903416853183895], [96.70257112500403, 22.201488823105283], [96.30581181808726, 22.498214153190112], [95.90653326086674, 22.793536721297016], [95.50359218438471, 23.08742043687169], [95.09698858864118, 23.379865299914126], [94.68672247363614, 23.67087131042433], [94.2727938393696, 23.96043846840231], [93.85520268584155, 24.24856677384804], [93.43394901305201, 24.53525622676155], [93.00903282100091, 24.820506827142818], [92.58045410968833, 25.10431857499185], [92.14821287911425, 25.386691470308655], [91.71230912927867, 25.667625513093228], [91.27274286018155, 25.947120703345554], [90.82951407182293, 26.225177041065667], [90.38262276420282, 26.501794526253533], [89.93206893732118, 26.77697315890916], [89.47785259117805, 27.050712939032564], [89.0199737257734, 27.323013866623732], [88.55843234110723, 27.59387594168266], [88.09322843717958, 27.863299164209366], [87.62436201399042, 28.13128353420384], [87.15183307153973, 28.397829051666065], [86.67564623334306, 28.66293764890508], [86.20975277127224, 28.932439990562717], [85.76711991202647, 29.21175547860549], [85.34774765560576, 29.500884113033408], [84.95163600201012, 29.79982589384646], [84.57878495123951, 30.10858082104466], [84.22919450329398, 30.427148894628], [83.9028646581735, 30.755530114596482], [83.59979541587805, 31.093724480950097], [83.31998677640769, 31.441731993688865], [83.06343873976238, 31.799552652812764], [82.83015130594215, 32.167186458321815], [82.62012447494695, 32.544633410215994], [82.4333582467768, 32.93189350849532], [82.26985262143174, 33.3289667531598], [82.12960759891172, 33.7358531442094], [82.01262317921675, 34.152552681644146], [81.91889936234683, 34.57906536546403], [81.84843614830199, 35.01539119566907], [81.80123353708221, 35.46153017225924], [81.77729152868746, 35.91748229523455], [81.77661012311778, 36.383247564595], [81.79918932037316, 36.8588259803406], [81.8450291204536, 37.34421754247133], [81.9141295233591, 37.83942225098721], [82.00649052908966, 38.344440105888225], [82.12211213764526, 38.85927110717438], [82.26099434902592, 39.383915254845675], [82.42313716323164, 39.91837254890213], [82.60854058026244, 40.46264298934371], [82.81720460011827, 41.01672657617043], [83.04454004598207, 41.57578699989517], [83.27982111670246, 42.128520862123736], [83.5226061177882, 42.674462682587276], [83.77289504923924, 43.213612461285784], [84.0306879110556, 43.74597019821926], [84.29598470323728, 44.27153589338771], [84.56878542578427, 44.790309546791114], [84.8490900786966, 45.30229115842951], [85.13689866197426, 45.80748072830287], [85.43221117561723, 46.305878256411184], [85.73502761962551, 46.79748374275447], [86.04534799399912, 47.28229718733274], [86.36317229873804, 47.76031859014598], [86.68850053384229, 48.23154795119418], [87.02133269931184, 48.69598527047735], [87.36166879514673, 49.15363054799549], [87.70950882134694, 49.604483783748606], [88.06485277791245, 50.048544977736675], [88.42770066484331, 50.485814129959735], [88.79805248213947, 50.916291240417735], [89.17590822980095, 51.339976309110725], [89.56126790782776, 51.756869336038676], [89.95413151621989, 52.166970321201624], [90.35449905497732, 52.570279264599506], [90.76237052410009, 52.96679616623237], [91.17774592358818, 53.35652102610021], [91.60062525344159, 53.73945384420301], [92.03100851366028, 54.115594620540776], [92.46889570424435, 54.48494335511353], [92.91428682519371, 54.84750004792124], [93.3671818765084, 55.20326469896392], [93.82191594606874, 55.55411632054044], [94.23744938674925, 55.913667480694535], [94.60561509205395, 56.284627152350744], [94.9264130619829, 56.666995335509085], [95.19984329653607, 57.06077203016953], [95.42590579571348, 57.465957236332095], [95.60460055951509, 57.88255095399678], [95.73592758794095, 58.31055318316357], [95.81988688099105, 58.74996392383247], [95.85647843866536, 59.2007831760035], [95.84570226096388, 59.66301093967664], [95.78755834788664, 60.136647214851905], [95.68204669943361, 60.621692001529276], [95.52916731560484, 61.11814529970877], [95.33210089326273, 61.624713570874896], [95.1662221420926, 62.110743126767886], [95.06343242955535, 62.56326019173685], [95.02373175565096, 62.98226476578177], [95.04712012037949, 63.36775684890266], [95.13359752374089, 63.71973644109949], [95.28316396573521, 64.03820354237233], [95.4958194463624, 64.32315815272109], [95.77156396562248, 64.57460027214583], [96.11039752351545, 64.79252990064654], [96.51232012004131, 64.9769470382232], [96.97733175520007, 65.12785168487585], [97.50543242899172, 65.24524384060445], [98.09662214141625, 65.329123505409], [98.75090089247368, 65.37949067928955], [99.43991913068285, 65.40929987024259], [100.12234150181409, 65.43743953148633], [100.79781611383633, 65.46407046232419], [101.46634296674956, 65.4891926627562], [102.12792206055377, 65.51280613278234], [102.78255339524897, 65.53491087240259], [103.43023697083515, 65.555506881617], [104.07097278731236, 65.57459416042553], [104.70476084468052, 65.59217270882819], [105.33160114293969, 65.60824252682498], [105.95149368208983, 65.6228036144159], [106.56443846213097, 65.63585597160095], [107.17043548306307, 65.64739959838012], [107.76948474488621, 65.65743449475343], [108.36158624760034, 65.66596066072087], [108.94673999120543, 65.67297809628246], [109.52494597570153, 65.67848680143817], [110.0962042010886, 65.682486776188], [110.66051466736663, 65.68497802053194], [111.2178773745357, 65.68596053447006], [111.76829232259576, 65.68543431800228], [112.31175951154677, 65.68339937112863], [112.8482789413888, 65.67985569384912], [113.37785061212182, 65.67480328616374], [113.90047452374583, 65.6682421480725], [114.41615067626083, 65.66017227957536], 