{"harita_boyut": {"genislik": 147, "yukseklik": 387}, "baslangic": [6.158819645217891, 151.24252615707232], "hedef": [121.01404011261944, 151.99630848116212], "engeller": [["dikdortgen", 128, 142, 17, 5], ["dikdortgen", 129, 208, 16, 18], ["dikdortgen", 79, 280, 12, 18], ["daire", 88, 136, 7], ["daire", 101, 98, 10], ["daire", 75, 297, 6], ["daire", 15, 336, 7], ["dikdortgen", 53, 331, 20, 14], ["daire", 22, 295, 3], ["daire", 50, 367, 8], ["dikdortgen", 62, 11, 16, 14], ["dikdortgen", 100, 263, 13, 11], ["daire", 86, 66, 8], ["daire", 112, 36, 9], ["dikdortgen", 36, 38, 16, 13], ["dikdortgen", 106, 180, 11, 20], ["dikdortgen", 80, 59, 15, 18], ["dikdortgen", 23, 80, 10, 10], ["dikdortgen", 22, 82, 13, 15], ["daire", 131, 80, 3], ["dikdortgen", 114, 96, 18, 10], ["dikdortgen", 89, 16, 7, 19], ["dikdortgen", 78, 183, 8, 5], ["daire", 35, 104, 4], ["daire", 28, 339, 5], ["dikdortgen", 29, 231, 12, 10], ["daire", 73, 76, 14], ["dikdortgen", 136, 9, 7, 5]], "rrt_path": [[6.158819645217891, 151.2425261570723], [6.629935878162413, 151.06801575907392], [7.100840967992191, 150.8926084489438], [7.571534914707221, 150.71630422668187], [8.042017718307507, 150.53910309228826], [8.51228937879305, 150.3610050457629], [8.982349896163846, 150.1820100871058], [9.452199270419898, 150.00211821631686], [9.921837501561203, 149.82132943339624], [10.391264589587767, 149.63964373834386], [10.860480534499583, 149.45706113115975], [11.329485336296653, 149.27358161184387], [11.798278994978979, 149.08920518039622], [12.266861510546558, 148.90393183681684], [12.735232882999394, 148.7177615811057], [13.203393112337487, 148.53069441326284], [13.671342198560833, 148.34273033328822], [14.13908014166943, 148.1538693411818], [14.606606941663287, 147.9641114369437], [15.073922598542397, 147.77345662057382], [15.541027112306764, 147.5819048920722], [16.007920482956386, 147.38945625143884], [16.47460271049126, 147.1961106986737], [16.94107379491139, 147.00186823377683], [17.40733373621677, 146.80672885674818], [17.873382534407416, 146.61069256758785], [18.339220189483306, 146.4137593662957], [18.80484670144446, 146.21592925287186], [19.270262070290862, 146.0172022273162], [19.73546629602252, 145.81757828962884], [20.200459378639437, 145.6170574398097], [20.665241318141607, 145.41563967785885], [21.12981211452903, 145.21332500377625], [21.594171767801708, 145.01011341756185], [22.058320277959638, 144.80600491921572], [22.52225764500283, 144.60099950873786], [22.985983868931278, 144.39509718612828], [23.44949894974497, 144.18829795138686], [23.912802887443927, 143.98060180451375], [24.376094441416384, 143.77296679406288], [24.84011787855662, 143.56898039244567], [25.30494404549993, 143.3689840905326], [25.770572942246314, 143.1729778883236], [26.237004568795776, 142.9809617858188], [26.704238925148314, 142.79293578301804], [27.17227601130392, 142.6088998799214], [27.641115827262606, 142.42885407652886], [28.11075837302436, 142.25279837284043], [28.581203648589195, 142.0807327688562], [29.0524516539571, 141.91265726457598], [29.52450238912809, 141.74857185999994], [29.99735585410215, 141.588476555128], [30.47101204887928, 141.43237134996016], [30.945470973459486, 141.2802562444964], [31.42073262784277, 141.1321312387368], [31.896797012029126, 140.9879963326813], [32.373664126018554, 140.84785152632992], [32.851333969811066, 140.71169681968263], [33.32980654340665, 140.57953221273948], [33.8090818468053, 140.4513577055004], [34.28915988000703, 140.32717329796546], [34.77004064301184, 140.20697899013464], [35.251724135819714, 140.09077478200794], [35.734210358430666, 139.9785606735853], [36.2174993108447, 139.87033666486684], [36.70159099306181, 139.76610275585244], [37.186759937290844, 139.66480700245305], [37.67445496133286, 139.5608978691005], [38.164887239014426, 139.45356618640977], [38.658056770335556, 139.34281195438078], [39.15396355529623, 139.22863517301354], [39.65260759389646, 139.11103584230807], [40.15398888613624, 138.99001396226433], [40.658107432015576, 138.86556953288238], [41.16496323153447, 138.73770255416218], [41.67455628469291, 138.60641302610372], [42.186886591490904, 138.47170094870702], [42.701954151928454, 138.33356632197209], [43.21975896600556, 138.1920091458989], [43.74030103372222, 138.0470294204875], [44.26358035507842, 137.89862714573778], [44.78959693007417, 137.74680232164988], [45.31835075870949, 137.59155494822375], [45.84984184098436, 137.43288502545934], [46.38407017689879, 137.27079255335667], [46.921035766452746, 137.1052775319158], [47.46073860964627, 136.93633996113664], [48.00317870647936, 136.76397984101928], [48.54835605695199, 136.58819717156365], [49.096270661064175, 136.40899195276978], [49.64692251881591, 136.22636418463767], [50.2003116302072, 136.04031386716736], [50.75643799523805, 135.85084100035874], [51.31405774821999, 135.6607746769555], [51.86311252238822, 135.49299200715535], [52.40140329709535, 135.35249452240527], [52.92893007234136, 135.23928222270519], [53.44569284812627, 135.15335510805508], [53.95169162445006, 135.09471317845504], [54.446926401312744, 135.063356433905], [54.93139717871432, 135.059284874405], [55.4051039566548, 135.082498499955], [55.86804673513414, 135.13299731055503], [56.320225514152405, 135.21078130620506], [56.76164029370953, 135.3158504869051], [57.192291073805556, 135.44820485265518], [57.612177854440475, 135.6078444034553], [58.02130063561428, 135.7947691393054], [58.41965941732698, 136.00897906020555], [58.807254199578566, 136.2504741661557], [59.184084982369036, 136.51925445715585], [59.55015176569841, 136.81531993320607], [59.905454549566656, 137.13867059430626], [60.2499933339738, 137.4893064404565], [60.58376811891985, 137.86722747165675], [60.90677890440477, 138.27243368790698], [61.21902569042858, 138.70492508920728], [61.52050847699128, 139.16470167555758], [61.81122726409288, 139.65176344695791], [62.09118205173337, 140.16611040340825], [62.36037283991274, 140.7077425449086], [62.618799628631, 141.27665987145897], [62.86646241788816, 141.87286238305938], [63.1033612076842, 142.4963500797098], [63.32949599801914, 143.14712296141022], [63.544866788892975, 143.82518102816067], [63.74951233354552, 144.53040753867703], [63.957996670006054, 145.218929399827], [64.18213806645815, 145.8551449481406], [64.4219365229018, 146.4390541836177], [64.67739203933702, 146.97065710625847], [64.9485046157638, 147.44995371606277], [65.23527425218212, 147.87694401303062], [65.53770094859202, 148.25162799716207], [65.85578470499347, 148.5740056684571], [66.18952552138649, 148.84407702691573], [66.53892339777104, 149.0618420725379], [66.9039783341472, 149.22730080532372], [67.28469033051488, 149.34045322527305], [67.68105938687413, 149.40129933238597], [68.09308550322494, 149.40983912666252], [68.5207686795673, 149.3660726081026], [68.96410891590124, 149.26999977670627], [69.42310621222674, 149.12162063247354], [69.896964490927, 148.9248951345802], [70.37572798622212, 148.7293466275129], [70.85640746777578, 148.54984455345885], [71.339002935588, 148.38638891241803], [71.82351438965874, 148.23897970439046], [72.30994182998803, 148.10761692937612], [72.79828525657585, 147.99230058737496], [73.28854466942221, 147.89303067838708], [73.7807200685271, 147.8098072024124], [74.27481145389056, 147.74263015945104], [74.77081882551252, 147.6914995495028], [75.26874218339304, 147.65641537256784], [75.76858152753212, 147.63737762864614], [76.2703368579297, 147.63438631773764], [76.77400817458586, 147.6474414398424], [77.27959547750052, 147.67654299496036], [77.78709876667375, 147.72169098309155], [78.2965180421055, 147.782885404236], [78.80785330379578, 147.86012625839365], [79.32109372618635, 147.95334485253653], [79.83473767683185, 148.0530126545649], [80.34772322609862, 148.15239124414586], [80.86005037398671, 148.25148062127943], [81.3717191204961, 148.3502807859656], [81.88272946562675, 148.44879173820433], [82.39308140937872, 148.54701347799568], [82.902774951752, 148.64494600533962], [83.41181009274655, 148.74258932023614],