{"harita_boyut": {"genislik": 306, "yukseklik": 273}, "baslangic": [146.04958933223858, 253.5094907846817], "hedef": [54.32382136493627, 211.50105356879587], "engeller": [["dikdortgen", 70, 124, 18, 18], ["dikdortgen", 168, 106, 20, 6], ["daire", 267, 190, 8], ["dikdortgen", 102, 17, 7, 12], ["dikdortgen", 204, 157, 20, 6], ["daire", 25, 128, 10], ["daire", 86, 93, 7], ["dikdortgen", 180, 81, 8, 14], ["dikdortgen", 274, 198, 17, 15], ["daire", 170, 56, 13], ["daire", 37, 205, 12], ["daire", 241, 151, 15], ["dikdortgen", 234, 102, 15, 10], ["daire", 155, 187, 7], ["dikdortgen", 279, 145, 9, 8], ["daire", 181, 205, 4], ["dikdortgen", 178, 52, 6, 12], ["dikdortgen", 124, 195, 12, 10], ["daire", 279, 38, 6], ["dikdortgen", 231, 137, 17, 14], ["dikdortgen", 202, 47, 12, 13], ["dikdortgen", 198, 244, 16, 20], ["dikdortgen", 50, 152, 5, 20], ["dikdortgen", 227, 14, 18, 19], ["dikdortgen", 188, 52, 5, 20], ["daire", 44, 150, 3], ["daire", 171, 126, 12], ["dikdortgen", 155, 253, 10, 6], ["dikdortgen", 27, 6, 15, 15], ["dikdortgen", 72, 190, 17, 5], ["daire", 188, 74, 3], ["dikdortgen", 218, 45, 9, 10], ["daire", 127, 81, 15], ["daire", 226, 55, 4], ["dikdortgen", 208, 211, 5, 5], ["daire", 236, 144, 14], ["dikdortgen", 163, 246, 17, 9], ["daire", 137, 163, 10], ["dikdortgen", 107, 182, 13, 12], ["daire", 50, 65, 4], ["dikdortgen", 206, 207, 10, 6]], "rrt_path": [[146.0495893322386, 253.5094907846817], [146.08100970649875, 252.99603462778504], [146.11073879494884, 252.48387209733832], [146.13877659758904, 251.97300319334175], [146.16512311441923, 251.46342791579517], [146.1897783454395, 250.95514626469864], [146.2127422906498, 250.44815824005215], [146.23401495005018, 249.94246384185593], [146.25359632364052, 249.4380630701095], [146.27148641142097, 248.93495592481332], [146.28768521339143, 248.43314240596712], [146.30219272955196, 247.932622513571], [146.3150089599025, 247.43339624762487], [146.3261339044431, 246.93546360812888], [146.33556756317375, 246.43882459508293], [146.34330993609444, 245.94347920848702], [146.34936102320515, 245.44942744834123], [146.35372082450587, 244.95666931464547], [146.35638933999667, 244.46520480739963], [146.3573665696775, 243.97503392660406], [146.35665251354843, 243.48615667225843], [146.3542471716093, 242.9985730443629], [146.35015054386028, 242.5122830429174], [146.3443626303013, 242.027286667922], [146.33688343093235, 241.54358391937666], [146.32771294575346, 241.06117479728135], [146.31685117476457, 240.58005930163606], [146.30429811796574, 240.1002374324409], [146.29005377535697, 239.62170918969576], [146.2741181469382, 239.14447457340074], [146.25649123270955, 238.66853358355576], [146.23717303267085, 238.19388622016078], [146.21616354682226, 237.72053248321595], [146.19346277516365, 237.24847237272107], [146.16907071769515, 236.7777058886763], [146.14298737441663, 236.3082330310816], [146.11521274532817, 235.84005379993698], [146.0857468304298, 235.37316819524239], [146.0558142591189, 234.90677659746981], [146.0342849299819, 234.43508742254036], [146.02292365266675, 233.95694834121832], [146.0217304271734, 233.47235935350358], [146.03070525350185, 232.98132045939627], [146.04984813165214, 232.48383165889638], [146.07915906162415, 231.97989295200378], [146.118638043418, 231.4695043387186], [146.16828507703366, 230.95266581904067], [146.2281001624711, 230.42937739297025], [146.29808329973037, 229.89963906050718], [146.37823448881142, 229.36345082165144], [146.46855372971427, 228.82081267640308], [146.56904102243894, 228.27172462476207], [146.67969636698538, 227.71618666672842], [146.80051976335366, 227.15419880230223], [146.93151121154372, 226.58576103148334], [147.0726707115556, 226.0108733542719], [147.2239982633892, 225.4295357706677], [147.38549386704472, 224.84174828067097], [147.55715752252198, 224.2475108842816], [147.73898922982104, 223.64682358149958], [147.9309889889419, 223.03968637232487], [148.1331567998846, 222.42609925675762], [148.34549266264906, 221.80606223479776], [148.5679965772353, 221.17957530644517], [148.80066854364344, 220.54663847170008], [149.0435085618733, 219.90725173056222], [149.29651663192496, 219.2614150830318], [149.55969275379846, 218.60912852910877], [149.79981315476346, 217.97798079742276], [149.9795547402984, 217.3989646573602], [150.09888637653498, 216.87210596221146], [150.15780806347334, 216.39740471197652], [150.15631980111337, 215.9748609066553], [150.09442158945512, 215.60447454624784], [149.9721134284986, 215.28624563075422], [149.78939531824375, 215.02017416017435], [149.5462672586906, 214.80626013450825], [149.2427292498392, 214.6445035537559], [148.87878129168948, 214.53490441791735], [148.45442338424147, 214.4774627269926], [147.96965552749515, 214.4721784809816], [147.43389325619503, 214.51028788196095], [146.89473499574467, 214.54748723470388], [146.3587957064935, 214.57761946185397], [145.82607538844155, 214.60068456341122], [145.29657404158883, 214.61668253937566], [144.77029166593525, 214.6256133897472], [144.24722826148093, 214.62747711452602], [143.72738382822575, 214.62227371371185], [143.21075836616987, 214.61000318730495], [142.6973518753131, 214.59066553530516], [142.18716435565557, 214.5642607577125], [141.68019580719724, 214.5307888545271], [141.1764462299381, 214.49024982574883], [140.67591562387818, 214.44264367137768], [140.1786039890175, 214.38797039141375], [139.684511325356, 214.32622998585694], [139.19363763289365, 214.25742245470732], [138.70598291163054, 214.1815477979648], [138.22052344569772, 214.10119259913526], [137.7344843180108, 214.0233681344706], [137.24771006651963, 213.94846720395253], [136.7602006912242, 213.87648980758124], [136.27195619212455, 213.80743594535662], [135.78297656922058, 213.7413056172786], [135.29326182251242, 213.6780988233473], [134.80281195199998, 213.61781556356271], [134.31162695768327, 213.56045583792474], [133.81970683956237, 213.5060196464335], [133.3270515976371, 213.45450698908886], [132.8336612319077, 213.40591786589096], [132.33953574237398, 213.36025227683967], [131.84467512903606, 213.31751022193512], [131.3490793918938, 213.27769170117716], [130.8527485309474, 213.240796714566], [130.35568254619665, 213.20682526210138], [129.85788143764165, 213.1757773437835], [129.35934520528244, 213.14765295961223], [128.86007384911898, 213.12245210958775], [128.36006736915124, 213.10017479370987], [127.85932576537928, 213.08082101197868], [127.357849037803, 213.06439076439412], [126.85563718642253, 213.05088405095628], [126.35269021123779, 213.0403008716651], [125.84900811224881, 213.03264122652064], [125.34459088945553, 213.02790511552277], [124.83943854285806, 213.02609253867166], [124.33355107245629, 213.02720349596717], [123.82692847825027, 213.03123798740936], [123.31957076024001, 213.03819601299824], [122.8114779184255, 213.0480775727338], [122.30264995280675, 213.060882666616], [121.7930868633837, 213.07661129464492], [121.28323164895683, 213.09326896376436], [120.7743613092057, 213.10510629724516], [120.2665560161749, 213.11176234019138], [119.75981576986439, 213.1132370926029], [119.25414057027415, 213.10953055447962], [118.74953041740417, 213.1006427258217], [118.2459853112545, 213.0865736066291], [117.74350525182508, 213.06732319690184], [117.24209023911595, 213.04289149663987], [116.74174027312708, 213.01327850584312], [116.24245535385855, 212.9784842245118], [115.74423548131026, 212.9385086526457], [115.24708065548225, 212.893351790245], [114.75099087637452, 212.84301363730955], [114.25596614398708, 212.7874941938394], [113.76200645831993, 212.7267934598346], [113.26911181937302, 212.660911435295], [112.77728222714642, 212.5898481202208], [112.28651768164008, 212.5136035146119], [111.79681818285404, 212.43217761846833], [111.30818373078827, 212.34557043179], [110.8206143254428, 212.25378195457705], [110.33410996681759, 212.15681218682937], [109.84867065491267, 212.054661128547], [109.36429638972803, 211.94732877972996], [108.88098717126364, 211.8348151403782], [108.39874299951956, 211.71712021049174], 