{"harita_boyut": {"genislik": 385, "yukseklik": 449}, "baslangic": [52.961846711201865, 410.1995834720201], "hedef": [320.4620937997208, 138.89100974616582], "engeller": [["dikdortgen", 356, 418, 20, 14], ["dikdortgen", 340, 117, 12, 8], ["dikdortgen", 183, 284, 13, 18], ["dikdortgen", 93, 271, 6, 13], ["dikdortgen", 220, 211, 12, 13], ["dikdortgen", 301, 316, 19, 17], ["dikdortgen", 285, 400, 18, 10], ["dikdortgen", 327, 348, 19, 11], ["dikdortgen", 259, 407, 20, 13], ["daire", 93, 360, 6], ["dikdortgen", 245, 85, 17, 5], ["dikdortgen", 90, 37, 11, 12], ["daire", 211, 19, 10], ["dikdortgen", 83, 310, 10, 17], ["dikdortgen", 317, 269, 11, 11], ["dikdortgen", 61, 32, 14, 14], ["daire", 154, 240, 9], ["dikdortgen", 176, 128, 16, 12], ["daire", 304, 28, 3], ["dikdortgen", 239, 386, 18, 16], ["daire", 261, 373, 5], ["dikdortgen", 30, 333, 12, 6], ["daire", 353, 254, 10], ["daire", 195, 247, 7], ["dikdortgen", 267, 329, 5, 11], ["daire", 140, 167, 14], ["dikdortgen", 314, 324, 19, 11], ["daire", 278, 25, 15], ["dikdortgen", 359, 304, 10, 14], ["dikdortgen", 349, 238, 15, 7], ["daire", 311, 166, 14], ["dikdortgen", 9, 324, 20, 14], ["daire", 280, 285, 3], ["daire", 96, 374, 5], ["dikdortgen", 144, 19, 6, 8], ["dikdortgen", 41, 227, 9, 12], ["dikdortgen", 245, 225, 11, 6], ["daire", 157, 437, 3], ["daire", 334, 82, 5], ["dikdortgen", 74, 375, 6, 10], ["dikdortgen", 6, 174, 8, 13], ["dikdortgen", 59, 421, 17, 5], ["dikdortgen", 130, 194, 18, 7], ["dikdortgen", 72, 234, 9, 12], ["daire", 268, 222, 9], ["dikdortgen", 57, 165, 19, 19], ["dikdortgen", 5, 4, 7, 19], ["dikdortgen", 224, 383, 5, 7], ["dikdortgen", 319, 174, 10, 6], ["daire", 58, 67, 4], ["daire", 346, 271, 14], ["daire", 274, 43, 6], ["dikdortgen", 197, 65, 12, 18], ["dikdortgen", 50, 6, 7, 18], ["dikdortgen", 122, 111, 5, 11], ["dikdortgen", 91, 404, 16, 5], ["daire", 16, 336, 8], ["dikdortgen", 166, 43, 10, 5], ["daire", 65, 357, 4], ["dikdortgen", 189, 426, 19, 8], ["daire", 303, 408, 6], ["daire", 138, 261, 8], ["daire", 102, 371, 11], ["dikdortgen", 85, 199, 12, 5], ["dikdortgen", 363, 5, 13, 15], ["dikdortgen", 364, 9, 13, 12], ["dikdortgen", 55, 286, 8, 13], ["daire", 157, 349, 9], ["dikdortgen", 117, 323, 13, 12], ["dikdortgen", 87, 369, 19, 12], ["dikdortgen", 211, 341, 16, 12], ["daire", 23, 90, 3], ["daire", 359, 401, 8], ["daire", 106, 286, 12], ["daire", 231, 146, 9], ["daire", 342, 322, 8], ["dikdortgen", 36, 1, 16, 17], ["daire", 326, 69, 13], ["daire", 152, 201, 10], ["dikdortgen", 275, 254, 19, 10], ["daire", 287, 100, 14], ["dikdortgen", 118, 344, 12, 20], ["daire", 264, 345, 7], ["dikdortgen", 135, 173, 16, 16], ["dikdortgen", 319, 11, 14, 12], ["dikdortgen", 121, 434, 10, 5]], "rrt_path": [[52.961846711201865, 410.1995834720201], [63.75105277650726, 399.66448835227936], [82.48748432852855, 392.7527563091641], [93.31025672358466, 388.8288991972939], [107.41945879919034, 387.6180810228822], [119.79090201577728, 381.8067679854867], [125.73232676086175, 377.51901375870426], [136.82917147944914, 369.5467485125853], [140.4116455020483, 351.6505893982804], [143.83189739570344, 340.3374715335076], [147.02615142876758, 325.46320906712816], [153.37218424855863, 309.36961458355665], [159.3715420551295, 297.8055347715834], [167.29122894052202, 286.6385938231558], [174.19498394029387, 277.4975245480246], [182.21172030518395, 261.16904047354524], [178.395302207898, 244.17585868470687], [176.07297509082994, 233.46227286278807], [170.58065689882835, 216.5349150874727], [178.44936447203415, 203.97655816577875], [184.86030857007793, 200.07218227969628], [194.36965379448856, 184.11957021077316], [201.63696493637534, 170.84676220775788], [201.16477337847715, 167.8250325196479], [219.0183730956269, 162.7645919487475], [226.835084742259, 162.2750136543094], [239.73674698307198, 162.29162576394225], [257.7564807204117, 166.25380602444247], [277.2864100651661, 163.80672810519084], [292.13268550350165, 153.86009990806994], [304.30631236494554, 147.9133522879554], [320.4620937997208, 138.89100974616582]]}