{"harita_boyut": {"genislik": 365, "yukseklik": 115}, "baslangic": [300.08994278839083, 15.509571606100936], "hedef": [125.36550664738354, 31.0811657706906], "engeller": [["dikdortgen", 344, 72, 8, 9], ["daire", 215, 50, 13], ["dikdortgen", 195, 93, 15, 8], ["dikdortgen", 24, 52, 17, 20], ["dikdortgen", 198, 10, 5, 20], ["dikdortgen", 251, 57, 5, 18], ["dikdortgen", 227, 33, 14, 8], ["dikdortgen", 137, 87, 5, 7], ["daire", 94, 27, 11], ["dikdortgen", 94, 20, 18, 20], ["daire", 74, 90, 13], ["dikdortgen", 183, 97, 6, 11], ["dikdortgen", 196, 106, 17, 9], ["daire", 318, 37, 13], ["dikdortgen", 141, 85, 10, 5], ["daire", 299, 65, 15], ["dikdortgen", 169, 93, 13, 14], ["dikdortgen", 143, 2, 13, 10], ["dikdortgen", 343, 72, 19, 19], ["dikdortgen", 195, 8, 6, 9]], "rrt_path": [[300.08994278839083, 15.509571606100936], [299.63122280598054, 15.725143336192696], [299.1739713869576, 15.942945387000101], [298.718188531322, 16.16297775852315], [298.26387423907374, 16.38524045076184], [297.8110285102128, 16.609733463716175], [297.3596513447392, 16.836456797386155], [296.9097427426528, 17.06541045177178], [296.4613027039539, 17.296594426873046], [296.0143312286422, 17.530008722689953], [295.5688283167179, 17.765653339222503], [295.1247939681808, 18.0035282764707], [294.68222818303116, 18.243633534434537], [294.24113096126877, 18.48596911311402], [293.8015023028937, 18.730535012509144], [293.3633422079061, 18.977331232619918], [292.92665067630577, 19.22635777344633], [292.4914277080927, 19.477614634988388], [292.057673303267, 19.731101817246092], [291.6253874618286, 19.986819320219443], [291.1945701837775, 20.244767143908415], [290.7652214691137, 20.504945288313053], [290.3373413178373, 20.767353753433326], [289.9109297299482, 21.03199253926924], [289.4859867054464, 21.298861645820804], [289.06251224433197, 21.567961073088007], [288.6405063466049, 21.839290821070858], [288.2199690122651, 22.112850889769348], [287.80090024131266, 22.38864127918348], [287.3833000337475, 22.666661989313262], [286.96716838956974, 22.946913020158686], [286.55250530877925, 23.229394371719753], [286.13931079137603, 23.514106043996463], [285.7275848373602, 23.801048036988814], [285.3173274467317, 24.09022035069681], [284.90853861949057, 24.38162298512045], [284.50121835563675, 24.67525594025973], [284.09536665517015, 24.971119216114655], [283.690983518091, 25.269212812685232], [283.2880689443991, 25.569536729971443], [282.88662293409453, 25.872090967973296], [282.4866454871773, 26.1768755266908], [282.08813660364746, 26.483890406123944], [281.69109628350486, 26.79313560627273], [281.2955245267496, 27.10461112713716], [280.9014213333817, 27.418316968717235], [280.5087867034011, 27.734253131012952], [280.1176206368078, 28.052419614024316], [279.7279231336019, 28.37281641775132], [279.3396941937833, 28.695443542193967], [278.952933817352, 29.020300987352257], [278.567642004308, 29.347388753226195], [278.1838187546514, 29.676706839815772], [277.8014640683821, 30.008255247121], [277.42041676046136, 30.341782245741598], [277.0372374012453, 30.671916334894878], [276.65053902409426, 30.99649143090962], [276.26032162900816, 31.31550753378583], [275.866585215987, 31.628964643523496], [275.46932978503094, 31.936862760122636], [275.0685553361399, 32.23920188358325], [274.6642618693138, 32.535982013905326], [274.25644938455275, 32.82720315108887], [273.8451178818566, 33.112865295133865], [273.43026736122556, 33.39296844604034], [273.0118978226595, 33.667512603808284], [272.59000926615835, 33.93649776843768], [272.1646016917223, 34.19992393992855], [271.7356750993512, 34.457791118280895], [271.3032294890451, 34.7100993034947], [270.86726486080397, 34.956848495569965], [270.4277812146279, 35.19803869450671], [269.9847785505168, 35.433669900304906], [269.53825686847074, 35.66374211296458], [269.0882161684896, 35.88825533248571], [268.6346564505736, 36.10720955886831], [268.1775777147225, 36.320604792112384], [267.7169799609364, 36.52844103221792], [267.25286318921525, 36.73071827918492], [266.7852273995592, 36.92743653301338], [266.3140725919681, 37.11859579370332], [265.83939876644195, 37.304196061254714], [265.36120592298096, 37.484237335667586], [264.87949406158475, 37.65871961694191], [264.3942631822537, 37.82764290507771], [263.90551328498765, 37.99100720007498], [263.4132443697865, 38.148812501933705], [262.9174564366504, 38.3010588106539], [262.41814948557936, 38.44774612623557], [261.91532351657327, 38.5888744486787], [261.4092059786769, 38.72476886645041], [260.90624465213386, 38.864645065631095], [260.40938555722585, 39.01271373533814], [259.9186286939528, 39.168974875571514], [259.4339740623148, 39.333428486331236], [258.95542166231184, 39.506074567617304], [258.4829714939439, 39.68691311942972], [258.01662355721095, 39.87594414176848], [257.55637785211303, 40.07316763463357], [257.10223437865017, 40.27858359802503], [256.65419313682224, 40.49219203194282], [256.2122541266293, 40.71399293638696], [255.77641734807145, 40.94398631135743], [255.34668280114863, 41.18217215685426], [254.92305048586076, 41.428550472877426], [254.50552040220794, 41.68312125942694], [254.09409255019017, 41.9458845165028], [253.6887669298074, 42.21684024410501], [253.28954354105957, 42.495988442233546], [252.89642238394686, 42.783329110888445], [252.50940345846908, 43.078862250069676], [252.12848676462642, 43.38258785977727], [251.75367230241872, 43.6945059400112], [251.38496007184597, 44.01461649077145], [251.02235007290832, 44.342919512058074], [250.66584230560562, 44.67941500387103], [250.315436769938, 45.02410296621034], [249.97108083654942, 45.37695865192414], [249.6256408307387, 45.73462769484331], [249.27409257546574, 46.094747647814565], [248.9164360707306, 46.4573185108379], [248.5526713165333, 46.822340283913306], [248.18279831287384, 47.18981296704081], [247.80681705975223, 47.55973656022037], [247.4247275571684, 47.93211106345201], [247.0365298051224, 48.30693647673576], [246.64222380361426, 48.684212800071556], [246.24180955264384, 49.06394003345944], [245.83528705221133, 49.446118176899404], [245.4226563023166, 49.830747230391445], [245.0039173029597, 50.21782719393556], [244.5790700541407, 50.60735806753176], [244.14811455585945, 50.99933985118004], [243.71105080811606, 51.3937725448804], [243.26787881091047, 51.79065614863285], [242.81859856424268, 52.18999066243735], [242.36321006811278, 52.59177608629395], [241.90171332252066, 52.996012420202625], [241.43410832746633, 53.40269966416338], [240.96039508294996, 53.8118378181762], [240.48057358897125, 54.22342688224111], [239.9946438455305, 54.6374668563581], [239.50357269751487, 55.05391979251893], [239.0380893866311, 55.471579588759205], [238.61288237664922, 55.88986973280524], [238.22795166756922, 56.30879022465699], [237.88329725939113, 56.72834106431449], [237.57891915211485, 57.148522251777706], [237.3148173457405, 57.56933378704667], [237.09099184026798, 57.99077567012138], [236.90744263569738, 58.412847901001804], [236.7641697320286, 58.835550479687974], [236.66117312926178, 59.25888340617988], [236.59845282739676, 59.68284668047751], [236.57600882643368, 60.1074403025809], [236.59384112637247, 60.532664272490024], [236.65194972721306, 60.95851859020486], [236.75033462895559, 61.385003255725444], [236.88899583159997, 61.812118269051766], [237.06793333514622, 62.23986363018382], [237.28714713959437, 62.668239339121605], [237.5466372449444, 63.09724539586513], [237.84640365119634, 63.52688180041439], [238.18644635835005, 63.9571485527694], [238.54025319308354, 64.38337250902516], [238.8484058945737, 64.79508036395569], [239.10868462022472, 65.19188083904257], [239.32108937003665, 65.57377393428585], [239.4856201440095, 65.9407596496855], [239.6022769421431, 66.2928379852415], [239.67105976443764, 66.6300089409539], [239.69196861089307, 66.95227251682265], [239.6650034815093, 67.25962871284777], [239.59016437628645, 67.55207752902925], [239.4674512952244, 67.8296189653671], [239.2968642383233, 68.09225302186134], [239.0784032055831, 