{"harita_boyut": {"genislik": 151, "yukseklik": 266}, "baslangic": [104.72958512775898, 52.427762719567994], "hedef": [21.631931889683344, 129.69503673372512], "engeller": [["daire", 66, 87, 7], ["daire", 137, 141, 13], ["daire", 138, 155, 9], ["daire", 19, 13, 12], ["daire", 20, 36, 11], ["dikdortgen", 36, 238, 13, 6], ["daire", 132, 99, 11], ["dikdortgen", 52, 103, 15, 7], ["daire", 88, 221, 4], ["daire", 120, 174, 11], ["daire", 36, 222, 12], ["dikdortgen", 63, 81, 18, 5], ["daire", 49, 247, 10], ["daire", 104, 21, 5], ["dikdortgen", 117, 41, 15, 14], ["dikdortgen", 122, 145, 17, 17], ["dikdortgen", 82, 217, 16, 13], ["daire", 98, 30, 9], ["daire", 6, 232, 3], ["daire", 85, 238, 6]], "rrt_path": [[104.729585127759, 52.427762719568], [104.34459954041075, 52.75582187562378], [103.96934659650324, 53.09269071946033], [103.60382629603643, 53.438369251077596], [103.24803863901039, 53.79285747047563], [102.90198362542502, 54.15615537765439], [102.56566125528042, 54.52826297261391], [102.23907152857652, 54.90918025535416], [101.92221444531333, 55.29890722587517], [101.61509000549088, 55.6974438841769], [101.31769820910915, 56.10479023025939], [101.03003905616815, 56.52094626412262], [100.75211254666785, 56.94591198576659], [100.4839186806083, 57.37968739519132], [100.22545745798945, 57.82227249239677], [99.97672887881134, 58.273667277382984], [99.73773294307395, 58.73387175014994], [99.50846965077727, 59.20288591069763], [99.28893900192134, 59.68070975902607], [99.07914099650611, 60.167343295135254], [98.8790756345316, 60.66278651902517], [98.68874291599782, 61.167039430695844], [98.50814284090478, 61.68010203014726], [98.33727540925248, 62.20197431737944], [98.17614062104086, 62.73265629239232], [98.02473847626996, 63.27214795518596], [97.87745138243305, 63.8142069492751], [97.71908026983995, 64.34194383115957], [97.54877663425583, 64.85441572968823], [97.3665404756806, 65.35162264486102], [97.17237179411426, 65.83356457667794], [96.96627058955684, 66.30024152513903], [96.74823686200834, 66.75165349024425], [96.51827061146872, 67.18780047199363], [96.27637183793802, 67.60868247038714], [96.02254054141623, 68.01429948542481], [95.75677672190334, 68.40465151710663], [95.47908037939935, 68.77973856543258], [95.18945151390429, 69.13956063040268], [94.88789012541814, 69.48411771201694], [94.57439621394087, 69.81340981027533], [94.24896977947253, 70.12743692517789], [93.91161082201309, 70.42619905672457], [93.56231934156258, 70.7096962049154], [93.20109533812095, 70.9779283697504], [92.82793881168821, 71.23089555122952], [92.44284976226443, 71.4685977493528], [92.04582818984952, 71.69103496412023], [91.63687409444353, 71.8982071955318], [91.21598747604644, 72.09011444358751], [90.78316833465827, 72.26675670828739], [90.338416670279, 72.42813398963139], [89.88173248290865, 72.57424628761956], [89.41311577254719, 72.70509360225185], [88.93256653919464, 72.8206759335283], [88.44008478285102, 72.9209932814489], [87.93567050351628, 73.00604564601365], [87.41932370119044, 73.07583302722252], [86.89104437587355, 73.13035542507556], [86.35083252756556, 73.16961283957275], [85.79868815626645, 73.19360527071409], [85.2357964285867, 73.2031978428712], [84.67307470615438, 73.20635979474447], [84.11317016438896, 73.20502345884414], [83.5560828032904, 73.19918883517013], [83.00181262285874, 73.18885592372251], [82.45035962309393, 73.17402472450125], [81.90172380399602, 73.15469523750636], [81.35590516556496, 73.13086746273781], [80.81290370780081, 73.10254140019563], [80.27271943070352, 73.06971704987983], [79.73535233427312, 73.03239441179036], [79.2008024185096, 72.99057348592729], [78.66906968341294, 72.94425427229055], [78.14015412898317, 72.89343677088019], [77.61405575522028, 72.83812098169618], [77.09077456212425, 72.77830690473854], [76.57031054969512, 72.71399454000725], [76.05266371793286, 72.64518388750234], [75.53783406683748, 72.57187494722378], [75.02582159640896, 72.49406771917158], [74.51662630664734, 72.41176220334576], [74.0102481975526, 72.32495839974628], [73.50668726912473, 72.23365630837317], [73.00594352136375, 72.13785592922643], [72.50801695426962, 72.03755726230605], [72.01290756784239, 71.93276030761203], [71.52061536208204, 71.82346506514438], [71.03114033698854, 71.70967153490307], [70.54448249256194, 71.59137971688813], [70.06064182880223, 71.46858961109956], [69.57961834570938, 71.34130121753735], [69.1014120432834, 71.2095145362015], [68.62602292152434, 71.07322956709201], [68.15345098043211, 70.93244631020889], [67.68335765964403, 70.78663970478965], [67.21441700833888, 70.6337533826773], [66.74649468933869, 70.47357900530396], [66.27959070264346, 70.30611657266967], [65.81370504825315, 70.13136608477441], [65.3488377261678, 69.94932754161817], [64.88498873638741, 69.76000094320098], [64.42215807891193, 69.5633862895228], [63.960345753741436, 69.35948358058367], [63.49955176087588, 69.14829281638359], [63.03977610031528, 68.92981399692252], [62.58101877205962, 68.70404712220049], [62.1232797761089, 68.4709921922175], [61.66655911246315, 68.23064920697352], [61.210856781122324, 67.98301816646858], [60.756172782086466, 67.7280990707027], [60.30250711535554, 67.46589191967583], [59.84985978092958, 67.196396713388], [59.39824792832557, 66.91969248062776], [58.954887802295104, 66.66903328214828], [58.52570353314185, 66.47171882795253], [58.11069512086583, 66.32774911804046], [57.70986256546702, 66.23712415241211], [57.32320586694544, 66.19984393106748], [56.95072502530106, 66.21590845400652], [56.592420040533916, 66.2853177212293], [56.24829091264398, 66.40807173273578], [55.91833764163127, 66.58417048852594], [55.60256022749577, 66.81361398859983], [55.300958670237506, 67.09640223295743], [55.01353296985646, 67.43253522159873], [54.74028312635262, 67.82201295452373], [54.481209139726, 68.26483543173242], [54.2363110099766, 68.76100265322485], [54.00558873710444, 69.310514619001], [53.789042321109484, 69.91337132906082], [53.58559144073742, 70.5643127398793], [53.38603828506728, 71.21855505627887], [53.18828587602144, 71.86588817092782], [52.99233421359989, 72.50631208382609], [52.79818329780264, 73.13982679497379], [52.6058331286297, 73.7664323043708], [52.41528370608105, 74.38612861201717], [52.22653503015669, 74.99891571791295], [52.03958710085663, 75.60479362205808], [51.854439918180866, 76.20376232445257], [51.671093482129415, 76.79582182509643], [51.489547792702254, 77.38097212398966], [51.309802849899384, 77.95921322113223], [51.13185865372082, 78.53054511652421], [50.955715204166545, 79.0949678101655], [50.78137250123658, 79.65248130205619], [50.608830544930896, 80.20308559219623], [50.43808933524953, 80.74678068058566], [50.269148872192446, 81.28356656722444], [50.102009155759674, 81.81344325211258], [49.936670185951186, 82.3364107352501], [49.77313196276701, 82.85246901663697], [49.61139448620712, 83.36161809627322], [49.45145775627152, 83.86385797415882], [49.29332177296025, 84.35918865029379], [49.13698653627325, 84.84761012467814], [48.982452046210554, 85.32912239731183], [48.829718302772164, 85.80372546819493], [48.67878530595805, 86.27141933732733], [48.52965305576826, 86.73220400470915], [48.38232155220276, 87.18607947034032], [48.23221886385964, 87.63517625797007], [48.0745152623156, 88.0817450249692], [47.90920984539498, 88.52578619175225], [47.73630261309777, 88.96729975831927], [47.55579356542401, 89.40628572467021], [47.367682702373656, 89.84274409080511], [47.171970023946734, 90.27667485672393], [46.96865553014323, 90.70807802242672], [46.75773922096316, 91.13695358791341], [46.53922109640651, 91.56330155318406], [46.31310115647327, 91.98712191823864], [46.079379401163465, 92.40841468307717], [45.838055830477074, 92.82717984769964], [45.589130444414124, 93.24341741210606], [45.33260324297459, 93.6571273762964], [45.06847422615847, 94.06830974027068], [44.79674339396579, 94.47696450402893], [44.517410746396536, 94.8830916675711], [44.230476283450706, 95.2866912308972], [43.93594000512828, 95.68776319400723], 