{"harita_boyut": {"genislik": 172, "yukseklik": 311}, "baslangic": [122.65366376509401, 172.1676849807648], "hedef": [68.62382879906201, 277.4148718508991], "engeller": [["dikdortgen", 54, 268, 5, 16], ["daire", 28, 268, 6], ["dikdortgen", 116, 46, 12, 5], ["dikdortgen", 45, 135, 17, 14], ["daire", 136, 68, 5], ["dikdortgen", 8, 293, 11, 10], ["daire", 50, 136, 3], ["daire", 14, 23, 13], ["dikdortgen", 27, 137, 8, 13], ["dikdortgen", 89, 220, 16, 15], ["daire", 123, 270, 13], ["daire", 45, 129, 4], ["dikdortgen", 51, 31, 10, 13], ["dikdortgen", 9, 106, 7, 5], ["daire", 116, 126, 4], ["daire", 35, 276, 3], ["daire", 26, 270, 6], ["dikdortgen", 98, 35, 17, 5], ["dikdortgen", 17, 42, 16, 6], ["daire", 54, 244, 11], ["daire", 50, 186, 11], ["daire", 115, 42, 10], ["dikdortgen", 70, 115, 6, 14], ["daire", 95, 139, 7], ["daire", 107, 280, 8], ["daire", 42, 230, 13]], "rrt_path": [[122.65366376509402, 172.16768498076476], [122.20803026933596, 172.40148994614665], [121.76259439465471, 172.6358443174543], [121.31735614105021, 172.8707480946877], [120.87231550852259, 173.1062012778469], [120.42747249707175, 173.34220386693184], [119.98282710669768, 173.57875586194254], [119.53837933740049, 173.8158572628791], [119.09412918918007, 174.05350806974133], [118.65007666203644, 174.29170828252933], [118.20622175596965, 174.53045790124312], [117.76256447097967, 174.76975692588272], [117.31910480706647, 175.009605356448], [116.8758427642301, 175.25000319293915], [116.43277834247054, 175.490950435356], [115.98991154178778, 175.73244708369862], [115.5472423621818, 175.97449313796702], [115.1047708036527, 176.2170885981612], [114.66249686620034, 176.46023346428112], [114.22042054982484, 176.70392773632685], [113.77854185452611, 176.94817141429832], [113.33686078030419, 177.19296449819552], [112.89537732715907, 177.43830698801852], [112.45409149509078, 177.68419888376732], [112.01300328409928, 177.93064018544186], [111.57211269418463, 178.1776308930422], [111.13141972534676, 178.42517100656826], [110.69051459510364, 178.6723028286644], [110.24791596755372, 178.9155643482935], [109.8034897913695, 179.15464227582618], [109.35723606655093, 179.38953661126237], [108.90915479309797, 179.62024735460201], [108.4592459710107, 179.84677450584525], [108.00750960028908, 180.06911806499195], [107.55394568093307, 180.28727803204214], [107.09855421294274, 180.5012544069959], [106.64133519631804, 180.71104718985313], [106.18228863105901, 180.9166563806139], [105.72141451716561, 181.11808197927817], [105.25871285463788, 181.31532398584596], [104.79418364347579, 181.50838240031726], [104.32782688367932, 181.6972572226921], [103.85964257524853, 181.8819484529704], [103.38963071818341, 182.06245609115228], [102.91779131248391, 182.23878013723765], [102.44412435815006, 182.41092059122653], [101.96862985518186, 182.5788774531189], [101.49130780357932, 182.7426507229148], [101.01215820334242, 182.90224040061423], [100.53118105447118, 183.05764648621715], [100.04837635696555, 183.20886897972355], [99.56374411082561, 183.3559078811335], [99.07728431605129, 183.498763190447], [98.58899697264266, 183.637434907664], [98.09888208059965, 183.77192303278446], [97.60693963992226, 183.90222756580846], [97.11316965061056, 184.028348506736], [96.61757211266452, 184.15028585556706], [96.12014702608408, 184.26803961230155], [95.62089439086932, 184.3816097769396], [95.11983770304536, 184.49104959540173], [94.62144945461816, 184.60649448218496], [94.12905975415808, 184.735491019963], [93.64266860166516, 184.87803920873608], [93.1622759971394, 185.0341390485041], [92.68788194058081, 185.2037905392671], [92.21948643198937, 185.38699368102505], [91.75708947136508, 185.58374847377797], [91.30069105870797, 185.79405491752587], [90.85029119401797, 186.01791301226865], [90.40588987729518, 186.25532275800646], [89.96748710853952, 186.50628415473923], [89.53508288775102, 186.77079720246692], [89.10867721492968, 187.04886190118964], [88.68827009007549, 187.34047825090724], [88.27386151318848, 187.64564625161987], [87.86545148426859, 187.9643659033274], [87.50445477433341, 188.30841455964674], [87.25791584261934, 188.69685803417707], [87.12675601383212, 189.1299583292569], [87.11097528797173, 189.6077154448862], [87.21057366503813, 190.130129381065], [87.3771257883649, 190.67979852919976], [87.520417034566, 191.2243043450887], [87.63840810530749, 191.76291400870008], [87.73109900058944, 192.29562752003392], [87.79848972041178, 192.8224448790902], [87.84058026477459, 193.34336608586887], [87.8573706336778, 193.85839114037], [87.84886082712146, 194.3675200425936], [87.81505084510555, 194.87075279253958], [87.75594068763004, 195.368089390208], [87.67153035469497, 195.8595298355989], [87.56181984630035, 196.3450741287122], [87.42680916244612, 196.82472226954795], [87.26649830313234, 197.29847425810613], [87.08088726835898, 197.76633009438672], [86.86997605812606, 198.22828977838978], [86.63376467243356, 198.68435331011526], [86.37225311128147, 199.13452068956312], [86.08544137466981, 199.57879191673348], [85.77332946259861, 200.0171669916263], [85.44236059972631, 200.45117633011384], [85.12038557264133, 200.88743514245382], [84.81061601049083, 201.32670626534426], [84.51305191327485, 201.76898969878513], [84.22769328099334, 202.21428544277646], [83.9545401136463, 202.66259349731814], [83.69359241123375, 203.11391386241027], [83.44485017375567, 203.56824653805282], [83.20831340121207, 204.02559152424578], [82.98398209360298, 204.48594882098922], [82.77185625092834, 204.94931842828302], [82.5719358731882, 205.4157003461273], [82.38422096038252, 205.885094574522], [82.20871151251134, 206.3575011134671], [82.04540752957462, 206.83291996296262], [81.8943090115724, 207.31135112300854], [81.75541595850467, 207.79279459360495], [81.6287283703714, 208.27725037475176], [81.51424624717262, 208.76471846644898], [81.41196958890832, 209.25519886869665], [81.3218983955785, 209.74869158149474], [81.24403266718316, 210.24519660484322], [81.1783724037223, 210.74471393874217], [81.12491760519595, 211.2472435831915], [81.08269244925951, 211.75252295571977], [81.04286450418843, 212.25817535142266], [81.00332082729226, 212.76363220193636], [80.96406141857103, 213.26889350726097], [80.9250862780247, 213.77395926739632], [80.8863954056533, 214.27882948234253], [80.8479888014568, 214.7835041520995], [80.80986646543522, 215.28798327666732], [80.77202839758857, 215.79226685604596], [80.73447459791684, 216.29635489023542], [80.69720506642001, 216.80024737923566], [80.6602198030981, 217.30394432304672], [80.6235188079511, 217.80744572166859], [80.58710208097902, 218.31075157510122], [80.55096962218188, 218.81386188334477], [80.51512143155962, 219.31677664639903], [80.47955750911231, 219.8194958642642], [80.4442778548399, 220.32201953694016], [80.40928246874242, 220.8243476644269], [80.37457135081983, 221.3264802467245], [80.34014450107219, 221.82841728383286], [80.30531873977225, 222.3301646011405], [80.26869960444195, 222.83173408905532], [80.23024600437692, 223.33312609795266], [80.18995793957716, 223.8343406278325], [80.14783541004267, 224.33537767869487], [80.10387841577344, 224.83623725053965], [80.05808695676947, 225.33691934336704], [80.0104610330308, 225.83742395717687], [79.96100064455736, 226.33775109196927], [79.90970579134918, 226.8379007477441], [79.85657647340629, 227.33787292450143], [79.80161269072865, 227.83766762224127], [79.74481444331627, 228.33728484096366], [79.68618173116919, 228.8367245806685], [79.62571455428736, 229.33598684135586], [79.56341291267078, 229.83507162302573], [79.49927680631947, 230.33397892567803], [79.43330623523343, 230.83270874931293], [79.36550119941268, 231.3312610939303], [79.29586169885717, 231.82963595953018], [79.22438773356691, 232.32783334611253], [79.15107930354195, 232.8258532536774], [79.07593640878224, 233.32369568222478], [78.99895904928779, 233.82136063175463], [78.9201472250586, 234.31884810226697], [78.83950093609471, 234.81615809376189], [78.75702018239605, 235.3132906062392], 