{"harita_boyut": {"genislik": 393, "yukseklik": 258}, "baslangic": [120.2716215678726, 152.15759157059085], "hedef": [256.356117437888, 220.87619264536204], "engeller": [["daire", 230, 231, 15], ["dikdortgen", 94, 126, 13, 11], ["daire", 62, 174, 12], ["daire", 275, 222, 4], ["daire", 180, 201, 14], ["dikdortgen", 12, 114, 9, 7], ["dikdortgen", 66, 42, 15, 7], ["dikdortgen", 337, 179, 14, 6], ["dikdortgen", 366, 186, 19, 14], ["daire", 177, 242, 4], ["daire", 220, 130, 5], ["dikdortgen", 177, 200, 14, 18], ["dikdortgen", 16, 95, 19, 13], ["dikdortgen", 376, 2, 12, 20], ["dikdortgen", 217, 238, 9, 12], ["daire", 202, 241, 9], ["daire", 360, 192, 14], ["dikdortgen", 116, 76, 9, 8], ["dikdortgen", 295, 119, 8, 9], ["dikdortgen", 367, 127, 16, 8], ["dikdortgen", 5, 231, 12, 19], ["daire", 304, 211, 13], ["daire", 302, 122, 15], ["dikdortgen", 339, 215, 18, 12], ["daire", 266, 236, 9], ["daire", 37, 23, 13], ["dikdortgen", 15, 222, 8, 19], ["dikdortgen", 171, 167, 17, 8], ["daire", 23, 67, 14], ["dikdortgen", 278, 219, 19, 7], ["dikdortgen", 174, 33, 9, 8], ["dikdortgen", 309, 1, 20, 19], ["daire", 207, 42, 9], ["daire", 33, 241, 7], ["dikdortgen", 170, 16, 18, 8], ["dikdortgen", 262, 127, 7, 17], ["daire", 200, 186, 6], ["daire", 251, 103, 8], ["daire", 57, 152, 3], ["dikdortgen", 174, 32, 19, 18], ["dikdortgen", 263, 71, 12, 6], ["daire", 113, 112, 14], ["dikdortgen", 223, 26, 18, 11], ["dikdortgen", 79, 190, 17, 14], ["dikdortgen", 133, 2, 13, 11], ["daire", 208, 42, 15], ["daire", 154, 116, 10], ["daire", 369, 182, 3], ["daire", 106, 108, 13], ["daire", 202, 57, 13]], "rrt_path": [[120.27162156787256, 152.15759157059082], [120.76837471398856, 152.2369246812886], [121.26477443260701, 152.3178659991641], [121.76082072372792, 152.40041552421727], [122.25651358735121, 152.48457325644813], [122.75185302347698, 152.57033919585672], [123.2468390321052, 152.65771334244303], [123.74147161323586, 152.74669569620698], [124.2357507668689, 152.8372862571486], [124.72967649300445, 152.929485025268], [125.2232487916424, 153.02329200056508], [125.71646766278283, 153.11870718303987], [126.20933310642565, 153.2157305726923], [126.70184512257094, 153.31436216952252], [127.19400371121867, 153.41460197353038], [127.68580887236884, 153.51644998471593], [128.17726060602143, 153.6199062030792], [128.6683589121765, 153.72497062862018], [129.15910379083394, 153.8316432613388], [129.6494952419939, 153.9399241012352], [130.13953326565627, 154.04981314830925], [130.62921786182108, 154.161310402561], [131.11854903048834, 154.2744158639905], [131.607526771658, 154.38912953259765], [132.09615108533012, 154.50545140838253], [132.5844219715047, 154.62338149134504], [133.0723394301817, 154.7429197814853], [133.55990346136116, 154.86406627880325], [134.04711406504302, 154.9868209832989], [134.53397124122736, 155.1111838949723], [135.0204749899141, 155.23715501382333], [135.50662531110333, 155.36473433985208], [135.99242220479496, 155.49392187305853], [136.47786567098905, 155.62471761344267], [136.9629557096856, 155.7571215610045], [137.44769232088456, 155.89113371574405], [137.93207550458595, 156.0267540776613], [138.4161052607898, 156.16398264675627], [138.8997815894961, 156.3028194230289], [139.38310449070482, 156.44326440647924], [139.86607396441596, 156.58531759710726], [140.3486900106296, 156.728978994913], [140.83095262934563, 156.87424859989648], [141.3128618205641, 157.02112641205758], [141.79441758428504, 157.16961243139644], [142.2756199205084, 157.31970665791295], [142.75646882923422, 157.4714090916072], [143.23696431046247, 157.62471973247915], [143.71710636419314, 157.77963858052877], [144.19689499042627, 157.93616563575608], [144.67633018916183, 158.09430089816112], [145.155964363418, 158.25135618725182], [145.63689568922447, 158.40198740590546], [146.11915425456093, 158.54604813580562], [146.6027400594273, 158.68353837695233], [147.0876531038236, 158.81445812934555], [147.57389338774993, 158.93880739298532], [148.06146091120615, 159.05658616787161], [148.55035567419233, 159.16779445400442], [149.0405776767085, 159.27243225138378], [149.53212691875456, 159.37049956000968], [150.02500340033063, 159.4619963798821], [150.51920712143664, 159.54692271100106], [151.01473808207257, 159.62527855336654], [151.51159628223851, 159.69706390697857], [152.00978172193433, 159.7622787718371], [152.50929440116016, 159.82092314794218], [153.01013431991592, 159.87299703529376], [153.5123014782016, 159.9185004338919], [154.01579587601728, 159.95743334373657], [154.52061751336288, 159.98979576482776], [155.02676639023844, 160.0155876971655], [155.53424250664395, 160.03480914074976], [156.04304586257942, 160.04746009558056], [156.55317645804485, 160.05354056165788], [157.06463429304023, 160.05305053898178], [157.57741936756554, 160.04599002755214], [158.09153168162084, 160.03235902736907], [158.60697123520606, 160.01215753843252], [159.12373802832127, 159.98538556074251], [159.64183206096638, 159.95204309429903], [160.16125333314145, 159.91213013910206], [160.68200184484652, 159.86564669515167], [161.2040775960815, 159.81259276244776], [161.7274805868464, 159.7529683409904], [162.24976791735725, 159.68573393642427], [162.7674847967514, 159.60941947796564], [163.28060630310716, 159.52401436092364], [163.7891324364245, 159.42951858529818], [164.2930631967035, 159.32593215108943], [164.79239858394408, 159.21325505829725], [165.28713859814627, 159.09148730692175], [165.77728323931004, 158.96062889696285], [166.2628325074354, 158.82067982842054], [166.7437864025224, 158.67164010129486], [167.22014492457097, 158.5135097155858], [167.6919080735812, 158.3462886712934], [168.159075849553, 158.16997696841756], [168.62164825248638, 157.98457460695835], [169.07962528238136, 157.79008158691576], [169.533006939238, 157.58649790828983], [169.98179322305617, 157.3738235710805], [170.425984133836, 157.1520585752878], [170.86557967157742, 156.9212029209117], [171.30057983628046, 156.68125660795224], [171.73098462794508, 156.4322196364094], [172.1567940465713, 156.17409200628316], [172.5780080921591, 155.90687371757357], [172.99462676470853, 155.63056477028056], [173.40665006421955, 155.3451651644042], [173.81407799069223, 155.05067489994448], [174.21691054412645, 154.74709397690134], [174.61514772452227, 154.43442239527485], [175.0087895318797, 154.112660155065], [175.39783596619873, 153.7818072562717], [175.78376020712543, 153.44478673211657], [176.17261106197233, 153.11360042146035], [176.5650413788075, 152.7895436833565], [176.96105115763112, 152.47261651780505], [177.36064039844305, 152.162818924806], [177.7638091012433, 151.8601509043593], [178.170557266032, 151.56461245646508], [178.58088489280902, 151.27620358112318], [178.99479198157434, 150.9949242783337], [179.41227853232806, 150.72077454809659], [179.83334454507016, 150.4537543904119], [180.25799001980056, 150.19386380527956], [180.68621495651936, 149.94110279269964], [181.11801935522652, 149.69547135267212], [181.55340321592203, 149.45696948519696], [181.9923665386059, 149.22559719027421], [182.4349093232781, 149.00135446790384], [182.88103156993864, 148.78424131808583], [183.33073327858762, 148.5742577408203], [183.78401444922488, 148.37140373610708], [184.24087508185053, 148.1756793039463], [184.7013151764645, 147.98708444433785], [185.16533473306689, 147.80561915728185], [185.6329337516576, 147.63128344277823], [186.10411223223664, 147.46407730082697], [186.57887017480408, 147.30400073142812], [187.05720757935987, 147.15105373458167], [187.539124445904, 147.00523631028761], [188.0246207744365, 146.86654845854594], [188.51278078198098, 146.73295399061516], [188.99478046624247, 146.58483326451537], [189.4684064632227, 146.41726499761714], [189.93365877292177, 146.23024918992056], [190.39053739533963, 146.02378584142554], [190.8390423304763, 145.79787495213216], [191.2791735783318, 145.55251652204035], [191.71093113890606, 145.28771055115016], [192.13431501219918, 145.00345703946158], [192.54932519821105, 144.69975598697457], [192.9559616969417, 