{"harita_boyut": {"genislik": 353, "yukseklik": 369}, "baslangic": [72.77671774713059, 34.68973766930225], "hedef": [233.27010324720396, 156.2845479029126], "engeller": [["dikdortgen", 6, 29, 19, 14], ["daire", 82, 153, 15], ["daire", 29, 199, 6], ["dikdortgen", 138, 267, 18, 13], ["dikdortgen", 29, 303, 12, 6], ["dikdortgen", 91, 348, 20, 10], ["daire", 305, 241, 13], ["dikdortgen", 126, 104, 8, 7], ["dikdortgen", 219, 131, 16, 9], ["daire", 166, 183, 14], ["dikdortgen", 127, 71, 9, 8], ["daire", 269, 216, 10], ["daire", 294, 323, 11], ["daire", 40, 81, 14], ["daire", 222, 190, 4], ["dikdortgen", 54, 214, 7, 13], ["dikdortgen", 159, 214, 11, 19], ["dikdortgen", 79, 71, 6, 15], ["dikdortgen", 306, 32, 13, 10], ["dikdortgen", 34, 160, 6, 8], ["daire", 68, 272, 6], ["dikdortgen", 257, 124, 19, 20], ["daire", 178, 235, 8], ["dikdortgen", 61, 357, 10, 6], ["daire", 199, 127, 15], ["daire", 142, 145, 9], ["dikdortgen", 129, 159, 10, 20], ["daire", 209, 164, 7], ["daire", 202, 197, 5], ["dikdortgen", 341, 153, 5, 18], ["dikdortgen", 99, 117, 16, 17], ["daire", 236, 255, 14], ["dikdortgen", 139, 186, 9, 19], ["daire", 300, 269, 9], ["daire", 137, 170, 7], ["daire", 247, 102, 3], ["daire", 172, 225, 11], ["dikdortgen", 108, 114, 6, 20], ["dikdortgen", 13, 292, 18, 16], ["dikdortgen", 331, 99, 10, 16], ["daire", 121, 76, 14], ["dikdortgen", 293, 133, 11, 6], ["daire", 57, 171, 10], ["dikdortgen", 86, 251, 16, 6], ["daire", 195, 255, 7], ["dikdortgen", 251, 175, 14, 15], ["daire", 144, 104, 7], ["dikdortgen", 190, 6, 16, 14], ["daire", 28, 28, 9], ["dikdortgen", 301, 85, 14, 17], ["daire", 60, 224, 6], ["dikdortgen", 98, 279, 20, 16], ["dikdortgen", 79, 99, 7, 19], ["daire", 107, 8, 4], ["daire", 293, 168, 13], ["daire", 153, 292, 7], ["dikdortgen", 89, 57, 18, 18], ["daire", 154, 258, 15], ["daire", 151, 340, 13], ["dikdortgen", 265, 61, 15, 16], ["daire", 64, 231, 8], ["daire", 47, 42, 4], ["daire", 138, 62, 12], ["daire", 29, 37, 8], ["daire", 326, 240, 14]], "rrt_path": [[72.77671774713059, 34.68973766930225], [86.00301491490417, 36.25337095599316], [100.64251899783577, 29.45090327883704], [117.58335789129187, 23.61684324949669], [134.104964272391, 23.456418555060377], [141.76526428586425, 24.71734423661512], [159.39618859229202, 31.2752057720444], [175.6809239040878, 37.15292196461626], [189.87362592894283, 43.182042771343326], [204.40173055330578, 55.07826802881955], [214.24096519814876, 61.56606018433514], [215.88219009654009, 61.46425770765104], [217.61017036752114, 65.07176157918053], [225.4879348613122, 83.03887384365254], [232.15882799011638, 99.5980122003495], [239.34717171104933, 114.52731394787112], [241.45099017890846, 133.87390607584462], [241.20849256503152, 148.4769170105119], [233.27010324720396, 156.2845479029126]]}