{"harita_boyut": {"genislik": 113, "yukseklik": 202}, "baslangic": [87.27809262145213, 18.000815861803765], "hedef": [74.71716745266733, 194.35158894275415], "engeller": [["dikdortgen", 11, 137, 15, 10], ["dikdortgen", 106, 95, 7, 5], ["dikdortgen", 3, 69, 15, 18], ["dikdortgen", 76, 29, 11, 8], ["dikdortgen", 1, 150, 14, 7], ["daire", 32, 171, 12], ["daire", 38, 166, 13], ["dikdortgen", 38, 23, 15, 10], ["dikdortgen", 45, 182, 17, 10], ["daire", 16, 55, 8], ["dikdortgen", 82, 57, 17, 10]], "rrt_path": [[87.27809262145213, 18.000815861803765], [71.92120944871235, 21.537701912381827], [70.41457519316107, 25.243110556512654], [70.0518450620834, 36.57345032480494], [69.1927766163129, 48.206454745099194], [67.10240581236933, 66.69341465177163], [65.85654166538407, 84.51309182724721], [64.98144892745832, 88.41619478515514], [65.70615152605049, 91.9391829775529], [62.228138436873174, 109.10496511671775], [60.33646887018715, 116.8536669012657], [57.74215562547718, 131.68260820194442], [59.39894315581898, 138.36788101007747], [61.33107083529206, 152.09463831697443], [66.47528248577471, 170.7271579261904], [70.90189324057611, 183.78079117626882], [74.71716745266733, 194.35158894275415]]}