{"harita_boyut": {"genislik": 130, "yukseklik": 461}, "baslangic": [83.4700474836393, 187.40382493225565], "hedef": [47.06568643308597, 341.8107604495276], "engeller": [["dikdortgen", 107, 352, 11, 5], ["daire", 19, 223, 14], ["dikdortgen", 95, 440, 19, 18], ["dikdortgen", 63, 299, 20, 19], ["daire", 24, 271, 3], ["dikdortgen", 96, 65, 7, 9], ["dikdortgen", 81, 244, 16, 9], ["daire", 22, 437, 13], ["dikdortgen", 32, 435, 13, 7], ["dikdortgen", 109, 318, 14, 19], ["dikdortgen", 61, 421, 13, 20], ["dikdortgen", 26, 272, 10, 16], ["daire", 47, 91, 12], ["dikdortgen", 65, 125, 9, 12], ["daire", 116, 356, 11], ["dikdortgen", 22, 15, 20, 12], ["daire", 63, 101, 3], ["daire", 99, 315, 4], ["dikdortgen", 4, 92, 6, 14], ["dikdortgen", 6, 110, 16, 16], ["dikdortgen", 30, 113, 9, 19], ["dikdortgen", 11, 425, 15, 6], ["daire", 19, 38, 12], ["daire", 38, 428, 8], ["dikdortgen", 89, 426, 19, 7], ["dikdortgen", 120, 60, 7, 18], ["daire", 79, 23, 5], ["dikdortgen", 13, 310, 19, 5], ["dikdortgen", 82, 61, 13, 18]], "rrt_path": [[83.47004748363929, 187.4038249322556], [83.13698140379645, 187.89503996561632], [82.79975504208596, 188.37190900820906], [82.45836839850782, 188.83443206003372], [82.11282147306197, 189.28260912109027], [81.76311426574848, 189.7164401913788], [81.40924677656736, 190.13592527089932], [81.05121900551856, 190.54106435965178], [80.6890309526021, 190.9318574576362], [80.32268261781797, 191.30830456485253], [79.95217400116618, 191.67040568130082], [79.57750510264674, 192.01816080698106], [79.19867592225962, 192.35156994189325], [78.81568646000488, 192.6706330860374], [78.42853671588246, 192.97535023941353], [78.03722668989238, 193.26572140202157], [77.64175638203463, 193.5417465738616], [77.24212579230922, 193.80342575493353], [76.83833492071615, 194.05075894523742], [76.43038376725545, 194.2837461447733], [76.01827233192707, 194.5023873535411], [75.602000614731, 194.70668257154082], [75.18156861566729, 194.89663179877252], [74.75697633473592, 195.0722350352362], [74.3282237719369, 195.23349228093178], [73.89531092727022, 195.38040353585933], [73.45823780073587, 195.51296880001883], [73.01700439233385, 195.6311880734103], [72.5716107020642, 195.73506135603373], [72.12205672992685, 195.82458864788904], [71.66834247592186, 195.89976994897637], [71.21046794004923, 195.96060525929562], [70.74843312230891, 196.00709457884682], [70.28223802270095, 196.03923790763], [69.81188264122531, 196.05703524564507], [69.33736697788203, 196.06048659289212], [68.85869103267108, 196.04959194937115], [68.37585480559244, 196.02435131508207], [67.88885829664618, 195.98476469002503], [67.39770150583225, 195.93083207419986], [66.90238443315067, 195.8625534676067], [66.40291620386134, 195.77998773218798], [65.89975067632109, 195.68606245408458], [65.39314051555435, 195.58240743389976], [64.88308572156103, 195.46902267163344], [64.36958629434122, 195.34590816728578], [63.8526422338949, 195.21306392085665], [63.33225354022204, 195.07048993234613], [62.80842021332266, 194.91818620175417], [62.28114225319676, 194.75615272908078], [61.75041965984434, 194.584389514326], [61.216252433265424, 194.4028965574898], [60.67864057345995, 194.21167385857214], [60.13758408042796, 194.01072141757302], [59.593082954169454, 193.80003923449252], [59.04513719468444, 193.57962730933065], [58.49374680197289, 193.3494856420873], [57.93891177603483, 193.10961423276257], [57.38063211687022, 192.86001308135636], [56.8189078244791, 192.6006821878687], [56.25373889886147, 192.3316215522997], [55.68512534001733, 192.05283117464927], [55.113186891907255, 191.76447448609576], [54.59143957705235, 191.53959221938206], [54.16407791204767, 191.43850275624203], [53.83110189689322, 191.46120609667582], [53.592511531589004, 191.60770224068335], [53.448306816135016, 191.87799118826464], [53.39848775053123, 192.27207293941967], [53.443054334777685, 192.78994749414846], [53.555085616380076, 193.39783325758103], [53.65749166262655, 193.99899439260417], [53.745490086071975, 194.58742974917612], [53.819080886716385, 195.163139327297], [53.87826406455975, 195.72612312696668], [53.923039619602086, 196.2763811481853], [53.95340755184341, 196.81391339095273], [53.96936786128368, 197.33871985526906], [53.97092054792291, 197.85080054113422], [53.958065611761135, 198.35015544854832], [53.930803052798325, 198.83678457751128], [53.89180848694394, 199.3130034369841], [53.85328294046949, 199.7893709362504], [53.81672968279623, 200.267188022058], [53.78214871392412, 200.74645469440682], [53.749540033853194, 201.22717095329685], [53.71890364258344, 201.70933679872817], [53.69023954011486, 202.19295223070074], [53.66354772644745, 202.67801724921452], [53.6388282015812, 203.16453185426954], [53.616080965516126, 203.65249604586583], [53.595306018252224, 204.14190982400333], [53.5765033597895, 204.63277318868214], [53.559672990127936, 205.12508613990212], [53.544814909267544, 205.61884867766338], [53.53192911720832, 206.11406080196588], [53.52101561395028, 206.61072251280967], [53.51207439949341, 207.10883381019465], [53.50510547383771, 207.6083946941209], [53.500108836983166, 208.1094051645884], [53.49708448892982, 208.61186522159716], [53.496032429677626, 209.1157748651471], [53.49695265922661, 209.62113409523835], [53.49984517757675, 210.12794291187078], [53.50470998472808, 210.6362013150445], [53.51154708068057, 211.14590930475947], [53.52000292473619, 211.65693756704673], [53.52587652679386, 212.16774951303105], [53.52794766910386, 212.67789882577893], [53.52621635166621, 213.18738550529045], [53.52068257448088, 213.69620955156554], [53.51134633754787, 214.20437096460415], [53.49820764086721, 214.7118697444064], [53.481266484438876, 215.21870589097225], [53.46052286826286, 215.72487940430162], [53.43597679233919, 216.23039028439462], [53.40762825666785, 216.7352385312512], [53.37547726124884, 217.23942414487138], [53.33952380608218, 217.74294712525517], [53.299767891167825, 218.24580747240245], [53.25620951650582, 218.74800518631343], [53.20884868209613, 219.24954026698788], [53.15768538793879, 219.75041271442598], [53.10271963403377, 220.25062252862767], [53.04395142038109, 220.75016970959294], [52.98138074698074, 221.2490542573218], [52.915007613832714, 221.74727617181418], [52.844832020937034, 222.2448354530702], [52.77365328860233, 222.74212076969596], [52.70534626689231, 223.2396701210654], [52.63993561212651, 223.73748693055853], [52.57742132430493, 224.2355711981754], [52.51780340342757, 224.73392292391594], [52.46108184949442, 225.23254210778023], [52.4072566625055, 225.73142874976827], [52.3563278424608, 226.23058284987997], [52.308295389360325, 226.73000440811538], [52.263159303204056, 227.2296934244745], [52.220919583992014, 227.72964989895735], [52.1815762317242, 228.22987383156396], [52.14512924640061, 228.73036522229424], [52.11157862802123, 229.23112407114823], [52.08092437658607, 229.73215037812594], [52.05316649209513, 230.2334441432274], [52.02830497454841, 230.73500536645253], [52.006339823945915, 231.2368340478014], [51.98727104028764, 231.73893018727398], [51.97109862357358, 232.2412937848703], [51.95782257380375, 232.74392484059032], [51.94744289097814, 233.246823354434], [51.939959575096736, 233.74998932640148], [51.93421561496835, 234.25332579334025], [51.92780711917225, 234.7566312974841], [51.92065981218466, 235.25989961418367], [51.912773694005594, 235.76313074343898], [51.904148764635025, 236.26632468525003], [51.894785024072974, 236.76948143961678], [51.88468247231943, 237.27260100653925], [51.873841109374396, 237.7756833860175], [51.862260935237884, 238.27872857805153], [51.849941949909876, 238.7817365826412], [51.83688415339038, 239.2847073997866], [51.82308754567939, 239.78764102948782], [51.80855212677693, 240.29053747174476], [51.79327789668295, 240.79339672655732], [51.777264855397526, 241.29621879392576], [51.76051300292058, 241.79900367384985], [51.74302233925216, 242.30175136632965], [51.724792864392235, 242.8044618713652], [51.70582457834084, 243.30713518895652], [51.68611748109795, 