{"harita_boyut": {"genislik": 184, "yukseklik": 282}, "baslangic": [117.5630531706496, 275.893617071956], "hedef": [127.52513336857922, 95.62539789906411], "engeller": [["dikdortgen", 114, 242, 20, 14], ["daire", 116, 55, 4], ["dikdortgen", 160, 132, 10, 16], ["dikdortgen", 13, 48, 17, 18], ["dikdortgen", 125, 105, 13, 9], ["dikdortgen", 120, 187, 17, 12], ["dikdortgen", 150, 121, 17, 16], ["daire", 70, 184, 10], ["daire", 84, 238, 14], ["dikdortgen", 154, 74, 7, 16], ["daire", 163, 91, 14], ["daire", 59, 36, 14], ["dikdortgen", 162, 224, 9, 16], ["daire", 148, 254, 8], ["daire", 166, 125, 8], ["dikdortgen", 114, 212, 17, 16], ["daire", 136, 137, 12], ["dikdortgen", 129, 47, 20, 17], ["dikdortgen", 171, 119, 9, 9], ["dikdortgen", 1, 251, 14, 8], ["daire", 78, 91, 9], ["dikdortgen", 36, 208, 19, 6], ["dikdortgen", 160, 196, 10, 15], ["dikdortgen", 143, 81, 20, 8], ["dikdortgen", 81, 39, 15, 12]], "rrt_path": [[117.5630531706496, 275.893617071956], [108.90082320099184, 271.6158097240421], [95.91427013881896, 266.3616042016053], [86.2165058578013, 260.1244766481271], [71.69148201376754, 257.9133424360052], [55.21038982219523, 251.15718709669414], [50.33834569912611, 235.10788144129256], [59.02386258053067, 219.36967764668375], [62.93333777500815, 218.52350762608194], [68.02632035731764, 212.72248749216848], [77.85837014327026, 202.22695714935804], [85.68808578190503, 193.70477076671426], [86.35650403730048, 193.88553061720404], [84.83940908577101, 179.36073750618792], [80.68336786400515, 172.78286476169532], [75.02279542593772, 167.30445694015955], [66.43288263677012, 157.9996536748485], [59.52384079401487, 148.13677682876377], [51.43503355913118, 131.6778263438769], [50.42583324964013, 112.79857876577246], [50.4623318926301, 97.76411597526955], [62.184366783634175, 83.84140293873355], [76.13352078684935, 73.729090492694], [93.14238269446052, 76.15967925853421], [110.39259128706281, 85.94702075266406], [127.52513336857922, 95.62539789906411]]}