{"harita_boyut": {"genislik": 153, "yukseklik": 273}, "baslangic": [128.80614009088717, 198.09578052483053], "hedef": [104.79836191439468, 63.15921315910492], "engeller": [["dikdortgen", 0, 76, 16, 17], ["daire", 111, 125, 10], ["daire", 72, 108, 14], ["dikdortgen", 7, 78, 14, 16], ["daire", 123, 224, 7], ["daire", 110, 224, 9], ["daire", 61, 16, 5], ["daire", 82, 49, 10], ["daire", 52, 118, 8], ["dikdortgen", 52, 157, 7, 12], ["dikdortgen", 6, 104, 18, 20], ["daire", 141, 99, 7], ["daire", 31, 19, 11], ["daire", 141, 219, 12], ["dikdortgen", 110, 161, 17, 5], ["dikdortgen", 110, 114, 12, 5], ["dikdortgen", 110, 20, 5, 8], ["daire", 11, 73, 6], ["daire", 109, 133, 5], ["daire", 134, 89, 11]], "rrt_path": [[128.80614009088714, 198.09578052483053], [128.31457850664611, 197.950030066509], [127.82262863814464, 197.80947595955286], [127.33029048538266, 197.67411820396208], [126.83756404836029, 197.54395679973678], [126.34444932707751, 197.41899174687688], [125.85094632153424, 197.2992230453823], [125.35705503173058, 197.18465069525325], [124.86277545766643, 197.07527469648952], [124.36810759934187, 196.97109504909122], [123.87305145675685, 196.8721117530583], [123.37760702991143, 196.77832480839083], [122.88177431880554, 196.68973421508875], [122.38555332343924, 196.6063399731521], [121.88894404381246, 196.5281420825808], [121.39194647992524, 196.45514054337494], [120.89456063177764, 196.38733535553447], [120.39678649936955, 196.32472651905945], [119.89862408270102, 196.2673140339498], [119.40007338177209, 196.2150979002056], [118.90113439658268, 196.16807811782672], [118.40180712713284, 196.1262546868133], [117.90209157342255, 196.08962760716526], [117.40198773545184, 196.05819687888268], [116.90149561322072, 196.0319625019655], [116.40061520672911, 196.01092447641366], [115.89934651597709, 195.99508280222727], [115.39768954096459, 195.98443747940627], [114.8956442816917, 195.97898850795073], [114.39321073815836, 195.97873588786055], [113.89038891036456, 195.98367961913578], [113.38717879831034, 195.99381970177643], [112.88358040199566, 196.00915613578246], [112.37959372142058, 196.02968892115393], [111.87521875658501, 196.05541805789076], [111.37045550748903, 196.08634354599303], [110.86530397413263, 196.1224653854607], [110.35976415651572, 196.16378357629378], [109.85383605463845, 196.2102981184923], [109.34782451369826, 196.2606800980606], [108.8431375205773, 196.3087916670402], [108.33995124575827, 196.35386484410202], [107.83826568924114, 196.395899629246], [107.33808085102592, 196.43489602247217], [106.83939673111261, 196.47085402378053], [106.34221332950122, 196.5037736331711], [105.84653064619172, 196.5336548506438], [105.35234868118413, 196.56049767619874], [104.85966743447845, 196.58430210983582], [104.36848690607466, 196.6050681515551], [103.87880709597279, 196.62279580135657], [103.39062800417283, 196.6374850592402], [102.90394963067476, 196.649135925206], [102.41877197547862, 196.657748399254], [101.93509503858436, 196.6633224813842], [101.45291881999202, 196.66585817159657], [100.97224331970162, 196.66535546989107], [100.49306853771309, 196.66181437626784], [100.01539447402646, 196.65523489072677], [99.53922112864177, 196.64561701326784], [99.06454850155896, 196.6329607438911], [98.59137659277806, 196.61726608259656], [98.11970540229909, 196.5985330293842], [97.64953493012199, 196.576761584254], [97.18086517624681, 196.551951747206], [96.71369614067356, 196.52410351824017], [96.2480278234022, 196.49321689735655], [95.78369699166848, 196.45917162160092], [95.31560974737927, 196.4182147236341], [94.84134830816846, 196.36856488429987], [94.36091267403603, 196.3102221035982], [93.87430284498198, 196.2431863815291], [93.3815188210063, 196.16745771809255], [92.88256060210901, 196.0830361132886], [92.37742818829008, 195.98992156711722], [91.86612157954954, 195.88811407957834], [91.34864077588739, 195.7776136506721], [90.82498577730362, 195.65842028039842], [90.29515658379823, 195.53053396875728], [89.7591531953712, 195.39395471574872], [89.21697561202258, 195.24868252137273], [88.6686238337523, 195.09471738562925], [88.11409786056045, 194.93205930851843], [87.55339769244694, 194.7607082900401], [86.98652332941182, 194.5806643301944], [86.4134747714551, 194.39192742898123], [85.83425201857673, 194.19449758640064], [85.24885507077674, 193.9883748024526], [84.65728392805515, 193.7735590771371], [84.05953859041192, 193.55005041045413], [83.45561905784709, 193.31784880240383], [82.84552533036064, 193.0769542529861], [82.22925740795257, 192.8273667622009], [81.60681529062286, 192.56908633004826], [80.97819897837152, 192.30211295652816], [80.34340847119859, 192.02644664164066], [79.70244376910404, 191.7420873853857], [79.05530487208787, 191.44903518776334], [78.40199178015004, 191.14729004877353], [77.74250449329062, 190.83685196841628], [77.09813111637531, 190.52026049969214], [76.51677831966929, 190.20323064301962], [76.0002534416623, 189.88597800387006], [75.54855648235436, 189.5685025822435], [75.16168744174547, 189.25080437814], [74.83964631983564, 188.93288339155944], [74.58243311662487, 188.61473962250187], [74.39004783211314, 188.29637307096732], [74.26249046630046, 187.97778373695581], [74.19976101918684, 187.6589716204673], [74.20185949077225, 187.33993672150174], [74.26878588105674, 187.0206790400592], [74.40054019004026, 186.7011985761397], [74.59712241772284, 186.38149532974316], [74.85853256410445, 186.06156930086962], [75.18477062918515, 185.7414204895191], [75.57583661296488, 185.42104889569157], [76.01749431019313, 185.0986661436544], [76.43748304805395, 184.76519472775144], [76.82571461797274, 184.41936735047713], [77.18218901994952, 184.06118401183156], [77.50690625398428, 183.69064471181477], [77.79986632007704, 183.30774945042666], [78.06106921822779, 182.91249822766727], [78.2905149484365, 182.50489104353665], [78.4882035107032, 182.0849278980347], [78.6541349050279, 181.6526087911615], [78.7883091314106, 181.207933722917], [78.89072618985128, 180.7509026933013], [78.96138608034993, 180.2815157023143], [79.00028880290658, 179.799772749956], [79.0074343575212, 179.30567383622645], [78.98282274419384, 178.79921896112563], [78.92645396292443, 178.28040812465355], [78.83832801371302, 177.74924132681016], [78.71844489655959, 177.2057185675955], [78.56680461146416, 176.64983984700967], [78.38452186796042, 176.08200453993297], [78.20175397883541, 175.51301732043223], [78.03201720557642, 174.94772075525069], [77.87531154818352, 174.38611484438846], [77.7316370066566, 173.82819958784546], [77.60099358099576, 173.2739749856217], [77.48338127120093, 172.7234410377172], [77.37880007727215, 172.17659774413195], [77.28724999920941, 171.63344510486596], [77.2087310370127, 171.09398311991922], [77.14324319068203, 170.5582117892917], [77.09078646021739, 170.02613111298342], [77.0513608456188, 169.49774109099442], [77.02496634688623, 168.97304172332468], [77.01160296401972, 168.45203300997417], [77.01127069701923, 167.93471495094292], [77.02396954588478, 167.42108754623092], [77.04969951061636, 166.91115079583813], [77.088460591214, 166.40490469976461], [77.14025278767767, 165.90234925801036], [77.20507610000737, 165.40348447057534], [77.28293052820312, 164.90831033745962], [77.36682005736786, 164.41474413568625], [77.44954011070139, 163.92064105312147], [77.53109030104818, 163.4260009745085], [77.61147062840827, 162.93082389984735], [77.69068109278166, 162.43510982913807], [77.76872169416832, 161.9388587623806], [77.84559243256828, 161.44207069957494], [77.92129330798153, 160.94474564072112], [77.99582432040806, 160.44688358581914], [78.06918546984787, 159.94848453486898], [78.14137675630099, 159.44954848787066], [78.2123981797674, 158.95007544482417], [78.2822497402471, 158.4500654057295], [78.35093143774009, 157.9495183705867], [78.41844327224635, 157.44843433939567], [78.48478524376591, 156.9468133121565], [78.54995735229878, 156.44465528886917], [78.61395959784491, 155.94196026953367], [78.67679198040435, 155.43872825415], [78.73845449997707, 