{"harita_boyut": {"genislik": 139, "yukseklik": 256}, "baslangic": [12.233049222627518, 83.80871111625572], "hedef": [100.49651751649454, 213.6605997615354], "engeller": [["dikdortgen", 21, 72, 10, 17], ["daire", 77, 138, 7], ["daire", 11, 106, 6], ["daire", 69, 77, 11], ["dikdortgen", 39, 227, 16, 5], ["daire", 20, 107, 4], ["daire", 127, 75, 8], ["daire", 55, 182, 6], ["daire", 50, 8, 6], ["dikdortgen", 66, 76, 16, 13], ["dikdortgen", 124, 176, 14, 12], ["daire", 74, 204, 12], ["dikdortgen", 22, 54, 13, 5], ["dikdortgen", 117, 179, 11, 5], ["dikdortgen", 64, 126, 15, 20], ["dikdortgen", 116, 103, 16, 16], ["daire", 87, 92, 6]], "rrt_path": [[12.233049222627518, 83.80871111625572], [15.378113372121355, 94.57684060320041], [30.193022814695837, 95.6521218222926], [48.88786607116271, 95.78825556002178], [62.557143077753274, 95.35837054380053], [65.34544668472354, 95.90542921269235], [77.79086717430081, 108.27881840745269], [86.58798732636227, 124.53700710469161], [90.14909483086197, 139.12052923303204], [85.43597472056109, 149.88025252801208], [84.98767781599938, 166.5233149763711], [87.13350370337736, 173.8901280047615], [91.15675983771825, 190.9074343197749], [94.69449707510118, 204.28347796492363], [100.49651751649454, 213.6605997615354]]}