{"harita_boyut": {"genislik": 400, "yukseklik": 109}, "baslangic": [297.5271406514962, 21.435511088978128], "hedef": [70.68457028322695, 5.033086094485627], "engeller": [["daire", 90, 99, 3], ["dikdortgen", 11, 79, 19, 20], ["daire", 132, 77, 8], ["dikdortgen", 315, 84, 12, 17], ["daire", 287, 69, 9], ["daire", 64, 76, 4], ["dikdortgen", 315, 87, 13, 7], ["dikdortgen", 352, 33, 13, 11], ["dikdortgen", 14, 29, 5, 18], ["dikdortgen", 82, 16, 16, 13], ["daire", 249, 89, 4], ["dikdortgen", 252, 55, 17, 19], ["dikdortgen", 145, 6, 13, 7], ["daire", 200, 14, 13], ["dikdortgen", 20, 78, 17, 5], ["dikdortgen", 352, 63, 14, 8], ["daire", 297, 69, 8], ["dikdortgen", 304, 31, 17, 10], ["daire", 295, 50, 3], ["daire", 209, 67, 3], ["dikdortgen", 227, 43, 7, 20]], "rrt_path": [[297.5271406514962, 21.435511088978128], [280.8833814808355, 27.550816977930715], [263.38755112570476, 32.62810043037177], [255.52068164253998, 34.523206096346776], [240.73312930671528, 36.73740183868614], [224.89044824784568, 36.34890295820693], [208.58131160145157, 39.556725747033006], [207.13330015596785, 36.44124449171277], [188.49823502418283, 30.96512340814101], [170.6637245333095, 26.048269781593927], [154.10205276672988, 23.786007141284887], [135.28692207644056, 19.01988244977839], [116.63195184010931, 14.621756162098006], [101.21478604430177, 10.68009300475052], [82.49622235097418, 6.788590411423249], [70.68457028322695, 5.033086094485627]]}