{"harita_boyut": {"genislik": 159, "yukseklik": 122}, "baslangic": [82.25217882367201, 104.64173267081846], "hedef": [14.92586934981458, 28.368121745461167], "engeller": [["dikdortgen", 41, 27, 5, 12], ["daire", 15, 79, 13], ["dikdortgen", 31, 46, 8, 6], ["dikdortgen", 141, 44, 13, 17], ["daire", 41, 105, 15], ["dikdortgen", 22, 46, 17, 20], ["daire", 73, 13, 10], ["daire", 14, 60, 10], ["dikdortgen", 99, 32, 11, 18]], "rrt_path": [[82.25217882367203, 104.64173267081848], [82.57403803573703, 104.26481760421142], [82.897664960247, 103.88843580615729], [83.22305959720204, 103.51258727665619], [83.55022194660206, 103.13727201570805], [83.87915200844711, 102.76249002331289], [84.20984978273718, 102.38824129947069], [84.54231526947227, 102.0145258441815], [84.87654846865237, 101.64134365744529], [85.21254938027751, 101.26869473926206], [85.55031800434763, 100.89657908963181], [85.8898543408628, 100.52499670855455], [86.23115838982297, 100.15394759603025], [86.57423015122816, 99.78343175205896], [86.91906962507836, 99.41344917664061], [87.2656768113736, 99.04399986977528], [87.61405171011384, 98.67508383146291], [87.96419432129912, 98.30670106170354], [88.31610464492938, 97.93885156049713], [88.66978268100469, 97.5715353278437], [89.02522842952499, 97.20475236374327], [89.38244189049033, 96.83850266819582], [89.74142306390067, 96.47278624120133], [90.10217194975606, 96.10760308275985], [90.46468854805643, 95.74295319287133], [90.82897285880185, 95.3788365715358], [91.19502488199225, 95.01525321875323], [91.56284461762769, 94.65220313452367], [91.93243206570814, 94.28968631884709], [92.30378722623362, 93.92770277172347], [92.67691009920412, 93.56625249315286], [93.05180068461962, 93.20533548313522], [93.42069445571725, 92.8416783306353], [93.77345308504644, 92.47100686493174], [94.11003286940995, 92.09330266139507], [94.43043380880776, 91.70856572002532], [94.73465590323987, 91.31679604082247], [95.02269915270631, 90.91799362378657], [95.29456355720706, 90.51215846891755], [95.55024911674211, 90.09929057621547], [95.78975583131147, 89.67938994568027], [96.01308370091516, 89.25245657731203], [96.22023272555313, 88.81849047111068], [96.41120290522544, 88.37749162707624], [96.58599423993202, 87.92946004520871], [96.74460672967294, 87.47439572550813], [96.88704037444816, 87.01229866797445], [97.0132951742577, 86.54316887260765], [97.12337112910154, 86.06700633940781], [97.21726823897971, 85.58381106837489], [97.29498650389218, 85.09358305950886], [97.35652592383894, 84.59632231280975], [97.40188649882003, 84.09202882827753], [97.43106822883544, 83.58070260591226], [97.44407111388514, 83.06234364571388], [97.44089515396917, 82.53695194768244], [97.42154034908748, 82.0045275118179], [97.38600669924014, 81.46507033812028], [97.33429420442707, 80.91858042658957], [97.26671917598043, 80.36551687088497], [97.18914025534917, 79.81438289194023], [97.10376059448166, 79.26837614025685], [97.01058019337785, 78.72749661583477], [96.90959905203778, 78.19174431867404], [96.80081717046143, 77.66111924877467], [96.6842345486488, 77.1356214061366], [96.5598511865999, 76.61525079075987], [96.4276670843147, 76.10000740264448], [96.28768224179325, 75.58989124179044], [96.13989665903553, 75.08490230819773], [95.98431033604152, 74.58504060186635], [95.82092327281123, 74.09030612279632], [95.64973546934465, 73.6006988709876], [95.47074692564182, 73.11621884644023], [95.28395764170268, 72.6368660491542], [95.08936761752732, 72.16264047912951], [94.88697685311563, 71.69354213636615], [94.67678534846769, 71.22957102086411], [94.45879310358347, 70.77072713262342], [94.23300011846297, 70.31701047164407], [93.99940639310618, 69.86842103792604], [93.75801192751314, 69.42495883146937], [93.50881672168381, 68.98662385227402], [93.2518207756182, 68.55341610033999], [92.98702408931632, 68.12533557566734], [92.71442666277817, 67.702382278256], [92.4341820707609, 67.28445552960858], [92.15084705413992, 66.86856808212694], [91.86654212434223, 66.45332979912341], [91.58126728136789, 66.03874068059801], [91.29502252521685, 65.62480072655072], [91.00780785588911, 65.21150993698154], [90.71962327338471, 64.79886831189046], [90.43046877770361, 64.3868758512775], [90.14034436884582, 63.975532555142635], [89.84925004681132, 63.56483842348588], [89.55718581160016, 63.15479345630725], [89.26415166321232, 62.74539765360672], [88.97014760164777, 62.33665101538433], [88.67517362690654, 61.92855354164003], [88.37922973898864, 61.52110523237385], [88.08231593789404, 61.11430608758575], [87.78443222362273, 60.708156107275784], [87.48557859617476, 60.30265529144392], [87.1857550555501, 59.897803640090174], [86.88496160174874, 59.49360115321454], [86.58319823477069, 59.090047830817014], [86.28188306063393, 58.686207714570905], [85.9838804686419, 58.28019029066015], [85.68927248687638, 57.8719414200676], [85.39805911533729, 57.46146110279321], [85.11024035402471, 57.04874933883697], [84.82581620293858, 56.63380612819891], [84.54478666207896, 56.21663147087904], [84.2671517314458, 55.79722536687733], [83.9929114110391, 55.37558781619378], [83.72206570085889, 54.95171881882841], [83.45461460090515, 54.5256183747812], [83.19055811117788, 54.097286484052184], [82.92989623167709, 53.6667231466413], [82.6726289624028, 53.23392836254863], [82.41875630335495, 52.79890213177411], [82.1682782545336, 52.36164445431777], [81.92119481593872, 51.922155330179585], [81.67750598757033, 51.48043475935959], [81.43721176942839, 51.03648274185775], [81.20031216151293, 50.590299277674085], [80.96680716382394, 50.14188436680859], [80.73669677636146, 49.691238009261276], [80.50998099912542, 49.23836020503212], [80.28665983211586, 48.78325095412113], [80.06673327533278, 48.32591025652833], [79.8502013287762, 47.86633811225369], [79.63706399244606, 47.40453452129722], [79.4273212663424, 46.94049948365892], [79.21890187303335, 46.475588227343124], [78.99826426264632, 46.01866093077234], [78.76295508919704, 45.571322807777875], [78.51297435268549, 45.13357385835975], [78.2483220531117, 44.70541408251796], [77.96899819047567, 44.286843480252514], [77.67500276477737, 43.8778620515634], [77.36633577601683, 43.47846979645062], [77.04299722419404, 43.08866671491418], [76.704987109309, 42.708452806954085], [76.35230543136171, 42.33782807257031], [75.98495219035216, 41.97679251176288], [75.60292738628036, 41.62534612453179], [75.20623101914632, 41.28348891087704], [74.79486308895002, 40.95122087079862], [74.36882359569145, 40.62854200429653], [73.92811253937064, 40.31545231137077], [73.47272991998759, 40.01195179202137], [73.00267573754229, 39.7180404462483], [72.51794999203472, 39.43371827405156], [72.01855268346492, 39.15898527543116], [71.50448381183287, 38.8938414503871], [70.97574337713854, 38.63828679891937], [70.43233137938196, 38.39232132102797], [69.87424781856315, 38.15594501671292], [69.30149269468208, 37.929157885974206], [68.71406600773875, 37.71195992881182], [68.1119677577332, 37.50435114522578], [67.49519794466536, 37.30633153521607], [66.8637565685353, 37.117901098782696], [66.21764362934296, 36.93905983592566], [65.55685912708839, 36.76980774664496], [64.91383535934641, 36.596025810157364], [64.32597523713139, 36.40143110735282], [63.793325482212566, 36.18600329845646], [63.31588609458994, 35.94974238346828], [62.89365707426352, 35.69264836238829], [62.52663842123329, 35.414721235216454], [62.21483013549926, 35.11596100195282], [61.95823221706145, 34.79636766259736], [61.75684466591983, 34.45594121715009], [61.610667482074405, 34.09468166561099], [61.519700665525185, 33.712589007980085], [61.483944216272164, 33.30966324425736], [61.50339813431534, 32.8859043744428], [61.578062419654714, 32.44131239853641], [61.707937072290306, 31.975887316538227], [61.88722396196242, 31.49118093731384], [62.04682393466521, 31.005686926060765], [62.166627782236695, 30.524787301828063], [62.24663550467688, 30.048482064615744], [62.28684710198576, 29.5767712144238], [62.28726257416335, 29.10965475125221], [62.247881921209625, 28.64713267510102], 