{"harita_boyut": {"genislik": 154, "yukseklik": 446}, "baslangic": [11.398406694671968, 117.6749996183537], "hedef": [123.99433867016224, 140.5212878820925], "engeller": [["daire", 55, 105, 4], ["dikdortgen", 72, 200, 15, 10], ["daire", 29, 88, 12], ["dikdortgen", 76, 405, 10, 13], ["dikdortgen", 85, 356, 5, 6], ["dikdortgen", 9, 226, 7, 10], ["daire", 60, 59, 8], ["dikdortgen", 60, 189, 12, 16], ["dikdortgen", 21, 315, 19, 5], ["daire", 122, 402, 14], ["dikdortgen", 120, 74, 20, 16], ["dikdortgen", 37, 87, 7, 15], ["daire", 93, 383, 10], ["daire", 35, 242, 13], ["dikdortgen", 16, 362, 13, 5], ["daire", 115, 252, 14], ["dikdortgen", 105, 21, 9, 9], ["daire", 68, 304, 12], ["daire", 67, 377, 12], ["dikdortgen", 100, 136, 15, 9], ["dikdortgen", 6, 405, 7, 17], ["daire", 117, 204, 6], ["daire", 47, 147, 7], ["dikdortgen", 39, 164, 18, 12], ["dikdortgen", 139, 104, 13, 12], ["dikdortgen", 8, 372, 12, 16], ["dikdortgen", 15, 46, 5, 6], ["dikdortgen", 99, 385, 19, 10], ["daire", 100, 314, 13], ["daire", 73, 224, 7], ["dikdortgen", 53, 400, 8, 18], ["dikdortgen", 73, 414, 14, 14], ["daire", 115, 214, 3], ["dikdortgen", 88, 379, 20, 11]], "rrt_path": [[11.398406694671968, 117.6749996183537], [19.109264443198406, 125.40527579559266], [26.023371610587976, 139.40069254033978], [30.638710048430575, 151.53148615258027], [33.390649851838404, 170.51498550332676], [32.92101628651185, 178.47289408991452], [39.804541219326254, 197.12106568617813], [43.70116835595306, 215.7502129187367], [51.413105722254514, 227.75897462318702], [62.24109203472994, 241.95755732731396], [73.9171854141308, 243.46299468913995], [76.21552764705866, 244.39008908819238], [81.68267394870854, 242.3686516585106], [94.4918505030276, 235.0943951938862], [99.66635265401199, 219.06775869293395], [103.78826917260585, 203.4462877729807], [108.85999936856881, 194.60969473603302], [115.10767846613457, 178.9504215822352], [118.30661737030826, 163.3358067233425], [121.05262354197782, 152.00538767786384], [123.99433867016224, 140.5212878820925]]}