{"harita_boyut": {"genislik": 474, "yukseklik": 269}, "baslangic": [454.7087791921361, 166.53661183229542], "hedef": [278.9043159846848, 114.95805609801968], "engeller": [["daire", 379, 197, 4], ["dikdortgen", 134, 49, 7, 8], ["daire", 329, 223, 9], ["dikdortgen", 349, 259, 12, 6], ["daire", 328, 88, 14], ["daire", 22, 131, 14], ["dikdortgen", 85, 232, 18, 9], ["daire", 376, 192, 11], ["dikdortgen", 12, 182, 14, 19], ["dikdortgen", 184, 223, 14, 18], ["daire", 423, 220, 14], ["daire", 24, 134, 12], ["daire", 92, 151, 14], ["daire", 175, 231, 13], ["dikdortgen", 187, 215, 19, 20], ["dikdortgen", 302, 120, 20, 8], ["daire", 118, 163, 5], ["daire", 188, 237, 9], ["daire", 409, 205, 15], ["dikdortgen", 224, 193, 18, 7], ["daire", 282, 172, 8], ["dikdortgen", 372, 132, 18, 16], ["dikdortgen", 295, 105, 14, 15], ["daire", 97, 31, 8], ["daire", 21, 40, 7], ["dikdortgen", 333, 58, 10, 14], ["dikdortgen", 356, 250, 13, 14], ["daire", 222, 169, 6], ["dikdortgen", 287, 145, 20, 14], ["daire", 306, 92, 4], ["dikdortgen", 420, 54, 18, 6], ["daire", 382, 243, 14], ["dikdortgen", 46, 91, 5, 14], ["daire", 183, 223, 6], ["dikdortgen", 229, 208, 8, 18], ["daire", 112, 154, 14], ["dikdortgen", 321, 95, 9, 8], ["dikdortgen", 50, 101, 11, 18], ["dikdortgen", 221, 14, 13, 7], ["dikdortgen", 293, 165, 11, 16], ["dikdortgen", 247, 231, 11, 12], ["dikdortgen", 452, 217, 6, 13], ["daire", 371, 171, 9], ["daire", 336, 151, 12], ["dikdortgen", 39, 97, 7, 5], ["daire", 421, 56, 3], ["daire", 140, 243, 3], ["dikdortgen", 356, 162, 13, 8], ["daire", 396, 102, 15], ["daire", 178, 115, 11], ["daire", 119, 249, 10], ["daire", 137, 193, 13], ["dikdortgen", 390, 223, 7, 10], ["daire", 18, 227, 15], ["dikdortgen", 304, 2, 15, 18], ["dikdortgen", 191, 183, 9, 17], ["dikdortgen", 12, 256, 10, 10], ["daire", 343, 175, 12], ["dikdortgen", 398, 171, 15, 6], ["dikdortgen", 267, 138, 7, 13], ["daire", 99, 172, 14], ["dikdortgen", 175, 147, 8, 20], ["dikdortgen", 332, 229, 9, 12]], "rrt_path": [[454.7087791921361, 166.53661183229542], [435.10222860901786, 166.61356139120824], [417.5288830732324, 162.67829917782618], [400.6856500441638, 160.7008129130587], [396.6957534524615, 160.41669113015215], [378.5121692104911, 157.3649766438718], [371.44186986417685, 156.16107507332077], [356.80398803081135, 145.67694904551493], [343.80050545468777, 133.93660246501787], [339.96685075100174, 133.9431058389825], [337.8252675051699, 133.22704047051644], [329.8454551655382, 133.35356577113419], [313.51908249659897, 135.70041639523004], [298.319773380275, 136.19640183625023], [290.07445842177725, 127.44114051457956], [278.9043159846848, 114.95805609801968]]}