{"harita_boyut": {"genislik": 388, "yukseklik": 290}, "baslangic": [166.84408685427172, 109.0634004841963], "hedef": [57.32477227539662, 182.1234514150033], "engeller": [["dikdortgen", 184, 139, 10, 13], ["daire", 90, 269, 10], ["dikdortgen", 60, 31, 12, 18], ["daire", 46, 168, 5], ["daire", 192, 192, 15], ["daire", 256, 254, 12], ["daire", 170, 223, 9], ["daire", 268, 95, 6], ["dikdortgen", 53, 227, 16, 12], ["daire", 166, 177, 15], ["daire", 60, 211, 15], ["daire", 152, 270, 8], ["daire", 294, 93, 12], ["daire", 15, 206, 9], ["dikdortgen", 228, 181, 10, 15], ["daire", 156, 218, 12], ["dikdortgen", 117, 26, 9, 11], ["dikdortgen", 224, 192, 10, 5], ["daire", 345, 277, 5], ["daire", 315, 171, 6], ["daire", 356, 37, 3], ["daire", 219, 43, 15], ["daire", 188, 194, 14], ["dikdortgen", 65, 199, 9, 18], ["dikdortgen", 120, 205, 17, 14], ["daire", 50, 28, 4], ["dikdortgen", 337, 274, 19, 14], ["dikdortgen", 169, 215, 14, 16], ["daire", 236, 196, 11], ["daire", 227, 223, 7], ["daire", 295, 210, 12], ["daire", 352, 193, 5], ["daire", 193, 147, 15], ["dikdortgen", 110, 171, 19, 7], ["daire", 366, 262, 3], ["dikdortgen", 135, 139, 16, 7], ["daire", 350, 182, 8], ["dikdortgen", 1, 69, 10, 19], ["dikdortgen", 107, 204, 14, 20], ["daire", 46, 111, 7], ["daire", 363, 58, 8], ["dikdortgen", 278, 146, 5, 13], ["dikdortgen", 74, 214, 12, 6], ["daire", 277, 215, 6], ["dikdortgen", 235, 85, 5, 9], ["dikdortgen", 194, 93, 20, 13], ["dikdortgen", 247, 184, 16, 16], ["daire", 272, 241, 15], ["dikdortgen", 365, 210, 14, 12], ["daire", 293, 122, 7], ["daire", 89, 215, 6], ["daire", 67, 98, 6], ["daire", 27, 53, 4], ["dikdortgen", 2, 90, 11, 9], ["dikdortgen", 209, 106, 9, 20], ["dikdortgen", 350, 65, 14, 16]], "rrt_path": [[166.84408685427167, 109.06340048419626], [166.7578587378005, 109.58852875830848], [166.6588525895196, 110.10589332141248], [166.54706840942904, 110.61549417350827], [166.42250619752878, 111.11733131459587], [166.2851659538188, 111.61140474467521], [166.13504767829914, 112.0977144637464], [165.97215137096978, 112.57626047180935], [165.79647703183073, 113.04704276886406], [165.60802466088197, 113.51006135491059], [165.4067942581235, 113.9653162299489], [165.19278582355537, 114.41280739397902], [164.9659993571775, 114.8525348470009], [164.72643485899, 115.28449858901458], [164.47409232899275, 115.70869862002006], [164.20897176718583, 116.12513494001732], [163.9310731735692, 116.53380754900634], [163.64039654814283, 116.93471644698715], [163.33694189090681, 117.3278616339598], [163.0207092018611, 117.7132431099242], [162.69169848100566, 118.0908608748804], [162.34990972834055, 118.4607149288284], [161.99534294386575, 118.82280527176819], [161.62799812758124, 119.17713190369975], [161.24787527948703, 119.52369482462309], [160.85497439958314, 119.86249403453824], [160.44929548786953, 120.19352953344517], [160.03083854434624, 120.51680132134389], [159.59960356901325, 120.83230939823441], [159.15559056187055, 121.14005376411669], [158.6987995229182, 121.4400344189908], [158.2292304521561, 121.73225136285666], [157.74692124714764, 122.01668832234743], [157.25924375255502, 122.29017979757302], [156.7717046176295, 122.5503612110905], [156.28430384237106, 122.79723256289991], [155.7970414267798, 123.03079385300127], [155.30991737085557, 123.25104508139452], [154.82293167459852, 123.45798624807969], [154.33608433800856, 123.6516173530568], [153.8493753610857, 123.8319383963258], [153.36280474382997, 123.99894937788676], [152.87637248624137, 124.15265029773965], [152.39007858831985, 124.29304115588447], [151.90392305006546, 124.42012195232115], [151.41790587147813, 124.53389268704979], [150.932027052558, 124.63435336007038], [150.44628659330493, 124.72150397138284], [149.96068449371901, 124.79534452098726], [149.47522075380016, 124.85587500888357], [148.98989537354845, 124.90309543507183], [148.50470835296383, 124.93700579955201], [148.01965969204633, 124.9576061023241], [147.53474939079595, 124.96489634338812], [147.0499774492127, 124.95887652274405], [146.56534386729652, 124.93954664039192], [146.0808486450475, 124.90690669633173], [145.59649178246553, 124.86095669056343], [145.11227327955075, 124.80169662308708], [144.62819313630305, 124.72912649390264], [144.14425135272242, 124.64324630301009], [143.66044792880896, 124.5440560504095], [143.17678286456257, 124.4315557361008], [142.69325615998332, 124.30574536008407], [142.20986781507122, 124.16662492235926], [141.72661782982618, 124.01419442292632], [141.24350620424826, 123.84845386178534], [140.76053293833746, 123.66940323893627], [140.27791678444265, 123.4784572797963], [139.7964918085431, 123.28101009485914], [139.31633944582094, 123.07758834554133], [138.8374596962761, 122.8681920318428], [138.3598525599087, 122.6528211537636], [137.88351803671858, 122.43147571130373], [137.40845612670583, 122.20415570446315], [136.93466682987048, 121.97086113324188], [136.46215014621242, 121.73159199763994], [135.9909060757318, 121.4863482976573], [135.5209346184285, 121.23513003329401], [135.05223577430255, 120.97793720454999], [134.58480954335397, 120.7147698114253], [134.11865592558271, 120.44562785391994], [133.65377492098884, 120.1705113320339], [133.19016652957237, 119.88942024576714], [132.7278307513332, 119.6023545951197], [132.26676758627138, 119.30931438009158], [131.80697703438696, 119.01029960068279], [131.34845909567989, 118.7053102568933], [130.89121377015016, 118.39434634872313], [130.43524105779778, 118.07740787617227], [129.98095633162828, 117.7630370695624], [129.53193687353323, 117.52480145840856], [129.0890057597279, 117.37962777244624], [128.65216299021236, 117.32751601167546], [128.22140856498655, 117.36846617609619], [127.79674248405047, 117.50247826570843], [127.37816474740418, 117.72955228051225], [126.96567535504767, 118.04968822050758], [126.55419256818972, 118.41775598452803], [126.13617038070774, 118.76674071137893], [125.71153831675304, 119.09601651643472], [125.28029637632565, 119.40558339969553], [124.84244455942556, 119.69544136116129], [124.3979828660528, 119.96559040083207], [123.9469112962073, 120.2160305187078], [123.48922984988911, 120.44676171478848], [123.02493852709821, 120.65778398907416], [122.55403732783464, 120.84909734156481], [122.07652625209835, 121.02070177226044], [121.59240529988935, 121.17259728116105], [121.10167447120766, 121.30478386826661], [120.60433376605326, 121.41726153357718], [120.10038318442616, 121.51003027709271], [119.58982272632635, 121.58309009881319], [119.07265239175385, 121.63644099873866], [118.54887218070867, 121.67008297686912], [118.02216049110402, 121.6935849608825], [117.50043153474094, 121.72753485946572], [116.98395287108924, 121.77262869770263], [116.47272450014893, 121.82886647559323], [115.96674642191998, 121.89624819313752], [115.46601863640242, 121.97477385033551], [114.97054114359626, 122.06444344718724], [114.48031394350146, 122.16525698369263], [113.99533703611803, 122.27721445985172], [113.515610421446, 122.40031587566452], [113.04113409948535, 122.53456123113102], [112.57190807023606, 122.6799505262512], [112.10793233369817, 122.83648376102511], [111.64920688987164, 123.00416093545267], [111.1957317387565, 123.18298204953396], [110.74750688035274, 123.37294710326894], [110.30453231466036, 123.57405609665763], [109.86680804167938, 123.78630902970002], [109.43433406140976, 124.00970590239609], [109.00711037385149, 124.24424671474586], [108.58513697900466, 124.48993146674937], [108.16841387686915, 124.74676015840652], [107.75694106744508, 125.01473278971743], [107.35071855073235, 125.29384936068197], [106.949746326731, 125.58410987130023], [106.55402439544106, 125.88551432157222], [106.16355275686249, 126.19806271149788], [105.77833141099526, 126.52175504107723], [105.39836035783945, 126.85659131031031], [105.023639597395, 127.20257151919706], [104.65416912966194, 127.55969566773751], [104.28994895464027, 127.92796375593167], [103.93097308903094, 128.30736409990322], [103.57300752025327, 128.6896287392751], [103.21241435906508, 