{"harita_boyut": {"genislik": 421, "yukseklik": 155}, "baslangic": [117.99993763997085, 39.11818552940479], "hedef": [353.529691217626, 143.8540552138618], "engeller": [["dikdortgen", 272, 39, 17, 12], ["dikdortgen", 310, 113, 18, 19], ["daire", 144, 68, 11], ["dikdortgen", 72, 45, 17, 18], ["daire", 384, 62, 10], ["daire", 265, 23, 11], ["daire", 51, 97, 11], ["daire", 145, 73, 5], ["daire", 192, 92, 11], ["dikdortgen", 122, 17, 12, 14], ["dikdortgen", 40, 83, 9, 9], ["daire", 16, 23, 9], ["daire", 156, 93, 14], ["daire", 38, 65, 9], ["dikdortgen", 362, 93, 14, 14], ["dikdortgen", 28, 25, 16, 5], ["dikdortgen", 68, 117, 19, 7], ["dikdortgen", 61, 133, 9, 12], ["dikdortgen", 181, 82, 14, 12], ["daire", 120, 21, 12], ["dikdortgen", 126, 135, 8, 8], ["dikdortgen", 165, 107, 10, 10], ["dikdortgen", 57, 9, 15, 14], ["daire", 41, 73, 4], ["dikdortgen", 91, 41, 14, 8], ["daire", 235, 146, 7], ["dikdortgen", 344, 125, 18, 5], ["daire", 4, 75, 4], ["daire", 270, 33, 6], ["dikdortgen", 156, 14, 10, 17], ["dikdortgen", 123, 113, 16, 18], ["daire", 28, 83, 3]], "rrt_path": [[117.99993763997085, 39.11818552940479], [133.38259250638959, 39.2755612180297], [145.1985654911759, 39.76478368588968], [157.07359855720583, 40.022998070536254], [174.65176236247285, 43.1359278532346], [189.58541547369353, 48.17386817451656], [202.89611404988105, 53.27640588194536], [210.6052061169134, 69.63537678404892], [204.76263514353673, 79.88336280135462], [204.47681584240405, 81.47716108709965], [223.57726783403726, 83.45261575522937], [242.44291539953784, 86.82021162888203], [260.8355398945332, 89.60055382124688], [276.1767153353311, 89.38728829777645], [290.5954456921289, 89.94257474866099], [299.8081709152071, 93.36106119812487], [313.9871937221009, 99.51156698788675], [332.3806760486565, 104.82017793095225], [335.3240261951231, 121.05540908374138], [339.6584588416912, 137.42370691660756], [353.529691217626, 143.8540552138618]]}