{"harita_boyut": {"genislik": 206, "yukseklik": 103}, "baslangic": [74.48347531720016, 46.29793415024575], "hedef": [176.71833501404953, 20.703625663794792], "engeller": [["daire", 150, 63, 14], ["dikdortgen", 136, 48, 12, 17], ["dikdortgen", 28, 86, 7, 8], ["daire", 100, 35, 7], ["daire", 45, 86, 9], ["dikdortgen", 45, 62, 19, 18], ["daire", 127, 33, 10], ["daire", 24, 15, 14], ["daire", 170, 27, 4], ["daire", 31, 61, 9]], "rrt_path": [[74.48347531720016, 46.29793415024575], [81.62491573543907, 47.61169632663061], [95.65369601687465, 50.030015559991874], [107.43217009619374, 51.056360256831574], [119.62020770687086, 64.28315040911126], [132.74702534081894, 74.70331284586256], [143.65158563773457, 82.71028351282266], [160.40798971851294, 81.31822818269565], [160.44052237712097, 81.70631781168561], [167.45852105806182, 83.42513139029349], [181.29499882762187, 69.36798514471755], [180.21415198942245, 50.64959409198625], [179.82560216179186, 32.98341197094543], [179.40846004979062, 23.663900531451336], [176.71833501404953, 20.703625663794792]]}