{"harita_boyut": {"genislik": 192, "yukseklik": 141}, "baslangic": [74.15293346682701, 92.12282506968309], "hedef": [177.49480574618457, 42.49648325361085], "engeller": [["daire", 135, 19, 10], ["dikdortgen", 142, 106, 19, 17], ["daire", 56, 94, 11], ["daire", 168, 14, 14], ["daire", 21, 53, 14], ["dikdortgen", 15, 21, 5, 5], ["daire", 84, 30, 8], ["dikdortgen", 21, 95, 6, 18], ["dikdortgen", 15, 47, 20, 10], ["dikdortgen", 122, 54, 12, 6], ["daire", 154, 52, 9], ["daire", 85, 64, 3], ["dikdortgen", 175, 67, 7, 7]], "rrt_path": [[74.15293346682701, 92.12282506968309], [74.34889967470572, 81.87206908423734], [75.89822264908315, 65.55646047287433], [78.75801245343777, 53.22399714411038], [82.37142934707775, 52.252678399669804], [90.68095688567303, 55.05242670799671], [104.36608764517916, 58.056181711848694], [118.19187877055809, 47.31950927558575], [131.8384302178082, 43.566540768180126], [148.73524464614903, 38.66653901983737], [152.627000299464, 37.74228908887119], [156.6039221376349, 38.17134933298536], [164.38349023591232, 39.93098332019515], [177.49480574618457, 42.49648325361085]]}