{"harita_boyut": {"genislik": 143, "yukseklik": 331}, "baslangic": [19.950077382702396, 251.75954598360886], "hedef": [120.38158958704027, 314.7295535878753], "engeller": [["daire", 90, 57, 6], ["dikdortgen", 46, 156, 17, 15], ["dikdortgen", 24, 257, 11, 14], ["dikdortgen", 107, 31, 19, 14], ["daire", 46, 101, 8], ["dikdortgen", 68, 68, 11, 19], ["dikdortgen", 6, 180, 5, 16], ["daire", 68, 112, 14], ["dikdortgen", 100, 16, 20, 10], ["daire", 57, 315, 11], ["daire", 90, 268, 9], ["daire", 58, 31, 12], ["dikdortgen", 72, 218, 12, 13], ["daire", 113, 186, 4], ["dikdortgen", 110, 43, 15, 19], ["daire", 118, 298, 5], ["dikdortgen", 36, 302, 9, 11], ["dikdortgen", 49, 99, 12, 14], ["dikdortgen", 0, 50, 5, 5], ["dikdortgen", 9, 118, 18, 13], ["dikdortgen", 65, 119, 7, 18], ["daire", 127, 185, 11], ["daire", 111, 211, 4]], "rrt_path": [[19.950077382702396, 251.75954598360886], [28.209300346371744, 236.5782435921285], [34.193720235525404, 221.77520079142127], [35.66026758863431, 215.70449354021073], [50.65695224042024, 205.22917306467778], [65.48963948061798, 199.60791379779286], [68.48051860759767, 199.8153176070981], [76.3709257341889, 200.9545662034984], [90.02868221627459, 211.9978641968422], [89.15760012983098, 231.1191743082397], [94.8040120442395, 247.5501079519795], [99.21128988048333, 253.1040217378019], [104.41342009506917, 266.14979861720906], [103.7873720483846, 274.094076447807], [102.29971541644169, 291.7506080658309], [109.6003601906831, 303.7740714498786], [120.38158958704027, 314.7295535878753]]}