{"harita_boyut": {"genislik": 178, "yukseklik": 362}, "baslangic": [93.40751640999162, 188.42916839363883], "hedef": [84.55719323649144, 86.34855185611059], "engeller": [["daire", 149, 355, 3], ["dikdortgen", 44, 266, 17, 15], ["dikdortgen", 90, 250, 19, 17], ["dikdortgen", 83, 146, 16, 11], ["daire", 111, 79, 12], ["daire", 97, 325, 3], ["dikdortgen", 66, 241, 12, 14], ["daire", 102, 107, 8], ["dikdortgen", 47, 29, 12, 18], ["dikdortgen", 111, 330, 11, 14], ["daire", 99, 322, 4], ["daire", 84, 157, 11], ["daire", 85, 128, 14], ["daire", 34, 314, 10], ["dikdortgen", 111, 223, 6, 9], ["daire", 149, 176, 14], ["dikdortgen", 154, 295, 19, 6], ["daire", 57, 256, 4], ["dikdortgen", 21, 201, 10, 11], ["dikdortgen", 73, 36, 13, 15], ["dikdortgen", 146, 340, 11, 15], ["daire", 116, 190, 7], ["daire", 97, 330, 3], ["daire", 138, 55, 14], ["daire", 170, 81, 8], ["dikdortgen", 51, 324, 17, 8], ["daire", 76, 258, 12], ["dikdortgen", 137, 217, 13, 16], ["dikdortgen", 160, 249, 12, 17], ["dikdortgen", 41, 242, 8, 20], ["daire", 155, 311, 4], ["dikdortgen", 32, 131, 13, 17]], "rrt_path": [[93.40751640999162, 188.42916839363883], [79.87310364022055, 174.81571087363923], [65.93491624473837, 171.0860876283836], [66.25936680553684, 169.51757159718892], [65.05738527069107, 154.1571458508207], [65.01024982676944, 139.87375384357253], [64.67694271544298, 132.67584320052876], [66.56797850836497, 122.31881656113212], [67.94264769999813, 118.56245068257681], [71.80908080121061, 112.75293449717685], [78.48842694277866, 95.94229998283927], [84.55719323649144, 86.34855185611059]]}