{"harita_boyut": {"genislik": 204, "yukseklik": 329}, "baslangic": [143.24876401606673, 303.82379697826406], "hedef": [26.15767189122807, 29.497268148327095], "engeller": [["dikdortgen", 9, 115, 13, 14], ["dikdortgen", 121, 104, 18, 19], ["dikdortgen", 48, 196, 20, 16], ["dikdortgen", 17, 74, 13, 9], ["dikdortgen", 145, 204, 11, 14], ["dikdortgen", 156, 90, 17, 20], ["daire", 175, 24, 9], ["dikdortgen", 152, 69, 7, 10], ["dikdortgen", 158, 83, 20, 10], ["daire", 15, 174, 10], ["dikdortgen", 150, 210, 15, 20], ["dikdortgen", 182, 90, 5, 6], ["daire", 179, 305, 6], ["daire", 106, 206, 9], ["daire", 139, 178, 11], ["dikdortgen", 88, 21, 16, 9], ["daire", 96, 271, 5], ["daire", 64, 72, 7], ["dikdortgen", 139, 106, 18, 5], ["dikdortgen", 127, 177, 10, 13], ["dikdortgen", 56, 158, 19, 19], ["daire", 136, 127, 11], ["dikdortgen", 11, 297, 17, 12], ["dikdortgen", 158, 82, 15, 8], ["daire", 172, 291, 7], ["daire", 66, 121, 15], ["daire", 65, 184, 4], ["daire", 48, 290, 3], ["daire", 113, 26, 8], ["dikdortgen", 148, 119, 17, 8], ["dikdortgen", 118, 38, 20, 9], ["dikdortgen", 126, 116, 16, 5], ["dikdortgen", 70, 22, 13, 16]], "rrt_path": [[143.24876401606673, 303.82379697826406], [145.30877490352876, 283.9477531092702], [140.27544899217733, 270.13671896022754], [133.54716184295938, 254.29510051899098], [130.92050737686506, 247.3415953102211], [120.27013377376194, 233.31408806661776], [107.50683485691751, 228.12511105623398], [90.10342542676882, 220.20882426477823], [89.53645938419614, 206.19962231674128], [97.64672953829874, 189.1325149071092], [98.57228495650966, 175.8054468248094], [98.77105539996401, 156.81660900805872], [97.02320358282313, 146.3709355803826], [92.81003251649896, 132.29134910586268], [86.23999197878605, 115.05076793590084], [78.30316189277116, 101.39793803423649], [63.67380423805912, 91.51650529000285], [54.052267351594715, 84.0716957327204], [45.817293185922544, 68.59632179310714], [37.859988258568585, 52.05461335567935], [29.47531571857121, 36.747857492181396], [26.15767189122807, 29.497268148327095]]}