{"harita_boyut": {"genislik": 399, "yukseklik": 349}, "baslangic": [83.46071717626161, 33.00400484457741], "hedef": [109.98832327634271, 162.0508349196774], "engeller": [["dikdortgen", 329, 103, 5, 17], ["daire", 333, 68, 13], ["dikdortgen", 269, 38, 9, 14], ["dikdortgen", 202, 139, 7, 11], ["daire", 255, 192, 7], ["daire", 367, 277, 4], ["daire", 213, 219, 4], ["dikdortgen", 8, 185, 9, 14], ["daire", 160, 198, 13], ["daire", 178, 136, 3], ["dikdortgen", 306, 302, 19, 12], ["dikdortgen", 150, 246, 9, 10], ["daire", 338, 244, 5], ["daire", 300, 37, 12], ["daire", 337, 208, 11], ["dikdortgen", 276, 92, 6, 7], ["daire", 204, 303, 15], ["daire", 187, 76, 6], ["dikdortgen", 52, 40, 15, 6], ["dikdortgen", 336, 284, 9, 15], ["daire", 275, 208, 12], ["dikdortgen", 100, 8, 18, 9], ["daire", 46, 94, 11], ["dikdortgen", 351, 291, 14, 8], ["dikdortgen", 0, 113, 5, 19], ["daire", 31, 114, 4], ["daire", 285, 216, 12], ["dikdortgen", 186, 86, 10, 14], ["daire", 268, 184, 7], ["dikdortgen", 111, 38, 10, 5], ["daire", 50, 178, 8], ["dikdortgen", 19, 244, 18, 15], ["daire", 194, 53, 6], ["dikdortgen", 361, 256, 7, 9], ["dikdortgen", 334, 87, 9, 19], ["dikdortgen", 124, 150, 18, 7], ["daire", 147, 205, 15], ["dikdortgen", 136, 205, 13, 8], ["dikdortgen", 60, 249, 20, 19], ["dikdortgen", 20, 182, 8, 5], ["daire", 342, 122, 5], ["daire", 327, 14, 12], ["daire", 138, 318, 12], ["daire", 91, 153, 9], ["daire", 70, 64, 12], ["daire", 85, 128, 6], ["dikdortgen", 168, 38, 9, 12], ["daire", 324, 97, 15], ["dikdortgen", 41, 125, 7, 12], ["daire", 192, 212, 6], ["dikdortgen", 356, 147, 13, 15], ["dikdortgen", 117, 210, 14, 5], ["daire", 329, 17, 9], ["daire", 222, 304, 15], ["daire", 234, 78, 9], ["daire", 252, 287, 9], ["dikdortgen", 115, 119, 13, 9], ["daire", 310, 77, 4], ["daire", 329, 50, 6], ["daire", 197, 271, 15], ["daire", 121, 131, 8], ["daire", 146, 275, 7], ["dikdortgen", 270, 130, 10, 17], ["daire", 144, 297, 9], ["daire", 362, 154, 6], ["daire", 31, 38, 8], ["daire", 115, 271, 9], ["daire", 290, 255, 9], ["dikdortgen", 31, 293, 8, 6]], "rrt_path": [[83.46071717626161, 33.0040048445774], [83.26570538453579, 33.49969280042284], [83.08304304624251, 33.99483849234806], [82.91273016138179, 34.48944192035305], [82.75476672995362, 34.983503084437814], [82.609152751958, 35.47702198460235], [82.47588822739495, 35.96999862084665], [82.35497315626448, 36.46243299317074], [82.24640753856653, 36.95432510157459], [82.15019137430114, 37.445674946058226], [82.0663246634683, 37.936482526621624], [81.99480740606803, 38.4267478432648], [81.93563960210032, 38.91647089598774], [81.88882125156519, 39.40565168479047], [81.85435235446256, 39.89429020967296], [81.83223291079253, 40.382386470635225], [81.82246292055503, 40.86994046767726], [81.82504238375009, 41.35695220079908], [81.8399713003777, 41.843421670000666], [81.86724967043789, 42.329348875282015], [81.90687749393061, 42.81473381664315], [81.9588547708559, 43.29957649408405], [82.02318150121373, 43.783876907604736], [82.09985768500414, 44.26763505720518], [82.1888833222271, 44.75085094288541], [82.29025841288261, 45.2335245646454], [82.40398295697068, 45.71565592248517], [82.5300569544913, 46.19724501640471], [82.66848040544448, 46.67829184640402], [82.8192533098302, 47.15879641248311], [82.98237566764851, 47.63875871464198], [83.15784747889936, 48.11817875288061], [83.34566874358276, 48.597056527199015], [83.5458394616987, 49.0753920375972], [83.75835963324721, 49.553185284075155], [83.97779112184195, 50.03015105693307], [84.19780384008881, 50.50595736701192], [84.41838882729067, 50.98060374435703], [84.63954608344758, 51.4540901889684], [84.86127560855948, 51.92641670084601], [85.0835774026264, 52.39758327998988], [85.30645146564834, 52.86758992640001], [85.5298977976253, 53.33643664007639], [85.75391639855727, 53.804123421019014], [85.97850726844426, 54.2706502692279], [86.20367040728625, 54.73601718470304], [86.42940581508327, 55.20022416744442], [86.65571349183531, 55.663271217452056], [86.88259343754238, 56.125158334725946], [87.11004565220443, 56.5858855192661], [87.33807013582151, 57.0454527710725], [87.56666688839363, 57.50386009014514], [87.79583590992075, 57.961107476484045], [88.02557720040288, 58.417194930089195], [88.25589075984004, 58.87212245096061], [88.48677658823219, 59.32589003909826], [88.71823468557938, 59.778497694502185], [88.95026505188159, 60.229945417172345], [89.18286768713881, 60.68023320710877], [89.41604259135104, 61.12936106431144], [89.64978976451829, 61.57732898878036], [89.88410920664056, 62.024136980515536], [90.11900091771784, 62.469785039516964], [90.35446489775013, 62.914273165784664], [90.59050114673745, 63.35760135931859], [90.82710966467977, 63.799769620118774], [91.06429045157714, 64.24077794818523], [91.30204350742949, 64.68062634351791], [91.54036883223687, 65.11931480611685], [91.77926642599928, 65.55684333598205], [92.01873628871668, 65.99321193311351], [92.25877850775674, 66.4284211214393], [92.49951038021874, 66.86317431081586], [92.74103699549757, 67.29810170366568], [92.98335835359322, 67.73320329998882], [93.22647445450566, 68.16847909978519], [93.47038529823494, 68.60392910305487], [93.71509088478102, 69.03955330979784], [93.96059121414393, 69.47535172001406], [94.20688628632364, 69.91132433370356], [94.4539761013202, 70.34747115086637], [94.70186065913352, 70.78379217150243], [94.9505399597637, 71.22028739561178], [95.20001400321067, 71.65695682319442], [95.45028278947447, 72.09380045425033], [95.70134631855505, 72.53081828877951], [95.95320459045249, 72.968010326782], [96.20585760516674, 73.40537656825774], [96.4593053626978, 73.84291701320677], [96.71354786304566, 74.28063166162907], [96.96858510621034, 74.71852051352467], [97.22441709219184, 75.15658356889354], [97.48104382099015, 75.59482082773567], [97.7384652926053, 76.03323229005112], [97.99668150703725, 76.47181795583982], [98.25569246428603, 76.91057782510183], [98.5154981643516, 77.34951189783709], [98.776098607234, 77.78862017404565], [99.03749379293322, 78.22790265372747], [99.29968372144923, 78.66735933688257], [99.56266839278207, 79.10699022351096], [99.82644780693171, 79.54679531361262], [100.09102196389821, 79.98677460718758], [100.35639086368147, 80.4269281042358], [100.62255450628159, 80.8672558047573], [100.8895128916985, 81.30775770875209], [101.15726601993224, 81.74843381622016], [101.4258138909828, 82.18928412716151], [101.69515650485013, 82.63030864157612], [101.9650443536583, 83.07155810243262], [102.22862449596866, 83.51442620758833], [102.48280615615586, 83.95954153491816], [102.72758933421993, 84.40690408442214], [102.96297403016085, 84.85651385610024], [103.18896024397863, 85.30837084995248], [103.40554797567324, 85.76247506597888], [103.61273722524474, 86.21882650417939], [103.81052799269308, 86.67742516455404], [103.99892027801829, 87.13827104710282], [104.17791408122034, 87.60136415182573], [104.34750940229927, 88.0667044787228], [104.50770624125502, 88.53429202779398], [104.65850459808765, 89.00412679903931], [104.79990447279714, 89.47620879245879], [104.9319058653835, 89.95053800805238], [105.05450877584668, 90.42711444582012], [105.16771320418674, 90.90593810576198], [105.27151915040363, 91.38700898787798], [105.36592661449744, 91.87032709216814], [105.45093559646803, 92.35589241863241], [105.52654609631551, 92.84370496727081], [105.59275811403987, 93.33376473808336], [105.64957164964105, 93.82607173107003], [105.69698670311912, 94.32062594623088], [105.73500327447401, 94.8174273835658], [105.7636213637058, 95.3164760430749], [105.78284097081442, 95.81777192475812], [105.7926620957999, 96.32131502861549], [105.79308473866223, 96.82710535464699], [105.78410889940142, 97.33514290285261], [105.76573457801746, 97.84542767323236], [105.73796177451037, 98.35795966578625], [105.70079048888013, 98.8727388805143], [105.65422072112676, 99.38976531741648], [105.59825247125025, 99.9090389764928], [105.53288573925056, 100.43055985774322], [105.45812052512775, 100.95432796116779], [105.3739568288818, 