{"harita_boyut": {"genislik": 384, "yukseklik": 219}, "baslangic": [23.972900228889642, 51.7581910378074], "hedef": [305.9466747491287, 184.36603316961575], "engeller": [["dikdortgen", 310, 106, 13, 8], ["daire", 257, 47, 10], ["daire", 173, 161, 12], ["dikdortgen", 146, 88, 18, 11], ["dikdortgen", 25, 123, 14, 20], ["daire", 220, 90, 3], ["daire", 280, 115, 12], ["daire", 49, 203, 10], ["daire", 55, 177, 15], ["dikdortgen", 310, 36, 5, 11], ["daire", 266, 61, 3], ["dikdortgen", 220, 125, 20, 11], ["dikdortgen", 320, 101, 8, 18], ["dikdortgen", 42, 31, 13, 9], ["dikdortgen", 254, 42, 8, 20], ["daire", 360, 41, 11], ["dikdortgen", 240, 175, 8, 20], ["daire", 328, 188, 3], ["dikdortgen", 324, 129, 16, 16], ["daire", 348, 10, 9], ["daire", 291, 83, 12], ["dikdortgen", 248, 188, 17, 5], ["dikdortgen", 314, 83, 19, 9], ["daire", 14, 10, 3], ["daire", 333, 164, 12], ["daire", 208, 155, 15], ["daire", 323, 132, 7], ["daire", 81, 133, 4], ["dikdortgen", 188, 62, 15, 9], ["dikdortgen", 177, 101, 18, 20], ["dikdortgen", 347, 146, 12, 16], ["dikdortgen", 203, 34, 20, 7], ["dikdortgen", 36, 125, 17, 20], ["daire", 103, 7, 5], ["daire", 342, 40, 7], ["dikdortgen", 77, 93, 9, 15], ["dikdortgen", 375, 154, 7, 16], ["dikdortgen", 94, 182, 16, 5], ["dikdortgen", 333, 159, 6, 11], ["dikdortgen", 191, 74, 14, 13], ["dikdortgen", 21, 182, 20, 20], ["daire", 144, 151, 13]], "rrt_path": [[23.972900228889642, 51.7581910378074], [27.092722031365163, 54.261531190642884], [44.75492499752155, 60.797776052923496], [59.00029836815222, 63.85287954355442], [71.77836275732247, 64.4119675017915], [85.67823130250989, 67.62196123555614], [95.33477257744855, 73.55298924585539], [109.8781258608671, 76.78836793377631], [121.30287180464275, 79.7613234879335], [140.8643804308426, 81.65209608236628], [157.6304831819226, 81.76043120082487], [168.26667875025393, 82.57106385666573], [181.8419893288488, 90.3500510377096], [191.75672185682956, 94.15791535562207], [205.8808958609721, 96.18189225928137], [219.6930405871563, 106.62975262029796], [224.8240607808923, 112.0918809893038], [225.85987376362576, 114.04671396777388], [236.8372467618565, 117.30851849039641], [251.6900342034484, 121.48699692871874], [261.33221015005654, 133.84142729818558], [266.58992665562505, 142.43385738971864], [272.24481263962974, 160.27738891787138], [272.67445078912255, 164.25424836478427], [283.9511533332373, 177.29066569554396], [291.55959505706096, 179.29808893669855], [305.9466747491287, 184.36603316961575]]}