{"harita_boyut": {"genislik": 213, "yukseklik": 246}, "baslangic": [199.22362977358912, 96.18751966288842], "hedef": [52.10057397585663, 59.63209573192363], "engeller": [["daire", 18, 29, 11], ["dikdortgen", 3, 180, 13, 14], ["daire", 146, 97, 10], ["dikdortgen", 56, 206, 6, 8], ["dikdortgen", 18, 170, 14, 8], ["dikdortgen", 181, 219, 13, 18], ["daire", 138, 157, 6], ["dikdortgen", 137, 110, 17, 12], ["dikdortgen", 167, 101, 7, 14], ["dikdortgen", 201, 140, 8, 9], ["dikdortgen", 177, 37, 16, 19], ["daire", 55, 199, 15], ["dikdortgen", 133, 34, 16, 9], ["dikdortgen", 149, 103, 7, 15], ["dikdortgen", 50, 205, 14, 15], ["daire", 64, 154, 3], ["dikdortgen", 112, 155, 6, 15], ["daire", 149, 65, 13], ["daire", 158, 69, 8], ["dikdortgen", 29, 86, 14, 11], ["daire", 56, 132, 10], ["daire", 112, 88, 11], ["dikdortgen", 30, 175, 5, 15], ["dikdortgen", 9, 154, 14, 15], ["daire", 75, 34, 5], ["daire", 84, 234, 4]], "rrt_path": [[199.22362977358915, 96.18751966288842], [199.14111691038974, 96.72814689281647], [199.0526161104817, 97.26458301328842], [198.95812737386495, 97.79682802430425], [198.85765070053958, 98.32488192586395], [198.75118609050546, 98.84874471796749], [198.6387335437628, 99.36841640061496], [198.52029306031147, 99.8838969738063], [198.39586464015144, 100.3951864375415], [198.26544828328275, 100.9022847918206], [198.12904398970542, 101.40519203664357], [197.98665175941946, 101.90390817201042], [197.83827159242483, 102.39843319792114], [197.68390348872154, 102.88876711437574], [197.52354744830953, 103.37490992137421], [197.3572034711889, 103.85686161891658], [197.18487155735966, 104.3346222070028], [197.0065517068217, 104.80819168563293], [196.82224391957507, 105.27757005480692], [196.63194819561986, 105.7427573145248], [196.43566453495595, 106.20375346478653], [196.23339293758335, 106.66055850559215], [196.0251334035021, 107.11317243694165], [195.81088593271224, 107.56159525883504], [195.5906505252137, 108.00582697127231], [195.36442718100648, 108.44586757425344], [195.1322159000906, 108.88171706777847], [194.8940166824661, 109.31337545184735], [194.6498295281329, 109.74084272646013], [194.3996544370911, 110.16411889161678], [194.14349140934058, 110.58320394731732], [193.88134044488143, 110.99809789356172], [193.61320154371361, 111.40880073035], [193.33907470583716, 111.81531245768217], [193.05895993125202, 112.21763307555821], [192.77285721995824, 112.61576258397812], [192.48076657195577, 113.00970098294192], [192.18268798724466, 113.3994482724496], [191.8786214658249, 113.78500445250114], [191.56856700769646, 114.16636952309659], [191.25252461285942, 114.5435434842359], [190.93049428131366, 114.91652633591909], [190.60247601305923, 115.28531807814616], [190.26846980809623, 115.64991871091709], [189.9284756664245, 116.01032823423192], [189.58249358804414, 116.36654664809063], [189.2305235729551, 116.7185739524932], [188.8725656211574, 117.06641014743967], [188.50861973265106, 117.41005523293], [188.13868590743604, 117.7495092089642], [187.7627641455124, 118.08477207554229], [187.3808544468801, 118.41584383266428], [186.9929568115391, 118.74272448033011], [186.59907123948943, 119.06541401853984], [186.19919773073116, 119.38391244729345], [185.79333628526422, 119.69821976659092], [185.38148690308861, 120.00833597643229], [184.96364958420435, 120.31426107681754], [184.53982432861142, 120.61599506774665], [184.11502610340378, 120.91728796429977], [183.6979424580381, 121.22463600879748], [183.28872766226587, 121.53815455870543], [182.887381716087, 121.8578436140236], [182.49390461950162, 122.18370317475201], [182.10829637250959, 122.51573324089063], [181.730556975111, 122.85393381243948], [181.36068642730584, 123.19830488939857], [180.998684729094, 123.54884647176789], [180.64455188047563, 123.90555855954743], [180.29828788145073, 124.26844115273721], [179.95989273201917, 124.63749425133724], [179.62936643218103, 125.01271785534747], [179.30670898193634, 125.39411196476797], [178.99192038128507, 125.7816765795987], [178.6850006302272, 126.17541169983966], [178.38594972876274, 126.57531732549084], [178.09476767689165, 126.98139345655223], [177.81145447461404, 127.39364009302386], [177.5360101219298, 127.81205723490572], [177.26843461883897, 128.23664488219782], [177.00872796534156, 128.66740303490016], [176.75689016143758, 129.10433169301274], [176.512921207127, 129.54743085653553], [176.27682110240983, 129.99670052546855], [176.0468504127201, 130.4505869713573], [175.8091391393153, 130.89670098903568], [175.5606900082505, 131.33236530055066], [175.30150301952565, 131.75757990590225], [175.03157817314084, 132.17234480509046], [174.750915469096, 132.57665999811525], [174.45951490739108, 132.9705254849766], [174.1573764880262, 133.35394126567456], [173.84450021100128, 133.7269073402091], [173.52088607631637, 134.08942370858028], [173.18653408397134, 134.441490370788], [172.8414442339664, 134.78310732683232], [172.48561652630144, 135.11427457671326], [172.11905096097638, 135.43499212043073], [171.74174753799133, 135.74525995798487], [171.35370625734635, 136.04507808937558], [170.95492711904126, 136.3344465146029], [170.54541012307618, 136.61336523366677], [170.12515526945106, 136.88183424656722], [169.69416255816589, 137.1398535533043], [169.25243198922078, 137.387423153878], [168.7999635626156, 137.62454304828822], [168.33675727835046, 137.85121323653507], [167.86281313642522, 138.0674337186185], [167.37813113684, 138.27320449453853], [166.88343621826002, 138.4690468254011], [166.38647113746575, 138.66052807594414], [165.8893278262592, 138.8491524322967], [165.39200628464033, 139.0349198944587], [164.8945065126091, 139.2178304624301], [164.3968285101656, 139.39788413621102], [163.89897227730972, 139.57508091580132], [163.40093781404158, 139.74942080120113], [162.90272512036108, 139.92090379241031], [162.40433419626828, 140.08952988942897], [161.90576504176315, 140.2552990922571], [161.40701765684568, 140.41821140089468], [160.90809204151594, 140.57826681534166], [160.40898819577382, 140.73546533559812], [159.90970611961941, 140.88980696166402], [159.4102458130527, 141.04129169353936], [158.91060727607362, 141.18991953122418], [158.41079050868234, 141.33569047471843], [157.9107955108786, 141.4786045240221], [157.4106222826626, 141.61866167913524], [156.91027082403428, 141.75586194005783], [156.4097411349936, 141.89020530678985], [155.90903321554066, 142.02169177933132], [155.40814706567537, 142.15032135768226], [154.90708268539777, 142.2760940418426], [154.40584007470787, 142.39900983181244], [153.9044192336056, 142.51906872759173], [153.40282016209105, 142.6362707291804], [152.90104286016413, 142.75061583657853], [152.39908732782496, 142.86210404978618], [151.8969535650734, 142.97073536880322], [151.39464157190955, 143.0765097936297], [150.89215134833339, 143.17942732426565], [150.3894828943449, 143.27948796071104], [149.88663620994413, 143.3766917029659], [149.38361129513095, 143.47103855103015], [148.88040814990555, 143.5625285049039], [148.37702677426773, 143.65116156458703], [147.8734671682177, 143.73693773007966], [147.36979185233233, 143.81946077384274], [146.8667248751468, 143.89414199912005], [146.36447298923827, 143.95967110027], [145.86303619460674, 144.01604807729254], [145.36241449125217, 144.06327293018765], [144.8626078791746, 144.1013456589554], [144.36361635837406, 144.1302662635958], [143.86543992885052, 144.15003474410878], [143.36807859060394, 144.16065110049428], [142.87153234363439, 144.16211533275248], [142.37580118794182, 144.15442744088327], [141.88088512352627, 144.13758742488668], [141.3867841503877, 144.1115952847627], [140.89349826852614, 144.07645102051134], [140.40102747794157, 144.03215463213255], [139.909371778634, 143.9787061196264], [139.41853117060342, 143.9161054829928], [138.9285056538498, 143.84435272223186], [138.43929522837325, 143.7634478373435], [137.9508998941737, 143.6733908283278], [137.46331965125108, 143.57418169518465], [136.97655449960553, 143.46582043791415], [136.49060443923693, 143.34830705651626], 