{"harita_boyut": {"genislik": 444, "yukseklik": 251}, "baslangic": [7.65593388504414, 13.61959519124732], "hedef": [208.1437815650366, 94.50048397135377], "engeller": [["dikdortgen", 299, 43, 10, 17], ["dikdortgen", 71, 170, 15, 14], ["dikdortgen", 262, 175, 15, 9], ["daire", 238, 215, 6], ["daire", 298, 193, 7], ["daire", 349, 188, 4], ["daire", 25, 230, 3], ["dikdortgen", 344, 69, 9, 10], ["dikdortgen", 262, 111, 10, 18], ["daire", 348, 231, 15], ["daire", 344, 210, 14], ["daire", 394, 35, 8], ["daire", 147, 85, 15], ["daire", 367, 154, 6], ["dikdortgen", 180, 106, 9, 12], ["daire", 231, 140, 11], ["dikdortgen", 130, 68, 12, 8], ["daire", 81, 38, 11], ["daire", 369, 29, 7], ["dikdortgen", 321, 71, 18, 10], ["dikdortgen", 360, 167, 6, 14], ["dikdortgen", 88, 168, 5, 20], ["dikdortgen", 404, 80, 8, 10], ["dikdortgen", 26, 189, 10, 10], ["daire", 17, 152, 6], ["dikdortgen", 146, 60, 17, 19], ["dikdortgen", 407, 172, 10, 7], ["daire", 120, 126, 12], ["daire", 285, 226, 5], ["dikdortgen", 29, 45, 7, 16], ["dikdortgen", 341, 211, 9, 17], ["daire", 98, 91, 11], ["daire", 239, 91, 5], ["daire", 428, 177, 9], ["dikdortgen", 326, 49, 7, 13], ["dikdortgen", 30, 12, 8, 12], ["daire", 167, 79, 11], ["daire", 141, 222, 11], ["dikdortgen", 215, 5, 5, 11], ["dikdortgen", 256, 188, 14, 8], ["dikdortgen", 115, 75, 19, 8], ["dikdortgen", 187, 158, 6, 5], ["daire", 236, 239, 4], ["daire", 263, 123, 5], ["daire", 373, 172, 3], ["daire", 84, 212, 10], ["daire", 351, 31, 7], ["daire", 21, 202, 13], ["dikdortgen", 328, 40, 5, 10], ["dikdortgen", 409, 205, 10, 10], ["dikdortgen", 310, 70, 13, 17], ["dikdortgen", 117, 169, 5, 5], ["daire", 180, 34, 13], ["daire", 311, 137, 4], ["dikdortgen", 6, 81, 19, 7]], "rrt_path": [[7.65593388504414, 13.61959519124732], [15.086952265523827, 21.043752106190173], [24.667592165399682, 30.098073365801927], [38.27091233849518, 39.98281620753767], [42.269146404823, 39.86397029529953], [55.63904020773926, 49.72804140756794], [54.51382001416369, 67.545785058354], [51.47159329666234, 87.01970918096458], [48.70344509483825, 106.34526231591981], [53.125908923497846, 123.9923559405339], [56.17161866388979, 130.0999524726959], [62.32123378028475, 141.8909807800615], [74.61765616753027, 152.7758091711097], [78.31764929140982, 154.2956943257329], [96.7889547295613, 158.9886724668666], [104.50244346420385, 161.10333565762377], [103.55138513178066, 158.69073913208194], [119.57391764819026, 153.81119839318552], [133.03662280553203, 140.5317475908129], [135.89292237443215, 137.73147032370147], [148.40441509331941, 122.18690059377816], [155.55303729060762, 116.36038545875877], [170.30519776519162, 103.67938944367737], [182.55636198860498, 96.63546457976454], [194.16253150627125, 95.19147858180035], [208.1437815650366, 94.50048397135377]]}