{"harita_boyut": {"genislik": 472, "yukseklik": 486}, "baslangic": [245.64784139038812, 217.49382282863812], "hedef": [287.45059698507697, 334.1413269909747], "engeller": [["daire", 408, 327, 8], ["dikdortgen", 334, 7, 14, 16], ["daire", 164, 424, 6], ["daire", 362, 255, 11], ["daire", 134, 462, 15], ["daire", 104, 165, 8], ["daire", 255, 6, 4], ["dikdortgen", 263, 454, 14, 8], ["daire", 257, 19, 7], ["daire", 203, 255, 8], ["dikdortgen", 257, 131, 6, 6], ["daire", 231, 177, 3], ["dikdortgen", 190, 213, 9, 20], ["daire", 54, 99, 9], ["daire", 137, 424, 11], ["daire", 271, 116, 10], ["dikdortgen", 72, 218, 9, 14], ["dikdortgen", 249, 402, 5, 16], ["dikdortgen", 353, 340, 15, 8], ["dikdortgen", 232, 407, 10, 6], ["daire", 204, 284, 8], ["daire", 174, 473, 11], ["daire", 145, 266, 9], ["dikdortgen", 73, 413, 19, 13], ["daire", 344, 162, 5], ["dikdortgen", 195, 80, 13, 11], ["daire", 174, 14, 13], ["daire", 459, 312, 6], ["daire", 333, 307, 5], ["dikdortgen", 169, 379, 6, 20], ["dikdortgen", 285, 282, 7, 20], ["daire", 199, 410, 5], ["daire", 334, 159, 10], ["dikdortgen", 30, 308, 11, 9], ["daire", 339, 183, 14], ["dikdortgen", 181, 179, 11, 13], ["daire", 175, 226, 7], ["daire", 294, 286, 14], ["daire", 107, 157, 12], ["dikdortgen", 303, 404, 12, 16], ["dikdortgen", 179, 154, 11, 8], ["daire", 48, 196, 4], ["dikdortgen", 360, 169, 9, 15], ["dikdortgen", 37, 273, 20, 11], ["dikdortgen", 430, 288, 12, 20], ["daire", 437, 76, 4], ["daire", 126, 467, 11], ["dikdortgen", 370, 375, 10, 17], ["dikdortgen", 41, 445, 10, 9], ["dikdortgen", 183, 192, 12, 16], ["dikdortgen", 439, 394, 11, 6], ["daire", 171, 178, 10], ["daire", 432, 127, 3], ["dikdortgen", 118, 221, 13, 5], ["daire", 152, 348, 10], ["daire", 306, 479, 7], ["daire", 82, 243, 10], ["daire", 267, 234, 8], ["dikdortgen", 411, 466, 19, 19], ["dikdortgen", 0, 439, 20, 10], ["dikdortgen", 460, 462, 8, 17], ["daire", 203, 274, 5], ["daire", 189, 147, 6], ["daire", 151, 240, 14], ["daire", 330, 268, 10], ["daire", 344, 233, 11], ["daire", 27, 463, 8], ["dikdortgen", 275, 353, 12, 16], ["dikdortgen", 20, 441, 16, 5], ["daire", 247, 360, 6], ["daire", 149, 329, 15], ["dikdortgen", 177, 21, 6, 19], ["daire", 398, 341, 13], ["dikdortgen", 125, 422, 8, 9], ["daire", 406, 285, 10], ["dikdortgen", 46, 386, 6, 11], ["daire", 324, 202, 11], ["dikdortgen", 230, 204, 7, 20], ["daire", 160, 415, 3], ["dikdortgen", 137, 362, 17, 16], ["daire", 338, 432, 11], ["dikdortgen", 240, 294, 16, 17], ["dikdortgen", 112, 233, 16, 10], ["dikdortgen", 456, 393, 12, 17], ["dikdortgen", 329, 125, 13, 14], ["dikdortgen", 287, 97, 7, 15], ["daire", 45, 256, 12], ["daire", 128, 231, 4], ["dikdortgen", 237, 29, 15, 16], ["daire", 433, 148, 3], ["daire", 461, 373, 8], ["daire", 142, 185, 9], ["daire", 192, 329, 10], ["daire", 302, 407, 7], ["dikdortgen", 282, 47, 17, 19], ["daire", 37, 156, 10], ["daire", 236, 432, 6], ["dikdortgen", 352, 286, 19, 18], ["dikdortgen", 143, 355, 20, 14], ["dikdortgen", 334, 143, 12, 17], ["dikdortgen", 321, 239, 16, 13], ["dikdortgen", 275, 438, 7, 8], ["daire", 144, 451, 4], ["daire", 366, 170, 4], ["dikdortgen", 445, 344, 8, 17], ["daire", 167, 308, 13], ["daire", 157, 392, 14], ["dikdortgen", 37, 262, 5, 5], ["daire", 103, 369, 9], ["daire", 318, 200, 12], ["dikdortgen", 176, 386, 10, 20], ["daire", 159, 399, 12], ["dikdortgen", 267, 178, 8, 16], ["dikdortgen", 55, 334, 11, 6]], "rrt_path": [[245.64784139038812, 217.49382282863812], [263.2476748194833, 209.270055036621], [280.17150326465594, 200.0868805736862], [284.78347342852004, 189.39895002239737], [286.94875024070296, 191.64738162801575], [291.0592705562974, 198.28622278275694], [299.04767019182214, 210.16843775721216], [304.14873035485584, 226.29785890720788], [307.09602789963634, 243.82144731236824], [311.71633282451353, 263.22613955361345], [311.93857833236876, 267.219960648034], [313.99778176901145, 285.1690795701872], [311.70726165609886, 294.57544499004706], [303.49046261194405, 307.9017524719646], [294.68814730049087, 321.9972390315757], [287.45059698507697, 334.1413269909747]]}