{"harita_boyut": {"genislik": 347, "yukseklik": 462}, "baslangic": [197.7723243161226, 120.8073897193483], "hedef": [127.80727505561022, 249.8134064684987], "engeller": [["dikdortgen", 18, 91, 17, 12], ["daire", 246, 350, 5], ["dikdortgen", 153, 221, 14, 17], ["dikdortgen", 196, 191, 18, 15], ["daire", 196, 254, 15], ["daire", 90, 288, 9], ["daire", 267, 401, 7], ["daire", 60, 192, 15], ["dikdortgen", 43, 431, 17, 9], ["dikdortgen", 78, 41, 8, 19], ["daire", 196, 67, 5], ["dikdortgen", 151, 344, 20, 11], ["daire", 124, 44, 4], ["daire", 75, 233, 9], ["dikdortgen", 171, 179, 6, 7], ["dikdortgen", 202, 204, 10, 14], ["dikdortgen", 294, 66, 17, 12], ["daire", 23, 199, 7], ["dikdortgen", 168, 325, 14, 14], ["dikdortgen", 131, 162, 14, 15], ["daire", 299, 348, 6], ["daire", 260, 267, 8], ["daire", 179, 282, 7], ["dikdortgen", 72, 388, 20, 5], ["dikdortgen", 184, 57, 5, 19], ["dikdortgen", 290, 162, 9, 11], ["daire", 340, 38, 6], ["daire", 134, 188, 5], ["dikdortgen", 122, 263, 20, 13], ["daire", 278, 226, 12], ["daire", 253, 13, 6], ["daire", 242, 101, 15], ["daire", 208, 299, 11], ["dikdortgen", 162, 342, 15, 9], ["daire", 298, 322, 3], ["dikdortgen", 78, 364, 12, 11], ["dikdortgen", 270, 268, 17, 6], ["dikdortgen", 80, 164, 9, 10], ["dikdortgen", 194, 186, 15, 19], ["daire", 311, 53, 11], ["dikdortgen", 142, 370, 6, 17], ["dikdortgen", 88, 39, 12, 19], ["dikdortgen", 38, 289, 11, 7], ["dikdortgen", 341, 185, 6, 6], ["daire", 40, 31, 14], ["daire", 324, 39, 7], ["daire", 324, 412, 12], ["daire", 270, 94, 11], ["daire", 326, 77, 13], ["daire", 113, 290, 3], ["dikdortgen", 92, 276, 16, 8], ["dikdortgen", 327, 252, 15, 18], ["dikdortgen", 175, 380, 16, 20], ["dikdortgen", 253, 36, 12, 17], ["dikdortgen", 276, 136, 5, 19], ["daire", 65, 252, 4], ["daire", 253, 342, 15], ["dikdortgen", 72, 24, 16, 9], ["dikdortgen", 272, 53, 14, 12], ["dikdortgen", 229, 3, 11, 8], ["dikdortgen", 210, 258, 5, 10], ["dikdortgen", 225, 49, 7, 20], ["daire", 126, 278, 4], ["dikdortgen", 315, 227, 9, 11], ["daire", 253, 207, 4], ["dikdortgen", 251, 209, 14, 16], ["dikdortgen", 66, 382, 17, 18], ["daire", 311, 78, 9], ["daire", 87, 196, 5], ["dikdortgen", 134, 255, 17, 12], ["dikdortgen", 183, 340, 10, 19], ["daire", 342, 322, 5], ["daire", 129, 169, 9], ["dikdortgen", 163, 27, 9, 12], ["daire", 104, 168, 10], ["dikdortgen", 39, 236, 5, 8], ["dikdortgen", 137, 367, 16, 10], ["daire", 11, 422, 7], ["dikdortgen", 148, 150, 10, 7], ["daire", 112, 241, 5]], "rrt_path": [[197.7723243161226, 120.8073897193483], [198.04497953043236, 135.11718821175026], [198.36981454504757, 146.05685260798168], [193.69292522712058, 162.2196640987086], [188.1347767568448, 174.9911720420446], [185.65187842133793, 181.43769666787887], [182.1788842560354, 194.4578160783793], [173.23013401145107, 206.45662738194073], [155.7852008025783, 214.15880008952928], [147.81783283478634, 214.75884872215244], [145.89081747825384, 214.10666310360986], [140.9496899269902, 230.05380063735413], [129.2757413378014, 246.09270669855385], [127.80727505561022, 249.8134064684987]]}