{"harita_boyut": {"genislik": 460, "yukseklik": 424}, "baslangic": [277.9620845745625, 108.2270967678789], "hedef": [66.3518868265867, 378.275034354679], "engeller": [["dikdortgen", 406, 123, 12, 11], ["dikdortgen", 86, 346, 5, 15], ["daire", 233, 78, 12], ["daire", 358, 322, 7], ["dikdortgen", 211, 131, 19, 14], ["dikdortgen", 201, 273, 17, 15], ["dikdortgen", 158, 101, 5, 15], ["daire", 45, 272, 15], ["daire", 265, 118, 8], ["dikdortgen", 396, 2, 6, 9], ["daire", 358, 226, 3], ["daire", 182, 71, 14], ["daire", 429, 178, 12], ["daire", 134, 60, 11], ["dikdortgen", 137, 73, 20, 20], ["daire", 377, 319, 8], ["dikdortgen", 245, 31, 19, 10], ["dikdortgen", 410, 159, 18, 5], ["dikdortgen", 420, 89, 15, 8], ["dikdortgen", 324, 303, 16, 12], ["dikdortgen", 374, 381, 11, 8], ["daire", 151, 50, 4], ["dikdortgen", 333, 303, 8, 11], ["daire", 43, 348, 11], ["daire", 33, 344, 10], ["dikdortgen", 100, 43, 15, 14], ["daire", 226, 197, 10], ["daire", 185, 135, 10], ["daire", 132, 168, 4], ["dikdortgen", 28, 388, 10, 7], ["dikdortgen", 117, 20, 9, 10], ["daire", 126, 405, 8], ["dikdortgen", 76, 192, 8, 8], ["dikdortgen", 320, 65, 15, 5], ["dikdortgen", 315, 267, 15, 7], ["daire", 406, 202, 11], ["dikdortgen", 402, 319, 14, 14], ["daire", 36, 200, 6], ["dikdortgen", 330, 6, 12, 15], ["daire", 230, 218, 12], ["daire", 192, 252, 14], ["daire", 137, 380, 4], ["dikdortgen", 449, 238, 10, 10], ["dikdortgen", 220, 10, 11, 7], ["daire", 354, 311, 10], ["dikdortgen", 134, 351, 20, 19], ["dikdortgen", 40, 406, 10, 7], ["dikdortgen", 410, 272, 15, 5], ["dikdortgen", 367, 84, 11, 16], ["dikdortgen", 357, 111, 16, 12], ["daire", 339, 105, 8], ["dikdortgen", 209, 11, 12, 12], ["dikdortgen", 344, 381, 19, 8], ["dikdortgen", 298, 246, 10, 17], ["daire", 96, 241, 10], ["daire", 416, 361, 12], ["daire", 23, 413, 10], ["daire", 75, 211, 6], ["dikdortgen", 414, 28, 13, 9], ["dikdortgen", 351, 364, 7, 9], ["daire", 177, 225, 15], ["daire", 333, 368, 6], ["daire", 92, 386, 14], ["dikdortgen", 74, 190, 18, 11], ["daire", 213, 214, 6], ["daire", 15, 290, 6], ["daire", 151, 292, 4], ["dikdortgen", 309, 153, 18, 18], ["daire", 436, 211, 11], ["dikdortgen", 300, 154, 14, 16], ["daire", 195, 183, 10], ["dikdortgen", 53, 22, 12, 16], ["dikdortgen", 354, 256, 14, 9], ["daire", 308, 99, 10], ["dikdortgen", 426, 66, 12, 12], ["dikdortgen", 173, 358, 15, 16], ["daire", 11, 245, 6], ["daire", 96, 355, 10], ["daire", 365, 226, 7], ["daire", 71, 398, 5], ["dikdortgen", 45, 110, 19, 19], ["dikdortgen", 135, 376, 11, 7], ["dikdortgen", 193, 385, 11, 12], ["daire", 66, 153, 6], ["dikdortgen", 352, 80, 6, 13], ["dikdortgen", 81, 34, 15, 5], ["daire", 163, 173, 5], ["dikdortgen", 288, 374, 18, 18], ["dikdortgen", 292, 45, 16, 10], ["dikdortgen", 189, 103, 19, 11], ["dikdortgen", 272, 291, 19, 9], ["daire", 224, 253, 10], ["dikdortgen", 195, 320, 8, 9], ["daire", 420, 292, 6], ["daire", 61, 87, 14], ["dikdortgen", 168, 167, 5, 8], ["daire", 296, 275, 8]], "rrt_path": [[277.9620845745625, 108.2270967678789], [279.1605417087212, 126.36206412508591], [280.07612496450224, 132.56115643083172], [278.87964472335346, 151.0456279565252], [274.394324850873, 168.51184459234491], [273.7394286261631, 187.87708647583253], [279.26170830428924, 201.45201106908146], [288.6427438965872, 218.571761825818], [289.74236605345556, 222.41764678407196], [287.2813972126463, 224.1909392526856], [284.90148542543955, 238.20848895627844], [281.1610743796937, 247.99450570970504], [269.7835689138871, 259.484415280912], [260.49942967199814, 272.93148388675826], [252.80740283165562, 279.0513665022656], [240.9019256286916, 287.6107221298509], [234.62082047601783, 292.1224740986816], [215.54928582642538, 293.8623708886338], [200.1638612498758, 296.31378632336265], [194.25200534113338, 297.6549195643534], [177.66120909332102, 299.7461369942072], [166.5710912926085, 302.91842223473236], [148.78924961630932, 302.9188264168579], [134.36070746158717, 302.29319945279985], [118.58103337408923, 302.51082573935525], [104.30773446314764, 310.8194609293023], [94.637558377956, 317.45742086160595], [84.32756667341619, 331.62596206560045], [80.90821969866826, 340.8315314396539], [77.63597909905283, 350.72947166601136], [73.05596513709932, 367.30833948077884], [66.3518868265867, 378.275034354679]]}