{"harita_boyut": {"genislik": 391, "yukseklik": 280}, "baslangic": [149.8018435719929, 78.16269602413087], "hedef": [277.79054001598746, 15.864729109869389], "engeller": [["daire", 225, 51, 10], ["dikdortgen", 15, 227, 11, 12], ["daire", 29, 162, 4], ["dikdortgen", 369, 209, 8, 10], ["dikdortgen", 108, 162, 9, 16], ["daire", 14, 11, 9], ["daire", 307, 99, 4], ["dikdortgen", 120, 166, 13, 17], ["daire", 249, 154, 9], ["daire", 247, 259, 13], ["daire", 102, 11, 6], ["dikdortgen", 69, 59, 15, 6], ["daire", 74, 156, 3], ["daire", 103, 188, 12], ["dikdortgen", 227, 25, 9, 15], ["daire", 230, 161, 13], ["daire", 73, 129, 9], ["dikdortgen", 19, 130, 7, 13], ["daire", 101, 85, 10], ["daire", 273, 161, 8], ["daire", 324, 241, 10], ["dikdortgen", 63, 64, 10, 17], ["dikdortgen", 9, 49, 18, 6], ["daire", 16, 223, 10], ["dikdortgen", 217, 71, 14, 19], ["daire", 316, 82, 6], ["daire", 334, 93, 5], ["dikdortgen", 359, 233, 15, 14], ["dikdortgen", 200, 39, 20, 11], ["dikdortgen", 362, 261, 20, 17], ["dikdortgen", 265, 40, 8, 11], ["daire", 370, 96, 11], ["dikdortgen", 351, 62, 6, 6], ["dikdortgen", 251, 137, 5, 7], ["daire", 239, 253, 15], ["dikdortgen", 329, 186, 16, 18], ["daire", 262, 271, 3], ["daire", 171, 179, 10], ["daire", 227, 169, 14], ["dikdortgen", 315, 236, 15, 20], ["daire", 33, 195, 7], ["daire", 111, 186, 5], ["daire", 288, 33, 6], ["daire", 298, 152, 6], ["dikdortgen", 166, 18, 8, 9], ["dikdortgen", 219, 214, 18, 6], ["daire", 208, 165, 8], ["dikdortgen", 153, 251, 5, 19], ["dikdortgen", 243, 254, 11, 19], ["dikdortgen", 314, 174, 18, 17], ["dikdortgen", 248, 101, 8, 7], ["daire", 235, 224, 3], ["dikdortgen", 373, 164, 15, 17], ["dikdortgen", 59, 65, 7, 7]], "rrt_path": [[149.8018435719929, 78.16269602413087], [164.36038135813598, 90.06609596659507], [179.9938935844042, 101.74527448954042], [194.88477548708482, 109.74595830157917], [210.05555592535262, 116.86819328873445], [213.82421028592537, 118.20880669704276], [213.87405222046067, 117.23026648791523], [218.4324645211427, 112.91755788694368], [229.32317154638176, 101.5978215683146], [238.22921498170942, 93.7592730656254], [247.54888049715714, 76.10376227959846], [246.82938108438535, 72.16900426988286], [248.6909414919603, 53.93442576162314], [253.28644646790931, 41.521427646440074], [257.3648656202537, 35.31247720079717], [268.61959199332773, 32.673348380227665], [277.79054001598746, 15.864729109869389]]}