{"harita_boyut": {"genislik": 431, "yukseklik": 372}, "baslangic": [99.47354585970814, 215.71046953798717], "hedef": [349.7402111329196, 40.65317662255186], "engeller": [["dikdortgen", 197, 81, 10, 9], ["daire", 133, 126, 8], ["dikdortgen", 385, 29, 8, 9], ["dikdortgen", 63, 69, 19, 10], ["dikdortgen", 7, 159, 6, 8], ["dikdortgen", 340, 168, 16, 18], ["daire", 328, 311, 12], ["daire", 111, 166, 15], ["daire", 397, 218, 12], ["dikdortgen", 42, 186, 18, 18], ["daire", 68, 109, 9], ["daire", 392, 65, 3], ["daire", 302, 111, 4], ["dikdortgen", 375, 81, 18, 14], ["dikdortgen", 98, 349, 19, 13], ["dikdortgen", 206, 271, 6, 8], ["daire", 118, 267, 10], ["dikdortgen", 274, 330, 12, 17], ["daire", 72, 134, 9], ["daire", 224, 202, 15], ["daire", 124, 335, 8], ["daire", 91, 71, 12], ["dikdortgen", 406, 140, 13, 7], ["dikdortgen", 258, 321, 14, 9], ["dikdortgen", 333, 233, 20, 19], ["dikdortgen", 242, 107, 10, 11], ["daire", 280, 256, 10], ["daire", 177, 295, 15], ["dikdortgen", 386, 138, 13, 11], ["dikdortgen", 341, 67, 5, 13], ["dikdortgen", 352, 73, 8, 8], ["daire", 329, 318, 5], ["daire", 208, 238, 9], ["dikdortgen", 168, 49, 19, 10], ["dikdortgen", 175, 151, 14, 14], ["dikdortgen", 185, 349, 12, 20], ["daire", 102, 271, 8], ["daire", 336, 114, 14], ["dikdortgen", 69, 268, 15, 18], ["daire", 90, 283, 11], ["daire", 81, 209, 6], ["daire", 334, 36, 7], ["dikdortgen", 307, 38, 12, 16], ["dikdortgen", 338, 249, 20, 20], ["daire", 246, 38, 14], ["dikdortgen", 56, 65, 11, 16], ["daire", 374, 83, 6], ["daire", 52, 353, 13], ["daire", 222, 30, 3], ["daire", 102, 83, 5], ["dikdortgen", 380, 167, 8, 13], ["daire", 220, 184, 8], ["daire", 375, 28, 4], ["daire", 421, 50, 9], ["dikdortgen", 277, 144, 18, 8], ["daire", 365, 330, 14], ["daire", 82, 288, 8], ["daire", 83, 341, 15], ["dikdortgen", 65, 229, 6, 7], ["daire", 77, 158, 6], ["dikdortgen", 362, 52, 17, 9], ["dikdortgen", 121, 209, 5, 13], ["daire", 109, 107, 12], ["dikdortgen", 332, 250, 14, 8], ["daire", 197, 37, 14], ["daire", 175, 178, 15], ["daire", 24, 225, 5], ["dikdortgen", 153, 352, 5, 17], ["dikdortgen", 340, 210, 17, 18], ["daire", 401, 151, 10], ["dikdortgen", 285, 342, 19, 17], ["dikdortgen", 382, 36, 16, 15], ["dikdortgen", 222, 188, 6, 11], ["daire", 149, 288, 7], ["dikdortgen", 349, 93, 16, 6], ["daire", 207, 304, 8], ["daire", 280, 326, 12], ["daire", 23, 180, 6], ["dikdortgen", 391, 224, 20, 14], ["dikdortgen", 155, 243, 6, 16]], "rrt_path": [[99.47354585970814, 215.71046953798717], [114.99360594836308, 226.66774889569805], [119.69352021758769, 231.6308747867497], [135.7177200334887, 240.16864070049277], [142.40523039737513, 243.28967910439968], [142.95421902491069, 239.60492779920196], [152.19496886997698, 227.63991726271408], [164.55863855231453, 215.21474535178416], [167.60798670563065, 212.6260244630309], [179.6249706503515, 199.3969105195897], [192.51066266225956, 190.2205976510738], [206.43852623117002, 177.25842172473364], [212.011268721166, 172.1321704143085], [219.2632590792549, 155.81489314284468], [221.01125130972358, 148.55952789897106], [224.77617530500828, 131.79162064948585], [226.40483886704243, 120.89564608972039], [234.23903145830872, 103.81249458138748], [245.84102115064408, 94.7733964787554], [264.3758788848561, 90.06755670696717], [275.35308264849084, 83.73361482981883], [293.4459699750293, 76.20525907509476], [305.201354723731, 70.34711665345857], [320.2801813915586, 61.78393543636015], [336.0008478546626, 50.985205619137226], [349.7402111329196, 40.65317662255186]]}