{"harita_boyut": {"genislik": 344, "yukseklik": 278}, "baslangic": [32.7925583382202, 270.468174380263], "hedef": [245.5611877703227, 166.51444143500714], "engeller": [["daire", 286, 107, 6], ["daire", 90, 141, 5], ["dikdortgen", 3, 186, 14, 7], ["daire", 203, 20, 7], ["daire", 173, 136, 10], ["dikdortgen", 198, 80, 16, 16], ["daire", 194, 103, 7], ["dikdortgen", 264, 17, 18, 18], ["dikdortgen", 161, 7, 11, 6], ["daire", 138, 14, 9], ["daire", 203, 259, 15], ["dikdortgen", 285, 89, 15, 18], ["daire", 127, 188, 5], ["daire", 237, 242, 14], ["dikdortgen", 150, 176, 19, 15], ["dikdortgen", 187, 264, 5, 12], ["daire", 319, 121, 12], ["daire", 279, 206, 13], ["daire", 319, 256, 9], ["dikdortgen", 326, 208, 6, 16], ["dikdortgen", 300, 58, 7, 15], ["dikdortgen", 237, 100, 8, 8], ["dikdortgen", 106, 18, 16, 15], ["dikdortgen", 113, 82, 17, 16], ["daire", 278, 263, 13], ["daire", 48, 257, 15], ["dikdortgen", 123, 180, 6, 15], ["daire", 131, 130, 13], ["daire", 103, 114, 3], ["dikdortgen", 149, 64, 10, 11], ["daire", 53, 232, 5], ["dikdortgen", 264, 68, 18, 13], ["daire", 134, 256, 3], ["daire", 271, 127, 10], ["daire", 77, 22, 11], ["daire", 88, 146, 10], ["dikdortgen", 207, 112, 6, 18], ["daire", 311, 23, 14], ["dikdortgen", 155, 27, 11, 14], ["dikdortgen", 96, 18, 17, 11], ["dikdortgen", 292, 236, 16, 10], ["daire", 66, 227, 8], ["dikdortgen", 205, 263, 18, 11], ["daire", 265, 45, 6], ["daire", 65, 262, 9], ["daire", 50, 218, 7], ["daire", 319, 194, 12]], "rrt_path": [[32.7925583382202, 270.468174380263], [25.02972221498945, 261.12079973327144], [28.210929068974792, 243.8460236116605], [31.271524027000797, 226.24142764350262], [28.92665477024109, 223.00081224381336], [33.52815975652539, 205.69297023972769], [44.13161850437153, 192.6251412840027], [59.9852432023944, 182.358256487185], [78.0088563080909, 175.69633302672628], [90.86624006451498, 169.81672899220925], [102.11063218573683, 168.1445421747326], [121.36441079946228, 165.97992508001536], [123.14731411271138, 168.481210636304], [136.73345861388097, 163.6154280301716], [143.89282937586992, 161.09818952565394], [161.42989906117273, 159.14894173053517], [165.20668102725946, 160.46648413237355], [181.08157498857463, 166.89782262727135], [189.66679302217636, 165.40366388743965], [207.47252360062515, 157.93478287140042], [226.899837550678, 161.53122567604498], [245.5611877703227, 166.51444143500714]]}