{"harita_boyut": {"genislik": 281, "yukseklik": 126}, "baslangic": [206.33160376726207, 63.85569241547052], "hedef": [10.686738697549227, 51.40898480106252], "engeller": [["daire", 79, 81, 3], ["daire", 113, 109, 14], ["daire", 118, 39, 11], ["daire", 55, 86, 7], ["daire", 145, 13, 4], ["dikdortgen", 165, 31, 13, 17], ["dikdortgen", 86, 44, 7, 18], ["dikdortgen", 35, 65, 5, 16], ["dikdortgen", 170, 115, 12, 9], ["dikdortgen", 204, 82, 14, 11], ["dikdortgen", 142, 32, 14, 19], ["daire", 44, 93, 8], ["daire", 129, 82, 14], ["daire", 96, 56, 14], ["dikdortgen", 131, 12, 13, 10], ["daire", 81, 66, 3], ["daire", 45, 37, 13]], "rrt_path": [[206.33160376726207, 63.85569241547052], [188.07670104369495, 62.36348566540307], [180.50226498629948, 62.70248995815659], [161.69840340242555, 61.36974005973049], [152.89569932165494, 61.874307670306685], [142.1884893956727, 61.17451034171631], [125.25293686591549, 60.57466063676], [110.54855777867027, 72.361329222668], [102.72836227941741, 80.85429472031554], [105.74768184783439, 80.61931000598534], [97.02503423188901, 87.52658849915768], [77.65717371097186, 89.64487509778868], [71.12084723175579, 85.50320281528934], [67.90652599396917, 77.8393745418155], [59.09979063581079, 61.71981882077741], [45.780595798770605, 59.05577671236858], [38.11948319541802, 58.11750832594716], [22.420762425277655, 52.61529095378447], [10.686738697549227, 51.40898480106252]]}