{"harita_boyut": {"genislik": 446, "yukseklik": 104}, "baslangic": [205.19168696194873, 49.957651799100624], "hedef": [32.94547529367038, 38.9796143800378], "engeller": [["daire", 257, 91, 4], ["dikdortgen", 198, 22, 6, 14], ["dikdortgen", 262, 13, 18, 20], ["daire", 377, 41, 13], ["dikdortgen", 241, 27, 15, 20], ["daire", 397, 44, 11], ["daire", 193, 14, 10], ["dikdortgen", 10, 43, 8, 12], ["dikdortgen", 278, 43, 8, 20], ["dikdortgen", 337, 82, 19, 20], ["dikdortgen", 173, 65, 8, 9], ["dikdortgen", 90, 18, 10, 12], ["dikdortgen", 365, 38, 9, 18], ["dikdortgen", 188, 25, 18, 13], ["daire", 366, 83, 14], ["daire", 287, 81, 12], ["dikdortgen", 69, 28, 19, 12], ["daire", 82, 13, 12], ["daire", 50, 70, 11], ["daire", 209, 84, 9], ["daire", 386, 84, 14], ["dikdortgen", 203, 20, 11, 14], ["dikdortgen", 286, 81, 6, 16]], "rrt_path": [[205.19168696194873, 49.957651799100624], [193.31749615300484, 49.22232887701812], [173.42695544314026, 48.894837149017256], [158.0423569348897, 49.76716691595256], [140.16350927460383, 50.62734967032331], [121.67026741634652, 43.29373009939881], [115.63508146260328, 45.88224279880819], [101.56967281080414, 55.266896957622265], [90.67502317613187, 57.30008517829934], [73.73841959859779, 54.31479021947244], [64.44770149440723, 46.241455033764375], [62.873087350596876, 42.56441950250928], [63.49386746026833, 41.059234740050485], [44.90570234850557, 39.8023731842295], [32.94547529367038, 38.9796143800378]]}