{"harita_boyut": {"genislik": 263, "yukseklik": 300}, "baslangic": [22.342096295825606, 105.0136108888405], "hedef": [252.18420805854532, 150.74259369074423], "engeller": [["daire", 56, 285, 13], ["dikdortgen", 215, 223, 18, 14], ["daire", 189, 287, 11], ["dikdortgen", 88, 20, 18, 10], ["daire", 111, 265, 13], ["daire", 67, 60, 6], ["daire", 248, 42, 7], ["daire", 199, 274, 15], ["dikdortgen", 215, 94, 13, 10], ["daire", 193, 92, 6], ["dikdortgen", 230, 179, 16, 14], ["daire", 167, 99, 10], ["dikdortgen", 176, 230, 19, 6], ["daire", 159, 124, 14], ["dikdortgen", 202, 186, 18, 8], ["daire", 98, 280, 11], ["dikdortgen", 241, 100, 8, 13], ["daire", 133, 51, 12], ["daire", 84, 100, 12], ["daire", 187, 63, 12], ["daire", 93, 138, 8], ["dikdortgen", 9, 60, 15, 16], ["daire", 170, 145, 9], ["dikdortgen", 142, 268, 19, 11], ["dikdortgen", 116, 232, 6, 9], ["daire", 80, 42, 9], ["dikdortgen", 168, 242, 16, 12], ["dikdortgen", 148, 66, 6, 7], ["daire", 133, 97, 10], ["dikdortgen", 33, 177, 18, 20], ["dikdortgen", 15, 210, 8, 17], ["dikdortgen", 41, 78, 20, 12], ["dikdortgen", 249, 111, 11, 11], ["dikdortgen", 29, 213, 18, 10], ["dikdortgen", 220, 204, 12, 11], ["dikdortgen", 150, 262, 16, 13], ["daire", 71, 90, 14], ["daire", 50, 213, 13], ["dikdortgen", 136, 199, 8, 12]], "rrt_path": [[22.342096295825606, 105.0136108888405], [28.94660639141898, 112.25168402376863], [41.57865552075411, 124.7417522344701], [48.70013817872552, 127.50459011426545], [67.08911563809845, 120.87637166331247], [76.3375467202249, 120.58593326106099], [91.76366087892218, 116.46835848401015], [93.29230558884142, 118.607579093601], [99.34284904376257, 122.96039691260748], [111.17986539093435, 138.41805576061324], [122.88770354108027, 150.48130256210737], [138.33253348167855, 159.91099953863474], [150.15730688644874, 167.19879170270207], [166.66343284712545, 167.45850508412082], [177.96129852260813, 159.36754219978087], [192.9565717896252, 148.9326379347411], [210.28336458734262, 145.73026657927696], [222.02911883952027, 139.21469146708503], [238.33254725750925, 142.92255763416307], [252.18420805854532, 150.74259369074423]]}