{"harita_boyut": {"genislik": 162, "yukseklik": 335}, "baslangic": [139.7029297833377, 44.17978700940632], "hedef": [10.911852803869511, 65.03149867949548], "engeller": [["dikdortgen", 72, 185, 17, 11], ["daire", 144, 116, 8], ["dikdortgen", 20, 167, 9, 18], ["dikdortgen", 68, 128, 15, 9], ["dikdortgen", 0, 116, 11, 18], ["daire", 25, 289, 6], ["dikdortgen", 97, 89, 7, 11], ["daire", 52, 288, 8], ["daire", 58, 105, 7], ["daire", 59, 285, 10], ["dikdortgen", 113, 200, 20, 10], ["daire", 142, 178, 13], ["daire", 148, 217, 4], ["dikdortgen", 138, 199, 12, 12], ["daire", 57, 37, 15], ["daire", 97, 99, 13], ["daire", 126, 183, 5], ["daire", 23, 94, 8], ["dikdortgen", 90, 146, 16, 19], ["dikdortgen", 149, 183, 13, 19], ["daire", 121, 137, 14], ["dikdortgen", 48, 150, 17, 7], ["dikdortgen", 114, 84, 10, 16], ["dikdortgen", 55, 100, 14, 19], ["daire", 126, 263, 4], ["dikdortgen", 50, 220, 20, 18], ["dikdortgen", 79, 274, 5, 19]], "rrt_path": [[139.7029297833377, 44.17978700940632], [139.96047604033777, 48.171487139113616], [130.7854069075977, 64.58334826523308], [114.69035739124868, 68.40099898668349], [95.36966425159329, 72.62416266509791], [83.72066832459679, 76.38997114162117], [80.24162935905636, 74.53689496618927], [69.62605387983439, 75.38843238879211], [51.705559384896596, 77.60078099935323], [36.27476378322602, 79.38396403639918], [25.38713809497977, 80.41649970516156], [14.171646156096298, 67.34963312356426], [10.911852803869511, 65.03149867949548]]}