{"harita_boyut": {"genislik": 440, "yukseklik": 348}, "baslangic": [201.37080586412526, 186.72981581876275], "hedef": [384.08760577755476, 264.3089038374911], "engeller": [["daire", 21, 316, 9], ["daire", 297, 171, 5], ["daire", 313, 17, 5], ["dikdortgen", 40, 330, 18, 6], ["dikdortgen", 65, 21, 11, 19], ["dikdortgen", 18, 258, 19, 8], ["dikdortgen", 304, 126, 9, 20], ["dikdortgen", 37, 116, 8, 10], ["dikdortgen", 166, 225, 19, 10], ["daire", 396, 23, 7], ["daire", 394, 28, 12], ["daire", 65, 324, 14], ["daire", 361, 292, 14], ["daire", 355, 235, 7], ["dikdortgen", 278, 153, 13, 12], ["daire", 213, 30, 15], ["dikdortgen", 169, 69, 8, 13], ["dikdortgen", 18, 96, 14, 6], ["dikdortgen", 260, 4, 18, 5], ["dikdortgen", 148, 270, 6, 10], ["daire", 38, 308, 7], ["dikdortgen", 317, 260, 5, 17], ["dikdortgen", 313, 33, 19, 15], ["daire", 383, 172, 10], ["dikdortgen", 99, 49, 15, 20], ["daire", 47, 111, 4], ["dikdortgen", 379, 139, 20, 9], ["dikdortgen", 239, 72, 18, 5], ["daire", 53, 94, 14], ["dikdortgen", 395, 99, 8, 17], ["daire", 412, 328, 6], ["dikdortgen", 336, 299, 19, 16], ["daire", 127, 173, 8], ["dikdortgen", 308, 146, 6, 13], ["dikdortgen", 60, 256, 13, 5], ["daire", 355, 87, 3], ["daire", 329, 186, 9], ["dikdortgen", 340, 256, 17, 9], ["dikdortgen", 105, 258, 11, 5], ["dikdortgen", 304, 312, 10, 9], ["daire", 147, 250, 7], ["daire", 210, 109, 11], ["dikdortgen", 86, 93, 13, 6], ["daire", 249, 226, 7], ["daire", 404, 164, 9], ["daire", 411, 34, 3], ["dikdortgen", 337, 294, 6, 11], ["daire", 75, 191, 4], ["daire", 340, 271, 3], ["daire", 132, 159, 10], ["dikdortgen", 243, 235, 19, 19], ["dikdortgen", 177, 127, 7, 16], ["dikdortgen", 119, 222, 19, 7], ["daire", 96, 208, 4], ["daire", 405, 70, 11], ["daire", 426, 309, 14], ["daire", 413, 112, 8], ["daire", 258, 218, 8], ["dikdortgen", 50, 204, 18, 5], ["daire", 250, 238, 8], ["daire", 392, 196, 10], ["dikdortgen", 231, 33, 20, 10], ["dikdortgen", 377, 86, 18, 20], ["dikdortgen", 103, 28, 20, 17], ["daire", 152, 208, 11], ["daire", 30, 326, 13], ["daire", 291, 225, 7], ["dikdortgen", 305, 95, 17, 15], ["daire", 13, 305, 3], ["daire", 59, 266, 4], ["dikdortgen", 135, 128, 15, 11], ["daire", 33, 154, 9], ["daire", 283, 265, 15], ["dikdortgen", 229, 109, 5, 17], ["daire", 336, 123, 15], ["daire", 108, 164, 3]], "rrt_path": [[201.37080586412526, 186.72981581876275], [218.1044363946993, 196.29226941379224], [219.16521086228866, 195.84285592741207], [223.0219535860057, 194.78194331882665], [239.96127686931146, 192.87364930950633], [257.6070932040821, 192.27171479088327], [269.1630565566962, 192.47434423127305], [285.909179293762, 198.02832707091875], [303.99924751550134, 202.61360518857597], [322.2035002078417, 207.32182097516923], [340.68348182451666, 212.00504565295378], [347.1182952080688, 214.52423451575885], [360.5110660000778, 221.08194570729495], [365.92157216294083, 229.34497558582888], [367.0208938428003, 233.19094644429765], [367.0238937060635, 248.941443146723], [377.0007200567609, 257.1443066362229], [384.08760577755476, 264.3089038374911]]}