{"harita_boyut": {"genislik": 216, "yukseklik": 441}, "baslangic": [30.451437198932897, 234.07479688944574], "hedef": [11.60995106880166, 22.334416310780167], "engeller": [["daire", 159, 56, 14], ["dikdortgen", 111, 4, 10, 6], ["dikdortgen", 98, 179, 6, 19], ["dikdortgen", 185, 419, 17, 11], ["daire", 207, 49, 6], ["daire", 113, 385, 13], ["dikdortgen", 197, 318, 16, 16], ["dikdortgen", 5, 371, 16, 14], ["dikdortgen", 174, 393, 8, 12], ["daire", 18, 107, 15], ["dikdortgen", 34, 213, 6, 5], ["dikdortgen", 170, 273, 12, 16], ["daire", 200, 154, 6], ["dikdortgen", 176, 93, 19, 8], ["daire", 66, 382, 14], ["daire", 95, 432, 5], ["daire", 161, 120, 13], ["dikdortgen", 50, 147, 17, 12], ["dikdortgen", 68, 16, 11, 14], ["daire", 159, 335, 6], ["dikdortgen", 125, 198, 10, 15], ["dikdortgen", 83, 42, 13, 17], ["daire", 79, 65, 9], ["dikdortgen", 6, 252, 14, 14], ["daire", 83, 266, 10], ["dikdortgen", 31, 87, 16, 6], ["daire", 43, 195, 7], ["daire", 207, 174, 9], ["daire", 150, 309, 5], ["dikdortgen", 81, 277, 13, 9], ["dikdortgen", 134, 101, 9, 14], ["dikdortgen", 132, 237, 10, 18], ["daire", 127, 428, 9], ["daire", 169, 424, 7], ["daire", 146, 131, 14], ["dikdortgen", 168, 60, 18, 12], ["dikdortgen", 185, 318, 20, 5], ["dikdortgen", 0, 379, 12, 15], ["dikdortgen", 148, 252, 12, 8], ["daire", 53, 418, 3], ["dikdortgen", 160, 10, 14, 13], ["dikdortgen", 157, 158, 12, 7], ["daire", 82, 167, 11], ["daire", 90, 283, 9], ["daire", 118, 248, 9], ["dikdortgen", 91, 56, 11, 20], ["dikdortgen", 55, 42, 9, 20]], "rrt_path": [[30.451437198932897, 234.07479688944574], [49.11565840693332, 230.73368666561862], [65.34915703764901, 232.9351289712254], [77.64935390830367, 226.34612111345734], [93.70114278354242, 226.24952222368032], [112.14996850490562, 224.16574802656143], [129.99154007449982, 222.1671232503277], [136.13659366163543, 220.9062398883191], [137.743998686546, 222.3421985908384], [142.37792942095885, 216.39013313467208], [141.1706828436339, 201.1694141437995], [140.21322703772012, 193.31040513695797], [130.78500790131991, 178.51246888489504], [121.06006955553893, 161.19037076091183], [111.1704926469019, 158.03926436917234], [99.97711553672893, 153.2527309701556], [87.32802333867039, 147.6382837477129], [74.20822462192417, 134.04165076613575], [67.2616163069091, 117.02009783362271], [55.7009592394496, 102.03376979849332], [52.56159483101902, 82.9311454462587], [50.39071365893804, 77.52093734213682], [36.907924679382646, 65.2961797090962], [24.42288925807011, 52.63121590016224], [22.744038253580744, 49.00058795107064], [15.498479138847403, 33.07929078927919], [11.60995106880166, 22.334416310780167]]}