{"harita_boyut": {"genislik": 378, "yukseklik": 216}, "baslangic": [196.9043874257167, 119.91789561393156], "hedef": [7.05307275679967, 26.324062527276695], "engeller": [["dikdortgen", 352, 199, 8, 16], ["daire", 250, 182, 10], ["dikdortgen", 310, 112, 16, 11], ["dikdortgen", 114, 188, 18, 10], ["dikdortgen", 346, 183, 16, 10], ["daire", 75, 97, 3], ["dikdortgen", 315, 54, 15, 6], ["dikdortgen", 129, 63, 10, 12], ["dikdortgen", 162, 185, 9, 7], ["dikdortgen", 128, 14, 11, 12], ["dikdortgen", 76, 23, 12, 20], ["dikdortgen", 64, 188, 13, 12], ["dikdortgen", 247, 20, 5, 12], ["dikdortgen", 102, 76, 5, 10], ["daire", 350, 188, 11], ["dikdortgen", 305, 202, 16, 12], ["daire", 305, 47, 12], ["daire", 306, 175, 15], ["dikdortgen", 155, 138, 13, 7], ["daire", 95, 143, 10], ["daire", 94, 108, 9], ["daire", 326, 84, 8], ["daire", 230, 140, 5], ["dikdortgen", 326, 108, 10, 12], ["dikdortgen", 362, 181, 7, 15], ["dikdortgen", 310, 197, 5, 11], ["daire", 75, 200, 15], ["dikdortgen", 277, 63, 16, 8], ["daire", 196, 164, 4], ["daire", 349, 168, 3], ["dikdortgen", 301, 53, 19, 13], ["daire", 157, 81, 7], ["daire", 268, 161, 6], ["daire", 148, 157, 9], ["dikdortgen", 338, 3, 13, 13], ["daire", 352, 98, 3], ["daire", 104, 161, 14], ["dikdortgen", 51, 73, 8, 8], ["daire", 184, 37, 9], ["dikdortgen", 63, 5, 5, 11]], "rrt_path": [[196.90438742571675, 119.91789561393159], [196.3355871530127, 119.88027464702557], [195.77263131034596, 119.83431851211628], [195.21551989771666, 119.78002720920375], [194.66425291512476, 119.71740073828796], [194.11883036257015, 119.64643909936892], [193.57925224005288, 119.5671422924466], [193.04551854757307, 119.47951031752103], [192.51762928513065, 119.38354317459223], [191.9955844527255, 119.2792408636601], [191.47938405035782, 119.16660338472482], [190.96902807802746, 119.04563073778624], [190.46451653573445, 118.91632292284436], [189.96584942347886, 118.77867993989925], [189.4730267412606, 118.63270178895091], [188.9860484890798, 118.47838846999932], [188.5049146669363, 118.31573998304442], [188.02962527483015, 118.14475632808629], [187.56018031276142, 117.96543750512491], [187.09657978073008, 117.77778351416029], [186.63882367873606, 117.58179435519237], [186.18691200677944, 117.37747002822124], [185.74084476486016, 117.16481053324682], [185.3006219529783, 116.94381587026918], [184.8662435711338, 116.71448603928825], [184.43770961932665, 116.47682104030407], [184.0150200975569, 116.23082087331665], [183.59817500582452, 115.97648553832596], [183.18717434412946, 115.713815035332], [182.7820181124718, 115.44280936433482], [182.38270631085157, 115.16346852533437], [181.9892389392686, 114.87579251833063], [181.60161599772314, 114.5797813433237], [181.219837486215, 114.27543500031346], [180.8439034047442, 113.96275348929998], [180.4738137533108, 113.64173681028325], [180.1095685319147, 113.31238496326324], [179.75116774055607, 112.97469794823999], [179.39861137923475, 112.62867576521349], [179.05189944795086, 112.27431841418374], [178.71103194670428, 111.91162589515073], [178.37600887549513, 111.54059820811445], [178.0468302343233, 111.16123535307491], [177.72349602318886, 110.77353733003214], [177.40211884710743, 110.3822602823323], [177.07533879634593, 109.99640889970875], [176.7429810322922, 109.61619709340667], [176.40504555494633, 109.24162486342607], [176.06153236430833, 108.87269220976694], [175.71244146037816, 108.50939913242927], [175.3577728431558, 108.15174563141309], [174.99752651264123, 107.79973170671838], [174.63170246883448, 107.4533573583451], [174.26030071173565, 107.11262258629336], [173.88332124134456, 106.77752739056304], [173.50076405766134, 106.44807177115422], [173.11262916068597, 106.12425572806686], [172.7189165504184, 105.806079261301], [172.3196262268587, 105.4935423708566], [171.91475819000684, 105.18664505673367], [171.50431243986273, 104.8853873189322], [171.08828897642653, 104.58976915745222], [170.66668779969808, 104.29979057229369], [170.2395089096775, 104.01545156345665], [169.80675230636479, 103.73675213094111], [169.36841798975985, 103.463692274747], [168.92450595986278, 103.1962719948744], [168.4750162166735, 102.93449129132324], [168.01994876019208, 102.67835016409356], [167.5593035904185, 102.42784861318536], [167.0944875108312, 102.18366067035299], [166.62868890304998, 101.94731396222632], [166.1620300814357, 101.71886709241595], [165.6945110459883, 101.49832006092183], [165.22613179670782, 101.28567286774401], [164.75689233359424, 101.08092551288244], [164.28679265664752, 100.88407799633715], [163.81583276586778, 100.69513031810817], [163.34401266125494, 100.51408247819546], [162.87133234280898, 100.34093447659905], [162.39779181052992, 100.17568631331889], [161.92339106441779, 100.01833798835503], [161.44813010447257, 99.86888950170743], [160.97200893069427, 99.72734085337613], [160.49502754308284, 99.5936920433611], [160.01718594163833, 99.46794307166236], [159.53848412636071, 99.35009393827987], [159.05892209725008, 99.24014464321371], [158.57849985430624, 99.13809518646381], [158.09721739752942, 99.04394556803018], [157.61507472691943, 98.95769578791285], [157.13207184247636, 98.87934584611178], [156.64820874420022, 98.808895742627], [156.163485432091, 98.7463454774585], [155.67790190614866, 98.69169505060628], [155.19145816637322, 98.64494446207036], [154.7041542127647, 98.60609371185069], [154.2159900453231, 98.57514279994732], [153.7269656640484, 98.55209172636022], [153.2370810689406, 98.53694049108938], [152.7463362599997, 98.52968909413485], [152.25473123722577, 98.53033753549661], [151.7622660006187, 98.53888581517462], [151.2689405501785, 98.55533393316892], [150.77475488590528, 98.5796818894795], [150.27970900779889, 98.61192968410637], [149.78374923081205, 98.6509833761639], [149.28623803536235, 98.68385222111394], [148.78699032411032, 98.70676448814608], [148.28600609705606, 98.71972017726029], [147.78328535419948, 98.72271928845653], [147.27882809554063, 98.7157618217349], [146.7726343210795, 98.69884777709537], [146.26470403081603, 98.67197715453788], [145.75503722475037, 98.63514995406248], [145.24363390288238, 98.58836617566918], [144.73049406521213, 98.53162581935797], [144.21561771173958, 98.46492888512881], [143.69900484246472, 98.38827537298172], [143.18065545738764, 98.30166528291676], [142.66056955650822, 98.20509861493383], [142.13874713982656, 98.09857536903306], [141.6151882073426, 97.98209554521429], [141.08989275905637, 97.85565914347762], [140.56286079496783, 97.71926616382304], [140.03409231507703, 97.57291660625056], [139.50358731938397, 97.41661047076016], [138.97134580788858, 97.25034775735179], [138.43736778059093, 97.07412846602554], [137.90165323749102, 96.88795259678139], [137.36420217858878, 96.69182014961928], [136.82501460388428, 96.48573112453927], [136.2840905133775, 96.26968552154136], [135.74142990706844, 96.0436833406255], [135.19703278495712, 95.80772458179175], [134.65089914704348, 95.56180924504005], [134.10302899332757, 95.30593733037045], [133.55342232380937, 95.04010883778295], [133.0020791384889, 94.7643237672775], [132.44899943736615, 94.47858211885415], [131.89419908317709, 94.18293582030006], [131.34583228049055, 93.90407823644811], [130.81072148198953, 93.6643431482319], [130.28886668767404, 93.46373055565142], [129.78026789754418, 93.30224045870669], [129.28492511159985, 93.1798728573977], [128.8028383298411, 93.09662775172444], [128.33400755226793, 93.05250514168695], [127.87843277888034, 93.0475050272852], [127.43611400967828, 93.08162740851918], [127.00705124466181, 93.1548722853889], [126.59124448383089, 93.26723965789438], [126.18869372718555, 93.41872952603558], [125.79939897472578, 93.60934188981251], [125.42336022645156, 93.8390767492252], [125.06057748236292, 94.10793410427362], [124.71105074245986, 94.41591395495782], [124.37478000674233, 94.76301630127773], [124.0517652752104, 95.14924114323338], [123.74200654786401, 95.57458848082479], [123.44549891880186, 96.0389120048246], [123.16046127511959, 96.48909339220965], 