{"harita_boyut": {"genislik": 270, "yukseklik": 114}, "baslangic": [31.74961520117714, 14.792846600544223], "hedef": [139.46449222715154, 91.60518939577996], "engeller": [["daire", 154, 90, 5], ["daire", 78, 24, 3], ["daire", 255, 6, 5], ["dikdortgen", 93, 33, 6, 20], ["dikdortgen", 85, 53, 11, 13], ["dikdortgen", 51, 40, 16, 5], ["dikdortgen", 249, 95, 17, 17], ["dikdortgen", 126, 12, 5, 19], ["dikdortgen", 243, 90, 5, 7], ["dikdortgen", 191, 45, 6, 13], ["daire", 16, 83, 7], ["daire", 106, 49, 9], ["dikdortgen", 26, 65, 9, 18], ["daire", 121, 76, 12], ["dikdortgen", 24, 104, 17, 7]], "rrt_path": [[31.74961520117714, 14.792846600544223], [44.5852114017482, 22.909205281769275], [62.940073420575025, 30.841688634213334], [76.26337067894026, 35.873920707112205], [75.26239324439727, 36.82209285275405], [75.30722334721818, 46.60663966908056], [77.37840482437632, 60.44780567981642], [78.48627858346, 73.26334500017296], [92.00243352021435, 80.23123476164434], [97.83846771386439, 84.3723307091137], [113.45324038364731, 91.57734386473597], [123.60094102709115, 94.39819401492176], [139.46449222715154, 91.60518939577996]]}