{"harita_boyut": {"genislik": 465, "yukseklik": 146}, "baslangic": [229.94617497204177, 126.48813415386174], "hedef": [450.75622206514544, 103.70298614942773], "engeller": [["daire", 372, 125, 7], ["daire", 330, 47, 15], ["daire", 420, 99, 14], ["daire", 23, 79, 4], ["daire", 381, 68, 4], ["dikdortgen", 42, 25, 13, 18], ["daire", 93, 99, 7], ["dikdortgen", 79, 37, 20, 6], ["daire", 348, 92, 10], ["dikdortgen", 170, 92, 14, 5], ["dikdortgen", 132, 108, 20, 11], ["dikdortgen", 358, 66, 8, 11], ["dikdortgen", 342, 125, 10, 14], ["dikdortgen", 113, 125, 6, 7], ["dikdortgen", 206, 63, 14, 14], ["daire", 258, 46, 12], ["daire", 171, 52, 14], ["daire", 209, 105, 12], ["daire", 149, 37, 14], ["daire", 422, 79, 14], ["daire", 204, 139, 4], ["dikdortgen", 263, 86, 15, 6], ["daire", 334, 88, 6], ["dikdortgen", 171, 3, 14, 19], ["daire", 315, 110, 6], ["dikdortgen", 129, 114, 18, 8], ["dikdortgen", 205, 61, 20, 20], ["dikdortgen", 408, 64, 10, 5], ["daire", 205, 132, 14], ["daire", 176, 70, 11], ["daire", 32, 61, 10], ["dikdortgen", 397, 86, 13, 17], ["dikdortgen", 323, 32, 14, 19]], "rrt_path": [[229.94617497204177, 126.48813415386174], [239.653872421778, 121.00637389760315], [257.859091955442, 114.50057561940741], [274.6885476191054, 108.32743583187178], [285.04245241576604, 104.46041624019026], [294.8352188096083, 100.09085885725955], [305.07685914580657, 86.34514051857471], [303.3851821565944, 78.75539253045064], [305.0679894521756, 75.76203089826924], [324.2061710915494, 71.55065772998302], [338.16506610617773, 66.54554337152213], [345.5064674858665, 63.56283701694741], [360.8412839549843, 57.319176247337296], [368.81059617061, 57.83366838873044], [385.71086740144364, 58.07695267609985], [403.4240704771757, 57.042043204825454], [419.32700448664764, 57.84373793882156], [430.0777075068759, 61.40294424741328], [435.7878265663224, 65.32041118729668], [440.40809502380887, 70.39008956367447], [441.4588706435219, 78.29125383202704], [440.4793280508111, 88.27906444236648], [450.75622206514544, 103.70298614942773]]}