{"harita_boyut": {"genislik": 434, "yukseklik": 435}, "baslangic": [367.5463724294593, 134.06703011034378], "hedef": [12.523457146694417, 170.92416017166823], "engeller": [["daire", 247, 31, 7], ["dikdortgen", 141, 52, 19, 5], ["dikdortgen", 329, 189, 13, 15], ["daire", 168, 80, 8], ["daire", 100, 379, 13], ["dikdortgen", 93, 9, 17, 10], ["dikdortgen", 85, 164, 10, 10], ["daire", 114, 424, 4], ["daire", 143, 224, 14], ["daire", 51, 172, 4], ["dikdortgen", 27, 319, 16, 5], ["daire", 259, 143, 13], ["daire", 405, 212, 8], ["daire", 103, 330, 7], ["daire", 147, 68, 14], ["dikdortgen", 155, 309, 10, 20], ["dikdortgen", 4, 113, 10, 13], ["dikdortgen", 269, 307, 18, 12], ["daire", 424, 57, 8], ["daire", 174, 336, 7], ["dikdortgen", 373, 215, 17, 20], ["dikdortgen", 259, 124, 12, 20], ["dikdortgen", 142, 45, 6, 17], ["daire", 20, 58, 12], ["dikdortgen", 198, 368, 6, 7], ["daire", 219, 410, 11], ["dikdortgen", 111, 27, 12, 9], ["dikdortgen", 202, 216, 7, 5], ["daire", 322, 329, 13], ["dikdortgen", 300, 227, 15, 10], ["daire", 379, 123, 10], ["daire", 320, 32, 14], ["daire", 337, 391, 13], ["dikdortgen", 328, 184, 18, 7], ["dikdortgen", 142, 152, 10, 15], ["daire", 368, 116, 8], ["daire", 134, 182, 4], ["dikdortgen", 52, 217, 9, 13], ["dikdortgen", 5, 420, 13, 8], ["dikdortgen", 253, 156, 12, 20], ["dikdortgen", 322, 56, 10, 11], ["daire", 200, 90, 5], ["daire", 43, 328, 9], ["daire", 64, 208, 3], ["dikdortgen", 71, 400, 10, 7], ["daire", 45, 49, 15], ["dikdortgen", 88, 415, 19, 16], ["daire", 262, 356, 6], ["daire", 87, 392, 15], ["daire", 360, 218, 5], ["daire", 137, 184, 14], ["dikdortgen", 133, 16, 16, 6], ["daire", 300, 421, 10], ["daire", 382, 143, 10], ["dikdortgen", 413, 151, 16, 12], ["dikdortgen", 181, 264, 14, 20], ["daire", 275, 410, 15], ["dikdortgen", 398, 24, 12, 8], ["daire", 271, 201, 9], ["daire", 260, 327, 7], ["daire", 289, 167, 4], ["dikdortgen", 128, 343, 9, 12], ["daire", 421, 150, 11], ["daire", 201, 107, 12], ["daire", 281, 23, 9], ["daire", 334, 186, 14], ["daire", 254, 159, 4], ["daire", 236, 307, 6], ["daire", 323, 229, 14], ["dikdortgen", 266, 175, 15, 10], ["dikdortgen", 391, 419, 8, 14], ["dikdortgen", 217, 260, 6, 11], ["daire", 357, 210, 5], ["daire", 306, 174, 6], ["daire", 361, 356, 5], ["dikdortgen", 123, 196, 11, 7], ["daire", 296, 182, 10], ["daire", 102, 275, 15], ["daire", 117, 176, 10], ["daire", 382, 257, 12], ["dikdortgen", 5, 135, 20, 5], ["dikdortgen", 2, 102, 17, 16], ["daire", 300, 266, 13], ["daire", 331, 35, 15], ["daire", 373, 173, 5], ["daire", 403, 11, 3], ["daire", 27, 60, 14], ["daire", 161, 431, 4], ["dikdortgen", 416, 77, 18, 6], ["dikdortgen", 375, 128, 6, 8], ["daire", 229, 254, 13], ["dikdortgen", 237, 102, 17, 9], ["dikdortgen", 10, 385, 12, 8], ["daire", 102, 50, 13]], "rrt_path": [[367.5463724294593, 134.06703011034378], [354.0297988563658, 141.1211609346864], [344.87082825998897, 144.4104375552177], [329.3356531498837, 132.20061061150915], [327.3202806289014, 125.63681872371052], [320.1460763965802, 107.87316979315707], [306.59364270428335, 96.18627435357786], [287.6349852499104, 93.95553029453], [287.76632416044197, 94.75982735984921], [273.12886502345964, 105.09524079379216], [257.9851987628135, 116.68544139911043], [254.13037840964768, 117.75331781743725], [241.94111802375699, 133.39960547591144], [240.05875246396747, 144.0610507502003], [242.43612476412574, 157.62689329543898], [240.07168113725515, 171.09094451952006], [227.85590695868228, 183.19090093532353], [213.09621570335366, 191.38443594820868], [202.58790199246803, 200.29564990238478], [192.99795474606577, 212.8835702016971], [183.0825737684178, 228.54707970565227], [178.01857439666048, 233.6633288066177], [164.23185248555458, 241.42945426733493], [152.8432786318169, 243.99395360177698], [137.81604932822964, 242.66226793331012], [120.69603166354649, 240.24302909901115], [105.7398723220096, 239.01400488907012], [95.0259808399544, 235.02605360274669], [81.39048667221911, 224.60854427966538], [75.6097927535433, 212.4596240122934], [70.53620865946087, 201.99748510535971], [67.57160751155838, 199.31212851193396], [52.861234034911064, 187.48604634441324], [40.94706220596508, 174.84614826922845], [22.12950470905084, 169.74739512270332], [12.523457146694417, 170.92416017166823]]}