{"harita_boyut": {"genislik": 414, "yukseklik": 197}, "baslangic": [342.54698195749705, 89.56845246912665], "hedef": [210.01966931391917, 177.78616282050984], "engeller": [["dikdortgen", 259, 147, 7, 12], ["dikdortgen", 288, 59, 15, 14], ["daire", 339, 33, 14], ["daire", 122, 147, 13], ["dikdortgen", 74, 92, 16, 11], ["dikdortgen", 395, 60, 16, 11], ["dikdortgen", 372, 126, 5, 6], ["daire", 10, 112, 3], ["dikdortgen", 397, 109, 17, 8], ["dikdortgen", 351, 97, 7, 10], ["daire", 282, 84, 3], ["dikdortgen", 127, 55, 6, 15], ["dikdortgen", 227, 155, 7, 6], ["dikdortgen", 117, 160, 8, 7], ["dikdortgen", 234, 153, 12, 9], ["dikdortgen", 253, 8, 8, 8], ["dikdortgen", 170, 135, 20, 20], ["dikdortgen", 183, 52, 16, 13], ["dikdortgen", 347, 120, 17, 9], ["daire", 158, 25, 4], ["daire", 134, 19, 4], ["dikdortgen", 212, 151, 9, 5], ["daire", 289, 152, 3], ["dikdortgen", 280, 156, 19, 16], ["daire", 241, 97, 4], ["daire", 119, 17, 8], ["daire", 34, 136, 6], ["dikdortgen", 240, 25, 10, 14], ["daire", 34, 158, 5], ["daire", 182, 155, 14], ["daire", 97, 155, 3], ["daire", 141, 109, 12], ["dikdortgen", 138, 30, 20, 6], ["dikdortgen", 381, 105, 14, 17], ["daire", 295, 155, 15], ["dikdortgen", 376, 105, 20, 20], ["dikdortgen", 285, 50, 18, 14], ["daire", 119, 35, 15], ["daire", 37, 137, 6], ["daire", 245, 148, 11]], "rrt_path": [[342.54698195749705, 89.56845246912665], [330.2790770711883, 87.74181483327013], [314.59146417298706, 90.35529303257474], [303.0328275866026, 92.72746633697842], [287.47687920892787, 97.8942626274924], [283.49881109174817, 97.47596362548742], [264.06794386524433, 94.04090150130281], [261.2771162806797, 96.8901871852607], [250.78946140844158, 101.77307247726141], [233.94177325435442, 112.28872617859389], [228.0508998742719, 117.02036282647144], [214.0369556310819, 129.06697598579015], [204.22008913638982, 144.6268054304448], [204.00894549811863, 156.16033380806894], [208.04072351617128, 171.5666358379779], [210.01966931391917, 177.78616282050984]]}