{"harita_boyut": {"genislik": 463, "yukseklik": 178}, "baslangic": [251.1223499965319, 30.385837224609496], "hedef": [436.94393551706344, 7.0926795567553595], "engeller": [["dikdortgen", 39, 156, 9, 8], ["daire", 62, 110, 8], ["daire", 44, 147, 14], ["dikdortgen", 279, 148, 13, 12], ["dikdortgen", 374, 3, 18, 6], ["daire", 229, 96, 14], ["daire", 354, 42, 14], ["daire", 19, 129, 8], ["daire", 177, 10, 5], ["dikdortgen", 417, 111, 14, 15], ["daire", 301, 161, 13], ["daire", 286, 104, 12], ["daire", 294, 53, 11], ["daire", 10, 134, 5], ["daire", 230, 122, 7], ["daire", 88, 148, 11], ["dikdortgen", 314, 12, 20, 20], ["dikdortgen", 65, 103, 17, 15], ["daire", 211, 40, 12], ["dikdortgen", 389, 65, 8, 19], ["dikdortgen", 157, 119, 15, 10], ["daire", 330, 44, 4], ["dikdortgen", 332, 151, 18, 8], ["dikdortgen", 423, 43, 20, 9], ["dikdortgen", 321, 129, 11, 8], ["daire", 11, 165, 10], ["daire", 178, 21, 10], ["dikdortgen", 375, 111, 6, 7], ["dikdortgen", 223, 93, 15, 14], ["daire", 106, 17, 14], ["daire", 425, 95, 6], ["dikdortgen", 92, 119, 17, 12], ["daire", 259, 78, 9], ["daire", 83, 41, 12], ["daire", 370, 166, 8], ["dikdortgen", 96, 106, 14, 20], ["daire", 111, 77, 9], ["daire", 254, 92, 14], ["dikdortgen", 178, 73, 19, 10], ["dikdortgen", 8, 136, 10, 10], ["dikdortgen", 169, 100, 18, 17]], "rrt_path": [[251.1223499965319, 30.385837224609496], [259.0966242564328, 37.41869601985794], [277.4415755755974, 37.111133145402654], [294.2191789225937, 33.95427992413023], [309.79789662852494, 43.06554758851127], [321.17345521126623, 55.38142233078018], [326.2561324539894, 60.77349293150033], [329.083782423151, 60.5193363938893], [346.76141937302003, 63.45155066505734], [365.55937624271286, 60.14888103692583], [371.5927332520254, 50.93900502056409], [385.5004370315013, 37.633111605620364], [397.89274510980596, 31.348655659284546], [413.3929255055709, 18.980658352312425], [429.58541544979784, 10.228699855658304], [436.94393551706344, 7.0926795567553595]]}