{"harita_boyut": {"genislik": 324, "yukseklik": 386}, "baslangic": [43.297849402281855, 98.45802483736043], "hedef": [206.3504867592277, 190.9302699955535], "engeller": [["daire", 51, 209, 12], ["daire", 302, 120, 8], ["daire", 279, 285, 6], ["dikdortgen", 53, 7, 16, 10], ["daire", 293, 141, 14], ["daire", 281, 271, 8], ["daire", 186, 368, 9], ["daire", 287, 22, 4], ["dikdortgen", 194, 5, 7, 5], ["dikdortgen", 290, 266, 6, 9], ["daire", 296, 256, 15], ["daire", 186, 279, 5], ["daire", 53, 47, 11], ["daire", 41, 27, 6], ["dikdortgen", 257, 199, 18, 12], ["daire", 173, 369, 4], ["dikdortgen", 187, 374, 8, 11], ["daire", 168, 323, 14], ["daire", 101, 191, 6], ["dikdortgen", 141, 75, 5, 12], ["daire", 291, 327, 3], ["dikdortgen", 304, 46, 6, 13], ["dikdortgen", 36, 260, 7, 11], ["daire", 220, 293, 14], ["daire", 257, 239, 9], ["dikdortgen", 278, 326, 16, 8], ["dikdortgen", 102, 162, 13, 6], ["dikdortgen", 41, 112, 16, 17], ["daire", 29, 277, 14], ["daire", 87, 102, 3], ["dikdortgen", 144, 338, 19, 16], ["daire", 219, 60, 3], ["daire", 11, 222, 7], ["daire", 109, 41, 15], ["dikdortgen", 250, 16, 9, 14], ["daire", 16, 123, 11], ["daire", 72, 360, 12], ["daire", 255, 151, 10], ["dikdortgen", 228, 33, 19, 13], ["daire", 222, 49, 14], ["dikdortgen", 241, 321, 19, 16], ["dikdortgen", 82, 173, 17, 10], ["dikdortgen", 218, 93, 11, 10], ["dikdortgen", 104, 52, 18, 19], ["daire", 98, 42, 12], ["dikdortgen", 166, 113, 7, 17], ["dikdortgen", 195, 272, 8, 7], ["dikdortgen", 80, 155, 12, 5], ["daire", 248, 63, 13], ["daire", 271, 252, 9], ["daire", 126, 168, 8], ["daire", 141, 310, 4], ["dikdortgen", 222, 123, 19, 20], ["dikdortgen", 99, 328, 7, 20], ["dikdortgen", 15, 149, 5, 10], ["dikdortgen", 42, 270, 7, 15], ["daire", 135, 365, 12], ["daire", 15, 342, 8], ["dikdortgen", 275, 240, 20, 7], ["daire", 168, 107, 10], ["daire", 212, 72, 5], ["dikdortgen", 311, 47, 5, 14]], "rrt_path": [[43.297849402281855, 98.45802483736043], [60.56605323137248, 90.27717230524965], [64.20834264368597, 88.6237734311273], [82.26978454943304, 90.4173974041268], [91.75351414540482, 94.31585988995421], [100.72274206880796, 106.6867677255604], [109.42501939845236, 123.72680511436722], [119.57641639074862, 139.09878247223216], [125.35697450091298, 147.34277367905798], [126.32362480886786, 148.82286938521455], [135.18538600987077, 155.90097492537376], [149.33954174916016, 166.42362892197556], [152.77191983934608, 168.47759597283388], [167.3233945420559, 177.05286338201122], [171.2533782109088, 176.3077269095786], [189.73222999063262, 180.33054842411912], [206.3504867592277, 190.9302699955535]]}