{"harita_boyut": {"genislik": 172, "yukseklik": 472}, "baslangic": [116.28166604026178, 94.30501487645289], "hedef": [134.92029275551837, 420.37432446448156], "engeller": [["daire", 134, 136, 5], ["daire", 9, 378, 5], ["daire", 117, 209, 10], ["daire", 137, 388, 10], ["daire", 118, 395, 12], ["dikdortgen", 39, 435, 10, 13], ["daire", 91, 412, 8], ["daire", 164, 281, 3], ["dikdortgen", 28, 418, 5, 13], ["daire", 35, 419, 5], ["dikdortgen", 124, 198, 8, 17], ["daire", 93, 160, 12], ["daire", 123, 248, 15], ["daire", 86, 71, 14], ["dikdortgen", 161, 356, 5, 9], ["dikdortgen", 108, 217, 9, 13], ["daire", 131, 66, 4], ["dikdortgen", 103, 410, 14, 11], ["daire", 98, 52, 8], ["dikdortgen", 104, 186, 19, 10], ["daire", 112, 33, 3], ["daire", 62, 394, 3], ["daire", 28, 295, 11], ["daire", 50, 233, 6], ["daire", 53, 109, 13], ["daire", 50, 271, 6], ["dikdortgen", 105, 420, 12, 14], ["dikdortgen", 70, 390, 6, 18], ["daire", 31, 244, 7], ["dikdortgen", 130, 181, 10, 13], ["dikdortgen", 71, 242, 10, 11], ["daire", 156, 406, 15], ["daire", 91, 9, 8], ["daire", 31, 327, 10], ["dikdortgen", 147, 68, 12, 13], ["daire", 162, 167, 8], ["dikdortgen", 7, 122, 7, 6], ["dikdortgen", 87, 352, 5, 19], ["daire", 40, 210, 13], ["dikdortgen", 33, 326, 14, 15]], "rrt_path": [[116.28166604026178, 94.30501487645289], [108.7298085195544, 108.56794831785749], [100.39762985999086, 120.85099362042882], [94.42661377421986, 135.65239406130132], [80.41773244574637, 140.72787550125742], [64.83928751446952, 152.88931862644438], [63.349808389622936, 156.6016564258164], [57.51856089061717, 174.79391817503208], [55.15921942441839, 186.3383021151821], [58.16368234028259, 205.4388262546055], [60.2046419682387, 222.53091482011337], [61.17521329923549, 226.4113775878058], [62.20139988131982, 243.60411560789163], [63.649030838722126, 260.64803826155907], [67.75798933962226, 279.41352765263747], [69.19113541887714, 284.4280353262364], [71.87601389693928, 303.8563299810333], [71.47075436799197, 307.83574761608963], [60.36177424984212, 322.7577430080467], [59.565797097760026, 324.09292918538415], [60.25679079415809, 328.0327931058182], [60.57194833636157, 346.2290691182195], [58.903913860754656, 365.2823483083496], [55.717952736849384, 375.5172371272667], [53.85028717268588, 394.9856140220347], [54.21408245005847, 398.96903629392125], [61.42731644039735, 410.3873720335233], [66.76518128105279, 420.05910208159196], [75.09302102356472, 427.8775991035822], [90.88149461805799, 439.95892569084], [100.74523827836764, 439.2488493509137], [117.84637583499614, 440.41522967900136], [121.82098333480461, 439.96523498740345], [124.99764935192229, 434.5922751607414], [134.92029275551837, 420.37432446448156]]}