{"harita_boyut": {"genislik": 364, "yukseklik": 424}, "baslangic": [114.82942310537392, 346.8237628430367], "hedef": [270.8799198390095, 283.0790056589447], "engeller": [["dikdortgen", 94, 392, 13, 10], ["daire", 264, 356, 14], ["daire", 283, 216, 4], ["daire", 61, 100, 9], ["dikdortgen", 249, 203, 5, 6], ["dikdortgen", 234, 250, 14, 8], ["dikdortgen", 151, 310, 20, 10], ["dikdortgen", 357, 320, 6, 10], ["dikdortgen", 260, 206, 17, 15], ["daire", 214, 295, 15], ["dikdortgen", 235, 389, 19, 20], ["daire", 221, 405, 7], ["daire", 280, 319, 5], ["daire", 122, 247, 9], ["daire", 36, 199, 6], ["dikdortgen", 240, 125, 6, 16], ["daire", 138, 398, 9], ["daire", 15, 249, 3], ["dikdortgen", 90, 122, 19, 6], ["daire", 22, 272, 8], ["daire", 154, 330, 12], ["daire", 196, 209, 13], ["dikdortgen", 193, 321, 11, 10], ["dikdortgen", 45, 283, 5, 5], ["dikdortgen", 338, 135, 15, 14], ["daire", 44, 33, 13], ["dikdortgen", 80, 217, 14, 17], ["dikdortgen", 266, 220, 13, 10], ["dikdortgen", 327, 160, 7, 11], ["dikdortgen", 140, 208, 10, 11], ["dikdortgen", 92, 19, 5, 7], ["dikdortgen", 92, 263, 9, 18], ["daire", 191, 377, 14], ["dikdortgen", 8, 347, 18, 7], ["dikdortgen", 151, 202, 8, 19], ["dikdortgen", 275, 389, 10, 12], ["daire", 151, 335, 4], ["daire", 281, 354, 10], ["daire", 286, 380, 15], ["daire", 294, 249, 4], ["dikdortgen", 309, 306, 6, 15], ["dikdortgen", 206, 304, 12, 20], ["dikdortgen", 137, 389, 9, 15], ["dikdortgen", 75, 79, 10, 9], ["dikdortgen", 70, 394, 6, 20], ["dikdortgen", 55, 60, 19, 5], ["dikdortgen", 46, 135, 10, 15], ["daire", 99, 336, 12], ["dikdortgen", 176, 409, 9, 12], ["daire", 341, 252, 6], ["dikdortgen", 234, 74, 7, 8], ["daire", 205, 226, 3], ["daire", 45, 187, 9], ["dikdortgen", 127, 88, 18, 5], ["dikdortgen", 182, 22, 15, 7], ["dikdortgen", 64, 102, 17, 5], ["daire", 80, 403, 6], ["dikdortgen", 287, 83, 13, 17], ["daire", 269, 259, 15], ["dikdortgen", 83, 282, 9, 8], ["dikdortgen", 285, 362, 18, 5], ["dikdortgen", 129, 243, 19, 5], ["daire", 151, 39, 14], ["dikdortgen", 216, 234, 20, 19], ["dikdortgen", 45, 20, 13, 7], ["daire", 296, 402, 11], ["daire", 188, 197, 3], ["daire", 258, 223, 9], ["dikdortgen", 313, 104, 11, 18], ["dikdortgen", 313, 40, 7, 14], ["daire", 351, 233, 5], ["daire", 110, 189, 14], ["dikdortgen", 218, 259, 14, 18], ["daire", 334, 179, 13], ["dikdortgen", 241, 102, 14, 20], ["dikdortgen", 193, 70, 19, 19], ["dikdortgen", 274, 188, 9, 14]], "rrt_path": [[114.82942310537392, 346.8237628430367], [123.50326807122092, 331.22683822343663], [126.24449064568478, 332.2155216920679], [135.8475592726096, 342.4333367492689], [154.3367746033272, 349.2750154858881], [164.83293958398076, 353.32629734835575], [179.62444795266168, 351.5993270403362], [191.08245228112116, 350.93167491220896], [202.25357628264572, 352.6501142011129], [212.53609709435537, 353.7012398422433], [228.89458567861882, 350.9877515933482], [238.0318878636446, 347.3704923962763], [252.83692438911547, 338.61788157432653], [264.5588959140673, 326.02829318853094], [267.5018992987076, 314.7169900738745], [269.1248139956406, 305.33194962044695], [269.402803467849, 294.5958180700934], [270.8799198390095, 283.0790056589447]]}