{"harita_boyut": {"genislik": 450, "yukseklik": 376}, "baslangic": [442.8850308685107, 198.26190253997135], "hedef": [77.32999086268794, 367.3328537007366], "engeller": [["daire", 437, 36, 11], ["dikdortgen", 292, 228, 20, 19], ["daire", 108, 17, 7], ["daire", 60, 161, 14], ["daire", 279, 330, 13], ["dikdortgen", 135, 114, 11, 10], ["daire", 78, 168, 10], ["dikdortgen", 11, 146, 13, 13], ["daire", 97, 196, 8], ["dikdortgen", 44, 44, 7, 9], ["dikdortgen", 84, 157, 11, 14], ["daire", 159, 45, 5], ["daire", 111, 84, 4], ["dikdortgen", 88, 109, 9, 6], ["dikdortgen", 380, 257, 11, 10], ["dikdortgen", 201, 160, 5, 12], ["dikdortgen", 19, 112, 16, 20], ["dikdortgen", 345, 308, 8, 8], ["dikdortgen", 415, 50, 14, 10], ["daire", 371, 85, 12], ["dikdortgen", 71, 166, 12, 8], ["dikdortgen", 216, 3, 19, 20], ["daire", 40, 270, 3], ["daire", 52, 49, 9], ["daire", 115, 143, 5], ["dikdortgen", 15, 165, 15, 20], ["dikdortgen", 11, 230, 13, 17], ["daire", 247, 251, 3], ["daire", 391, 15, 14], ["dikdortgen", 272, 89, 5, 19], ["dikdortgen", 100, 117, 14, 14], ["dikdortgen", 131, 249, 19, 17], ["daire", 278, 185, 15], ["dikdortgen", 114, 207, 12, 19], ["dikdortgen", 286, 250, 14, 20], ["daire", 188, 146, 15], ["daire", 219, 353, 10], ["dikdortgen", 398, 52, 6, 16], ["daire", 261, 201, 8], ["dikdortgen", 386, 148, 6, 16], ["daire", 216, 52, 9], ["dikdortgen", 155, 186, 10, 7], ["daire", 54, 300, 8], ["daire", 27, 229, 12], ["daire", 108, 54, 15], ["daire", 41, 87, 11], ["daire", 173, 138, 15], ["dikdortgen", 403, 249, 8, 14], ["dikdortgen", 111, 293, 17, 13], ["daire", 98, 121, 11], ["daire", 202, 242, 8], ["daire", 352, 19, 3], ["dikdortgen", 143, 72, 9, 12], ["daire", 12, 257, 8], ["daire", 166, 242, 4], ["daire", 166, 320, 12], ["dikdortgen", 348, 277, 13, 14], ["daire", 34, 53, 8], ["daire", 416, 183, 7], ["daire", 227, 261, 15], ["daire", 291, 280, 12], ["daire", 121, 325, 14], ["daire", 249, 42, 9], ["dikdortgen", 57, 225, 13, 15], ["daire", 272, 94, 12], ["daire", 91, 183, 4], ["dikdortgen", 145, 307, 10, 5], ["dikdortgen", 281, 309, 16, 9], ["daire", 41, 326, 8], ["daire", 344, 135, 5], ["dikdortgen", 58, 173, 17, 6], ["daire", 243, 276, 5], ["daire", 220, 102, 7], ["dikdortgen", 137, 19, 13, 18], ["daire", 334, 339, 14], ["dikdortgen", 392, 134, 8, 17], ["dikdortgen", 76, 329, 16, 14], ["dikdortgen", 211, 33, 8, 8], ["dikdortgen", 325, 117, 17, 15], ["daire", 414, 42, 7], ["daire", 354, 367, 8], ["daire", 289, 239, 8], ["dikdortgen", 361, 263, 6, 16], ["dikdortgen", 303, 315, 6, 5]], "rrt_path": [[442.8850308685107, 198.26190253997135], [438.94265147864536, 198.93839699402483], [419.9083966626581, 201.86239922350893], [415.93856425791523, 202.35273653419742], [397.8867022484168, 205.81515812584865], [380.3304713624781, 215.20492179062722], [370.5641901569701, 218.83105387583655], [355.7653332393043, 230.30508584752445], [342.09889656168133, 237.16012152428672], [328.55627259624646, 243.74379231525583], [319.35586655557404, 259.11474773304263], [310.1345477290252, 274.1333121857641], [311.12867864322305, 279.6224729561977], [303.0639949477529, 294.2261255243953], [297.2833279459731, 298.96158187968524], [281.4201561439757, 297.3818685235717], [283.3873333990074, 295.658451696149], [263.78398264617095, 294.9575993227505], [250.09370796329455, 298.5451300161832], [235.7750785419118, 292.03555581300986], [221.1361195793316, 282.7385060011007], [212.67290215064162, 277.030893074997], [206.14029888154886, 268.6233850602121], [190.5962426122396, 260.4334120266824], [183.3083013428727, 262.1019464257816], [166.12343190627527, 266.34362121259363], [159.21572758372054, 269.1104154025311], [152.44311179201688, 271.7614268524869], [148.44311365357026, 271.76528592279493], [131.45532334890967, 276.03136137832547], [123.84296478670001, 278.0933599888931], [106.3445810531188, 285.7957611481716], [104.29588258890011, 300.3175570322226], [101.6558606480087, 316.7988632011453], [100.262321930677, 335.29578713243643], [98.8393892891309, 346.37793242219846], [89.57605360247958, 354.8488004126247], [77.32999086268794, 367.3328537007366]]}