{"harita_boyut": {"genislik": 304, "yukseklik": 261}, "baslangic": [100.11734607832472, 129.2326646250568], "hedef": [133.30455102588178, 8.944492856659137], "engeller": [["dikdortgen", 39, 19, 11, 18], ["dikdortgen", 149, 212, 16, 6], ["dikdortgen", 77, 173, 8, 15], ["daire", 216, 41, 7], ["dikdortgen", 139, 54, 15, 16], ["daire", 235, 133, 3], ["daire", 159, 242, 14], ["dikdortgen", 90, 54, 10, 17], ["daire", 264, 70, 3], ["daire", 215, 124, 10], ["dikdortgen", 71, 42, 17, 19], ["daire", 120, 163, 14], ["daire", 101, 157, 12], ["dikdortgen", 235, 241, 5, 19], ["daire", 16, 118, 15], ["dikdortgen", 67, 113, 10, 16], ["dikdortgen", 59, 132, 18, 15], ["daire", 276, 22, 8], ["dikdortgen", 196, 236, 12, 19], ["daire", 298, 169, 5], ["daire", 20, 12, 5], ["daire", 122, 178, 13], ["dikdortgen", 116, 117, 6, 13], ["daire", 187, 65, 9], ["daire", 10, 97, 6], ["dikdortgen", 125, 161, 17, 6], ["daire", 54, 221, 6], ["daire", 143, 31, 14], ["daire", 137, 113, 6], ["daire", 14, 73, 8], ["dikdortgen", 120, 85, 14, 6], ["daire", 142, 38, 13], ["dikdortgen", 70, 241, 14, 9], ["daire", 123, 49, 14], ["dikdortgen", 140, 99, 20, 6], ["dikdortgen", 254, 165, 14, 17], ["dikdortgen", 242, 30, 12, 13], ["dikdortgen", 86, 14, 13, 9], ["daire", 152, 244, 4]], "rrt_path": [[100.11734607832472, 129.2326646250568], [113.68783088992672, 139.77719592978082], [129.89596146034907, 141.23660246836263], [144.1992091525557, 144.16001163195145], [157.6152523454558, 148.8676435447065], [175.55835157793624, 140.58724368216426], [178.26110017564184, 137.63848970504097], [189.06478046013063, 124.66366670649626], [202.41773409561782, 111.90150142735756], [199.59500603999228, 111.65793724234369], [196.39675362888576, 101.12686941804857], [197.24472757136897, 82.09399465107305], [202.97917050729848, 68.61585224060121], [205.4278182558582, 61.73167761978038], [192.878038020616, 51.3529039818204], [181.5193666500192, 37.44553133754394], [169.40823745618593, 24.871276956590435], [163.6201594760747, 21.61858595447753], [148.56722136280047, 12.012467009782569], [133.30455102588178, 8.944492856659137]]}