{"harita_boyut": {"genislik": 464, "yukseklik": 275}, "baslangic": [176.4764928884518, 68.182224144749], "hedef": [146.85632604585348, 204.75390345631217], "engeller": [["daire", 23, 76, 10], ["dikdortgen", 59, 85, 9, 18], ["daire", 345, 48, 3], ["daire", 349, 10, 8], ["dikdortgen", 268, 86, 16, 10], ["dikdortgen", 276, 174, 20, 16], ["daire", 120, 262, 3], ["daire", 293, 155, 11], ["daire", 274, 125, 5], ["daire", 297, 6, 5], ["dikdortgen", 339, 45, 6, 14], ["daire", 108, 223, 6], ["dikdortgen", 288, 138, 6, 14], ["dikdortgen", 67, 43, 8, 14], ["dikdortgen", 10, 172, 11, 16], ["daire", 166, 98, 13], ["daire", 303, 238, 4], ["daire", 271, 233, 9], ["dikdortgen", 41, 210, 6, 13], ["dikdortgen", 450, 124, 11, 6], ["dikdortgen", 170, 221, 15, 11], ["daire", 406, 30, 3], ["daire", 166, 165, 13], ["daire", 88, 17, 5], ["dikdortgen", 374, 165, 6, 13], ["dikdortgen", 420, 185, 6, 19], ["dikdortgen", 96, 191, 10, 18], ["dikdortgen", 50, 139, 10, 13], ["dikdortgen", 188, 256, 19, 10], ["dikdortgen", 49, 161, 10, 6], ["daire", 204, 6, 5], ["dikdortgen", 311, 216, 17, 16], ["daire", 358, 232, 11], ["daire", 305, 125, 8], ["daire", 310, 192, 12], ["daire", 226, 16, 12], ["daire", 169, 40, 15], ["daire", 251, 141, 8], ["daire", 92, 18, 8], ["daire", 302, 69, 11], ["daire", 408, 180, 11], ["dikdortgen", 257, 110, 15, 12], ["daire", 207, 141, 10], ["daire", 338, 69, 15], ["daire", 260, 244, 6], ["daire", 65, 79, 6], ["dikdortgen", 249, 236, 10, 18], ["daire", 294, 44, 12], ["dikdortgen", 438, 157, 19, 10], ["daire", 277, 159, 4], ["daire", 342, 172, 13], ["daire", 368, 105, 3], ["daire", 54, 222, 7], ["dikdortgen", 146, 157, 20, 14], ["daire", 100, 253, 11], ["daire", 435, 26, 15], ["dikdortgen", 131, 164, 10, 5], ["dikdortgen", 68, 212, 18, 5], ["daire", 158, 255, 15], ["daire", 286, 151, 4], ["daire", 155, 22, 3], ["dikdortgen", 22, 249, 10, 9], ["daire", 325, 25, 9]], "rrt_path": [[176.4764928884518, 68.182224144749], [168.6919374668451, 65.43499192856532], [150.89015253386938, 63.80439492301644], [146.9990670878076, 64.73146237010221], [130.48665530445922, 67.25577411943091], [118.33288774270108, 82.6345761822277], [110.44134495360971, 95.24993760859898], [105.43529808415984, 101.3251191306329], [95.92672104524256, 116.28022503269908], [88.27024563938063, 132.55657154007275], [85.89574548436278, 135.7755386125698], [76.57522859899844, 152.92031726227188], [78.787367127936, 153.12388709606955], [86.41522989905025, 162.0845194647594], [96.86021447938393, 173.84698313139378], [108.49119769080171, 184.2405236242733], [111.50304271529924, 186.87278302418233], [111.31852783442481, 190.86852504022087], [124.52261711885478, 204.56449721287947], [134.05434366423836, 204.90048855784383], [146.85632604585348, 204.75390345631217]]}