{"harita_boyut": {"genislik": 279, "yukseklik": 349}, "baslangic": [69.74254739370838, 210.0317311536022], "hedef": [199.32237865439157, 246.88836630340288], "engeller": [["dikdortgen", 135, 262, 12, 20], ["dikdortgen", 23, 282, 14, 20], ["dikdortgen", 256, 277, 12, 7], ["daire", 77, 304, 7], ["dikdortgen", 123, 149, 8, 7], ["dikdortgen", 114, 317, 12, 17], ["dikdortgen", 252, 249, 14, 20], ["daire", 196, 117, 12], ["daire", 244, 3, 3], ["daire", 135, 300, 13], ["dikdortgen", 111, 106, 15, 16], ["daire", 235, 14, 14], ["dikdortgen", 213, 328, 5, 20], ["dikdortgen", 33, 54, 12, 12], ["dikdortgen", 220, 13, 14, 14], ["dikdortgen", 97, 193, 16, 5], ["daire", 37, 262, 3], ["dikdortgen", 41, 173, 5, 10], ["daire", 146, 234, 6], ["daire", 159, 252, 8], ["daire", 231, 256, 14], ["daire", 32, 108, 9], ["daire", 205, 323, 9], ["daire", 74, 24, 13], ["daire", 96, 62, 10], ["daire", 75, 59, 7], ["daire", 151, 268, 9], ["daire", 202, 115, 5], ["daire", 224, 17, 10], ["daire", 241, 334, 8], ["dikdortgen", 7, 243, 18, 13], ["daire", 99, 279, 12], ["dikdortgen", 64, 36, 6, 15], ["dikdortgen", 139, 273, 9, 13], ["dikdortgen", 243, 250, 19, 10], ["daire", 101, 209, 9], ["dikdortgen", 195, 87, 16, 15], ["daire", 84, 168, 7], ["daire", 131, 43, 8], ["daire", 88, 81, 10], ["daire", 253, 172, 10], ["daire", 109, 281, 15], ["dikdortgen", 123, 38, 8, 18], ["daire", 152, 295, 11], ["dikdortgen", 8, 226, 11, 6], ["daire", 198, 88, 12], ["dikdortgen", 145, 203, 8, 9], ["daire", 178, 254, 10]], "rrt_path": [[69.74254739370838, 210.0317311536022], [80.81706038249285, 215.7375367358453], [94.86541598834089, 224.97879866737256], [103.70792118134179, 232.24738132976975], [117.82312475234293, 242.011229603659], [121.29689285376944, 243.99439252624293], [122.58257435275624, 240.2528366172008], [124.71835346655219, 225.02522306324957], [142.91173472304564, 220.68724124894035], [155.69229145250728, 226.04603386666594], [172.81534656626516, 233.08933311884303], [189.3031087248965, 240.20895623248649], [199.32237865439157, 246.88836630340288]]}