{"harita_boyut": {"genislik": 320, "yukseklik": 418}, "baslangic": [51.33749837588406, 258.2621701210751], "hedef": [138.85555888507034, 401.94828919728144], "engeller": [["daire", 177, 168, 7], ["dikdortgen", 200, 88, 6, 19], ["daire", 300, 91, 13], ["daire", 303, 230, 10], ["dikdortgen", 204, 381, 6, 8], ["dikdortgen", 102, 325, 13, 19], ["dikdortgen", 135, 232, 18, 19], ["dikdortgen", 61, 124, 12, 20], ["dikdortgen", 253, 201, 12, 16], ["daire", 131, 269, 15], ["daire", 22, 321, 13], ["dikdortgen", 229, 249, 20, 9], ["dikdortgen", 125, 83, 18, 8], ["daire", 176, 205, 5], ["daire", 204, 171, 11], ["dikdortgen", 237, 126, 19, 6], ["dikdortgen", 253, 330, 10, 15], ["daire", 58, 213, 3], ["daire", 125, 122, 3], ["daire", 226, 326, 3], ["dikdortgen", 244, 117, 5, 16], ["dikdortgen", 142, 177, 10, 15], ["dikdortgen", 166, 248, 9, 15], ["dikdortgen", 262, 18, 17, 13], ["dikdortgen", 127, 344, 18, 6], ["dikdortgen", 113, 389, 15, 20], ["dikdortgen", 5, 327, 10, 8], ["daire", 69, 204, 15], ["dikdortgen", 45, 325, 5, 20], ["dikdortgen", 190, 275, 6, 12], ["dikdortgen", 93, 128, 17, 10], ["daire", 100, 227, 11], ["daire", 224, 210, 14], ["daire", 178, 257, 15], ["dikdortgen", 241, 334, 20, 14], ["daire", 239, 229, 8], ["daire", 114, 302, 8], ["dikdortgen", 276, 314, 8, 17], ["daire", 276, 142, 6], ["dikdortgen", 123, 278, 7, 15], ["dikdortgen", 112, 241, 5, 14], ["daire", 294, 402, 6], ["daire", 52, 388, 13], ["dikdortgen", 298, 190, 6, 6], ["dikdortgen", 51, 310, 19, 10], ["dikdortgen", 49, 116, 5, 10], ["dikdortgen", 223, 225, 18, 18], ["dikdortgen", 252, 171, 18, 7], ["dikdortgen", 202, 187, 16, 12], ["dikdortgen", 143, 51, 12, 17], ["daire", 245, 326, 9], ["daire", 143, 61, 6], ["dikdortgen", 192, 304, 9, 10], ["daire", 24, 151, 7], ["daire", 153, 331, 6], ["dikdortgen", 109, 324, 13, 15], ["daire", 52, 149, 5], ["dikdortgen", 49, 344, 19, 13], ["dikdortgen", 284, 42, 5, 15], ["daire", 217, 96, 4], ["daire", 28, 242, 12], ["daire", 102, 350, 4], ["dikdortgen", 208, 372, 6, 20], ["daire", 21, 243, 12], ["daire", 183, 374, 9], ["daire", 282, 83, 6]], "rrt_path": [[51.33749837588406, 258.2621701210751], [55.100808646595034, 252.72189568994662], [68.36272317353018, 240.2710379133557], [80.13688939953697, 225.53683402630338], [86.97820279601102, 216.46179288130477], [97.34987688890764, 207.60509721582818], [111.23393557874617, 204.63403535647922], [122.96372588714176, 206.50375378484063], [141.44508813621772, 211.2506881880661], [152.63120052398472, 214.12702727419492], [163.7953778585071, 217.04138651683175], [178.79808532018941, 227.58946151076947], [185.24202301081468, 231.78328216286388], [196.82814613138112, 239.2221689863626], [207.8253817701644, 253.25259932353174], [212.7192104660572, 267.4309711635809], [213.69168377138968, 285.04457461842384], [224.81039875306897, 301.1718166299742], [225.38655059245747, 305.1301052826585], [226.45840744996786, 305.9127867224507], [222.13583401014517, 312.60307269910874], [209.4013384275398, 322.79407996328183], [202.7717964348799, 321.9729121153392], [183.8402425447764, 322.7123009153923], [172.3591957884271, 337.74053770509806], [156.48922272489884, 349.24424264779657], [143.4444781398017, 363.12455120412847], [142.75248869456405, 367.9302027014695], [139.58063815449134, 387.3954989965249], [138.85555888507034, 401.94828919728144]]}