{"harita_boyut": {"genislik": 391, "yukseklik": 191}, "baslangic": [183.47434595524513, 172.48002610854437], "hedef": [111.72770874969103, 35.1225192047982], "engeller": [["daire", 32, 176, 4], ["dikdortgen", 139, 32, 20, 9], ["daire", 45, 97, 11], ["daire", 342, 39, 15], ["dikdortgen", 143, 152, 11, 12], ["dikdortgen", 68, 68, 8, 18], ["dikdortgen", 222, 133, 14, 20], ["daire", 82, 75, 6], ["daire", 173, 135, 6], ["daire", 106, 100, 8], ["daire", 273, 173, 14], ["daire", 61, 172, 14], ["dikdortgen", 171, 111, 5, 18], ["daire", 132, 99, 11], ["dikdortgen", 1, 38, 6, 7], ["daire", 274, 125, 10], ["dikdortgen", 64, 160, 19, 17], ["daire", 315, 46, 4], ["dikdortgen", 185, 98, 5, 11], ["daire", 340, 100, 5], ["dikdortgen", 107, 127, 10, 16], ["dikdortgen", 231, 158, 11, 17], ["daire", 135, 92, 13], ["dikdortgen", 33, 132, 20, 6], ["dikdortgen", 350, 83, 18, 16], ["dikdortgen", 364, 111, 11, 9], ["daire", 22, 32, 7], ["dikdortgen", 62, 98, 7, 14], ["daire", 43, 72, 4], ["daire", 333, 168, 11], ["dikdortgen", 21, 79, 12, 19], ["dikdortgen", 204, 43, 9, 8], ["daire", 108, 59, 9], ["dikdortgen", 363, 95, 13, 11], ["dikdortgen", 344, 161, 16, 7], ["daire", 359, 12, 4], ["daire", 274, 119, 13]], "rrt_path": [[183.47434595524513, 172.48002610854437], [190.9168989163709, 161.28516542684807], [203.26091867441838, 146.6259413046849], [213.87996353082295, 131.60181211024334], [219.20763143068794, 125.64456300214377], [233.82509743098365, 117.56335973425952], [238.2003715927757, 114.867801117951], [251.8668686382125, 107.4962242546488], [265.485460969512, 100.33046948487632], [277.96466448555736, 92.97463382912883], [280.367661062675, 94.39216928373253], [272.2017065848767, 78.82884319433909], [266.17381078885643, 73.61021223265193], [247.9372323472026, 71.1079176896852], [240.55840187679775, 74.08607626815403], [220.78938476716644, 75.0375362710006], [203.10902776227502, 68.04374941251528], [186.67600615444937, 63.144098817810516], [169.48665486507898, 57.50482224561152], [151.58844100968412, 51.716729865230484], [133.80546519018054, 45.96776895134442], [124.19760891454189, 41.922865146301454], [111.72770874969103, 35.1225192047982]]}