{"harita_boyut": {"genislik": 149, "yukseklik": 253}, "baslangic": [97.66344054964357, 216.03080795649467], "hedef": [135.33417695407294, 50.86991230715725], "engeller": [["dikdortgen", 89, 173, 17, 15], ["dikdortgen", 34, 15, 16, 20], ["daire", 89, 168, 13], ["dikdortgen", 133, 201, 7, 20], ["daire", 56, 115, 5], ["dikdortgen", 122, 171, 7, 9], ["dikdortgen", 43, 208, 16, 13], ["daire", 88, 188, 5], ["daire", 98, 156, 14], ["daire", 87, 203, 5], ["daire", 115, 133, 4], ["dikdortgen", 75, 198, 10, 7], ["daire", 102, 238, 12], ["daire", 40, 19, 13], ["daire", 65, 156, 7], ["daire", 90, 231, 8], ["daire", 37, 193, 12], ["dikdortgen", 70, 156, 12, 13]], "rrt_path": [[97.66344054964357, 216.03080795649467], [102.70063222617048, 203.74682855383136], [118.66357727575509, 192.18415003094626], [115.87640343652178, 191.43014366228988], [112.65565346456829, 181.31806113103977], [117.41784952397148, 163.81994844970293], [119.68897417219247, 156.15771133680644], [112.08679656671075, 141.95188235422444], [108.63200886745864, 139.93583623543245], [104.56197104446954, 133.09553255727602], [106.25467171167404, 122.84960459716876], [111.8029765754652, 104.2645118299746], [117.30011727332477, 90.14400712842082], [119.8778504599925, 83.98499067406783], [126.63255068094448, 67.16752991702508], [135.33417695407294, 50.86991230715725]]}