{"harita_boyut": {"genislik": 170, "yukseklik": 127}, "baslangic": [15.715035964052184, 57.86559195951377], "hedef": [161.11740311339022, 81.73615460487787], "engeller": [["daire", 101, 117, 6], ["dikdortgen", 39, 86, 7, 8], ["dikdortgen", 72, 8, 8, 18], ["daire", 149, 29, 6], ["dikdortgen", 134, 49, 18, 7], ["daire", 73, 73, 6], ["daire", 153, 28, 11], ["dikdortgen", 59, 77, 17, 20], ["dikdortgen", 89, 54, 17, 8], ["dikdortgen", 65, 52, 11, 14]], "rrt_path": [[15.715035964052184, 57.86559195951377], [25.420620732165723, 55.85171064855148], [43.078207445151236, 51.63081569176278], [51.18542693674828, 48.566057116355566], [63.72509806366994, 34.38047512309033], [66.65843077341292, 34.29915350374745], [81.51256418098893, 44.94570350485025], [81.88252581408426, 48.928557806734446], [83.10710087360457, 67.6318147207559], [99.29609274564449, 69.10719541505347], [112.34150269700355, 72.40623234247775], [116.17651489866115, 73.08147175263116], [134.70747497960554, 72.62162138944119], [150.70692340056866, 77.02999620068496], [161.11740311339022, 81.73615460487787]]}