{"harita_boyut": {"genislik": 256, "yukseklik": 425}, "baslangic": [126.31424064696478, 60.385974418430564], "hedef": [122.28362759680347, 351.09060020361693], "engeller": [["dikdortgen", 168, 39, 15, 17], ["daire", 173, 123, 8], ["daire", 61, 162, 14], ["daire", 72, 189, 4], ["dikdortgen", 242, 253, 6, 5], ["daire", 60, 182, 8], ["daire", 120, 20, 10], ["dikdortgen", 125, 400, 16, 14], ["daire", 29, 35, 14], ["daire", 63, 143, 5], ["dikdortgen", 12, 75, 11, 10], ["daire", 190, 244, 15], ["dikdortgen", 245, 402, 5, 12], ["daire", 200, 323, 10], ["daire", 143, 354, 14], ["daire", 33, 25, 12], ["dikdortgen", 100, 288, 17, 11], ["daire", 99, 414, 3], ["daire", 184, 220, 3], ["daire", 100, 191, 11], ["daire", 145, 219, 14], ["daire", 182, 234, 6], ["daire", 175, 358, 10], ["daire", 189, 24, 15], ["dikdortgen", 7, 293, 9, 11], ["dikdortgen", 74, 18, 20, 7], ["dikdortgen", 215, 276, 13, 11], ["dikdortgen", 246, 332, 10, 15], ["dikdortgen", 57, 52, 19, 16], ["daire", 81, 397, 14], ["dikdortgen", 75, 145, 5, 20], ["daire", 44, 393, 6], ["dikdortgen", 47, 264, 10, 13], ["dikdortgen", 95, 168, 12, 13], ["daire", 157, 237, 15], ["daire", 233, 73, 9], ["daire", 91, 191, 7], ["daire", 219, 288, 14], ["daire", 211, 111, 3], ["daire", 147, 169, 14], ["dikdortgen", 84, 291, 17, 6], ["dikdortgen", 37, 373, 20, 15], ["dikdortgen", 19, 96, 8, 9], ["daire", 195, 176, 15], ["dikdortgen", 21, 40, 10, 9], ["dikdortgen", 43, 390, 15, 16], ["dikdortgen", 187, 31, 19, 7], ["daire", 184, 228, 8], ["dikdortgen", 235, 304, 14, 8], ["daire", 90, 100, 15], ["dikdortgen", 8, 8, 13, 8], ["daire", 191, 138, 5], ["dikdortgen", 104, 112, 8, 13], ["dikdortgen", 138, 356, 6, 20]], "rrt_path": [[126.31424064696478, 60.385974418430564], [127.79205903498239, 79.4897487565158], [125.79561144946825, 95.91115325734648], [124.7667601392987, 103.63254443798641], [123.03095397630119, 119.449602500138], [121.55115664012689, 138.9537142392806], [117.98073156057102, 158.30227873397274], [117.57057092624741, 164.48669986107586], [123.05876792762847, 181.67768487957], [115.04778422455986, 198.6939521563587], [104.28632843210102, 213.24169495825652], [96.69864117155228, 215.08974010460312], [81.52678390762907, 225.93707008055668], [78.34397785561498, 226.39840021834524], [76.07142880397474, 236.9443400862005], [74.74020895076073, 248.6831539601761], [72.72624228106386, 262.40509593715745], [69.30860158107305, 278.66991252351147], [67.12714286443034, 288.46100556971584], [67.75270678630461, 301.7818814450731], [72.9033054091815, 319.6240150385421], [79.41462051906461, 322.9461067553302], [97.09100114826408, 330.07772551424426], [112.44358889025492, 342.3188019310462], [122.28362759680347, 351.09060020361693]]}