{"harita_boyut": {"genislik": 237, "yukseklik": 140}, "baslangic": [159.60839501495826, 117.87962576949626], "hedef": [213.69185913298924, 33.4660198606515], "engeller": [["daire", 171, 13, 12], ["daire", 200, 113, 8], ["daire", 172, 72, 9], ["dikdortgen", 20, 25, 20, 18], ["daire", 178, 54, 10], ["dikdortgen", 22, 93, 19, 9], ["dikdortgen", 3, 53, 8, 20], ["dikdortgen", 85, 122, 18, 11], ["daire", 97, 104, 14], ["daire", 11, 92, 10], ["daire", 105, 31, 12], ["daire", 72, 112, 9], ["daire", 219, 94, 10], ["daire", 219, 109, 8], ["dikdortgen", 5, 92, 7, 7], ["daire", 47, 14, 8]], "rrt_path": [[159.60839501495826, 117.87962576949626], [146.20824663955253, 109.92616527435645], [130.0095165976308, 99.74079687385442], [121.60485574008557, 88.03832853608236], [111.5628030504451, 71.16780579514318], [100.46140267995963, 57.92107480242357], [103.52630344249665, 57.54049047739656], [119.60616610898974, 48.629131187401406], [126.60276782030269, 46.910418955324594], [145.93079122022493, 43.90698335568785], [163.7790624151668, 41.77724545176165], [175.19394610654166, 38.74168385497837], [186.05689944705125, 36.60032764401093], [200.64525224864272, 42.52251412721808], [213.69185913298924, 33.4660198606515]]}