{"harita_boyut": {"genislik": 315, "yukseklik": 492}, "baslangic": [205.84410197942782, 440.5418067974537], "hedef": [130.00842081992363, 220.593436082855], "engeller": [["daire", 128, 315, 13], ["daire", 251, 62, 14], ["dikdortgen", 68, 219, 19, 6], ["daire", 7, 194, 6], ["dikdortgen", 86, 235, 16, 9], ["daire", 97, 76, 13], ["daire", 158, 215, 3], ["daire", 300, 385, 3], ["daire", 5, 289, 5], ["daire", 176, 241, 4], ["daire", 221, 332, 14], ["daire", 286, 103, 15], ["dikdortgen", 155, 181, 14, 5], ["daire", 218, 388, 10], ["dikdortgen", 38, 442, 13, 8], ["dikdortgen", 26, 315, 11, 17], ["daire", 86, 73, 4], ["daire", 304, 392, 4], ["daire", 57, 146, 10], ["daire", 189, 364, 5], ["daire", 291, 214, 7], ["daire", 271, 192, 6], ["daire", 162, 257, 3], ["daire", 113, 339, 14], ["dikdortgen", 296, 93, 12, 12], ["dikdortgen", 13, 190, 6, 10], ["daire", 173, 440, 15], ["dikdortgen", 202, 132, 18, 13], ["daire", 190, 5, 5], ["dikdortgen", 282, 82, 12, 19], ["dikdortgen", 183, 415, 6, 15], ["dikdortgen", 254, 444, 6, 9], ["dikdortgen", 282, 291, 14, 17], ["dikdortgen", 127, 72, 13, 16], ["daire", 218, 408, 14], ["dikdortgen", 27, 462, 9, 7], ["dikdortgen", 292, 445, 9, 10], ["dikdortgen", 167, 137, 18, 12], ["daire", 250, 196, 5], ["dikdortgen", 140, 176, 16, 15], ["dikdortgen", 113, 87, 17, 9], ["daire", 99, 206, 7], ["dikdortgen", 96, 29, 10, 6], ["dikdortgen", 61, 441, 16, 6], ["daire", 123, 67, 8], ["dikdortgen", 74, 295, 18, 9], ["daire", 76, 82, 11], ["dikdortgen", 23, 136, 18, 6], ["dikdortgen", 5, 150, 16, 17], ["dikdortgen", 205, 334, 6, 14], ["dikdortgen", 189, 331, 5, 17], ["daire", 6, 142, 3], ["dikdortgen", 54, 20, 5, 15], ["dikdortgen", 8, 476, 16, 8], ["daire", 172, 234, 12], ["dikdortgen", 292, 56, 9, 8], ["dikdortgen", 179, 259, 11, 10], ["daire", 10, 331, 3], ["daire", 215, 133, 13], ["daire", 41, 469, 6], ["daire", 63, 188, 5], ["dikdortgen", 1, 470, 18, 19], ["daire", 303, 166, 11], ["dikdortgen", 217, 348, 13, 13], ["dikdortgen", 234, 231, 7, 16], ["dikdortgen", 176, 31, 10, 10], ["dikdortgen", 247, 192, 12, 17], ["daire", 36, 292, 15], ["daire", 134, 72, 7], ["dikdortgen", 223, 441, 12, 19], ["daire", 34, 303, 12], ["daire", 234, 159, 15], ["dikdortgen", 163, 40, 7, 18], ["daire", 83, 419, 7], ["dikdortgen", 54, 76, 18, 12], ["dikdortgen", 159, 270, 5, 18], ["dikdortgen", 265, 1, 12, 16]], "rrt_path": [[205.84410197942782, 440.5418067974537], [202.32053172966718, 425.5823852325168], [199.76677825414484, 414.2034521093384], [196.21642584217943, 404.203617605446], [182.36524112339336, 389.9881583445058], [175.09409815826828, 386.68253019297975], [158.4479940275427, 377.3463390957246], [157.8365884320076, 373.65582779838826], [168.33602728721925, 366.0395281899065], [177.86156542240937, 352.0046809350708], [177.42235006222214, 341.6750693291956], [173.11180585411122, 326.0859172557156], [167.50684822221788, 311.86197268478384], [158.88986377630678, 299.896871910083], [149.14088761600163, 286.37538513554847], [146.14586377667987, 268.3247602651985], [142.4839139201752, 253.64955829115064], [131.1281345206664, 238.1444172916921], [130.00842081992363, 220.593436082855]]}