{"harita_boyut": {"genislik": 233, "yukseklik": 247}, "baslangic": [164.36707499816782, 68.92497187176056], "hedef": [57.664470437616174, 219.39039207597526], "engeller": [["dikdortgen", 138, 173, 13, 15], ["daire", 177, 170, 13], ["daire", 65, 194, 10], ["dikdortgen", 41, 201, 8, 10], ["dikdortgen", 140, 58, 7, 5], ["dikdortgen", 105, 17, 12, 20], ["dikdortgen", 7, 205, 15, 11], ["daire", 144, 54, 15], ["daire", 118, 99, 6], ["daire", 50, 26, 11], ["daire", 58, 184, 14], ["daire", 74, 168, 14], ["dikdortgen", 81, 89, 16, 12], ["daire", 70, 165, 13], ["daire", 179, 150, 15], ["daire", 78, 96, 15], ["daire", 203, 11, 5], ["daire", 200, 120, 7], ["dikdortgen", 152, 99, 6, 10], ["daire", 173, 228, 6], ["dikdortgen", 160, 124, 11, 6], ["daire", 51, 131, 3], ["daire", 199, 219, 13], ["dikdortgen", 98, 38, 9, 11], ["daire", 72, 172, 12], ["dikdortgen", 130, 13, 7, 16], ["daire", 202, 172, 14], ["dikdortgen", 128, 86, 6, 12]], "rrt_path": [[164.36707499816782, 68.92497187176056], [157.35370328407902, 78.494996637087], [147.55243826743492, 91.7076075286146], [140.76610502175492, 108.03894249115997], [137.01705474863058, 124.15244446977147], [136.39136001183712, 130.50152630881365], [132.9549527853262, 147.47937213666654], [119.80934347867615, 161.73831655983682], [114.58478945112711, 167.79621723638854], [115.81148427886706, 169.6329058973155], [105.45714878028102, 184.86199240575792], [106.0510088894847, 188.81766304051715], [95.16051872335974, 202.6782187779841], [80.64084324601843, 205.46111610028163], [72.72559607671435, 207.12079815824154], [57.664470437616174, 219.39039207597526]]}