{"harita_boyut": {"genislik": 480, "yukseklik": 180}, "baslangic": [437.2933257771678, 102.43399544134913], "hedef": [224.17863164174372, 43.13635595047904], "engeller": [["daire", 426, 62, 13], ["dikdortgen", 393, 27, 6, 14], ["daire", 371, 82, 9], ["daire", 315, 54, 12], ["daire", 53, 17, 15], ["daire", 367, 46, 9], ["daire", 13, 57, 6], ["dikdortgen", 260, 60, 16, 11], ["dikdortgen", 281, 109, 16, 8], ["dikdortgen", 427, 123, 12, 18], ["daire", 118, 22, 4], ["daire", 54, 27, 15], ["dikdortgen", 48, 142, 14, 9], ["daire", 34, 41, 8], ["dikdortgen", 47, 99, 10, 5], ["dikdortgen", 464, 31, 9, 13], ["dikdortgen", 89, 118, 17, 14], ["dikdortgen", 166, 103, 13, 18], ["dikdortgen", 186, 112, 11, 6], ["dikdortgen", 347, 172, 19, 6], ["dikdortgen", 30, 52, 11, 20], ["daire", 270, 104, 6], ["dikdortgen", 433, 32, 8, 20], ["daire", 30, 46, 3], ["dikdortgen", 371, 145, 6, 14], ["dikdortgen", 206, 169, 7, 11], ["dikdortgen", 154, 158, 13, 18], ["daire", 247, 88, 9], ["daire", 358, 13, 10], ["dikdortgen", 242, 43, 20, 8], ["dikdortgen", 91, 3, 8, 12], ["dikdortgen", 79, 27, 16, 10], ["dikdortgen", 74, 73, 17, 16], ["dikdortgen", 191, 140, 8, 8], ["daire", 178, 107, 15], ["daire", 178, 136, 15], ["dikdortgen", 331, 102, 13, 5], ["dikdortgen", 75, 138, 13, 5], ["daire", 194, 56, 9], ["dikdortgen", 146, 114, 13, 19], ["dikdortgen", 282, 126, 7, 18], ["dikdortgen", 429, 51, 10, 20], ["daire", 116, 91, 3]], "rrt_path": [[437.2933257771678, 102.43399544134913], [425.60621646900375, 100.80723370710736], [407.37673358462257, 97.80389536976696], [391.99332530580324, 94.39079450513847], [372.99461439883896, 97.27645868938889], [362.27934072320585, 95.78224824580487], [343.22021361596734, 93.48905694182228], [325.9373764634556, 93.22817456876669], [320.490924077707, 93.38220328590099], [304.5805022259358, 96.227992023481], [290.3134336241697, 100.99808532991143], [274.3753362328481, 93.10974722852826], [266.3910001924454, 92.74711506484175], [257.09151750920563, 98.57006680900336], [249.2449170224476, 103.05012243687317], [234.51398481307666, 100.03879441578847], [217.40152805573953, 96.57244065356282], [213.52025115690049, 95.60513013747284], [196.31254337120615, 94.49403435996715], [193.94009928438504, 94.68920294683319], [192.94244245761746, 90.81561535185047], [200.11655082600214, 72.3029039994582], [208.42713138900461, 60.286004418004374], [220.73075143823854, 45.16419275413881], [224.17863164174372, 43.13635595047904]]}