{"harita_boyut": {"genislik": 107, "yukseklik": 289}, "baslangic": [82.66030783589443, 262.5108999940251], "hedef": [11.363937277846986, 5.636238267335235], "engeller": [["dikdortgen", 80, 190, 7, 8], ["dikdortgen", 19, 256, 7, 10], ["dikdortgen", 73, 92, 8, 19], ["dikdortgen", 35, 70, 13, 19], ["dikdortgen", 25, 270, 9, 16], ["daire", 44, 181, 9], ["dikdortgen", 46, 108, 13, 6], ["daire", 83, 67, 10], ["dikdortgen", 43, 145, 8, 18], ["daire", 85, 222, 14], ["dikdortgen", 91, 42, 6, 14], ["daire", 30, 74, 12], ["dikdortgen", 21, 130, 19, 17], ["dikdortgen", 43, 61, 14, 6], ["daire", 63, 88, 7]], "rrt_path": [[82.66030783589443, 262.5108999940251], [77.0190941175942, 249.7898839932583], [71.28255592759595, 237.03247137434207], [66.63331907720999, 230.62191106652497], [66.2159266874437, 226.64374772234652], [63.27037711243924, 209.29117712717024], [60.52298615941548, 195.63342281837188], [59.64473043984462, 178.57684911074955], [59.431343733405306, 164.2017905775732], [58.57044534681917, 145.10057683052403], [53.63334560623759, 127.10331639925569], [44.88721943846941, 120.77346088950486], [34.408203373565726, 116.9783482397451], [28.855609500345587, 108.49087924367775], [16.98734813425072, 95.56395711300485], [15.896226617352502, 96.06099653189446], [14.10603139378092, 88.27781396394214], [12.729678888151183, 72.40778377045996], [15.528780402444522, 57.21862351582544], [14.706763121667606, 43.26098411849986], [15.467872686909345, 23.28005963076102], [11.363937277846986, 5.636238267335235]]}