{"harita_boyut": {"genislik": 222, "yukseklik": 264}, "baslangic": [80.861482322703, 19.12081785428556], "hedef": [125.4903603324653, 239.982993703424], "engeller": [["dikdortgen", 162, 89, 16, 14], ["daire", 113, 177, 6], ["dikdortgen", 177, 33, 5, 7], ["dikdortgen", 186, 162, 8, 20], ["dikdortgen", 45, 154, 11, 8], ["dikdortgen", 109, 60, 11, 12], ["dikdortgen", 71, 135, 15, 7], ["dikdortgen", 104, 14, 20, 17], ["daire", 105, 20, 14], ["dikdortgen", 183, 188, 19, 16], ["dikdortgen", 136, 163, 14, 13], ["dikdortgen", 135, 244, 12, 16], ["daire", 125, 123, 15], ["daire", 41, 242, 9], ["daire", 30, 34, 12], ["daire", 24, 196, 4], ["dikdortgen", 147, 79, 19, 6], ["daire", 48, 206, 12], ["daire", 209, 194, 3], ["daire", 141, 33, 3], ["daire", 12, 28, 12], ["daire", 39, 159, 13], ["daire", 188, 190, 7], ["daire", 211, 188, 9], ["dikdortgen", 109, 164, 14, 13], ["daire", 213, 120, 8], ["daire", 60, 154, 7], ["daire", 120, 167, 14], ["daire", 152, 98, 14]], "rrt_path": [[80.861482322703, 19.12081785428556], [82.286750019315, 37.128342695619075], [83.83944694576218, 54.95158127970795], [88.32543194188796, 69.23472290624551], [90.18685694209593, 87.56991650137462], [91.40204054805767, 101.85576431999486], [94.64564048183776, 120.24015042169454], [105.14009704304071, 125.50194086297438], [104.01900042513304, 129.03414914415904], [103.71064995282002, 139.12682507029263], [100.97144066900613, 156.57277635465948], [100.435502662116, 174.68312513756908], [102.81015780788827, 181.98248650063277], [107.64328449351733, 188.98249543117583], [115.2595140881815, 203.6703698159189], [123.71437780071531, 220.57895128027008], [125.4903603324653, 239.982993703424]]}