{"harita_boyut": {"genislik": 378, "yukseklik": 492}, "baslangic": [208.11053011249925, 228.27268468861206], "hedef": [314.81758166591607, 321.14023085949515], "engeller": [["daire", 325, 428, 6], ["daire", 203, 411, 8], ["dikdortgen", 157, 463, 9, 19], ["daire", 128, 65, 5], ["dikdortgen", 14, 383, 5, 6], ["dikdortgen", 313, 111, 17, 6], ["dikdortgen", 333, 141, 16, 13], ["dikdortgen", 88, 36, 20, 5], ["dikdortgen", 118, 356, 13, 12], ["dikdortgen", 255, 325, 7, 14], ["dikdortgen", 139, 470, 11, 19], ["daire", 342, 160, 4], ["daire", 134, 47, 15], ["dikdortgen", 52, 147, 9, 19], ["dikdortgen", 125, 461, 15, 12], ["daire", 149, 482, 6], ["daire", 195, 197, 14], ["dikdortgen", 138, 440, 8, 17], ["daire", 132, 82, 8], ["daire", 211, 465, 12], ["dikdortgen", 62, 19, 19, 14], ["dikdortgen", 210, 298, 20, 10], ["dikdortgen", 51, 356, 9, 13], ["dikdortgen", 80, 321, 20, 18], ["daire", 260, 146, 11], ["dikdortgen", 60, 316, 17, 5], ["dikdortgen", 171, 436, 16, 10], ["dikdortgen", 100, 354, 6, 11], ["daire", 95, 482, 4], ["dikdortgen", 186, 361, 20, 5], ["daire", 61, 354, 11], ["dikdortgen", 90, 419, 13, 10], ["daire", 36, 126, 12], ["daire", 52, 61, 5], ["daire", 319, 407, 8], ["dikdortgen", 166, 14, 9, 8], ["dikdortgen", 54, 468, 7, 8], ["daire", 261, 76, 12], ["dikdortgen", 106, 44, 17, 20], ["dikdortgen", 161, 29, 12, 17], ["daire", 157, 6, 6], ["dikdortgen", 172, 34, 8, 16], ["daire", 39, 448, 8], ["dikdortgen", 235, 79, 9, 17], ["dikdortgen", 25, 240, 9, 10], ["dikdortgen", 40, 323, 19, 10], ["daire", 318, 148, 15], ["dikdortgen", 112, 131, 18, 15], ["daire", 246, 399, 12], ["daire", 159, 221, 8], ["dikdortgen", 153, 472, 16, 8], ["dikdortgen", 284, 413, 17, 5], ["daire", 185, 139, 12], ["daire", 152, 30, 12], ["dikdortgen", 127, 159, 8, 20], ["dikdortgen", 157, 340, 13, 12], ["daire", 81, 455, 6], ["daire", 113, 166, 14], ["dikdortgen", 324, 11, 20, 8], ["dikdortgen", 12, 400, 18, 6], ["daire", 252, 136, 8], ["dikdortgen", 283, 256, 20, 15], ["dikdortgen", 122, 201, 19, 20], ["daire", 132, 392, 8], ["daire", 275, 324, 9], ["dikdortgen", 350, 169, 11, 7], ["daire", 191, 190, 4], ["daire", 141, 358, 9], ["daire", 311, 472, 9], ["daire", 363, 425, 13], ["daire", 85, 53, 12], ["daire", 41, 46, 14], ["dikdortgen", 108, 66, 7, 8], ["dikdortgen", 339, 42, 15, 6], ["dikdortgen", 315, 186, 10, 14], ["dikdortgen", 114, 362, 13, 8], ["daire", 18, 377, 14], ["daire", 281, 161, 10], ["dikdortgen", 19, 381, 14, 20], ["daire", 362, 420, 15], ["dikdortgen", 27, 45, 19, 11], ["dikdortgen", 139, 369, 12, 20], ["dikdortgen", 2, 280, 6, 11], ["daire", 167, 430, 6], ["daire", 296, 433, 13], ["daire", 274, 14, 3], ["dikdortgen", 275, 184, 9, 7], ["daire", 28, 443, 12], ["daire", 46, 449, 8], ["dikdortgen", 350, 18, 9, 17], ["dikdortgen", 338, 222, 8, 9], ["dikdortgen", 127, 463, 6, 6]], "rrt_path": [[208.11053011249925, 228.27268468861206], [203.66690714378515, 237.07431609790407], [197.1676609078649, 250.21478466496828], [197.7223962041129, 268.331607627098], [204.1661517703762, 278.3812299004941], [215.2029131511618, 292.61789083653804], [218.13658789101794, 289.9065811121673], [225.8933739883693, 281.13457856480426], [243.07114737443848, 285.12389202411447], [258.29203379286156, 289.2410832712243], [273.52349404804113, 297.87230992939516], [287.71797093228963, 307.5906728315366], [299.773792782798, 318.86679242496695], [314.81758166591607, 321.14023085949515]]}