{"harita_boyut": {"genislik": 428, "yukseklik": 452}, "baslangic": [255.53243954668437, 307.96367413549183], "hedef": [331.5033471162256, 432.0513090470293], "engeller": [["daire", 175, 120, 12], ["daire", 385, 312, 11], ["daire", 121, 440, 10], ["daire", 408, 151, 13], ["daire", 185, 240, 15], ["dikdortgen", 370, 265, 5, 12], ["daire", 78, 187, 6], ["daire", 408, 154, 5], ["daire", 394, 201, 9], ["dikdortgen", 398, 369, 16, 10], ["dikdortgen", 140, 154, 7, 19], ["dikdortgen", 70, 156, 10, 18], ["dikdortgen", 353, 310, 18, 5], ["dikdortgen", 41, 248, 5, 10], ["dikdortgen", 136, 195, 18, 16], ["daire", 121, 11, 11], ["daire", 163, 142, 4], ["dikdortgen", 224, 313, 14, 19], ["dikdortgen", 313, 210, 7, 15], ["daire", 295, 408, 10], ["daire", 422, 169, 3], ["daire", 167, 394, 10], ["daire", 280, 185, 6], ["daire", 181, 308, 14], ["daire", 289, 227, 14], ["dikdortgen", 299, 280, 7, 9], ["daire", 18, 208, 4], ["dikdortgen", 123, 27, 18, 11], ["dikdortgen", 174, 422, 9, 13], ["daire", 25, 196, 5], ["daire", 34, 93, 12], ["daire", 420, 12, 3], ["daire", 280, 267, 8], ["daire", 40, 257, 11], ["dikdortgen", 58, 214, 6, 12], ["dikdortgen", 15, 5, 12, 12], ["dikdortgen", 60, 92, 11, 19], ["daire", 75, 267, 3], ["daire", 419, 363, 6], ["daire", 28, 115, 8], ["dikdortgen", 224, 15, 7, 10], ["daire", 127, 252, 10], ["daire", 168, 364, 10], ["dikdortgen", 70, 362, 13, 19], ["daire", 142, 118, 7], ["dikdortgen", 313, 138, 5, 12], ["daire", 277, 393, 11], ["dikdortgen", 171, 307, 7, 16], ["daire", 113, 296, 13], ["dikdortgen", 129, 162, 15, 17], ["dikdortgen", 308, 367, 13, 9], ["dikdortgen", 204, 151, 15, 15], ["dikdortgen", 160, 38, 5, 11], ["dikdortgen", 415, 337, 5, 8], ["daire", 70, 242, 15], ["dikdortgen", 277, 421, 10, 11], ["daire", 233, 188, 5], ["dikdortgen", 389, 302, 12, 6], ["dikdortgen", 408, 279, 19, 18], ["dikdortgen", 34, 159, 18, 18], ["dikdortgen", 299, 395, 8, 20], ["daire", 55, 278, 8], ["daire", 152, 408, 4], ["dikdortgen", 2, 281, 13, 15], ["dikdortgen", 59, 74, 15, 18], ["dikdortgen", 356, 341, 18, 19], ["dikdortgen", 146, 248, 8, 20], ["dikdortgen", 151, 50, 7, 14], ["daire", 172, 190, 10], ["dikdortgen", 316, 437, 7, 9], ["daire", 69, 424, 12], ["dikdortgen", 351, 18, 11, 6], ["dikdortgen", 43, 70, 18, 13], ["daire", 199, 284, 5], ["daire", 337, 76, 8], ["dikdortgen", 305, 181, 7, 8], ["daire", 104, 417, 9], ["dikdortgen", 47, 116, 17, 17], ["daire", 372, 321, 7], ["dikdortgen", 37, 56, 16, 10], ["daire", 352, 411, 14], ["daire", 123, 315, 12], ["daire", 72, 135, 6], ["daire", 49, 149, 6], ["dikdortgen", 400, 58, 10, 17], ["dikdortgen", 110, 205, 11, 18], ["dikdortgen", 63, 5, 16, 11], ["daire", 416, 162, 11], ["daire", 77, 435, 6], ["daire", 79, 129, 6], ["daire", 203, 299, 14], ["dikdortgen", 383, 35, 18, 17], ["daire", 289, 280, 12], ["daire", 280, 371, 7], ["dikdortgen", 367, 65, 11, 12], ["daire", 176, 185, 6]], "rrt_path": [[255.53243954668437, 307.96367413549183], [254.44561320789623, 290.39623712154884], [261.3240633365697, 280.58980951340993], [263.9317557128758, 281.9749773615798], [275.8499748425832, 294.83483953209134], [285.33382078341, 305.1737920873934], [289.1610082565787, 324.39694254138476], [290.4989776219209, 331.23165481205365], [293.58353030275305, 348.51195176538766], [295.2563646152603, 358.329283235329], [300.2087527636273, 375.25044162389014], [304.46103195361, 384.3131292597078], [311.79088271493407, 387.5125599183897], [321.37293100331556, 403.60568957342724], [324.8163118673944, 414.27861092215454], [331.5033471162256, 432.0513090470293]]}