{"harita_boyut": {"genislik": 181, "yukseklik": 172}, "baslangic": [64.98671763186974, 57.67390682994588], "hedef": [171.03434459166425, 62.92899753846583], "engeller": [["daire", 166, 82, 4], ["daire", 77, 69, 4], ["daire", 49, 146, 3], ["daire", 44, 32, 6], ["dikdortgen", 86, 5, 15, 18], ["daire", 69, 33, 6], ["daire", 128, 120, 11], ["daire", 150, 100, 5], ["daire", 87, 95, 8], ["dikdortgen", 138, 87, 6, 18], ["daire", 147, 116, 13], ["daire", 12, 128, 11], ["daire", 18, 105, 8], ["daire", 78, 145, 8], ["dikdortgen", 25, 28, 16, 14]], "rrt_path": [[64.98671763186975, 57.673906829945885], [65.35573510477997, 57.48309380897917], [65.73444775070895, 57.29485482089461], [66.12285556965672, 57.10918986569222], [66.52095856162329, 56.926098943372004], [66.92875672660863, 56.745582053933944], [67.34625006461278, 56.56763919737808], [67.7734385756357, 56.39227037370436], [68.2103222596774, 56.219475582912814], [68.6569011167379, 56.04925482500344], [69.11317514681718, 55.88160809997624], [69.57914434991524, 55.71653540783119], [70.05480872603209, 55.55403674856833], [70.54016827516774, 55.39411212218763], [71.03522299732215, 55.23676152868909], [71.53997289249536, 55.08198496807272], [72.05441796068736, 54.92978244033853], [72.57855820189813, 54.78015394548649], [73.11239361612769, 54.63309948351663], [73.65592420337606, 54.48861905442893], [74.20914996364318, 54.34671265822341], [74.77207089692911, 54.20738029490005], [75.34468700323382, 54.07062196445886], [75.9269982825573, 53.93643766689984], [76.5190047348996, 53.80482740222299], [77.12070636026066, 53.675791170428305], [77.73210315864053, 53.5493289715158], [78.35319513003915, 53.425440805485444], [78.98398227445658, 53.30412667233727], [79.62446459189277, 53.18538657207125], [80.27464208234777, 53.06922050468741], [80.93451474582156, 52.95562847018574], [81.60408258231413, 52.84461046856624], [82.28334559182548, 52.7361664998289], [82.97230377435561, 52.63029656397373], [83.67095712990454, 52.52700066100073], [84.37930565847225, 52.4262787909099], [85.09734936005876, 52.32813095370123], [85.82508823466404, 52.23255714937474], [86.5625222822881, 52.1395573779304], [87.30965150293096, 52.04913163936825], [88.06647589659258, 51.96127993368826], [88.83277959238114, 51.876103761633516], [89.57529196095076, 51.809246703365154], [90.27005492575056, 51.77197365222606], [90.91706848678048, 51.764284608216194], [91.51633264404053, 51.78617957133557], [92.06784739753076, 51.837658541584226], [92.5716127472511, 51.918721518962116], [93.02762869320159, 52.02936850346924], [93.43589523538223, 52.16959949510564], [93.79641237379302, 52.33941449387127], [94.10918010843393, 52.53881349976616], [94.374198439305, 52.76779651279029], [94.59146736640623, 53.02636353294368], [94.76098688973758, 53.31451456022631], [94.88275700929908, 53.632249594638196], [94.95677772509075, 53.97956863617932], [94.98304903711254, 54.356471684849716], [94.96157094536449, 54.76295874064935], [94.89234344984656, 55.19902980357824], [94.7753665505588, 55.664684873636375], [94.61064024750118, 56.15992395082375], [94.4463648533448, 56.64973573971141], [94.35445798317517, 57.08188139103115], [94.33560734299644, 57.45586137528317], [94.38981293280861, 57.77167569246747], [94.51707475261173, 58.02932434258405], [94.71739280240571, 58.22880732563287], [94.99076708219062, 58.37012464161399], [95.33719759196642, 58.45327629052737], [95.75668433173315, 58.47826227237303], [96.24922730149075, 58.445082587150964], [96.81482650123928, 58.35373723486117], [97.45348193097868, 58.20422621550363], [98.1650632387207, 57.99666086066076], [98.90262647134749, 57.771135262114754], [99.62825117684004, 57.56003668132726], [100.34193735519841, 57.363365118298304], [101.04368500642254, 57.181120573027876], [101.7334941305125, 57.01330304551598], [102.41136472746823, 56.85991253576262], [103.07729679728973, 56.720949043767774], [103.73129033997705, 56.596412569531466], [104.37334535553018, 56.486303113053694], [105.00346184394905, 56.39062067433446], [105.62163980523376, 56.30936525337374], [106.22787923938422, 56.24253685017156], [106.82218014640051, 56.19013546472791], [107.40454252628255, 56.15216109704279], [107.9749663790304, 56.12861374711619], [108.53345170464405, 56.11949341494814], [109.07999850312348, 56.12480010053861], [109.61460677446871, 56.1445338038876], [110.13727651867973, 56.17869452499514], [110.64800773575655, 56.2272822638612], [111.14680042569913, 56.29029702048578], [111.63365458850754, 56.36773879486891], [112.10857022418172, 56.45960758701058], [112.57154733272169, 56.565903396910755], [113.02877224766623, 56.67956427989982], [113.48745297255982, 56.79236201454569], [113.94759984068354, 56.904284804998895], [114.40921285203737, 57.01533265125944], [114.87229200662132, 57.12550555332734], [115.33683730443539, 57.23480351120258], [115.80284874547955, 57.34322652488517], [116.27032632975384, 57.45077459437509], [116.73927005725822, 57.55744771967235], [117.20967992799278, 57.66324590077698], [117.6815559419574, 57.76816913768893], [118.15489809915213, 57.872217430408234], [118.62970639957697, 57.97539077893488], [119.10598084323198, 58.07768918326887], [119.58372143011707, 58.17911264341021], [120.06292816023226, 58.27966115935888], [120.5436010335776, 58.379334731114895], [121.025740050153, 58.47813335867825], [121.50934520995855, 58.57605704204896], [121.99441651299423, 58.67310578122702], [122.48095395926002, 58.76927957621241], [122.96895754875592, 58.864578427005156], [123.45842728148192, 58.95900233360524], [123.94936315743804, 59.052551296012666], [124.44176517662426, 59.145225314227424], [124.93563333904063, 59.23702438824955], [125.43096764468712, 59.32794851807901], [125.92776809356369, 59.41799770371581], [126.42603468567037, 59.50717194515995], [126.92576742100718, 59.595471242411435], [127.4269662995741, 59.68289559547027], [127.92963132137118, 59.769445004336454], [128.43325161916823, 59.85552856952474], [128.9365531408372, 59.94216654708376], [129.43947546502793, 60.02940732219843], [129.9420185917404, 60.1172508948688], [130.44418252097464, 60.205697265094855], [130.9459672527307, 60.29474643287659], [131.44737278700848, 60.38439839821402], [131.94839912380803, 60.47465316110712], [132.44904626312936, 60.56551072155592], [132.94931420497244, 60.65697107956039], [133.4492029493373, 60.74903423512056], [133.94871249622392, 60.84170018823641], [134.4478428456323, 60.93496893890795], [134.94659399756245, 61.02884048713514], [135.4449659520144, 61.123314832918055], [135.94295870898804, 61.21839197625664], [136.44057226848352, 61.31407191715092], [136.93780663050072, 61.41035465560087], [137.43466179503972, 61.50724019160651], [137.9311377621005, 61.60472852516786], [138.42723453168298, 61.702819656284845], [138.9229521037873, 61.80151358495757], [139.41829047841333, 61.900810311185936], [139.91324965556117, 62.00070983497001], [140.40782963523074, 62.10121215630976], [140.90203041742208, 62.2023172752052], [141.3958520021352, 62.30402519165632], [141.8894533347963, 62.40527754661161], [142.38348476670143, 62.50174389032175], [142.87801616909658, 62.592958975894774], [143.37304754198166, 62.67892280333064], [143.86857888535673, 62.75963537262938], [144.3646101992218, 62.83509668379098], [144.86114148357686, 62.905306736815454], [145.35817273842187, 62.97026553170277], [145.8557039637569, 63.02997306845297], [146.35373515958182, 63.08442934706602], [146.85226632589678, 63.13363436754194], [147.35129746270172, 63.17758812988071], [147.85082856999662, 63.216290634082355], [148.3508596477815, 63.24974188014687], [148.8513906960564, 63.27794186807424], [149.35242171482122, 63.30089059786447], [149.85395270407605, 63.318588069517574], [150.35598366382087, 63.33103428303354], [150.85851459405563, 63.338229238412346], [151.36154549478036, 63.34017293565404], [151.8650763659951, 63.33686537475859], [152.3691072076998, 63.328306555725995], [152.8736380198945, 63.31449647855628], [153.37866880257914, 63.29543514324941], [153.8841995557538, 