{"harita_boyut": {"genislik": 232, "yukseklik": 334}, "baslangic": [140.43715499802659, 45.759094137601465], "hedef": [195.26888487965232, 252.2163025207185], "engeller": [["dikdortgen", 77, 198, 6, 10], ["daire", 34, 148, 13], ["daire", 103, 118, 10], ["daire", 30, 227, 4], ["dikdortgen", 201, 41, 12, 5], ["daire", 213, 311, 3], ["dikdortgen", 91, 318, 13, 10], ["dikdortgen", 105, 57, 20, 11], ["daire", 132, 256, 15], ["dikdortgen", 150, 246, 15, 20], ["dikdortgen", 25, 3, 10, 17], ["dikdortgen", 196, 52, 18, 7], ["daire", 191, 278, 9], ["dikdortgen", 73, 70, 17, 6], ["daire", 57, 229, 11], ["dikdortgen", 112, 165, 18, 18], ["daire", 127, 95, 5], ["dikdortgen", 62, 304, 6, 18], ["daire", 221, 232, 10], ["daire", 61, 108, 10], ["daire", 161, 6, 3], ["dikdortgen", 138, 290, 19, 17], ["daire", 38, 32, 13], ["dikdortgen", 27, 220, 20, 7], ["daire", 117, 304, 9], ["daire", 216, 197, 6], ["dikdortgen", 12, 35, 8, 12], ["dikdortgen", 105, 140, 6, 13], ["dikdortgen", 36, 8, 5, 8], ["dikdortgen", 189, 86, 17, 10], ["dikdortgen", 30, 70, 6, 5], ["daire", 16, 271, 7], ["dikdortgen", 9, 240, 10, 16], ["dikdortgen", 217, 244, 10, 11], ["daire", 72, 24, 6], ["daire", 179, 102, 9], ["dikdortgen", 104, 319, 16, 5], ["dikdortgen", 208, 132, 10, 20]], "rrt_path": [[140.43715499802656, 45.75909413760146], [140.16729830346998, 46.212811669831524], [139.9037012821368, 46.6677069194382], [139.64636393402705, 47.123779886421495], [139.3952862591408, 47.581030570781415], [139.1504682574779, 48.03945897251792], [138.9119099290385, 48.499065091631046], [138.6796112738225, 48.959848928120785], [138.4535722918299, 49.42181048198713], [138.2337929830608, 49.8849497532301], [138.02027334751506, 50.34926674184967], [137.81301338519276, 50.81476144784584], [137.612013096094, 51.28143387121866], [137.41727248021854, 51.74928401196806], [137.22879153756654, 52.21831187009408], [137.04657026813803, 52.68851744559672], [136.87060867193293, 53.15990073847596], [136.70090674895124, 53.63246174873182], [136.53746449919294, 54.106200476364286], [136.38028192265816, 54.581116921373365], [136.22935901934676, 55.05721108375906], [136.08469578925877, 55.53448296352135], [135.94629223239426, 56.01293256066026], [135.81414834875318, 56.4925598751758], [135.6882641383355, 56.97336490706793], [135.5686396011413, 57.455347656336684], [135.45527473717047, 57.93850812298204], [135.3481695464231, 58.42284630700402], [135.2473240288992, 58.90836220840261], [135.1527381845987, 59.39505582717781], [135.0644120135216, 59.88292716332961], [134.982345515668, 60.37197621685804], [134.90653869103778, 60.86220298776307], [134.836991539631, 61.35360747604471], [134.77370406144763, 61.84618968170297], [134.71667625648774, 62.339949604737846], [134.66590812475124, 62.834887245149304], [134.6213996662382, 63.3310026029374], [134.58315088094858, 63.828295678102094], [134.5511617688824, 64.3267664706434], [134.52543233003962, 64.82641498056134], [134.50596256442032, 65.32724120785588], [134.49275247202442, 65.82924515252702], [134.48580205285197, 66.33242681457479], [134.48511130690292, 66.83678619399916], [134.49068023417732, 67.34232329080015], [134.50207422279655, 67.8485895327628], [134.5179326370991, 68.354180578721], [134.5381569948236, 68.85899478302656], [134.56274729597004, 69.36303214567944], [134.5917035405384, 69.86629266667966], [134.6250257285287, 70.36877634602725], [134.66271385994096, 70.87048318372217], [134.70476793477516, 71.37141317976443], [134.75118795303132, 71.87156633415404], [134.8019739147094, 72.37094264689102], [134.85712581980943, 72.86954211797531], [134.9166436683314, 73.36736474740697], [134.9805274602753, 73.86441053518595], [135.04877719564118, 74.36067948131232], [135.12139287442898, 74.856171585786], [135.19837449663873, 75.35088684860702], [135.27972206227042, 75.84482526977541], [135.36543557132407, 76.33798684929113], [135.45551502379965, 76.8303715871542], [135.5499604196972, 77.32197948336463], [135.64877175901663, 77.81281053792239], [135.75194904175802, 78.30286475082747], [135.85949226792138, 78.79214212207994], [135.9714014375067, 79.28064265167973], [136.0876765505139, 79.76836633962688], [136.20831760694307, 80.25531318592137], [136.3333246067942, 80.7414831905632], [136.46269755006728, 81.2268763535524], [136.5964364367623, 81.71149267488892], [136.7336139455245, 82.19549442227907], [136.87078303295164, 82.67948477802132], [137.00761897294075, 83.1635205644455], [137.14412176549192, 83.6476017815517], [137.28029141060506, 84.13172842933982], [137.41612790828023, 84.61590050780991], [137.5516312585174, 85.10011801696196], [137.6868014613166, 85.58438095679595], [137.8216385166778, 86.06868932731194], [137.956142424601, 86.55304312850987], [138.09031318508625, 87.03744236038976], [138.22415079813345, 87.5218870229516], [138.3576552637427, 88.00637711619542], [138.49082658191398, 88.4909126401212], [138.62366475264724, 88.97549359472892], [138.7561697759425, 89.4601199800186], [138.88834165179978, 89.94479179599026], [139.02018038021907, 90.42950904264386], [139.15168596120037, 90.91427171997942], [139.28285839474367, 91.39907982799696], [139.413697680849, 91.88393336669644], [139.54420381951633, 92.3688323360779], [139.67437681074566, 92.8537767361413], [139.80421665453702, 93.33876656688665], [139.93372335089038, 93.823801828314], [140.06289689980574, 94.30888252042328], [140.19173730128313, 94.79400864321453], [140.32024455532252, 95.27918019668773], [140.44841866192394, 95.7643971808429], [140.57625962108733, 96.24965959568001], [140.70376743281273, 96.73496744119909], [140.83094209710015, 97.22032071740013], [140.9577836139496, 97.70571942428315], [141.08429198336103, 98.1911635618481], [141.2104672053345, 98.67665313009502], [141.33630927986997, 99.16218812902392], [141.46181820696745, 99.64776855863477], [141.58770798244916, 100.1331875179295], [141.7153650077608, 100.61804325687834], [141.84482479071048, 101.10232548606399], [141.9760873312983, 101.58603420548653], [142.10915262952417, 102.06916941514585], [142.24402068538814, 102.55173111504203], [142.3806914988902, 103.03371930517503], [142.51916507003037, 103.51513398554485], [142.65944139880858, 103.99597515615152], [142.80152048522493, 104.47624281699501], [142.94540232927935, 104.95593696807532], [143.09108693097184, 105.43505760939249], [143.23857429030244, 105.91360474094647], [143.3878644072711, 106.3915783627373], [143.53895728187788, 106.86897847476494], [143.6918529141227, 107.34580507702944], [143.84655130400566, 107.82205816953073], [144.00305245152668, 108.29773775226887], [144.1613563566858, 108.77284382524385], [144.321463019483, 109.24737638845563], [144.4833724399183, 109.72133544190429], [144.64708461799168, 110.19472098558977], [144.81259955370314, 110.66753301951205], [144.9799172470527, 111.13977154367117], [145.14903769804033, 111.61143655806711], [145.31996090666604, 112.0825280626999], [145.49268687292985, 112.5530460575695], [145.6672155968318, 113.02299054267598], [145.84354707837178, 113.49236151801927], [146.02168131754988, 113.96115898359938], [146.20161831436604, 114.42938293941633], [146.38335806882029, 114.89703338547008], [146.56690058091266, 115.36411032176072], [146.7522458506431, 115.83061374828819], [146.9393938780116, 116.29654366505244], [147.12834466301823, 116.76190007205352], [147.31713949227148, 117.22732935491747], [147.503061677549, 117.69372803491432], [147.68609372301813, 118.16110188575999], [147.86623562867888, 118.62945090745451], [148.0434873945312, 119.09877509999787], [148.21784902057516, 119.56907446339], [148.38932050681072, 120.04034899763104], [148.55790185323787, 120.51259870272087], [148.72359305985663, 120.98582357865953], [148.886394126667, 121.46002362544704], [149.04630505366896, 121.9351988430834], [149.20332584086256, 122.4113492315686], [149.35745648824772, 122.88847479090259], [149.5086969958245, 123.36657552108542], [149.65704736359294, 123.84565142211711], [149.8025075915529, 124.32570249399761], [149.94507767970453, 124.80672873672694], 