{"harita_boyut": {"genislik": 213, "yukseklik": 153}, "baslangic": [86.42142533686746, 104.8858915317922], "hedef": [184.06494744427283, 141.62657936638195], "engeller": [["daire", 27, 57, 7], ["dikdortgen", 197, 39, 5, 19], ["daire", 47, 88, 14], ["dikdortgen", 52, 100, 18, 17], ["dikdortgen", 116, 52, 10, 8], ["daire", 106, 82, 8], ["daire", 132, 18, 4], ["daire", 49, 38, 10], ["dikdortgen", 3, 47, 18, 13], ["dikdortgen", 35, 85, 10, 20], ["dikdortgen", 103, 77, 10, 11], ["dikdortgen", 34, 20, 9, 15], ["dikdortgen", 140, 108, 14, 14], ["daire", 9, 77, 7], ["daire", 182, 119, 11], ["daire", 192, 104, 5]], "rrt_path": [[86.42142533686746, 104.8858915317922], [103.05212454455923, 99.1023596346141], [120.3671443018895, 93.99606962357643], [130.57172204455065, 92.36756910593623], [146.64815394271182, 88.44264635237798], [148.49966762479906, 90.13338163822861], [154.27648968748954, 94.60494228236719], [164.77163061281664, 111.14769614103164], [162.3518795827955, 114.33278718411215], [167.78578126716087, 128.03784479315374], [175.54401303194, 135.27635319029847], [184.06494744427283, 141.62657936638195]]}