{"harita_boyut": {"genislik": 442, "yukseklik": 424}, "baslangic": [166.14880881072293, 390.7374818142079], "hedef": [145.14735772432644, 197.02533065555636], "engeller": [["dikdortgen", 301, 32, 17, 20], ["daire", 107, 243, 9], ["daire", 99, 178, 15], ["dikdortgen", 48, 178, 6, 13], ["daire", 271, 322, 4], ["dikdortgen", 386, 314, 18, 9], ["dikdortgen", 394, 375, 13, 20], ["daire", 123, 176, 3], ["daire", 197, 40, 12], ["daire", 101, 213, 3], ["dikdortgen", 223, 91, 9, 12], ["daire", 284, 338, 11], ["dikdortgen", 234, 1, 18, 10], ["daire", 266, 40, 13], ["dikdortgen", 3, 288, 17, 8], ["dikdortgen", 97, 370, 8, 18], ["dikdortgen", 208, 408, 18, 13], ["dikdortgen", 282, 118, 18, 15], ["daire", 141, 44, 9], ["daire", 265, 370, 4], ["daire", 48, 245, 6], ["daire", 239, 381, 9], ["dikdortgen", 330, 177, 18, 18], ["daire", 48, 7, 3], ["dikdortgen", 69, 321, 16, 15], ["dikdortgen", 386, 175, 15, 10], ["daire", 414, 187, 14], ["dikdortgen", 405, 265, 18, 7], ["dikdortgen", 347, 164, 9, 12], ["daire", 120, 249, 5], ["dikdortgen", 361, 359, 9, 17], ["daire", 254, 198, 3], ["daire", 384, 286, 14], ["dikdortgen", 57, 201, 17, 11], ["daire", 97, 123, 6], ["daire", 307, 386, 12], ["daire", 382, 226, 15], ["daire", 132, 24, 9], ["daire", 278, 50, 9], ["dikdortgen", 290, 212, 18, 14], ["daire", 216, 266, 6], ["daire", 337, 268, 15], ["dikdortgen", 62, 319, 11, 17], ["dikdortgen", 88, 248, 15, 12], ["dikdortgen", 110, 192, 14, 20], ["daire", 262, 164, 8], ["daire", 414, 22, 12], ["daire", 363, 339, 9], ["daire", 195, 413, 7], ["daire", 21, 368, 12], ["dikdortgen", 171, 99, 5, 6], ["dikdortgen", 172, 278, 16, 17], ["dikdortgen", 204, 195, 17, 19], ["dikdortgen", 33, 398, 18, 7], ["dikdortgen", 297, 397, 13, 18], ["daire", 161, 67, 14], ["dikdortgen", 267, 395, 19, 12], ["dikdortgen", 369, 380, 5, 18], ["daire", 89, 59, 6], ["daire", 361, 388, 14], ["daire", 360, 35, 12], ["dikdortgen", 194, 44, 5, 9], ["dikdortgen", 397, 133, 17, 6], ["dikdortgen", 350, 8, 18, 11], ["dikdortgen", 246, 188, 6, 15], ["dikdortgen", 51, 30, 18, 18], ["dikdortgen", 436, 312, 5, 12], ["daire", 308, 332, 15], ["dikdortgen", 128, 374, 8, 5], ["daire", 264, 161, 3], ["daire", 177, 208, 9], ["dikdortgen", 91, 271, 13, 14], ["dikdortgen", 418, 281, 20, 9], ["dikdortgen", 130, 22, 19, 7], ["dikdortgen", 405, 299, 12, 20], ["daire", 77, 309, 14], ["daire", 256, 112, 11], ["dikdortgen", 413, 14, 15, 14], ["daire", 129, 259, 8], ["dikdortgen", 161, 287, 17, 7], ["daire", 277, 224, 8], ["dikdortgen", 244, 374, 15, 10], ["daire", 68, 78, 15], ["dikdortgen", 257, 88, 9, 14], ["dikdortgen", 8, 238, 8, 5], ["dikdortgen", 103, 261, 10, 20], ["daire", 220, 112, 4], ["daire", 426, 208, 5], ["dikdortgen", 39, 253, 16, 19], ["daire", 381, 317, 3], ["dikdortgen", 380, 352, 13, 20], ["dikdortgen", 188, 98, 20, 15], ["daire", 21, 354, 3]], "rrt_path": [[166.14880881072293, 390.73748181420785], [166.19970877579328, 390.21885632740606], [166.24595526125248, 389.7012265619916], [166.28754826710045, 389.18459251796435], [166.32448779333725, 388.6689541953244], [166.35677383996287, 388.15431159407177], [166.38440640697732, 387.6406647142064], [166.4073854943806, 387.1280135557284], [166.42571110217264, 386.6163581186376], [166.4393832303535, 386.10569840293414], [166.44840187892325, 385.596034408618], [166.4527670478818, 385.08736613568914], [166.45247873722914, 384.57969358414766], [166.4475369469653, 384.07301675399333], [166.43794167709032, 383.56733564522636], [166.4236929276041, 383.0626502578466], [166.40479069850667, 382.5589605918542], [166.38123498979814, 382.0562666472492], [166.35302580147837, 381.5545684240313], [166.32016313354742, 381.05386592220077], [166.28264698600535, 380.5541591417577], [166.24047735885205, 380.05544808270173], [166.19365425208758, 379.5577327450331], [166.1421776657119, 379.06101312875177], [166.0860475997251, 378.56528923385787], [166.02526405412706, 378.0705610603511], [165.95982702891783, 377.5768286082316], [165.88973652409743, 377.0840918774995], [165.81499253966587, 376.59235086815465], [165.7355950756231, 376.10160558019703], [165.65154413196916, 375.61185601362683], [165.56283970870405, 375.1231021684438], [165.46948180582774, 374.63534404464815], [165.37147042334027, 374.14858164223983], [165.2688055612416, 373.66281496121877], [165.16148721953175, 373.17804400158496], [165.04951539821073, 372.69426876333847], [164.93289009727852, 372.21148924647935], [164.81161131673514, 371.7297054510074], [164.68567905658054, 371.2489173769228], [164.5550933168148, 370.76912502422556], [164.41985409743785, 370.2903283929155], [164.2799613984497, 369.8125274829928], [164.13541521985042, 369.33572229445736], [163.98621556163994, 368.85991282730924], [163.83236242381824, 368.38509908154845], [163.6738558063854, 367.91128105717485], [163.51069570934135, 367.4384587541887], [163.34288213268616, 366.9666321725897], [163.17041507641974, 366.4958013123781], [162.9932945405422, 366.0259661735538], [162.8115205250534, 365.55712675611665], [162.62509302995346, 365.0892830600669], [162.4340120552423, 364.6224350854044], [162.23827760092001, 364.1565828321293], [162.03806442545837, 363.6917287035638], [161.8355468588209, 363.2279026016398], [161.63137560262726, 362.7651134749693], [161.4255506568775, 362.30336132355245], [161.2180720215716, 361.8426461473892], [161.0089396967096, 361.3829679464795], [160.79815368229137, 360.9243267208233], [160.58571397831707, 360.4667224704208], [160.37162058478665, 360.0101551952718], [160.15587350170006, 359.5546248953764], [159.9384727290573, 359.10013157073445], [159.71941826685847, 358.6466752213463], [159.49871011510342, 358.19425584721154], [159.27634827379228, 357.74287344833044], [159.05233274292505, 357.29252802470296], [158.82666352250163, 356.8432195763289], [158.599340612522, 356.3949481032085], [158.37036401298633, 355.9477136053417], [158.1397337238945, 355.5015160827284], [157.90744974524654, 355.0563555353687], [157.6735120770424, 354.6122319632626], [157.43792071928215, 354.1691453664101], [157.20067567196577, 353.7270957448111], [156.96177693509327, 353.2860830984657], [156.7212245086646, 352.8461074273739], [156.47901839267976, 352.40716873153565], [156.2351585871388, 351.96926701095094], [155.98964509204174, 351.5324022656199], [155.74247790738855, 351.0965744955424], [155.49365703317918, 350.6617837007184], [155.24318246941368, 350.228029881148], [154.99105421609204, 349.79531303683126], [154.73727227321427, 349.36363316776806], [154.4818366407804, 348.93299027395835], [154.2247473187903, 348.5033843554023], [153.96675372425855, 348.0743376509408], [153.71027765879978, 347.64430623679795], [153.4555037240795, 347.21317242748796], [153.20243192009755, 346.7809362230107], [152.95106224685412, 346.34759762336637], [152.701394704349, 345.91315662855465], [152.4534292925823, 345.47761323857577], [152.207166011554, 345.0409674534296], [151.9626048612641, 344.60321927311617], [151.71974584171267, 344.16436869763555], [151.47858895289957, 343.7244157269877], [151.23913419482489, 343.2833603611726], [151.00138156748858, 342.84120260019023], [150.7653310708907, 342.3979424440407], [150.53098270503122, 341.95357989272384], [150.29833646991017, 341.50811494623986], [150.0673923655275, 341.06154760458867], [149.83815039188323, 340.6138778677701], [149.6106105489774, 340.16510573578444], [149.3847728368099, 339.7152312086314], [149.16063725538086, 339.2642542863112], [148.9382038046902, 338.81217496882374], [148.71747248473795, 338.35899325616913], [148.4984432955241, 337.9047091483472], [148.28111623704865, 337.44932264535805], [148.0654913093116, 336.99283374720164], [147.85156851231295, 336.535242453878], [147.63934784605271, 336.0765487653872], [147.42882931053086, 335.61675268172905], [147.22257342560525, 335.15557002384156], [147.02363787687332, 334.692661434768], [146.83202855549027, 334.2280262606792], [146.64774546145603, 333.7616645015752], [146.47078859477074, 333.293576157456], [146.30115795543426, 332.8237612283214], [146.13885354344666, 