{"harita_boyut": {"genislik": 243, "yukseklik": 182}, "baslangic": [162.36371926979956, 26.72504038972665], "hedef": [51.409323139695346, 38.87007276684878], "engeller": [["dikdortgen", 223, 93, 13, 8], ["dikdortgen", 87, 119, 18, 10], ["dikdortgen", 97, 121, 19, 14], ["dikdortgen", 124, 44, 16, 11], ["daire", 59, 155, 13], ["dikdortgen", 13, 14, 16, 10], ["dikdortgen", 47, 20, 15, 7], ["daire", 219, 52, 11], ["daire", 181, 39, 7], ["dikdortgen", 202, 62, 20, 20], ["daire", 168, 129, 13], ["daire", 72, 42, 12], ["daire", 31, 138, 10], ["dikdortgen", 88, 128, 7, 16], ["daire", 151, 63, 9], ["daire", 27, 85, 4], ["daire", 101, 163, 10], ["dikdortgen", 93, 10, 14, 6], ["daire", 103, 85, 6], ["dikdortgen", 38, 129, 12, 7], ["dikdortgen", 118, 117, 20, 12], ["daire", 18, 33, 9]], "rrt_path": [[162.36371926979956, 26.72504038972665], [158.42653018607277, 27.431115540813614], [140.21797688664122, 30.242693352709626], [132.76908970630325, 33.05736718876193], [116.97226249000812, 39.281438179023986], [114.6219234075846, 42.51808863862456], [100.06441242787366, 53.568712155435726], [89.00391383909326, 55.10128167292688], [86.4568311767604, 57.84697177944358], [79.68027655747855, 61.15182211021387], [62.65038330082253, 58.65246771420289], [57.74221518406317, 52.360766980323135], [51.409323139695346, 38.87007276684878]]}