{"harita_boyut": {"genislik": 457, "yukseklik": 397}, "baslangic": [358.70764390635566, 269.0472152217617], "hedef": [25.834557113776896, 294.43755896881936], "engeller": [["dikdortgen", 180, 109, 9, 12], ["daire", 87, 182, 14], ["daire", 155, 195, 12], ["dikdortgen", 98, 187, 13, 9], ["dikdortgen", 90, 211, 15, 18], ["daire", 214, 326, 15], ["dikdortgen", 285, 80, 6, 10], ["daire", 101, 387, 3], ["dikdortgen", 21, 42, 13, 10], ["dikdortgen", 14, 129, 12, 10], ["dikdortgen", 417, 152, 6, 10], ["daire", 66, 350, 7], ["daire", 130, 153, 4], ["dikdortgen", 434, 67, 9, 11], ["daire", 41, 72, 13], ["daire", 180, 45, 8], ["daire", 304, 215, 14], ["dikdortgen", 371, 374, 17, 11], ["dikdortgen", 238, 245, 15, 12], ["daire", 76, 336, 10], ["daire", 198, 160, 3], ["daire", 34, 77, 13], ["daire", 374, 375, 12], ["daire", 162, 366, 14], ["daire", 185, 210, 9], ["daire", 253, 117, 15], ["dikdortgen", 335, 29, 10, 16], ["dikdortgen", 187, 280, 14, 5], ["dikdortgen", 179, 387, 18, 8], ["dikdortgen", 73, 294, 13, 5], ["daire", 110, 233, 5], ["dikdortgen", 55, 344, 7, 15], ["daire", 144, 272, 7], ["dikdortgen", 312, 358, 18, 13], ["daire", 295, 94, 12], ["daire", 110, 305, 13], ["dikdortgen", 81, 48, 13, 8], ["daire", 54, 287, 6], ["daire", 100, 164, 8], ["daire", 31, 77, 7], ["daire", 440, 393, 3], ["daire", 424, 68, 14], ["daire", 176, 138, 6], ["daire", 235, 370, 8], ["daire", 284, 163, 15], ["daire", 450, 75, 6], ["daire", 291, 220, 9], ["daire", 389, 303, 9], ["daire", 406, 360, 15], ["daire", 171, 248, 11], ["dikdortgen", 165, 322, 12, 11], ["daire", 42, 209, 5], ["daire", 125, 72, 6], ["dikdortgen", 391, 174, 18, 8], ["daire", 179, 24, 7], ["dikdortgen", 392, 64, 18, 14], ["daire", 125, 22, 9], ["dikdortgen", 53, 181, 13, 7], ["daire", 63, 47, 14], ["daire", 280, 280, 7], ["dikdortgen", 273, 140, 8, 6], ["daire", 345, 126, 3], ["dikdortgen", 233, 95, 14, 14], ["dikdortgen", 80, 306, 15, 16], ["daire", 353, 128, 5], ["daire", 369, 10, 7], ["dikdortgen", 15, 208, 11, 8], ["daire", 272, 151, 6], ["dikdortgen", 356, 302, 12, 5], ["daire", 268, 159, 11], ["daire", 185, 220, 10], ["daire", 297, 196, 8], ["daire", 139, 104, 3], ["dikdortgen", 324, 306, 18, 8], ["dikdortgen", 191, 24, 12, 7], ["daire", 70, 313, 4], ["dikdortgen", 298, 235, 14, 10], ["daire", 234, 303, 12], ["daire", 319, 243, 5], ["daire", 423, 185, 3], ["daire", 145, 49, 6], ["dikdortgen", 343, 0, 19, 20], ["daire", 374, 391, 5], ["daire", 415, 69, 9], ["daire", 422, 209, 15], ["dikdortgen", 57, 115, 11, 9], ["dikdortgen", 19, 313, 12, 6], ["daire", 105, 76, 9], ["daire", 402, 38, 12], ["daire", 68, 54, 12]], "rrt_path": [[358.70764390635566, 269.0472152217617], [348.9817935778269, 263.308808880269], [335.2421952344811, 250.29578530488328], [324.0798999372283, 254.04129818082555], [313.3479122091115, 258.15514743685395], [296.77886873214817, 263.8831511263019], [278.5273829372671, 263.9920347226909], [262.7921386639292, 269.16428586233485], [259.57404876540505, 271.5399746898156], [243.3314561869285, 278.1826053444359], [232.6608931950421, 278.02032511828685], [214.3526798635164, 275.9107508876605], [198.73981433077182, 272.27990075701297], [191.22999930065717, 273.3536437739375], [189.35808283141728, 274.49048624613295], [170.94346088157707, 270.0303407591311], [156.63089640234074, 260.04660003303195], [138.4107645456583, 254.96697979176307], [124.18222159930072, 260.3562209491337], [111.85004103514736, 266.18583304071313], [94.82936651441443, 266.19481205207865], [77.59391358886093, 269.31101564048396], [63.05159804625411, 271.51470267412327], [46.31369606006445, 278.20617133826494], [43.226110242124875, 280.7491644206107], [29.29266027762646, 292.42720514220736], [25.834557113776896, 294.43755896881936]]}