{"harita_boyut": {"genislik": 274, "yukseklik": 462}, "baslangic": [197.6201868850224, 315.2940585101779], "hedef": [30.095856280201453, 424.48919536906834], "engeller": [["daire", 249, 66, 13], ["daire", 150, 418, 9], ["daire", 258, 254, 15], ["daire", 11, 31, 8], ["daire", 255, 16, 4], ["daire", 63, 152, 7], ["dikdortgen", 79, 445, 12, 12], ["dikdortgen", 243, 447, 19, 9], ["daire", 161, 45, 11], ["daire", 213, 428, 3], ["daire", 134, 7, 4], ["dikdortgen", 137, 153, 8, 9], ["dikdortgen", 208, 19, 13, 11], ["dikdortgen", 39, 227, 17, 18], ["daire", 244, 10, 9], ["dikdortgen", 192, 420, 12, 18], ["daire", 55, 204, 6], ["dikdortgen", 204, 48, 20, 10], ["daire", 243, 186, 8], ["dikdortgen", 2, 53, 7, 6], ["dikdortgen", 153, 22, 19, 15], ["dikdortgen", 209, 8, 19, 20], ["dikdortgen", 19, 94, 15, 9], ["daire", 193, 79, 3], ["dikdortgen", 150, 193, 5, 7], ["daire", 234, 186, 7], ["dikdortgen", 61, 386, 14, 10], ["dikdortgen", 39, 224, 13, 18], ["dikdortgen", 7, 415, 10, 19], ["daire", 52, 350, 12], ["dikdortgen", 175, 318, 8, 8], ["dikdortgen", 5, 77, 19, 13], ["dikdortgen", 243, 339, 14, 11], ["daire", 52, 14, 8], ["dikdortgen", 36, 336, 5, 12], ["daire", 9, 237, 7], ["daire", 14, 74, 14], ["daire", 204, 403, 13], ["dikdortgen", 32, 441, 7, 6], ["daire", 12, 221, 7], ["daire", 263, 221, 4], ["daire", 140, 31, 3], ["dikdortgen", 251, 137, 13, 11], ["dikdortgen", 228, 135, 19, 12], ["dikdortgen", 109, 198, 10, 7], ["daire", 201, 217, 6], ["daire", 112, 181, 14], ["daire", 210, 356, 6], ["dikdortgen", 20, 192, 19, 18], ["daire", 48, 139, 12], ["dikdortgen", 259, 432, 13, 12], ["dikdortgen", 75, 428, 18, 17], ["daire", 141, 101, 14], ["daire", 146, 17, 13], ["daire", 64, 421, 11], ["daire", 220, 209, 6], ["dikdortgen", 139, 163, 18, 12], ["dikdortgen", 37, 365, 20, 9], ["daire", 239, 419, 10], ["daire", 99, 269, 4], ["dikdortgen", 169, 437, 11, 7], ["daire", 163, 100, 9], ["daire", 96, 133, 11]], "rrt_path": [[197.6201868850224, 315.2940585101779], [197.7948402315149, 295.34866520167475], [190.09954106155536, 283.3250633732533], [183.05578903616646, 266.56782069512474], [179.1342641644424, 256.61265724742464], [175.92261937714372, 245.88524359757517], [171.73514997898408, 226.45794152843237], [160.77584893754693, 219.34122867866287], [145.16857971253208, 208.67559184488644], [126.44981236795863, 205.62167164262925], [124.84686538141733, 206.09396022038388], [121.52422035691171, 223.39963596032405], [121.92942031161776, 230.874140691942], [123.7287331576845, 248.22548895574164], [124.13430153913902, 252.20487512548746], [126.2257926479238, 270.2324228292128], [120.73618566922737, 283.26175138604066], [108.41787878910216, 298.8017695847055], [95.22684107663956, 311.4409756200471], [89.01173591129903, 325.3119461442286], [82.6820655583129, 341.7939771092896], [80.87083819537702, 348.7737105726249], [72.46879180267297, 364.5641520799732], [62.942121688682825, 380.0574498583698], [55.05249661285745, 381.01846538861304], [55.3470349289277, 389.00052322683354], [45.77202541947315, 402.6399734106239], [34.93600457030012, 418.485236877138], [30.095856280201453, 424.48919536906834]]}