{"harita_boyut": {"genislik": 160, "yukseklik": 411}, "baslangic": [92.75429837072434, 48.001693185251355], "hedef": [22.108939085750812, 308.5586800992096], "engeller": [["daire", 67, 163, 6], ["daire", 74, 17, 15], ["daire", 19, 158, 15], ["daire", 64, 377, 11], ["dikdortgen", 70, 114, 14, 9], ["daire", 128, 334, 3], ["daire", 111, 9, 8], ["dikdortgen", 53, 108, 13, 5], ["daire", 30, 384, 8], ["dikdortgen", 115, 391, 6, 16], ["daire", 94, 14, 4], ["daire", 127, 77, 11], ["daire", 89, 359, 3], ["daire", 136, 107, 15], ["dikdortgen", 115, 329, 12, 15], ["dikdortgen", 27, 271, 10, 11], ["daire", 68, 70, 10], ["dikdortgen", 52, 111, 9, 13], ["daire", 132, 215, 12], ["daire", 57, 344, 13], ["daire", 154, 81, 6], ["dikdortgen", 51, 301, 19, 17], ["dikdortgen", 95, 377, 20, 20], ["daire", 69, 184, 6], ["daire", 41, 323, 7], ["daire", 92, 229, 14], ["daire", 33, 302, 3], ["daire", 138, 28, 6], ["daire", 124, 239, 7], ["daire", 119, 367, 9], ["dikdortgen", 0, 158, 18, 19], ["daire", 43, 227, 8]], "rrt_path": [[92.75429837072434, 48.001693185251355], [92.55966721364611, 55.78448130741658], [92.0316826976047, 71.57202641864525], [93.816265498364, 88.2419564141139], [93.27126589583845, 105.19486150623946], [92.77730356382091, 124.6725924429283], [93.42135542020362, 140.58691061815242], [94.03928608406838, 154.33297136721183], [90.41891116706532, 168.584946952103], [87.12558960297187, 184.64880321083265], [75.07200138703551, 193.2351692685065], [73.6173082362261, 196.67895992582794], [69.83136282171343, 209.68914415498236], [65.75477516144593, 228.22155482949583], [62.92906233170162, 243.15402218702175], [59.80311009773463, 255.35077123437318], [54.14440122008888, 274.47712926841996], [51.6948007782097, 285.9337521029872], [33.40900553915472, 292.74570167718537], [28.34202955662654, 295.3511327198589], [24.850582223504706, 297.30300246962105], [22.108939085750812, 308.5586800992096]]}