{"harita_boyut": {"genislik": 156, "yukseklik": 441}, "baslangic": [9.52470582211997, 165.24447715559236], "hedef": [101.81379830508621, 315.16206612310486], "engeller": [["dikdortgen", 29, 152, 17, 16], ["daire", 12, 189, 7], ["daire", 114, 227, 15], ["daire", 72, 108, 5], ["daire", 102, 51, 13], ["dikdortgen", 53, 170, 18, 14], ["daire", 52, 290, 6], ["dikdortgen", 91, 415, 16, 7], ["daire", 143, 233, 9], ["daire", 55, 426, 6], ["daire", 37, 311, 14], ["daire", 78, 172, 15], ["dikdortgen", 58, 59, 8, 18], ["daire", 19, 41, 8], ["dikdortgen", 132, 91, 8, 11], ["dikdortgen", 141, 356, 15, 16], ["dikdortgen", 107, 348, 19, 8], ["dikdortgen", 125, 151, 13, 16], ["daire", 45, 254, 12], ["dikdortgen", 44, 223, 13, 8], ["daire", 7, 45, 5], ["daire", 128, 27, 9], ["daire", 130, 56, 10], ["daire", 108, 256, 11], ["dikdortgen", 56, 252, 14, 19], ["daire", 38, 65, 9], ["dikdortgen", 59, 407, 7, 11], ["daire", 17, 257, 9], ["daire", 122, 359, 8], ["dikdortgen", 0, 377, 8, 13], ["daire", 141, 56, 5], ["daire", 134, 137, 6], ["dikdortgen", 9, 385, 15, 5], ["daire", 48, 78, 13]], "rrt_path": [[9.52470582211997, 165.24447715559236], [17.1520595313422, 174.43368856099053], [27.91892441374243, 187.65696851600606], [44.46446100527132, 196.3706094721779], [60.665437867978426, 202.58364157021225], [77.32129449933831, 212.40053923450714], [76.36599790901832, 214.1030179967713], [79.45498290077299, 216.64431131331594], [88.7905638645274, 232.87360349117256], [90.76209887338882, 251.54927677589365], [91.11748230747395, 262.4610927657204], [94.08624393502495, 274.4479037960871], [98.86891916438793, 292.2821850100254], [100.25152571276887, 303.32010450279705], [101.81379830508621, 315.16206612310486]]}