{"harita_boyut": {"genislik": 109, "yukseklik": 223}, "baslangic": [95.91310302724081, 138.59536098529824], "hedef": [79.25923875895633, 39.23350036596853], "engeller": [["daire", 50, 62, 14], ["daire", 55, 82, 15], ["daire", 83, 121, 10], ["dikdortgen", 23, 209, 20, 9], ["dikdortgen", 42, 143, 9, 19], ["dikdortgen", 16, 210, 8, 7], ["dikdortgen", 78, 0, 15, 12], ["dikdortgen", 65, 111, 5, 20], ["dikdortgen", 65, 53, 20, 13], ["daire", 33, 108, 4], ["dikdortgen", 16, 17, 16, 18], ["daire", 76, 82, 8]], "rrt_path": [[95.91310302724081, 138.59536098529824], [87.80937321107939, 141.27161260599826], [75.658387156315, 145.70131142463003], [62.340223343662906, 147.03493054077663], [57.71777782200752, 136.60946616133464], [56.48556489357365, 123.64658151180517], [55.73638137271544, 116.09731821148752], [47.72826468737036, 102.60152036828582], [44.452259276704154, 104.36578685239479], [34.763889753146096, 89.53220497285282], [31.796178469599013, 72.33245290082782], [30.406674216783777, 61.38981078506305], [33.2861098261656, 49.82752749125262], [39.7239972799646, 40.55583061076015], [47.35020189536201, 32.5877424537084], [59.879323080259674, 36.105139977199414], [79.25923875895633, 39.23350036596853]]}