{"harita_boyut": {"genislik": 460, "yukseklik": 321}, "baslangic": [198.2868332546691, 103.86224972515147], "hedef": [239.37193885935525, 198.01513186343809], "engeller": [["daire", 431, 75, 15], ["dikdortgen", 309, 251, 20, 13], ["dikdortgen", 191, 178, 7, 7], ["dikdortgen", 67, 30, 18, 13], ["daire", 180, 169, 4], ["dikdortgen", 17, 310, 20, 8], ["daire", 126, 304, 3], ["daire", 421, 34, 7], ["dikdortgen", 62, 86, 12, 13], ["daire", 6, 209, 6], ["daire", 108, 179, 13], ["dikdortgen", 210, 24, 14, 7], ["dikdortgen", 263, 285, 19, 6], ["dikdortgen", 152, 239, 17, 9], ["daire", 327, 157, 3], ["daire", 113, 200, 14], ["daire", 386, 224, 12], ["dikdortgen", 213, 58, 5, 6], ["dikdortgen", 230, 287, 7, 15], ["dikdortgen", 78, 238, 9, 14], ["dikdortgen", 409, 186, 8, 17], ["dikdortgen", 114, 59, 14, 19], ["dikdortgen", 3, 201, 11, 20], ["dikdortgen", 434, 192, 17, 6], ["daire", 407, 39, 8], ["dikdortgen", 356, 36, 12, 16], ["dikdortgen", 336, 55, 9, 11], ["dikdortgen", 34, 235, 15, 20], ["dikdortgen", 348, 24, 20, 5], ["daire", 283, 277, 4], ["daire", 24, 49, 14], ["daire", 178, 287, 10], ["dikdortgen", 12, 304, 5, 11], ["daire", 167, 133, 11], ["daire", 377, 43, 12], ["dikdortgen", 327, 250, 8, 14], ["daire", 19, 151, 14], ["dikdortgen", 72, 190, 5, 15], ["dikdortgen", 107, 98, 16, 12], ["daire", 390, 209, 7], ["daire", 209, 62, 10], ["daire", 41, 150, 3], ["daire", 231, 271, 14], ["daire", 354, 53, 13], ["dikdortgen", 216, 259, 17, 16], ["daire", 73, 103, 10], ["dikdortgen", 397, 4, 16, 8], ["daire", 218, 218, 8], ["dikdortgen", 157, 275, 15, 8], ["dikdortgen", 177, 193, 18, 8], ["daire", 5, 262, 3], ["dikdortgen", 221, 65, 17, 18], ["dikdortgen", 278, 112, 10, 8], ["dikdortgen", 448, 95, 6, 16], ["daire", 106, 136, 11], ["daire", 67, 258, 7], ["dikdortgen", 408, 106, 9, 13], ["daire", 352, 73, 4], ["dikdortgen", 356, 88, 14, 8], ["dikdortgen", 163, 75, 13, 18], ["dikdortgen", 69, 97, 16, 15], ["daire", 124, 74, 13], ["daire", 371, 300, 8], ["daire", 311, 175, 11], ["dikdortgen", 225, 54, 16, 13], ["dikdortgen", 154, 287, 15, 7], ["daire", 74, 81, 10], ["daire", 266, 73, 3], ["dikdortgen", 394, 190, 7, 10], ["daire", 393, 115, 15], ["dikdortgen", 113, 162, 20, 10], ["daire", 112, 127, 7], ["dikdortgen", 39, 200, 15, 9]], "rrt_path": [[198.28683325466903, 103.86224972515144], [198.44460552304585, 104.39416668406228], [198.6078633677925, 104.9207242306755], [198.77660678890908, 105.44192236499116], [198.9508357863955, 105.95776108700917], [199.1305503602518, 106.46824039672961], [199.31575051047804, 106.97336029415247], [199.506436237074, 107.47312077927768], [199.70260754003996, 107.96752185210534], [199.90426441937575, 108.45656351263536], [200.11140687508143, 108.94024576086778], [200.32403490715694, 109.41856859680259], [200.54214851560232, 109.89153202043981], [200.76574770041762, 110.35913603177944], [200.99483246160275, 110.82138063082145], [201.22940279915778, 111.27826581756587], [201.46945871308273, 111.7297915920127], [201.71500020337743, 112.1759579541619], [201.9660272700421, 112.61676490401354], [202.22253991307662, 113.05221244156756], [202.484538132481, 113.48230056682397], [202.7520219282552, 113.90702927978275], [203.02499130039934, 114.32639858044396], [203.30344624891333, 114.74040846880757], [203.58738677379722, 115.14905894487359], [203.87681287505097, 115.55235000864201], [204.17172455267456, 115.9502816601128], [204.47212180666804, 116.342853899286], [204.77800463703144, 116.73006672616161], [205.08937304376465, 117.11192014073963], [205.40622702686775, 117.48841414302001], [205.72856658634072, 117.85954873300281], [206.05639172218358, 118.22532391068802], [206.38970243439627, 118.58573967607559], [206.72849872297886, 118.94079602916558], [207.07278058793133, 119.29049296995798], [207.42254802925368, 119.63483049845277], [207.77780104694585, 119.97380861464994], [208.13853964100795, 120.30742731854954], [208.50476381143991, 120.63568661015154], [208.87647355824174, 120.95858648945593], [209.25366888141338, 121.2761269564627], [209.636349780955, 121.58830801117188], [210.02451625686638, 121.89512965358344], [210.41816830914775, 122.19659188369747], [210.8173059377989, 122.49269470151381], [211.22192914282, 122.78343810703261], [211.63203792421092, 123.06882210025378], [212.0476322819717, 123.34884668117735], [212.46871221610235, 123.62351184980332], [212.89527772660296, 123.8928176061317], [213.32732881347331, 124.15676395016247], [213.76486547671362, 124.41535088189565], [214.2078877163238, 124.66857840133122], [214.6563955323038, 124.91644650846916], [215.1103889246537, 125.15895520330955], [215.56986789337347, 125.3961044858523], [216.03483243846313, 125.62789435609747], [216.5046217525765, 125.85425936182762], [216.97590085346556, 126.07486917683738], [217.44820713900356, 126.28967798091124], [217.9215406091906, 126.49868577404926], [218.3959012640266, 126.70189255625142], [218.8712891035116, 126.89929832751774], [219.3477041276455, 127.09090308784816], [219.82514633642845, 127.27670683724277], [220.3036157298603, 127.4567095757015], [220.78311230794125, 127.63091130322437], [221.2636360706711, 127.7993120198114], [221.74518701804993, 127.96191172546253], [222.22776515007774, 128.1187104201778], [222.71137046675454, 128.26970810395724], [223.1960029680803, 128.41490477680082], [223.6816626540551, 128.55430043870854], [224.16834952467875, 128.68789508968038], [224.65606357995148, 128.81568872971638], [225.14480481987317, 128.93768135881652], [225.63457324444386, 129.0538729769808], [226.12536885366345, 129.1642635842092], [226.61719164753208, 129.26885318050176], [227.11004162604968, 129.36764176585848], [227.6039187892162, 129.4606293402793], [228.09882313703173, 129.54781590376427], [228.5947546694963, 129.6292014563134], [229.09151158325125, 129.70679712397805], [229.58885284994773, 129.78300494008013], [230.08677800430752, 129.8578295414758], [230.58528704633068, 129.93127092816508], [231.0843799760171, 130.0033291001479], [231.5840567933668, 130.0740040574243], [232.0843174983799, 130.1432957999943], [232.58516209105622, 130.21120432785784], [233.0865905713959, 130.27772964101496], [233.58860293939887, 130.34287173946564], [234.09119919506514, 130.4066306232099], [234.59437933839476, 130.46900629224774], [235.0981433693877, 130.5299987465792], [235.6024912880439, 130.5896079862042], [236.10742309436347, 130.64783401112274], [236.6129387883463, 130.70467682133489], [237.1190383699925, 130.7601364168406], [237.62572183930197, 130.8142127976399], [238.1329891962747, 130.86690596373273], [238.64084044091078, 130.91821591511916], [239.14927557321016, 130.96814265179916], [239.6582945931729, 131.01668617377274], [240.16752805318882, 131.06474067217405], [240.67447026046676, 131.11837079112885], [241.1786514176307, 131.17871360295027], [241.6800715246805, 131.24576910763824], [242.17873058161624, 131.3195373051928], [242.6746285884379, 131.40001819561394], [243.1677655451455, 131.48721177890167], [243.65814145173897, 131.58111805505595], [244.14575630821838, 131.68173702407685], [244.63061011458376, 131.78906868596434], [245.11270287083497, 131.90311304071838], [245.59203457697214, 132.023870088339], [246.06860523299528, 132.15133982882622], [246.54241483890428, 132.28552226218002], [247.0134633946992, 132.4264173884004], [247.4817509003801, 132.57402520748738], [247.94727735594682, 132.7283457194409], [248.41004276139955, 132.88937892426105], [248.87004711673816, 133.05712482194775], [249.32729042196272, 133.23158341250107], [249.78177267707315, 133.41275469592094], [250.23349388206952, 133.6006386722074], [250.68245403695175, 133.7952353413604], [251.13219620785642, 133.99265065343545], [251.592089107445, 134.18258781079507], [252.06263300274773, 134.36449698887353], [252.5438278937645, 134.53837818767076], [253.03567378049522, 134.70423140718674], [253.53817066294005, 134.8620566474215], [254.05131854109894, 135.01185390837506], [254.57511741497186, 135.15362319004737], [255.10956728455875, 135.28736449243843], 