{"harita_boyut": {"genislik": 157, "yukseklik": 360}, "baslangic": [149.0447603763054, 5.5809974484622895], "hedef": [43.842605671448716, 225.26962941533114], "engeller": [["daire", 44, 255, 12], ["daire", 32, 122, 10], ["dikdortgen", 63, 284, 19, 17], ["daire", 67, 74, 9], ["daire", 125, 207, 7], ["dikdortgen", 51, 66, 10, 19], ["daire", 115, 230, 4], ["daire", 139, 118, 10], ["daire", 26, 347, 3], ["dikdortgen", 118, 304, 15, 18], ["daire", 70, 6, 5], ["dikdortgen", 70, 237, 16, 8], ["daire", 67, 45, 14], ["dikdortgen", 7, 178, 11, 10], ["daire", 66, 124, 15], ["daire", 115, 242, 6], ["dikdortgen", 109, 41, 19, 15], ["daire", 89, 37, 12], ["daire", 131, 300, 10], ["dikdortgen", 113, 119, 20, 14], ["daire", 89, 50, 15], ["dikdortgen", 2, 74, 15, 12], ["dikdortgen", 74, 105, 19, 6], ["dikdortgen", 10, 261, 18, 11], ["daire", 76, 331, 9], ["dikdortgen", 141, 322, 13, 10], ["dikdortgen", 75, 8, 19, 16], ["daire", 144, 268, 11]], "rrt_path": [[149.0447603763054, 5.5809974484622895], [144.51892860366885, 18.21892929571853], [135.40304228164703, 32.16823941568316], [134.3176462721294, 48.10464464810074], [132.67710524269597, 63.3273812364233], [124.83714097480824, 78.21581541188064], [112.45332226992456, 90.62573722994183], [109.0606579963332, 92.46556721611093], [109.66005396287333, 95.66217769015664], [109.16694586977589, 99.63166687751082], [107.39690089423192, 116.23625026791419], [107.43262190258724, 135.6153419355112], [106.29815043271499, 147.49957382673006], [97.03782404589909, 160.0047236955626], [84.75401297238264, 168.17916159670926], [71.37746522633711, 174.22407739469887], [62.254309978253644, 187.5331675945541], [59.65407209738101, 193.19591492966478], [52.327404215324485, 210.09026060943646], [43.842605671448716, 225.26962941533114]]}