{"harita_boyut": {"genislik": 371, "yukseklik": 487}, "baslangic": [184.83813024849837, 270.24362423502396], "hedef": [109.5608825555096, 26.581872143281217], "engeller": [["dikdortgen", 125, 333, 20, 8], ["dikdortgen", 237, 310, 7, 17], ["dikdortgen", 141, 328, 14, 16], ["dikdortgen", 121, 176, 12, 12], ["daire", 235, 72, 7], ["daire", 52, 78, 10], ["dikdortgen", 207, 114, 18, 12], ["daire", 169, 358, 6], ["dikdortgen", 112, 378, 16, 6], ["dikdortgen", 171, 30, 12, 16], ["daire", 38, 312, 8], ["daire", 217, 193, 15], ["dikdortgen", 69, 339, 9, 5], ["daire", 284, 362, 7], ["daire", 80, 254, 13], ["daire", 46, 184, 3], ["dikdortgen", 20, 176, 6, 5], ["dikdortgen", 296, 120, 18, 17], ["dikdortgen", 31, 339, 15, 8], ["daire", 28, 151, 7], ["dikdortgen", 127, 444, 19, 19], ["daire", 273, 237, 6], ["daire", 274, 115, 15], ["daire", 273, 41, 9], ["daire", 73, 414, 13], ["daire", 162, 84, 7], ["daire", 121, 114, 4], ["daire", 247, 70, 7], ["dikdortgen", 305, 464, 5, 5], ["dikdortgen", 166, 49, 11, 16], ["daire", 44, 434, 8], ["daire", 311, 253, 7], ["dikdortgen", 114, 11, 14, 10], ["daire", 85, 59, 13], ["dikdortgen", 350, 14, 19, 5], ["dikdortgen", 237, 84, 17, 11], ["dikdortgen", 208, 219, 14, 10], ["daire", 361, 80, 10], ["daire", 255, 454, 11], ["dikdortgen", 86, 62, 5, 14], ["daire", 90, 197, 11], ["daire", 309, 192, 12], ["dikdortgen", 174, 128, 14, 9], ["dikdortgen", 240, 416, 18, 6], ["daire", 334, 471, 6], ["daire", 255, 115, 13], ["daire", 299, 284, 4], ["daire", 29, 421, 12], ["dikdortgen", 219, 204, 11, 9], ["daire", 109, 252, 15], ["dikdortgen", 50, 26, 10, 10], ["dikdortgen", 169, 448, 10, 19], ["dikdortgen", 45, 392, 18, 12], ["dikdortgen", 300, 371, 5, 7], ["daire", 217, 263, 15], ["daire", 210, 454, 8], ["daire", 250, 323, 7], ["daire", 241, 212, 5], ["daire", 335, 201, 10], ["dikdortgen", 159, 1, 12, 18], ["dikdortgen", 209, 95, 6, 14], ["daire", 256, 158, 3], ["dikdortgen", 161, 364, 6, 12], ["daire", 335, 188, 7], ["dikdortgen", 34, 378, 16, 12], ["dikdortgen", 256, 98, 8, 20], ["daire", 63, 406, 9], ["daire", 224, 115, 3], ["dikdortgen", 329, 242, 13, 11], ["daire", 93, 38, 12], ["dikdortgen", 4, 75, 5, 15], ["dikdortgen", 77, 473, 16, 7], ["daire", 309, 131, 10], ["daire", 334, 292, 7], ["daire", 71, 266, 11], ["dikdortgen", 349, 144, 6, 8], ["daire", 61, 398, 15], ["dikdortgen", 336, 109, 8, 14], ["dikdortgen", 249, 426, 8, 20], ["daire", 279, 305, 12], ["dikdortgen", 1, 156, 10, 7], ["dikdortgen", 227, 261, 13, 6], ["daire", 278, 80, 10], ["dikdortgen", 269, 416, 17, 19], ["daire", 284, 435, 4], ["dikdortgen", 92, 11, 10, 16], ["dikdortgen", 224, 370, 8, 9], ["daire", 171, 414, 12], ["dikdortgen", 3, 90, 10, 7], ["dikdortgen", 349, 196, 16, 7]], "rrt_path": [[184.83813024849837, 270.24362423502396], [185.39827125208643, 266.28303816019877], [189.55348313902965, 249.07552140523248], [187.65401997014567, 233.72780658153098], [181.38809137025154, 224.65868028222266], [172.28835691762993, 207.8815550511209], [159.72945048200455, 195.28772933948576], [158.3238424212503, 196.01745831624913], [154.82289267170808, 181.5556307224361], [149.2775386288234, 163.11947062829896], [146.53737628774164, 143.42954458643467], [147.04481789953968, 135.92978366159886], [148.39848573106278, 117.03647163043091], [147.92064849365468, 97.07761275851517], [146.51120685171284, 93.33415523131384], [140.63854673655186, 74.31552322026343], [129.82593125413905, 58.97255005103588], [120.67387797829879, 45.70244354891007], [119.1133641709797, 42.0194017819508], [109.5608825555096, 26.581872143281217]]}