{"harita_boyut": {"genislik": 255, "yukseklik": 256}, "baslangic": [9.109271015918928, 162.09497958342945], "hedef": [128.6628819454538, 99.0364379158456], "engeller": [["daire", 138, 34, 7], ["daire", 90, 205, 8], ["daire", 57, 58, 5], ["daire", 179, 208, 12], ["dikdortgen", 8, 8, 19, 9], ["daire", 55, 131, 6], ["dikdortgen", 170, 84, 18, 15], ["dikdortgen", 243, 224, 12, 14], ["dikdortgen", 45, 102, 18, 6], ["daire", 134, 126, 13], ["daire", 160, 98, 12], ["daire", 200, 197, 9], ["dikdortgen", 58, 184, 17, 16], ["daire", 191, 204, 9], ["daire", 223, 231, 9], ["dikdortgen", 205, 184, 8, 8], ["dikdortgen", 236, 73, 5, 19], ["daire", 30, 64, 14], ["daire", 163, 127, 6], ["dikdortgen", 130, 46, 13, 19], ["daire", 202, 46, 10], ["daire", 156, 110, 14], ["dikdortgen", 209, 39, 20, 20], ["dikdortgen", 195, 223, 19, 15], ["daire", 60, 151, 14], ["dikdortgen", 21, 222, 6, 7], ["daire", 223, 241, 12], ["daire", 133, 248, 6], ["dikdortgen", 221, 232, 11, 18], ["dikdortgen", 13, 182, 9, 6], ["dikdortgen", 54, 43, 16, 9], ["daire", 138, 26, 3]], "rrt_path": [[9.109271015918928, 162.09497958342945], [13.747120224161213, 164.62380211982244], [30.74709592349758, 170.34150336581564], [41.42764521538029, 172.37425467226922], [57.6490493761564, 174.00747018849225], [73.69033919753447, 176.47519824789515], [80.5778968885709, 175.91875862987604], [98.95208375629325, 177.9284783684924], [108.60884435483207, 180.61763079432333], [125.4669810758504, 173.62643376060961], [130.857180239139, 168.04947364340597], [143.07218008565036, 158.56394347964516], [145.78384916710064, 157.1645638674754], [130.89374931338244, 147.4461115381479], [122.80341413375767, 140.31117310468753], [117.01812062419584, 134.84572536827818], [114.90582105942165, 131.4489341546981], [116.25191100649764, 122.27846537451649], [117.31492429400913, 118.42230112093833], [119.5014759559197, 115.07282476935796], [128.6628819454538, 99.0364379158456]]}