{"harita_boyut": {"genislik": 333, "yukseklik": 186}, "baslangic": [255.503887015404, 34.46319129209846], "hedef": [281.9952655878902, 154.3350205670853], "engeller": [["dikdortgen", 236, 4, 19, 7], ["dikdortgen", 64, 13, 10, 7], ["dikdortgen", 4, 97, 16, 19], ["dikdortgen", 255, 129, 14, 6], ["daire", 146, 32, 7], ["dikdortgen", 35, 64, 14, 8], ["daire", 191, 105, 5], ["dikdortgen", 155, 5, 7, 19], ["dikdortgen", 212, 29, 9, 14], ["daire", 177, 53, 10], ["dikdortgen", 248, 70, 12, 8], ["dikdortgen", 268, 31, 12, 6], ["daire", 312, 43, 9], ["daire", 134, 100, 14], ["dikdortgen", 306, 17, 18, 20], ["daire", 75, 59, 13], ["dikdortgen", 217, 119, 7, 7], ["daire", 18, 57, 15], ["dikdortgen", 287, 117, 7, 19], ["daire", 203, 41, 8], ["daire", 306, 167, 14], ["daire", 55, 152, 3], ["dikdortgen", 12, 94, 16, 13], ["daire", 104, 89, 5], ["dikdortgen", 328, 47, 5, 15], ["dikdortgen", 276, 57, 20, 20], ["daire", 183, 28, 7], ["daire", 314, 161, 10], ["daire", 82, 169, 14], ["dikdortgen", 66, 47, 7, 11]], "rrt_path": [[255.503887015404, 34.46319129209846], [243.57074497967432, 35.45592101224885], [229.44293135933896, 47.46623804651451], [221.98827773043382, 50.366556519815205], [204.08253137647486, 58.41540028870022], [199.0265656302683, 71.65573986880314], [190.30800477961185, 81.7143808482962], [176.36525052187338, 86.32548667767833], [157.5319566129618, 90.82585741310633], [153.207840010102, 99.13117895738341], [153.2131409582865, 101.58734205742778], [164.71514452663482, 106.81088882424588], [182.4888966407692, 114.24075647495773], [195.22703381139453, 125.21387339418807], [213.6210641814161, 131.48014605495163], [231.8026526679926, 136.58087800490046], [238.90433824293618, 138.21650023403825], [251.84135143741992, 141.27471570397142], [261.2536355320227, 146.03531743745967], [278.57034585841694, 152.26864091981207], [281.9952655878902, 154.3350205670853]]}