{"harita_boyut": {"genislik": 469, "yukseklik": 254}, "baslangic": [102.46072387540099, 210.93583403157123], "hedef": [213.83352187037804, 82.30422204652106], "engeller": [["daire", 354, 217, 15], ["daire", 62, 133, 5], ["dikdortgen", 20, 13, 10, 16], ["daire", 252, 31, 10], ["dikdortgen", 270, 38, 15, 16], ["daire", 423, 241, 5], ["dikdortgen", 146, 89, 18, 14], ["dikdortgen", 50, 31, 17, 5], ["dikdortgen", 213, 228, 14, 18], ["daire", 243, 136, 7], ["dikdortgen", 38, 59, 20, 11], ["daire", 222, 226, 12], ["daire", 47, 36, 15], ["dikdortgen", 42, 80, 10, 11], ["dikdortgen", 305, 18, 16, 13], ["dikdortgen", 386, 159, 13, 19], ["daire", 115, 150, 3], ["daire", 59, 213, 12], ["dikdortgen", 89, 118, 16, 11], ["dikdortgen", 215, 162, 12, 14], ["daire", 297, 224, 6], ["dikdortgen", 217, 91, 20, 13], ["dikdortgen", 23, 78, 6, 15], ["dikdortgen", 108, 157, 6, 18], ["daire", 156, 70, 14], ["dikdortgen", 105, 155, 9, 16], ["dikdortgen", 407, 130, 20, 18], ["dikdortgen", 306, 132, 8, 7], ["daire", 123, 236, 6], ["dikdortgen", 270, 170, 16, 11], ["dikdortgen", 273, 120, 5, 9], ["dikdortgen", 386, 8, 13, 5], ["dikdortgen", 196, 18, 19, 13], ["dikdortgen", 256, 194, 18, 7], ["daire", 159, 81, 4], ["dikdortgen", 264, 169, 12, 17], ["daire", 455, 198, 9], ["daire", 268, 213, 8], ["daire", 370, 129, 4], ["daire", 355, 131, 8], ["daire", 145, 215, 10], ["dikdortgen", 372, 184, 20, 12], ["dikdortgen", 238, 193, 8, 17], ["daire", 28, 182, 12], ["dikdortgen", 45, 125, 18, 10], ["dikdortgen", 356, 22, 19, 20], ["daire", 152, 190, 9], ["dikdortgen", 232, 124, 13, 11], ["dikdortgen", 210, 199, 18, 6], ["dikdortgen", 433, 177, 19, 14], ["daire", 280, 210, 12], ["dikdortgen", 458, 208, 8, 9], ["daire", 318, 185, 7], ["dikdortgen", 320, 58, 16, 19], ["dikdortgen", 77, 51, 11, 17], ["dikdortgen", 121, 46, 5, 19], ["daire", 122, 201, 14], ["dikdortgen", 132, 231, 18, 13], ["daire", 119, 243, 8]], "rrt_path": [[102.46072387540099, 210.93583403157123], [102.40715445854339, 191.67882065868875], [114.66248425583892, 182.76975667409332], [118.2761029449116, 181.05460071325925], [122.93589104501886, 169.27039753420465], [128.1410015810903, 157.06142280260048], [145.3551611009508, 149.7718540281028], [156.82466675053752, 144.70602196717502], [167.90273913855793, 140.16080110641738], [179.64262413677642, 134.81907130348446], [185.62930765971137, 129.92123883042115], [202.74411409993215, 121.82531934436676], [213.58096476193617, 120.14921694654089], [215.98761291578253, 120.58380430729022], [210.75602785587066, 105.93856754630511], [207.85650548809502, 87.56277132879735], [213.83352187037804, 82.30422204652106]]}