{"harita_boyut": {"genislik": 299, "yukseklik": 326}, "baslangic": [196.6523259335559, 66.0116039723465], "hedef": [120.05370469419661, 285.7427387221364], "engeller": [["daire", 233, 249, 7], ["dikdortgen", 46, 119, 6, 20], ["dikdortgen", 111, 149, 17, 15], ["daire", 84, 293, 14], ["dikdortgen", 101, 190, 8, 12], ["daire", 182, 104, 4], ["dikdortgen", 193, 142, 5, 18], ["dikdortgen", 9, 266, 7, 6], ["daire", 183, 164, 4], ["dikdortgen", 207, 101, 15, 17], ["dikdortgen", 169, 55, 5, 18], ["daire", 114, 306, 3], ["daire", 223, 223, 14], ["daire", 30, 93, 6], ["daire", 5, 65, 3], ["dikdortgen", 158, 48, 14, 10], ["daire", 275, 192, 10], ["dikdortgen", 121, 166, 10, 10], ["daire", 167, 43, 5], ["daire", 34, 155, 13], ["dikdortgen", 13, 15, 10, 14], ["dikdortgen", 120, 102, 15, 13], ["daire", 54, 50, 8], ["daire", 82, 47, 8], ["daire", 250, 210, 13], ["dikdortgen", 222, 288, 17, 8], ["daire", 48, 137, 14], ["daire", 126, 20, 10], ["dikdortgen", 133, 307, 18, 16], ["daire", 261, 180, 3], ["dikdortgen", 174, 31, 12, 16], ["daire", 134, 286, 5], ["daire", 109, 37, 12], ["dikdortgen", 105, 264, 6, 16], ["dikdortgen", 110, 8, 16, 17], ["daire", 158, 213, 4], ["dikdortgen", 228, 295, 8, 11], ["dikdortgen", 174, 101, 13, 20], ["dikdortgen", 281, 248, 17, 11], ["daire", 41, 55, 7], ["dikdortgen", 206, 163, 13, 13], ["dikdortgen", 6, 142, 12, 5], ["daire", 275, 269, 9], ["dikdortgen", 89, 78, 11, 19], ["daire", 108, 155, 4], ["daire", 248, 307, 4], ["dikdortgen", 16, 295, 13, 7], ["dikdortgen", 101, 127, 8, 14]], "rrt_path": [[196.6523259335559, 66.0116039723465], [197.3188504541392, 81.85709675703815], [197.585225815127, 94.45089215245709], [197.49795728571618, 109.25595691355194], [195.4041570699097, 116.42973679565296], [191.3015285868986, 134.46507061096824], [184.52836497278767, 138.72172396241967], [169.91004294895177, 149.0608381973466], [155.5710270368587, 161.53004421878563], [152.2501464138775, 172.96666044429085], [146.32830518299457, 187.0518664957291], [135.33543942834785, 203.44587743388152], [130.63314705431097, 209.88950990848696], [131.97620271448682, 213.64601269496944], [132.83163827298094, 217.55347094877894], [130.57059651819722, 234.95128665742212], [126.94618398828518, 249.23123413381168], [124.14367941488713, 262.3058277859763], [121.56017432127491, 270.2701733479721], [120.05370469419661, 285.7427387221364]]}