{"harita_boyut": {"genislik": 491, "yukseklik": 279}, "baslangic": [239.2397658112222, 60.66100320008195], "hedef": [182.62604808691884, 212.61274462933778], "engeller": [["dikdortgen", 66, 54, 9, 13], ["daire", 35, 16, 9], ["daire", 195, 42, 14], ["dikdortgen", 362, 187, 20, 9], ["dikdortgen", 480, 156, 9, 5], ["daire", 112, 133, 6], ["dikdortgen", 406, 196, 14, 15], ["daire", 53, 224, 12], ["daire", 248, 21, 8], ["dikdortgen", 362, 40, 8, 19], ["daire", 74, 65, 13], ["dikdortgen", 279, 83, 17, 17], ["dikdortgen", 136, 62, 11, 6], ["daire", 80, 194, 9], ["daire", 384, 11, 10], ["daire", 335, 48, 3], ["daire", 202, 262, 11], ["daire", 434, 262, 7], ["dikdortgen", 379, 80, 20, 16], ["daire", 174, 165, 12], ["daire", 51, 112, 15], ["dikdortgen", 121, 42, 9, 8], ["dikdortgen", 257, 200, 10, 11], ["dikdortgen", 296, 83, 20, 20], ["dikdortgen", 199, 82, 20, 8], ["daire", 401, 192, 12], ["dikdortgen", 2, 245, 18, 8], ["daire", 46, 86, 7], ["daire", 92, 229, 10], ["dikdortgen", 423, 198, 20, 10], ["daire", 349, 116, 9], ["dikdortgen", 56, 169, 11, 18], ["daire", 57, 24, 7], ["daire", 472, 128, 12], ["daire", 434, 126, 14], ["dikdortgen", 277, 36, 9, 18], ["dikdortgen", 353, 160, 14, 9], ["daire", 208, 45, 5], ["daire", 424, 90, 7], ["daire", 461, 144, 15], ["dikdortgen", 29, 110, 10, 7], ["dikdortgen", 112, 117, 9, 9], ["daire", 62, 264, 11], ["daire", 366, 106, 15], ["dikdortgen", 191, 80, 18, 18], ["daire", 69, 128, 9], ["daire", 395, 31, 4], ["dikdortgen", 459, 93, 16, 15], ["dikdortgen", 452, 77, 14, 6], ["dikdortgen", 142, 61, 17, 6], ["dikdortgen", 21, 165, 11, 9], ["daire", 26, 264, 13], ["daire", 226, 262, 5], ["daire", 204, 189, 4], ["daire", 278, 92, 12], ["dikdortgen", 153, 214, 14, 14], ["daire", 433, 170, 6], ["dikdortgen", 12, 178, 15, 7], ["daire", 204, 135, 9], ["dikdortgen", 149, 163, 17, 5], ["daire", 24, 23, 4], ["daire", 141, 84, 15], ["daire", 194, 136, 11], ["dikdortgen", 432, 108, 11, 10], ["dikdortgen", 210, 21, 8, 12], ["dikdortgen", 443, 69, 20, 12], ["daire", 133, 49, 9], ["daire", 297, 130, 5]], "rrt_path": [[239.2397658112222, 60.66100320008195], [245.57731946411343, 70.07144933273705], [251.28110936367418, 78.37803166255706], [257.41376197335654, 97.30755622298275], [263.57259879622615, 116.33307386176467], [266.11266551034515, 119.42306756528978], [275.0024529682333, 135.4086111965482], [282.5444797507066, 142.26817134986996], [290.32216187143496, 149.94033710706069], [290.97625410040763, 150.57047756417785], [283.342621265036, 155.12622873429387], [271.54258788781635, 162.98223160126642], [259.4089260504784, 166.89549766675634], [245.1097444813213, 171.2355937356285], [236.20704039898425, 178.68141207039545], [221.60826319487842, 189.604259605737], [210.35680316094772, 197.59722903286269], [203.0054899674903, 198.74728915903125], [199.04586995724685, 198.18035937988768], [182.4477390528386, 208.61672086960294], [182.62604808691884, 212.61274462933778]]}