{"harita_boyut": {"genislik": 181, "yukseklik": 371}, "baslangic": [44.42810377391031, 93.17389235651879], "hedef": [65.96331385610493, 226.7999401266206], "engeller": [["dikdortgen", 98, 311, 13, 13], ["daire", 155, 216, 4], ["daire", 167, 354, 11], ["daire", 125, 226, 5], ["dikdortgen", 60, 244, 13, 14], ["daire", 20, 226, 6], ["dikdortgen", 93, 199, 14, 9], ["dikdortgen", 91, 158, 16, 15], ["dikdortgen", 94, 235, 17, 10], ["daire", 132, 251, 12], ["dikdortgen", 63, 317, 17, 20], ["dikdortgen", 62, 104, 13, 7], ["daire", 17, 331, 5], ["daire", 83, 286, 7], ["daire", 114, 271, 4], ["dikdortgen", 92, 248, 14, 16], ["dikdortgen", 104, 155, 13, 15], ["dikdortgen", 46, 25, 16, 20], ["dikdortgen", 113, 35, 8, 18], ["dikdortgen", 69, 59, 10, 17], ["daire", 60, 315, 12], ["dikdortgen", 87, 131, 5, 16], ["dikdortgen", 80, 161, 15, 13], ["dikdortgen", 112, 142, 13, 11], ["daire", 76, 137, 6], ["dikdortgen", 51, 89, 5, 11], ["dikdortgen", 115, 185, 12, 19], ["dikdortgen", 24, 41, 19, 8], ["dikdortgen", 10, 52, 11, 18], ["dikdortgen", 146, 294, 13, 15], ["dikdortgen", 27, 61, 16, 14], ["dikdortgen", 76, 298, 19, 18], ["daire", 18, 293, 12]], "rrt_path": [[44.42810377391031, 93.17389235651879], [45.90204624639443, 104.76249079377163], [53.88718168961324, 121.00138406016487], [62.82281863407998, 136.8025313587069], [68.26947733395153, 146.68943741531592], [71.04570022504198, 162.59476046842286], [71.91864105666305, 170.31210060689], [76.39999696340743, 184.77825432137772], [78.91099872646961, 186.4199596374468], [76.65661211014852, 189.72416014349244], [66.59741000464054, 204.5141895911202], [66.35120898100513, 219.17208573047188], [65.96331385610493, 226.7999401266206]]}