{"harita_boyut": {"genislik": 253, "yukseklik": 115}, "baslangic": [225.77370118765216, 52.57258196999924], "hedef": [91.61843431640477, 56.54404571561696], "engeller": [["dikdortgen", 151, 46, 11, 17], ["dikdortgen", 166, 40, 11, 15], ["daire", 9, 62, 9], ["daire", 49, 39, 15], ["dikdortgen", 66, 2, 9, 19], ["dikdortgen", 185, 52, 8, 20], ["dikdortgen", 196, 32, 16, 9], ["daire", 45, 91, 14], ["dikdortgen", 36, 58, 8, 6], ["daire", 6, 36, 5], ["daire", 72, 59, 12], ["daire", 193, 46, 6], ["daire", 110, 33, 5], ["dikdortgen", 244, 62, 5, 7]], "rrt_path": [[225.77370118765216, 52.57258196999924], [217.6165778886933, 69.10677731335082], [213.65861431508293, 75.54807079561041], [200.04973256787991, 89.11502910641241], [188.43143915607516, 89.78910814611721], [170.31737504562201, 81.6412955046319], [170.16969685404715, 81.36736332603951], [162.4797044349899, 79.59079205514105], [146.18323895605573, 69.28436126416797], [130.44920168921203, 59.600481199307964], [116.5214281684433, 55.146480870069475], [105.48030727389644, 55.668001427978744], [91.61843431640477, 56.54404571561696]]}