{"harita_boyut": {"genislik": 197, "yukseklik": 157}, "baslangic": [147.77166904375042, 50.989235859582685], "hedef": [44.867374803504724, 85.11615670135888], "engeller": [["dikdortgen", 109, 123, 10, 10], ["daire", 182, 15, 6], ["daire", 55, 130, 13], ["dikdortgen", 27, 38, 7, 7], ["dikdortgen", 39, 46, 17, 20], ["daire", 184, 82, 3], ["daire", 177, 45, 10], ["dikdortgen", 48, 66, 10, 5], ["dikdortgen", 18, 106, 6, 14], ["dikdortgen", 166, 99, 16, 16], ["daire", 33, 123, 14], ["daire", 69, 35, 15], ["daire", 19, 79, 15], ["daire", 143, 138, 5], ["dikdortgen", 84, 37, 11, 10]], "rrt_path": [[147.77166904375045, 50.9892358595827], [147.54870935813352, 51.45516982959187], [147.31894109027257, 51.91569892929296], [147.0823642401675, 52.370823158685916], [146.83897880781834, 52.820542517770804], [146.5887847932251, 53.26485700654758], [146.3317821963878, 53.70376662501627], [146.0679710173064, 54.13727137317685], [145.79735125598086, 54.56537125102934], [145.51992291241137, 54.988066258573745], [145.23568598659767, 55.40535639581004], [144.94464047853995, 55.81724166273823], [144.64678638823816, 56.22372205935834], [144.34212371569225, 56.62479758567034], [144.03065246090227, 57.020468241674244], [143.71237262386825, 57.41073402737006], [143.3872842045901, 57.79559494275776], [143.05538720306785, 58.17505098783738], [142.71668161930154, 58.54910216260889], [142.37116745329115, 58.91774846707231], [142.01884470503666, 59.28098990122762], [141.65971337453811, 59.63882646507486], [141.29377346179552, 59.99125815861399], [140.92102496680877, 60.33828498184501], [140.54146788957797, 60.67990693476794], [140.1551022301031, 61.01612401738278], [139.76192798838412, 61.34693622968952], [139.36194516442106, 61.672343571688145], [138.95515375821392, 61.99234604337869], [138.5415537697627, 62.306943644761134], [138.1211451990674, 62.61613637583548], [137.69392804612804, 62.91992423660173], [137.25990231094457, 63.21830722705988], [136.81906799351702, 63.511285347209935], [136.3714250938454, 63.79885859705189], [135.91697361192968, 64.08102697658575], [135.4557135477699, 64.3577904858115], [134.98764490136602, 64.62914912472917], [134.51276767271804, 64.89510289333873], [134.031081861826, 65.15565179164021], [133.54258746868987, 65.41079581963358], [133.0472844933097, 65.66053497731886], [132.5451729356854, 65.90486926469603], [132.036252795817, 66.14379868176512], [131.53100846764596, 66.38440102601521], [131.0481814151589, 66.6393282721325], [130.58814239172858, 66.90883070805033], [130.15089139735508, 67.19290833376863], [129.7364284320384, 67.49156114928745], [129.3447534957785, 67.80478915460677], [128.9758665885754, 68.13259234972658], [128.62976771042906, 68.47497073464692], [128.3064568613396, 68.83192430936774], [128.00593404130686, 69.20345307388905], [127.72819925033096, 69.58955702821089], [127.47325248841187, 69.99023617233323], [127.24109375554954, 70.40549050625606], [127.03172305174402, 70.8353200299794], [126.84514037699529, 71.27972474350324], [126.6813457313034, 71.7387046468276], [126.54033911466826, 72.21225973995246], [126.42212052708996, 72.7003900228778], [126.32668996856842, 73.20309549560363], [126.2540474391037, 73.72037615813001], [126.20302902967428, 74.25155383511232], [126.11908849627596, 74.76484604429663], [125.97240797797963, 75.2428788004868], [125.76298747478526, 75.68565210368287], [125.49082698669284, 76.09316595388478], [125.15592651370235, 76.46542035109256], [124.76479272988338, 76.80140346755529], [124.35328192128993, 77.09553943073246], [123.92686916990057, 77.34697683177446], [123.48555447571523, 77.55571567068131], [123.02933783873394, 77.72175594745298], [122.55821925895677, 77.8450976620895], [122.07219873638357, 77.92574081459082], [121.57127627101447, 77.96368540495702], [121.05545186284941, 77.95893143318803], [120.5252641329813, 77.91308732819398], [119.99242703928351, 77.86113328058335], [119.46170688534868, 77.8173024137779], [118.93310367117684, 77.78159472777769], [118.406617396768, 77.7540102225827], [117.88224806212213, 77.73454889819288], [117.35999566723922, 77.72321075460832], [116.8398602121193, 77.71999579182898], [116.32184169676239, 77.72490400985482], [115.80594012116843, 77.7379354086859], [115.29215548533745, 77.75908998832217], [114.78048778926947, 77.78836774876368], [114.27093703296444, 77.82576869001036], [113.76350321642241, 77.8712928120623], [113.25818633964336, 77.92494011491942], [112.75498640262731, 77.9867105985818], [112.2539034053742, 78.05660426304935], [111.7549373478841, 78.13462110832212], [111.25808823015699, 78.22076113440012], [110.76335605219282, 78.31502434128332], [110.27074081399167, 78.41741072897173], [109.78024251555348, 78.52792029746536], [109.29186115687827, 78.64655304676421], [108.80559673796604, 78.77330897686826], [108.32143795927672, 78.90814499217988], [107.8378307012317, 79.04513379729244], [107.3536775664757, 79.1800900010732], [106.86897855500871, 79.31301360352215], [106.38373366683076, 79.44390460463939], [105.89794290194183, 79.5727630044248], [105.41160626034191, 79.69958880287842], [104.92472374203098, 79.82438200000027], [104.43729534700911, 79.94714259579034], [103.94932107527625, 80.0678705902486], [103.46080092683239, 80.18656598337509], [102.97173490167756, 80.3032287751698], [102.48212299981174, 80.4178589656327], [101.99196522123495, 80.53045655476384], [101.50126156594717, 80.64102154256321], [101.01001203394841, 80.74955392903075], [100.5182166252387, 80.85605371416656], [100.02587533981796, 80.96052089797055], [99.53298817768624, 81.06295548044275], [99.03955513884355, 81.16335746158317], [98.54557622328988, 81.26172684139182], [98.05119923221379, 81.35861331802914], [97.55712977054584, 81.45664115816163], [97.06345965924623, 81.55615185980724], [96.5701888983151, 81.65714542296598], [96.07731748775231, 81.75962184763783], [95.58484542755794, 81.8635811338228], [95.09277271773198, 81.96902328152092], [94.60109935827435, 82.07594829073213], [94.10982534918517, 82.18435616145648], [93.61895069046437, 82.29424689369395], [93.12847538211197, 82.40562048744455], [92.63839942412797, 82.51847694270826], [92.14872281651236, 82.6328162594851], [91.65944555926514, 82.74863843777507], [91.1705676523863, 82.86594347757814], [90.68208909587588, 82.98473137889434], [90.19400988973383, 83.10500214172366], [89.7063300339602, 83.22675576606612], [89.21904952855496, 83.34999225192169], [88.7321683735181, 83.4747115992904], [88.24568656884966, 83.60091380817222], [87.7596041145496, 83.72859887856717], [87.27380871793781, 83.85747562640283], [86.78778690664436, 83.98621257597175], [86.30147520566456, 84.11464513141301], [85.81487361499842, 84.24277329272665], [85.32798213464599, 84.37059705991267], [84.84080076460721, 84.49811643297106], [84.35332950488207, 84.62533141190178], [83.86556835547064, 84.75224199670488], [83.37751731637286, 84.87884818738037], [82.88917638758873, 85.00514998392819], [82.40054556911828, 85.1311473863484], [81.91162486096152, 85.25684039464097], [81.42241426311841, 85.3822290088059], [80.93291377558897, 85.5073132288432], [80.44312339837317, 85.63209305475286], [79.95304313147109, 85.75656848653489], [79.46267297488265, 85.8807395241893], [78.97201292860788, 86.00460616771606], [78.4810629926468, 86.12816841711519], [77.98982316699936, 86.25142627238668], [77.49829345166557, 86.37437973353053], [77.00647384664549, 86.49702880054676], [76.51436435193907, 86.61937347343533], [76.0219649675463, 86.74141375219631], [75.52927569346721, 86.86314963682962], [75.03629652970179, 86.98458112733532], [74.54302747625003, 87.10570822371338], [74.04946853311193, 87.22653092596379], [73.55561970028752, 87.34704923408657], [73.06148097777677, 87.46726314808171], [72.5670523655797, 87.58717266794925], [72.07233386369627, 87.70677779368911], [71.57732650299268, 87.82605863860248], [71.08220762970741, 87.9415939716491], [70.58710725219989, 88.0508757687616], [70.09202537047008, 88.15390402993994], [69.59696198451799, 88.25067875518415], [69.10191709434362, 