{"harita_boyut": {"genislik": 143, "yukseklik": 191}, "baslangic": [61.760620050234714, 173.52778931028024], "hedef": [71.09090836582055, 72.87024324857238], "engeller": [["dikdortgen", 42, 143, 14, 6], ["daire", 92, 108, 9], ["dikdortgen", 113, 78, 12, 12], ["dikdortgen", 92, 148, 20, 5], ["daire", 132, 177, 4], ["dikdortgen", 109, 99, 20, 6], ["dikdortgen", 74, 121, 5, 10], ["daire", 96, 103, 5], ["dikdortgen", 31, 146, 15, 12], ["dikdortgen", 6, 157, 13, 12], ["dikdortgen", 9, 43, 13, 7], ["dikdortgen", 102, 108, 17, 18], ["daire", 66, 23, 12]], "rrt_path": [[61.76062005023472, 173.52778931028024], [61.69706119453488, 173.01397369684688], [61.637669730083786, 172.500738521989], [61.58244565688144, 171.98808378570666], [61.53138897492781, 171.4760094879997], [61.484499684222925, 170.96451562886824], [61.44177778476677, 170.45360220831225], [61.40322327655935, 169.94326922633175], [61.36883615960068, 169.43351668292675], [61.338616433890756, 168.9243445780972], [61.312564099429544, 168.4157529118431], [61.290679156217095, 167.90774168416448], [61.27296160425333, 167.40031089506127], [61.25941144353836, 166.89346054453364], [61.2500286740721, 166.38719063258142], [61.24481329585458, 165.88150115920467], [61.24376530888579, 165.37639212440342], [61.24688471316576, 164.87186352817764], [61.25417150869444, 164.36791537052733], [61.265625695471876, 163.86454765145245], [61.28124727349805, 163.3617603709531], [61.301036242772945, 162.8595535290292], [61.32499260329658, 162.3579271256808], [61.353116355068956, 161.8568811609078], [61.385407498090075, 161.35641563471032], [61.421866032359915, 160.8565305470883], [61.462491957878505, 160.35722589804175], [61.507285274645824, 159.85850168757068], [61.55624598266188, 159.36035791567508], [61.60937408192668, 158.86279458235495], [61.666669572440206, 158.36581168761032], [61.72813245420248, 157.86940923144113], [61.79376272721349, 157.3735872138474], [61.86356039147323, 156.87834563482917], [61.93752544698171, 156.3836844943864], [62.01565789373892, 155.8896037925191], [62.097957731744884, 155.39610352922728], [62.18442496099958, 154.90318370451092], [62.27505958150299, 154.41084431837004], [62.36986159325516, 153.91908537080462], [62.46883099625606, 153.42790686181468], [62.57196779050569, 152.9373087914002], [62.679271976004074, 152.44729115956125], [62.79074355275118, 151.9578539662977], [62.90590667299658, 151.46882683723106], [63.020618334865205, 150.97872639586276], [63.13391702895586, 150.48720837962858], [63.24580275526852, 149.99427278852852], [63.35627551380321, 149.4999196225627], [63.465335304559915, 149.0041488817309], [63.57298212753866, 148.50696056603334], [63.679215982739436, 148.0083546754699], [63.784036870162204, 147.50833121004058], [63.887444789807006, 147.00689016974542], [63.98943974167383, 146.50403155458437], [64.09002172576267, 145.99975536455747], [64.18919074207355, 145.49406159966475], [64.28694679060644, 144.98695025990614], [64.38328987136134, 144.47842134528165], [64.47821998433828, 143.96847485579136], [64.57173712953724, 143.45711079143516], [64.6638413069582, 142.94432915221313], [64.75453251660122, 142.43012993812522], [64.84381075846623, 141.91451314917146], [64.93167603255327, 141.39747878535184], [65.01812833886234, 140.8790268466664], [65.10316767739343, 140.35915733311506], [65.18639942529946, 139.83803024131234], [65.25940867698884, 139.31905732609118], [65.31880317363452, 138.80361395112297], [65.36458291523648, 138.29170011640755], [65.39674790179474, 137.78331582194508], [65.4152981333093, 137.27846106773544], [65.42023360978015, 136.77713585377867], [65.41155433120728, 136.27934018007477], [65.38926029759071, 135.78507404662375], [65.35335150893044, 135.2943374534256], [65.30382796522646, 134.80713040048033], [65.24068966647877, 134.32345288778794], [65.16393661268738, 133.8433049153484], [65.07356880385228, 133.36668648316174], [64.96958623997347, 132.89359759122794], [64.85198892105096, 132.42403823954703], [64.72077684708474, 131.95800842811897], [64.5759500180748, 131.4955081569438], [64.41750843402117, 131.03653742602148], [64.24545209492383, 130.58109623535205], [64.05978100078279, 130.12918458493553], [63.86049515159803, 129.68080247477184], [63.647594547369565, 129.235949904861], [63.42107918809741, 128.79462687520308], [63.180949073781534, 128.35683338579798], [62.927204204421955, 127.9225694366458], [62.65984458001866, 127.49183502774648], [62.37887020057167, 127.0646301591], [62.084281066080976, 126.64095483070642], [61.776077176546565, 126.22080904256572], [61.45436590613786, 125.8042079845276], [61.125087917434996, 125.39199206143478], [60.791655342580306, 124.98464397573623], [60.45406818157383, 124.58216372743202], [60.11232643441555, 124.18455131652213], [59.76643010110546, 123.79180674300649], [59.41637918164357, 123.40393000688518], [59.062173676029886, 123.02092110815816], [58.703813584264395, 122.64278004682545], [58.341298906347106, 122.26950682288704], [57.974629642278, 121.90110143634291], [57.6038057920571, 121.5375638871931], [57.22882735568441, 121.1788941754376], [56.8496943331599, 120.82509230107641], [56.46640672448359, 120.47615826410947], [56.07896452965549, 120.13209206453685], [55.687367748675584, 119.79289370235855], [55.29161638154386, 119.45856317757455], [54.89171042826035, 119.12910049018485], [54.498704731961524, 118.79821096406124], [54.1407151566007, 118.44988530305498], [53.81913036312902, 118.08333279753487], [53.53395035154648, 117.69855344750087], [53.28517512185311, 117.29554725295301], [53.07280467404888, 116.87431421389131], [52.8968390081338, 116.43485433031574], [52.75727812410788, 115.97716760222629], [52.654122021971105, 115.50125402962297], [52.58737070172348, 115.00711361250582], [52.557024163365014, 114.49474635087479], [52.56029855514877, 113.96532190698868], [52.56566981668866, 113.43208541996742], [52.56427102146385, 112.89876241481943], [52.556102169474364, 112.3653528915447], [52.5411632607202, 111.83185685014324], [52.51945429520133, 111.298274290615], [52.49097527291778, 110.76460521296006], [52.455726193869545, 110.23084961717835], [52.413707058056616, 109.69700750326989], [52.364917865479015, 109.16307887123467], [52.30935861613671, 108.62906372107277], [52.247029310029724, 108.09496205278408], [52.177929947158056, 107.56077386636863], [52.1020605275217, 107.0264991618265], [52.01942105112065, 106.49213793915759], [51.93001151795492, 105.95769019836192], [51.8338319280245, 105.42315593943954], [51.73088228132939, 104.8885351623904], [51.6211625778696, 104.3538278672145], [51.504672817645115, 103.81903405391189], [51.381413000655954, 103.28415372248256], [51.251383126902105, 102.74918687292642], [51.11458319638354, 102.21413350524355], [50.97101320910032, 101.67899361943395], [50.82067316505241, 101.1437672154976], [50.663563064239796, 100.60845429343452], [50.499682906662514, 100.0730548532447], [50.32903753410897, 99.53757014988594], [50.165274565056166, 99.00553755092919], [50.021046730951106, 98.48023655616268], [49.89635403179378, 97.96166716558635], [49.791196467584186, 97.44982937920024], [49.70557403832233, 96.94472319700434], [49.63948674400822, 96.44634861899867], [49.59293458464184, 95.95470564518318], [49.5659175602232, 95.4697942755579], [49.55843567075229, 94.99161451012286], [49.5704889162291, 94.52016634887798], [49.60207729665368, 94.05544979182336], [49.653200812025986, 93.59746483895893], [49.72385946234602, 93.14621149028468], [49.81405324761379, 92.70168974580068], [49.92378216782931, 92.26389960550688], [50.053046222992556, 91.8328410694033], [50.20184541310354, 91.4085141374899], [50.37017973816225, 90.99091880976674], [50.55804919816871, 90.5800550862338], [50.7654537931229, 90.17592296689102], [50.99239352302484, 89.7785224517385], [51.238868387874504, 89.38785354077618], [51.50487838767189, 89.00391623400402], [51.79042352241703, 88.6267105314221], [52.09550379210991, 88.25623643303044], [52.42011919675052, 87.89249393882893], [52.764269736338875, 87.53548304881765], 