{"harita_boyut": {"genislik": 449, "yukseklik": 435}, "baslangic": [257.1119795087305, 31.270128742708536], "hedef": [51.02756389116437, 325.224059859804], "engeller": [["daire", 18, 385, 11], ["daire", 369, 309, 12], ["dikdortgen", 75, 364, 12, 19], ["daire", 336, 191, 11], ["daire", 77, 223, 12], ["dikdortgen", 253, 191, 7, 18], ["daire", 415, 295, 14], ["daire", 264, 308, 8], ["dikdortgen", 272, 304, 7, 16], ["dikdortgen", 145, 290, 12, 11], ["dikdortgen", 362, 351, 11, 16], ["daire", 396, 258, 8], ["daire", 312, 292, 14], ["daire", 95, 289, 9], ["dikdortgen", 236, 56, 15, 10], ["dikdortgen", 171, 422, 5, 10], ["daire", 105, 234, 11], ["daire", 300, 73, 13], ["daire", 389, 149, 13], ["daire", 313, 403, 4], ["daire", 161, 170, 7], ["daire", 6, 133, 6], ["dikdortgen", 295, 219, 17, 7], ["daire", 414, 399, 6], ["dikdortgen", 299, 363, 7, 14], ["daire", 114, 192, 13], ["dikdortgen", 106, 222, 14, 5], ["daire", 215, 47, 15], ["daire", 110, 353, 11], ["dikdortgen", 435, 109, 7, 5], ["dikdortgen", 334, 259, 5, 7], ["daire", 376, 261, 11], ["daire", 188, 414, 3], ["daire", 40, 67, 15], ["dikdortgen", 229, 350, 14, 19], ["daire", 272, 323, 14], ["dikdortgen", 73, 94, 12, 5], ["daire", 19, 71, 9], ["dikdortgen", 400, 415, 19, 6], ["daire", 366, 221, 15], ["dikdortgen", 204, 146, 10, 5], ["daire", 305, 50, 14], ["dikdortgen", 96, 227, 6, 8], ["dikdortgen", 321, 65, 16, 17], ["daire", 36, 358, 7], ["dikdortgen", 230, 348, 19, 19], ["dikdortgen", 145, 213, 20, 7], ["dikdortgen", 275, 158, 6, 15], ["daire", 361, 50, 15], ["dikdortgen", 211, 291, 20, 16], ["dikdortgen", 106, 126, 13, 14], ["daire", 371, 269, 15], ["dikdortgen", 69, 197, 11, 10], ["dikdortgen", 271, 265, 12, 6], ["daire", 31, 413, 3], ["daire", 124, 78, 9], ["dikdortgen", 47, 180, 15, 20], ["daire", 379, 268, 13], ["dikdortgen", 261, 126, 13, 8], ["dikdortgen", 373, 394, 5, 7], ["daire", 421, 414, 10], ["daire", 157, 116, 12], ["dikdortgen", 11, 389, 8, 19], ["dikdortgen", 268, 156, 13, 10], ["daire", 197, 310, 13], ["dikdortgen", 398, 88, 18, 7], ["dikdortgen", 36, 218, 19, 14], ["daire", 342, 289, 14], ["daire", 33, 94, 11], ["daire", 134, 68, 7], ["daire", 62, 157, 15], ["dikdortgen", 20, 46, 15, 19], ["dikdortgen", 301, 335, 9, 18], ["dikdortgen", 182, 144, 13, 13], ["daire", 177, 146, 6], ["dikdortgen", 191, 165, 8, 9], ["dikdortgen", 357, 15, 9, 20], ["daire", 284, 155, 8], ["dikdortgen", 339, 239, 19, 8], ["daire", 66, 387, 15], ["dikdortgen", 371, 168, 18, 19], ["dikdortgen", 381, 50, 5, 19], ["daire", 165, 258, 5], ["dikdortgen", 156, 234, 12, 18], ["dikdortgen", 71, 117, 9, 7], ["daire", 71, 158, 4], ["daire", 28, 406, 3], ["daire", 303, 55, 12], ["dikdortgen", 205, 37, 5, 16], ["dikdortgen", 6, 50, 8, 7], ["daire", 397, 385, 5], ["daire", 166, 347, 14], ["dikdortgen", 269, 343, 16, 18], ["dikdortgen", 334, 152, 14, 9], ["dikdortgen", 54, 292, 6, 12], ["dikdortgen", 145, 113, 7, 6], ["daire", 14, 214, 3]], "rrt_path": [[257.1119795087305, 31.270128742708536], [263.4975023863975, 34.85134011887406], [279.00683389288616, 44.12881693435948], [284.26454402010444, 62.937437653465956], [282.94486271896534, 66.71347277822629], [274.9482273568225, 83.79108187419277], [267.06181142456603, 100.08942965025233], [253.46480501804797, 113.20209489405049], [250.35958790018083, 115.72352834566188], [239.59933434100535, 129.98115982011134], [240.55383965798146, 144.13793727678984], [243.878000623325, 155.07834693283377], [244.69278419923745, 175.0264738990264], [240.14463305960183, 181.4141871098343], [229.22447124111466, 196.3281875461544], [226.94810395887077, 206.3687277581037], [228.14580739481735, 207.15546084905068], [216.95217253844422, 220.150573231159], [199.89509730607122, 225.05354747140973], [186.53442012058906, 224.6749976942626], [169.2134447191568, 226.95796711401601], [150.05768698146136, 228.2210405555259], [147.40705233943592, 235.499917218373], [141.15732073372396, 248.96404974348056], [125.1096233442205, 256.79152332882586], [110.28461294860216, 258.99968045882525], [99.16189886249347, 267.05782984041406], [86.26835095878526, 277.5498103477751], [76.64379579107195, 287.96996518572695], [71.18918732662952, 295.4010160556677], [63.29069928702041, 312.10985698107385], [51.02756389116437, 325.224059859804]]}