{"harita_boyut": {"genislik": 274, "yukseklik": 281}, "baslangic": [208.06660095421657, 14.995676629707056], "hedef": [184.3855665382433, 246.09223635346325], "engeller": [["dikdortgen", 250, 64, 11, 15], ["dikdortgen", 178, 211, 17, 16], ["dikdortgen", 119, 4, 19, 17], ["dikdortgen", 97, 80, 15, 7], ["dikdortgen", 227, 253, 9, 8], ["dikdortgen", 101, 36, 14, 20], ["daire", 41, 147, 7], ["dikdortgen", 89, 183, 6, 20], ["daire", 206, 126, 3], ["daire", 70, 246, 14], ["daire", 11, 198, 7], ["daire", 80, 165, 5], ["dikdortgen", 194, 38, 12, 15], ["dikdortgen", 160, 182, 14, 17], ["daire", 179, 42, 9], ["dikdortgen", 130, 31, 10, 19], ["dikdortgen", 233, 84, 19, 7], ["dikdortgen", 74, 153, 16, 18], ["dikdortgen", 75, 66, 14, 16], ["daire", 88, 127, 13], ["dikdortgen", 61, 135, 12, 19], ["daire", 234, 16, 3], ["dikdortgen", 196, 29, 17, 8], ["daire", 169, 63, 15], ["dikdortgen", 233, 88, 14, 17], ["daire", 67, 189, 6], ["daire", 189, 203, 7], ["dikdortgen", 0, 167, 20, 13], ["daire", 213, 258, 13], ["dikdortgen", 245, 186, 10, 7], ["daire", 79, 274, 4], ["dikdortgen", 167, 95, 12, 13], ["dikdortgen", 246, 54, 15, 16], ["dikdortgen", 158, 85, 17, 16], ["daire", 13, 212, 6], ["daire", 158, 85, 12], ["dikdortgen", 225, 162, 9, 14], ["dikdortgen", 9, 247, 20, 12]], "rrt_path": [[208.06660095421657, 14.995676629707056], [191.29213121884644, 23.43088609998386], [175.31144962755081, 28.38664417106358], [171.50554162968774, 29.617523658179167], [163.62007580876391, 36.86927353145689], [153.67345729105637, 48.32792398721935], [145.9392651913656, 61.23554103017106], [136.97511724481075, 76.16092768249678], [129.215862476895, 86.32968662216621], [123.97735489403361, 101.71207948803234], [121.60185944932762, 109.35083517998967], [119.75497089170327, 127.7125143495186], [121.22619781157397, 129.52963888138274], [116.29425265893455, 137.85284739620033], [110.43538410000217, 150.73495072313014], [111.71885491780463, 167.39969338306855], [111.14515771426795, 182.7533775406608], [112.12044538209669, 197.25852458001262], [118.95885148091578, 214.7678926536585], [129.62106769959092, 222.29396139364798], [148.89688347054752, 225.98369215484706], [162.58198909400386, 232.49563430600165], [174.2387573497224, 240.68693054257164], [184.3855665382433, 246.09223635346325]]}