{"harita_boyut": {"genislik": 250, "yukseklik": 263}, "baslangic": [216.93843239078865, 115.29935852474668], "hedef": [124.49147981610378, 253.74134522885814], "engeller": [["daire", 118, 84, 13], ["daire", 131, 42, 13], ["daire", 23, 156, 13], ["daire", 132, 216, 11], ["daire", 43, 73, 11], ["dikdortgen", 72, 16, 8, 8], ["daire", 152, 185, 3], ["daire", 211, 217, 11], ["daire", 189, 65, 13], ["dikdortgen", 195, 34, 9, 18], ["daire", 140, 192, 13], ["dikdortgen", 116, 102, 11, 18], ["daire", 61, 137, 14], ["daire", 93, 140, 15], ["dikdortgen", 135, 192, 8, 13], ["dikdortgen", 109, 26, 10, 12], ["daire", 108, 102, 5], ["daire", 64, 90, 3], ["daire", 98, 63, 4], ["dikdortgen", 15, 112, 20, 9], ["dikdortgen", 175, 115, 15, 15], ["daire", 30, 52, 12], ["dikdortgen", 147, 235, 14, 15], ["dikdortgen", 126, 102, 5, 14], ["daire", 187, 163, 13], ["dikdortgen", 205, 219, 15, 19], ["daire", 119, 62, 8], ["daire", 187, 48, 15], ["daire", 22, 95, 13], ["dikdortgen", 124, 66, 14, 10], ["daire", 127, 35, 8], ["dikdortgen", 197, 71, 12, 19]], "rrt_path": [[216.93843239078865, 115.29935852474668], [206.29990525387234, 123.76040583216074], [192.92452090702054, 137.8946560313796], [182.27986640716958, 142.94889421317768], [169.02183392879215, 151.2073617754217], [159.63206241307853, 161.7678879497559], [148.71047927967442, 176.08875303472507], [147.94129609028502, 173.42882083711507], [128.22831220109177, 174.64934705994276], [119.59403294759423, 188.11163766914962], [112.73893255095365, 206.61866061064217], [116.48576122737754, 221.9153990060912], [119.62718006892791, 235.39436306123258], [124.49147981610378, 253.74134522885814]]}