{"harita_boyut": {"genislik": 214, "yukseklik": 107}, "baslangic": [179.6309321416034, 15.14338835549406], "hedef": [53.48505683604713, 26.87837352008549], "engeller": [["daire", 63, 48, 12], ["dikdortgen", 149, 67, 19, 10], ["daire", 41, 98, 6], ["dikdortgen", 185, 48, 19, 10], ["dikdortgen", 27, 57, 6, 11], ["dikdortgen", 72, 81, 8, 20], ["dikdortgen", 166, 33, 5, 15], ["daire", 150, 16, 9], ["daire", 106, 29, 14], ["daire", 39, 35, 9], ["dikdortgen", 116, 54, 12, 6]], "rrt_path": [[179.6309321416034, 15.14338835549406], [164.23632457042794, 24.660452653572555], [154.1290003358449, 30.83236911692732], [135.58958693558435, 36.54835516897947], [123.85249337431543, 43.71154851123626], [123.20415359221455, 43.638951963459796], [108.81410598519629, 48.31988772006675], [101.08628896669622, 48.42874715941029], [93.99573882044018, 44.7440602091899], [81.19766522499498, 36.63601921889457], [67.55548077798008, 31.280298424994886], [53.48505683604713, 26.87837352008549]]}