{"harita_boyut": {"genislik": 457, "yukseklik": 274}, "baslangic": [132.28976938748195, 131.52608841229048], "hedef": [75.02271028753678, 30.293638652640038], "engeller": [["daire", 52, 244, 3], ["daire", 233, 164, 14], ["dikdortgen", 425, 186, 6, 11], ["dikdortgen", 85, 237, 20, 16], ["dikdortgen", 41, 256, 15, 16], ["daire", 328, 235, 3], ["dikdortgen", 382, 219, 8, 17], ["daire", 447, 177, 8], ["daire", 181, 100, 7], ["dikdortgen", 154, 108, 19, 17], ["dikdortgen", 97, 38, 17, 5], ["dikdortgen", 39, 250, 6, 16], ["dikdortgen", 362, 77, 16, 10], ["daire", 116, 206, 10], ["daire", 276, 29, 9], ["dikdortgen", 395, 222, 18, 15], ["daire", 21, 73, 11], ["dikdortgen", 204, 198, 7, 5], ["dikdortgen", 42, 155, 20, 17], ["daire", 303, 91, 12], ["daire", 48, 182, 4], ["daire", 401, 79, 10], ["dikdortgen", 399, 207, 14, 19], ["dikdortgen", 164, 45, 20, 5], ["daire", 131, 9, 7], ["dikdortgen", 167, 110, 14, 15], ["daire", 360, 116, 5], ["dikdortgen", 101, 81, 7, 14], ["daire", 36, 142, 6], ["dikdortgen", 280, 207, 9, 14], ["daire", 326, 48, 13], ["daire", 387, 39, 8], ["dikdortgen", 219, 33, 7, 17], ["daire", 332, 40, 13], ["dikdortgen", 63, 194, 15, 13], ["dikdortgen", 191, 21, 8, 10], ["daire", 188, 246, 14], ["daire", 154, 180, 7], ["dikdortgen", 401, 36, 20, 15], ["dikdortgen", 229, 188, 10, 6], ["daire", 379, 231, 10], ["daire", 230, 44, 8], ["daire", 60, 65, 11], ["daire", 47, 58, 4], ["daire", 179, 242, 5], ["daire", 167, 182, 15], ["daire", 424, 255, 15], ["daire", 287, 79, 4], ["daire", 21, 185, 15], ["dikdortgen", 41, 165, 5, 6], ["dikdortgen", 399, 131, 18, 20], ["dikdortgen", 327, 76, 17, 20], ["daire", 439, 198, 9], ["daire", 433, 9, 5], ["dikdortgen", 316, 73, 9, 16], ["dikdortgen", 92, 83, 5, 13], ["dikdortgen", 298, 245, 15, 18], ["daire", 425, 100, 15], ["dikdortgen", 182, 173, 7, 14], ["daire", 254, 204, 6], ["daire", 273, 236, 13], ["dikdortgen", 358, 228, 7, 11]], "rrt_path": [[132.28976938748198, 131.5260884122905], [132.08571277237914, 131.0438260046042], [131.89334547910752, 130.56104517024954], [131.71266750766705, 130.07774590922654], [131.54367885805786, 129.59392822153524], [131.38637953027987, 129.1095921071756], [131.240769524333, 128.62473756614756], [131.10684884021745, 128.1393645984513], [130.98461747793309, 127.65347320408668], [130.87407543747992, 127.16706338305372], [130.775222718858, 126.68013513535244], [130.68805932206726, 126.1926884609828], [130.61258524710772, 125.70472335994485], [130.54880049397943, 125.2162398322386], [130.4967050626823, 124.72723787786397], [130.45629895321645, 124.23771749682105], [130.42758216558178, 123.7476786891098], [130.41055469977834, 123.25712145473021], [130.40521655580608, 122.7660457936823], [130.41156773366504, 122.27445170596603], [130.4296082333552, 121.78233919158147], [130.45933805487658, 121.28970825052853], [130.50075719822922, 120.79655888280732], [130.553865663413, 120.30289108841774], [130.61866345042802, 119.80870486735984], [130.69515055927428, 119.31400021963364], [130.78332698995172, 118.81877714523908], [130.88319274246038, 118.32303564417619], [130.99474781680024, 117.82677571644498], [131.11799221297133, 117.32999736204545], [131.25292593097365, 116.83270058097762], [131.39954897080713, 116.3348853732414], [131.55786133247187, 115.83655173883687], [131.72604835415754, 115.33770931648259], [131.88861523499665, 114.83844040802886], [132.042021164365, 114.33876382076907], [132.1862661422627, 113.83867955470326], [132.32135016868966, 113.3381876098314], [132.44727324364595, 112.83728798615351], [132.56403536713148, 112.33598068366956], [132.67163653914633, 111.83426570237958], [132.77007675969045, 111.33214304228353], [132.85935602876387, 110.82961270338147], [132.93947434636658, 110.32667468567335], [133.0104317124986, 109.82332898915921], [133.07222812715986, 109.31957561383902], [133.12486359035043, 108.81541455971279], [133.1683381020703, 108.31084582678051], [133.20265166231945, 107.80586941504217], [133.2278042710979, 107.30048532449781], [133.24379592840563, 106.7946935551474], [133.25062663424265, 106.28849410699095], [133.24829638860896, 105.78188698002846], [133.23680519150457, 105.27487217425991], [133.21615304292945, 104.76744968968535], [133.18633994288362, 104.25961952630472], [133.14736589136712, 103.75138168411807], [133.09923088837985, 103.24273616312536], [133.04193493392194, 102.73368296332663], [132.9754780279933, 102.22422208472184], [132.90502309824276, 101.71528397995053], [132.84700455782377, 101.20983042654225], [132.80264486043723, 100.70808173269235], [132.77194400608315, 100.2100378984008], [132.7549019947615, 99.71569892366759], [132.7515188264723, 99.22506480849275], [132.76179450121555, 98.73813555287624], [132.78572901899125, 98.25491115681808], [132.82332237979938, 97.77539162031829], [132.8745745836399, 97.29957694337682], [132.93948563051293, 96.8274671259937], [133.0180555204184, 96.35906216816896], [133.1102842533563, 95.89436206990254], [133.21617182932664, 95.43336683119449], [133.33571824832944, 94.97607645204477], [133.46892351036465, 94.5224909324534], [133.6157876154323, 94.07261027242039], [133.7763105635324, 93.62643447194573], [133.95049235466496, 93.1839635310294], [134.13833298882997, 92.74519744967147], [134.3398324660274, 92.31013622787182], [134.55499078625726, 91.87877986563056], [134.7838079495196, 91.45112836294764], [135.0262839558144, 91.02718171982308], [135.2824188051416, 90.60693993625686], [135.55221249750122, 90.19040301224896], [135.83536744941773, 89.77740775929968], [136.11819750445238, 89.36044897795948], [136.3932649924221, 88.93544800681511], [136.66056991332678, 88.5024048458665], [136.92011226716645, 88.06131949511365], [137.17189205394112, 87.61219195455661], [137.41590927365084, 87.15502222419536], [137.65216392629557, 86.68981030402989], [137.88065601187526, 86.21655619406019], [138.10138553038996, 85.73525989428627], [138.3143524818397, 85.24592140470814], [138.51955686622443, 84.7485407253258], [138.71699868354415, 84.24311785613921], [138.90667793379887, 83.72965279714845], [139.08859461698864, 83.20814554835346], [139.2627487331134, 82.67859610975422], [139.42914028217314, 82.1410044813508], [139.58776926416792, 81.59537066314314], [139.73863567909768, 81.04169465513128], [139.88173952696243, 80.47997645731519], [140.01708080776223, 79.9102160696949], [140.144659521497, 79.33241349227039], [140.26447566816682, 78.74656872504164], [140.37652924777163, 78.1526817680087], [140.48082026031142, 77.55075262117154], [140.5773487057862, 76.94078128453013], [140.66611458419607, 76.32276775808454], [140.74711789554087, 75.69671204183473], [140.82035863982068, 75.06261413578069], [140.8858368170355, 74.42047403992242], [140.94355242718535, 73.77029175425996], [140.99350547027024, 73.11206727879326], [141.03569594629005, 72.44580061352235], [141.07012385524493, 71.77149175844725], [141.0967891971348, 71.0891407135679], [141.11979913129872, 70.40465114690879], [141.1681686491455, 69.75972946985272], [141.2475436914708, 69.16249120882335], [141.35792425827447, 68.61293636382068], [141.49931034955654, 68.1110649348447], [141.67170196531703, 67.65687692189545], [141.87509910555596, 67.2503723249729], [142.1095017702733, 66.89155114407706], [142.37490995946905, 66.58041337920791], [142.67132367314323, 66.31695903036547], [142.9987429112958, 66.10118809754974], [143.35716767392682, 65.93310058076074], [143.7465979610363, 65.81269647999842], [144.1670337726241, 65.73997579526282], [144.6184751086904, 65.71493852655392], [145.10092196923506, 65.73758467387172], [145.61437435425816, 65.80791423721624], [146.11451068061461, 65.89890918583568], [146.50834702680112, 65.95388737364406], [146.79293634176366, 65.9710523053369], [146.96827862550214, 65.95040398091416], [147.0343738780166, 65.89194240037587], [146.99122209930698, 65.79566756372202], [146.8388232893734, 65.66157947095262], [146.57717744821576, 65.48967812206763], [146.2062845758341, 65.27996351706712], [145.72614467222843, 65.03243565595102], 