{"harita_boyut": {"genislik": 406, "yukseklik": 135}, "baslangic": [55.13615632800972, 18.527151215544848], "hedef": [398.6103913090372, 67.48344841732], "engeller": [["dikdortgen", 64, 64, 10, 17], ["dikdortgen", 332, 56, 9, 19], ["dikdortgen", 331, 47, 8, 11], ["dikdortgen", 124, 61, 14, 20], ["dikdortgen", 22, 69, 9, 15], ["dikdortgen", 374, 90, 17, 20], ["daire", 160, 95, 11], ["dikdortgen", 71, 80, 5, 17], ["daire", 34, 71, 13], ["dikdortgen", 356, 21, 6, 12], ["dikdortgen", 60, 93, 9, 20], ["daire", 67, 58, 12], ["dikdortgen", 230, 38, 19, 7], ["daire", 47, 79, 5], ["dikdortgen", 355, 61, 20, 5], ["daire", 198, 93, 14], ["daire", 149, 65, 5], ["dikdortgen", 343, 114, 13, 5], ["daire", 118, 44, 5], ["daire", 284, 72, 4], ["daire", 316, 55, 9], ["dikdortgen", 96, 113, 17, 6], ["dikdortgen", 137, 48, 20, 9], ["dikdortgen", 358, 4, 15, 13], ["daire", 371, 39, 13], ["daire", 110, 97, 11], ["daire", 243, 88, 11]], "rrt_path": [[55.13615632800972, 18.527151215544848], [70.44910250633785, 25.67137085945636], [76.09500008924157, 28.933570754418703], [92.38164598001863, 35.12440902207819], [96.36938728163544, 35.43732963721799], [115.25194325150105, 33.49127264989671], [133.18885357021605, 30.73460899814998], [136.49129001139167, 32.34400551812311], [152.8097391313678, 35.45559448929525], [171.00488545006823, 37.18832417583574], [182.1828239569421, 39.916538357154565], [198.19148653603904, 47.338345404253104], [208.42969447385525, 51.94836780970704], [226.04836445949437, 61.315040327299315], [238.14414562231912, 70.20659140124906], [240.23367189574068, 69.59127495692827], [256.0089548509747, 75.76239371119243], [261.9188602944217, 78.48344980467468], [280.7461540303412, 83.22345390241809], [288.4278761364584, 81.0210758196636], [307.6135107542145, 76.99783704969047], [316.800824961568, 78.35728028964843], [328.6340076978926, 80.29477440201298], [336.60565396624173, 80.94799228741657], [350.8140342990205, 79.51813452715174], [367.5124911790504, 75.52408295437596], [379.20293985277755, 73.59788663024648], [394.6512754056353, 66.91300888202275], [398.6103913090372, 67.48344841732]]}