{"harita_boyut": {"genislik": 260, "yukseklik": 452}, "baslangic": [28.43368153105116, 430.90566539438925], "hedef": [186.55360935354847, 10.069632141663748], "engeller": [["dikdortgen", 176, 198, 5, 11], ["daire", 73, 263, 8], ["daire", 128, 61, 11], ["daire", 176, 40, 11], ["dikdortgen", 104, 13, 19, 17], ["dikdortgen", 124, 27, 18, 16], ["dikdortgen", 101, 33, 14, 17], ["daire", 154, 279, 8], ["dikdortgen", 28, 330, 12, 5], ["dikdortgen", 30, 121, 5, 13], ["dikdortgen", 111, 37, 5, 7], ["dikdortgen", 124, 105, 14, 16], ["daire", 227, 95, 13], ["dikdortgen", 198, 141, 20, 8], ["daire", 232, 9, 7], ["daire", 187, 281, 6], ["daire", 125, 436, 9], ["daire", 102, 78, 6], ["dikdortgen", 100, 208, 17, 15], ["daire", 63, 284, 15], ["daire", 160, 444, 3], ["dikdortgen", 163, 287, 18, 15], ["daire", 157, 100, 6], ["daire", 143, 40, 11], ["dikdortgen", 101, 401, 10, 20], ["dikdortgen", 238, 244, 17, 12], ["daire", 48, 107, 9], ["dikdortgen", 8, 355, 16, 16], ["dikdortgen", 229, 69, 16, 20], ["daire", 125, 409, 6], ["dikdortgen", 220, 288, 11, 7], ["dikdortgen", 28, 80, 15, 19], ["daire", 119, 237, 7], ["dikdortgen", 238, 348, 11, 11], ["daire", 242, 31, 14], ["daire", 71, 310, 15], ["dikdortgen", 209, 245, 6, 12], ["daire", 242, 132, 10], ["daire", 69, 141, 3], ["dikdortgen", 109, 399, 20, 10], ["dikdortgen", 147, 40, 5, 6], ["dikdortgen", 79, 164, 14, 8], ["daire", 173, 79, 4], ["daire", 153, 387, 10], ["daire", 106, 198, 10], ["dikdortgen", 205, 74, 17, 8], ["daire", 150, 426, 10], ["daire", 183, 322, 5], ["daire", 189, 170, 6], ["daire", 54, 170, 3], ["dikdortgen", 236, 423, 18, 19], ["dikdortgen", 230, 218, 7, 19], ["dikdortgen", 85, 80, 10, 7], ["daire", 208, 219, 9], ["dikdortgen", 107, 377, 8, 19], ["daire", 193, 188, 7], ["daire", 33, 124, 10], ["dikdortgen", 92, 339, 10, 5]], "rrt_path": [[28.43368153105116, 430.90566539438925], [33.4944321559146, 416.56371842119273], [35.36884636487865, 408.8809938400156], [44.76899547890158, 392.5731941244224], [55.58799923154886, 379.36567854937914], [68.38230379601312, 366.56010226461404], [75.57307010138317, 358.8880325848558], [81.61160723945007, 342.3364259713109], [87.85944173804691, 326.4443947114119], [92.72707729822018, 311.0846706988196], [96.69187416795167, 296.2357590295873], [108.02279679059825, 280.2627240689758], [119.77006916995997, 268.3354866280955], [126.03761154402837, 255.08966999252766], [138.5193836683616, 241.6375331559631], [141.144749670194, 238.61967740122222], [140.65419325788636, 219.7629268761642], [140.25281149865617, 216.39829095312328], [144.6207238754121, 201.01807013532226], [149.64108152615827, 185.19790828322198], [148.96972248196496, 170.1876371000823], [149.20840826408448, 152.59621187032357], [149.8005765328167, 140.6285131199997], [147.37003853573285, 121.26520315306355], [144.87800817946643, 101.70484251551211], [148.8856584503373, 86.48267573548667], [153.5882420888422, 70.26601985339198], [158.158569797215, 52.611286901440984], [160.26610019208132, 33.122042753800294], [164.56700049943962, 28.30037549760206], [176.3526421750226, 19.32982003651958], [186.55360935354847, 10.069632141663748]]}