{"harita_boyut": {"genislik": 208, "yukseklik": 216}, "baslangic": [150.81041211797526, 201.5462108163504], "hedef": [8.048975417060227, 173.57867406176334], "engeller": [["dikdortgen", 154, 96, 13, 15], ["daire", 131, 168, 15], ["daire", 46, 132, 4], ["daire", 143, 188, 9], ["dikdortgen", 116, 72, 19, 19], ["dikdortgen", 149, 76, 14, 8], ["dikdortgen", 36, 179, 16, 8], ["daire", 184, 157, 5], ["daire", 67, 57, 15], ["daire", 172, 109, 14], ["daire", 77, 78, 9], ["daire", 66, 131, 10], ["dikdortgen", 146, 142, 14, 11], ["dikdortgen", 166, 200, 17, 15], ["daire", 34, 42, 4], ["dikdortgen", 188, 135, 5, 8], ["dikdortgen", 85, 199, 18, 13], ["dikdortgen", 124, 103, 16, 8], ["daire", 178, 50, 12], ["daire", 110, 146, 4], ["daire", 188, 87, 10], ["daire", 29, 6, 6]], "rrt_path": [[150.81041211797526, 201.5462108163504], [142.85832144258393, 202.39675708807363], [135.1212856402572, 200.4620847239603], [127.99066794434415, 197.03349171403673], [114.25245529189691, 186.2555183904683], [100.76988695296265, 175.4597407983408], [98.85441206567472, 175.0245931258206], [87.36608485536338, 174.01904414961862], [69.76060966157335, 169.24960480765336], [60.67851927885869, 167.68237955618972], [48.18546531413571, 163.77751973009754], [29.745788265441544, 157.7836249877497], [26.217605210986513, 155.8989700235039], [11.014560721499175, 166.1795910581348], [8.048975417060227, 173.57867406176334]]}