{"harita_boyut": {"genislik": 178, "yukseklik": 287}, "baslangic": [11.274431000175376, 174.9235073602625], "hedef": [133.42991531861, 264.51181797216805], "engeller": [["daire", 123, 117, 15], ["daire", 94, 254, 5], ["dikdortgen", 119, 119, 13, 7], ["dikdortgen", 4, 121, 5, 12], ["daire", 124, 165, 15], ["dikdortgen", 21, 200, 11, 5], ["daire", 131, 200, 9], ["daire", 29, 210, 9], ["dikdortgen", 49, 147, 15, 17], ["daire", 74, 121, 13], ["dikdortgen", 63, 140, 19, 18], ["dikdortgen", 21, 18, 15, 5], ["dikdortgen", 97, 229, 6, 12], ["dikdortgen", 37, 29, 19, 15], ["daire", 158, 139, 14], ["dikdortgen", 133, 82, 14, 11], ["dikdortgen", 129, 154, 19, 10], ["dikdortgen", 2, 43, 8, 18], ["dikdortgen", 108, 134, 15, 13], ["dikdortgen", 169, 131, 8, 19], ["daire", 103, 148, 6], ["dikdortgen", 64, 120, 19, 11], ["dikdortgen", 6, 73, 11, 11], ["dikdortgen", 97, 245, 6, 15], ["dikdortgen", 66, 220, 10, 15]], "rrt_path": [[11.274431000175376, 174.9235073602625], [24.033022154574045, 178.98132942265892], [38.733580382732306, 182.5745386944836], [55.71681437172194, 188.79712406191118], [68.76191244402769, 200.92844697329568], [81.15539403052767, 214.17655606839102], [80.25989189207266, 212.86204114681252], [90.21227105685644, 209.45657301759954], [107.02443346958964, 207.0470492179288], [112.83713184144408, 210.33769672982788], [124.61520134327074, 224.05614436488779], [128.35359240944416, 234.83862083386964], [130.92679640726885, 252.78016044053473], [133.42991531861, 264.51181797216805]]}