{"harita_boyut": {"genislik": 170, "yukseklik": 214}, "baslangic": [90.60382109849368, 177.8911837183127], "hedef": [104.20803935330778, 44.82994794910547], "engeller": [["dikdortgen", 59, 79, 17, 13], ["dikdortgen", 89, 60, 8, 10], ["daire", 64, 131, 14], ["dikdortgen", 138, 114, 20, 7], ["daire", 155, 124, 15], ["dikdortgen", 50, 161, 20, 9], ["daire", 87, 120, 4], ["daire", 113, 113, 8], ["dikdortgen", 82, 93, 17, 16], ["daire", 122, 90, 11], ["dikdortgen", 65, 3, 13, 13], ["daire", 104, 128, 12], ["daire", 160, 177, 3], ["dikdortgen", 6, 18, 14, 17], ["daire", 20, 137, 7], ["dikdortgen", 32, 52, 8, 5], ["dikdortgen", 71, 57, 15, 16], ["dikdortgen", 155, 19, 6, 15]], "rrt_path": [[90.60382109849368, 177.8911837183127], [91.42544945876652, 163.58966936939066], [88.62359084271458, 161.75652831003907], [74.72751790175434, 155.58837157141002], [66.82246281297526, 154.60082697427453], [51.4026921069155, 146.26902435662674], [44.50279137976209, 137.19926431492772], [45.137559197770685, 123.58502542821816], [44.714609787206335, 106.08014390599276], [44.058745045599174, 90.54053809695405], [51.8655173984989, 75.85472017186173], [59.71178879839652, 60.49634434524718], [65.34698049892052, 50.24516409714291], [71.18076415103467, 46.98557721880994], [87.88784438467002, 45.58893620265592], [104.20803935330778, 44.82994794910547]]}