{"harita_boyut": {"genislik": 252, "yukseklik": 412}, "baslangic": [69.80013959543129, 197.08387629278042], "hedef": [201.41582981136736, 241.89146092827795], "engeller": [["dikdortgen", 92, 207, 5, 16], ["dikdortgen", 87, 277, 18, 8], ["dikdortgen", 78, 244, 10, 15], ["daire", 174, 271, 6], ["dikdortgen", 72, 34, 7, 5], ["daire", 20, 237, 13], ["daire", 100, 114, 6], ["daire", 166, 218, 7], ["daire", 165, 59, 9], ["daire", 21, 217, 3], ["dikdortgen", 165, 343, 16, 8], ["dikdortgen", 149, 348, 18, 7], ["dikdortgen", 21, 180, 11, 5], ["daire", 202, 274, 12], ["dikdortgen", 0, 309, 16, 17], ["daire", 196, 265, 11], ["daire", 195, 307, 9], ["dikdortgen", 138, 216, 10, 12], ["dikdortgen", 183, 215, 17, 5], ["dikdortgen", 206, 328, 12, 19], ["daire", 143, 143, 10], ["dikdortgen", 79, 83, 8, 13], ["daire", 91, 227, 9], ["dikdortgen", 118, 392, 7, 13], ["daire", 186, 400, 11], ["dikdortgen", 218, 305, 15, 10], ["daire", 207, 287, 4], ["dikdortgen", 108, 29, 15, 14], ["daire", 205, 214, 11], ["dikdortgen", 87, 21, 5, 10], ["daire", 227, 374, 7], ["dikdortgen", 158, 107, 15, 9], ["dikdortgen", 14, 14, 17, 6], ["daire", 24, 287, 9], ["dikdortgen", 17, 192, 17, 16], ["daire", 200, 181, 5], ["dikdortgen", 152, 160, 9, 7], ["dikdortgen", 19, 115, 14, 12], ["dikdortgen", 211, 309, 15, 17], ["dikdortgen", 145, 307, 7, 14], ["daire", 136, 305, 9], ["daire", 53, 361, 10], ["dikdortgen", 76, 364, 17, 18], ["daire", 108, 150, 13], ["daire", 135, 334, 3], ["daire", 39, 319, 11], ["dikdortgen", 191, 326, 12, 13], ["daire", 167, 167, 4], ["daire", 90, 74, 14], ["dikdortgen", 94, 108, 6, 5], ["daire", 75, 365, 5]], "rrt_path": [[69.80013959543129, 197.08387629278042], [70.99993927700362, 186.54114126889894], [74.35209743092759, 167.43946136689843], [91.71344262304628, 159.7416374668507], [91.59510048225899, 160.57948948989133], [99.85111596701195, 171.26098360536542], [105.80214481653287, 187.06148819861312], [108.73246596181265, 194.50428354438625], [115.12768341998431, 211.27035313543607], [117.74655170314617, 218.82037728122242], [122.44651039268513, 233.41705964780905], [142.07684463563172, 234.56530549226238], [152.1987526091404, 233.42694273467515], [165.50167962009138, 233.49596543188142], [175.34924313879895, 237.27899309854664], [195.29084554471532, 237.10762548284794], [201.41582981136736, 241.89146092827795]]}