{"harita_boyut": {"genislik": 292, "yukseklik": 351}, "baslangic": [208.4978952741559, 200.6346221486273], "hedef": [256.2255220909567, 52.18444717476369], "engeller": [["daire", 83, 243, 12], ["daire", 241, 198, 9], ["daire", 60, 204, 8], ["dikdortgen", 0, 109, 10, 12], ["daire", 76, 332, 9], ["daire", 170, 117, 12], ["daire", 220, 250, 15], ["dikdortgen", 216, 202, 13, 17], ["dikdortgen", 275, 257, 5, 13], ["dikdortgen", 34, 230, 5, 16], ["daire", 90, 194, 15], ["dikdortgen", 261, 203, 7, 19], ["dikdortgen", 165, 65, 11, 15], ["daire", 103, 275, 6], ["dikdortgen", 103, 62, 11, 5], ["daire", 240, 250, 14], ["dikdortgen", 62, 310, 10, 5], ["daire", 26, 227, 8], ["dikdortgen", 145, 292, 13, 12], ["dikdortgen", 264, 211, 11, 12], ["daire", 45, 268, 5], ["dikdortgen", 30, 141, 10, 18], ["daire", 168, 53, 7], ["dikdortgen", 28, 309, 8, 14], ["dikdortgen", 136, 334, 20, 7], ["dikdortgen", 118, 319, 11, 18], ["daire", 61, 185, 8], ["daire", 34, 339, 6], ["dikdortgen", 239, 337, 19, 5], ["dikdortgen", 27, 196, 18, 17], ["dikdortgen", 125, 55, 12, 18], ["dikdortgen", 236, 292, 13, 19], ["dikdortgen", 202, 13, 18, 14], ["daire", 6, 330, 4], ["daire", 204, 267, 11], ["dikdortgen", 179, 172, 6, 19], ["dikdortgen", 269, 21, 18, 15], ["daire", 234, 211, 9], ["dikdortgen", 17, 43, 15, 5], ["dikdortgen", 39, 304, 6, 9], ["dikdortgen", 249, 31, 5, 13], ["dikdortgen", 68, 318, 7, 17], ["dikdortgen", 142, 318, 14, 16], ["daire", 125, 281, 7], ["daire", 189, 74, 3], ["dikdortgen", 202, 261, 13, 6], ["daire", 152, 42, 9], ["daire", 160, 14, 4], ["dikdortgen", 237, 191, 6, 10], ["dikdortgen", 84, 136, 8, 20], ["dikdortgen", 6, 103, 18, 17]], "rrt_path": [[208.4978952741559, 200.6346221486273], [212.53689518460186, 182.28982411248685], [211.9617289491954, 180.74189711219574], [216.28773527424605, 172.5479629293274], [221.60247179718417, 160.13460914772773], [224.02874664656687, 142.9501953014615], [229.2496790694944, 126.03632261806904], [238.0359417162244, 108.64846198740577], [245.9307172830481, 95.10793427205586], [249.58614146480008, 82.88225036902783], [256.5087646132243, 69.63088515419807], [256.2255220909567, 52.18444717476369]]}