{"harita_boyut": {"genislik": 340, "yukseklik": 196}, "baslangic": [32.271068006118085, 138.64246861022463], "hedef": [91.4104281343706, 38.01739507099793], "engeller": [["dikdortgen", 265, 144, 17, 9], ["daire", 20, 36, 6], ["daire", 104, 57, 9], ["dikdortgen", 303, 91, 9, 12], ["daire", 163, 45, 12], ["dikdortgen", 282, 126, 18, 7], ["daire", 190, 89, 7], ["dikdortgen", 281, 96, 10, 20], ["dikdortgen", 81, 11, 16, 18], ["daire", 237, 126, 4], ["dikdortgen", 234, 123, 14, 13], ["dikdortgen", 3, 80, 16, 19], ["dikdortgen", 308, 18, 13, 20], ["dikdortgen", 305, 62, 7, 10], ["daire", 213, 88, 14], ["dikdortgen", 84, 108, 17, 9], ["dikdortgen", 50, 129, 20, 19], ["dikdortgen", 214, 51, 17, 15], ["daire", 142, 83, 13], ["dikdortgen", 188, 171, 12, 19], ["daire", 308, 192, 3], ["daire", 274, 118, 14], ["daire", 110, 124, 15], ["dikdortgen", 199, 96, 9, 19], ["dikdortgen", 196, 32, 12, 7], ["daire", 53, 159, 11], ["daire", 245, 34, 3], ["daire", 197, 86, 3], ["daire", 317, 145, 15], ["dikdortgen", 164, 6, 13, 7], ["dikdortgen", 80, 98, 6, 20], ["dikdortgen", 195, 16, 7, 16], ["daire", 272, 153, 13]], "rrt_path": [[32.27106800611808, 138.64246861022457], [32.56852645177325, 138.23715172540435], [32.86456310379671, 137.83046328743524], [33.15917796218846, 137.4224032963172], [33.4523710269485, 137.0129717520503], [33.74414229807683, 136.60216865463445], [34.034491775573436, 136.18999400406975], [34.32341945943835, 135.77644780035615], [34.61092534967153, 135.3615300434936], [34.89700944627302, 134.9452407334822], [35.18167174924279, 134.5275798703219], [35.464912258580846, 134.10854745401267], [35.74673097428719, 133.68814348455456], [36.027127896361826, 133.26636796194754], [36.306103024804756, 132.84322088619166], [36.58365635961596, 132.4187022572868], [36.85978790079546, 131.9928120752331], [37.134497648343256, 131.5655503400305], [37.40778560225934, 131.136917051679], [37.6796517625437, 130.7069122101786], [37.95009612919635, 130.2755358155293], [38.219118702217294, 129.8427878677311], [38.486719481606535, 129.408668366784], [38.75289846736406, 128.97317731268802], [39.01765565948986, 128.5363147054431], [39.28134120215721, 128.09855041019625], [39.54621230632801, 127.66291342140535], [39.81267249317744, 127.22994523183475], [40.08072176270547, 126.79964584148438], [40.350360114912114, 126.37201525035417], [40.62158754979737, 125.94705345844426], [40.89440406736124, 125.52476046575454], [41.168809667603725, 125.1051362722851], [41.44480435052482, 124.68818087803585], [41.722388116124534, 124.27389428300687], [42.00156096440285, 123.8622764871981], [42.282322895359776, 123.45332749060955], [42.564673908995324, 123.04704729324126], [42.84861400530948, 122.6434358950932], [43.13414318430225, 122.24249329616536], [43.421261445973634, 121.84421949645778], [43.70996879032362, 121.44861449597042], [44.00026521735223, 121.05567829470327], [44.29215072705945, 120.66541089265638], [44.58562531944527, 120.2778122898297], [44.88068899450972, 119.89288248622327], [45.177341752252765, 119.51062148183706], [45.47558359267444, 119.1310292766711], [45.77541451577472, 118.75410587072537], [46.076834521553614, 118.37985126399985], [46.37984361001112, 118.0082654564946], [46.68444178114723, 117.63934844820955], [46.99062903496196, 117.27310023914475], [47.2984053714553, 116.90952082930019], [47.60777079062725, 116.54861021867583], [47.918725292477816, 116.19036840727176], [48.23126887700699, 115.83479539508787], [48.54540154421478, 115.48189118212423], [48.861123294101176, 115.13165576838082], [49.17843459193752, 114.7840888077382], [49.500467325820594, 114.43686046097116], [49.83020391473601, 114.08775208024696], [50.16764435868377, 113.73676366556555], [50.512788657663855, 113.38389521692692], [50.86563681167628, 113.0291467343311], [51.22618882072105, 112.6725182177781], [51.59444468479814, 112.3140096672679], [51.970404403907565, 111.95362108280048], [52.35406797804933, 111.59135246437586], [52.74543540722343, 111.22720381199404], [53.14450669142987, 110.86117512565505], [53.55128183066864, 110.49326640535885], [53.96576082493975, 110.12347765110546], [54.3879436742432, 109.75180886289488], [54.81783037857898, 109.37826004072707], [55.25542093794708, 109.00283118460206], [55.70071535234754, 108.62552229451985], [56.15371362178031, 108.24633337048047], [56.61441574624544, 107.86526441248388], [57.08282172574289, 107.48231542053007], [57.55893156027268, 107.0974863946191], [58.04274524983481, 106.7107773347509], [58.53426279442926, 106.32218824092553], [59.03348419405606, 105.93171911314295], [59.54040944871518, 105.53936995140316], [60.05503855840665, 105.14514075570618], [60.57737152313045, 104.749031526052], [61.107408342886586, 104.35104226244063], [61.64514901767507, 103.95117296487206], [62.1869539553632, 103.54972398169433], [62.6793768454963, 103.1511058376227], [63.104716798952445, 102.75677925479663], [63.46297381573165, 102.3667442332161], [63.75414789583391, 101.98100077288112], [63.97823903925922, 101.59954887379166], [64.1352472460076, 101.22238853594779], [64.22517251607906, 100.84951975934948], [64.24801484947355, 100.4809425439967], [64.2037742461911, 100.1166568898895], [64.09245070623169, 99.75666279702781], [63.91404422959537, 99.40096026541171], [63.66855481628208, 99.04954929504113], [63.35598246629186, 98.70242988591613], [62.9763271796247, 98.35960203803666], [62.53598395359152, 98.02037567439697], [62.1202614747378, 97.67554523006648], [61.755832304959505, 97.32223249872943], [61.44269644425662, 96.96043748038586], [61.18085389262915, 96.59016017503578], [60.9703046500771, 96.21140058267915], [60.81104871660045, 95.82415870331597], [60.703086092199236, 95.42843453694631], [60.646416776873416, 95.02422808357008], [60.64104077062302, 94.61153934318733], [60.68695807344806, 94.19036831579805], [60.784168685348504, 93.76071500140227], [60.932672606324346, 93.32257939999992], [61.132469836375634, 92.87596151159107], [61.38356037550233, 92.42086133617566], [61.685944223704425, 91.95727887375374], [62.039621380981956, 91.48521412432528], [62.44459184733489, 91.00466708789031], [62.878592802180584, 90.52030875804591], [63.308571802067725, 90.03907391428949], [63.73422044071015, 89.56102726377628], [64.15553871810789, 89.08616880650631], [64.5725266342609, 88.61449854247952], [64.9851841891692, 88.14601647169597], [65.39351138283278, 87.68072259415564], [65.79750821525168, 87.21861690985855], [66.19717468642585, 86.75969941880467], [66.59251079635531, 86.30397012099404], [66.98351654504006, 85.85142901642658], [67.3701919324801, 85.40207610510237], [67.75253695867544, 84.95591138702139], [68.13055162362606, 84.51293486218363], [68.50423592733196, 84.07314653058907], [68.87358986979316, 83.63654639223773], [69.23861345100966, 83.20313444712966], [69.59930667098142, 82.77291069526476], [69.9556695297085, 82.3458751366431], [70.30770202719084, 81.92202777126467], [70.6554041634285, 81.50136859912945], [70.99877593842143, 81.08389762023747], [71.33781735216967, 80.66961483458869], [71.67252840467319, 80.25852024218315], [72.00290909593198, 79.85061384302082], [72.32895942594607, 79.4458956371017], [72.65067939471547, 79.04436562442582], [72.96806900224013, 78.64602380499318], [73.28112824852012, 78.25087017880375], [73.58985713355536, 77.85890474585752], [73.8942556573459, 77.47012750615451], [74.19432381989174, 77.08453845969474], [74.49006162119287, 76.7021376064782], [74.7814792981333, 76.32089194238675], [75.06859771002912, 75.93665889089813], [75.35141746871268, 75.54931694456441], [75.62993857418395, 75.15886610338563], [75.90416102644296, 74.76530636736179], [76.17408482548967, 74.36863773649286], [76.4397099713241, 73.96886021077884], [76.70103646394627, 73.56597379021976], [76.95806430335614, 73.15997847481559], [77.21079348955374, 72.75087426456636], [77.45922402253908, 72.33866115947204], [77.7033559023121, 71.92333915953266], [77.94318912887286, 71.5049082647482], [78.17872370222133, 71.08336847511865], [78.40995962235752, 70.65871979064401], 