{"harita_boyut": {"genislik": 300, "yukseklik": 261}, "baslangic": [257.98809906391597, 165.5523645110947], "hedef": [163.61872404829347, 255.28874059644735], "engeller": [["daire", 91, 22, 15], ["daire", 10, 209, 8], ["daire", 92, 66, 11], ["daire", 135, 110, 9], ["daire", 180, 54, 11], ["dikdortgen", 241, 230, 8, 5], ["dikdortgen", 23, 142, 15, 15], ["daire", 210, 54, 13], ["dikdortgen", 104, 86, 6, 18], ["dikdortgen", 132, 227, 7, 5], ["daire", 168, 179, 3], ["daire", 182, 45, 11], ["daire", 242, 127, 11], ["daire", 18, 194, 10], ["dikdortgen", 174, 162, 13, 19], ["daire", 65, 203, 6], ["daire", 142, 200, 12], ["dikdortgen", 190, 143, 18, 7], ["daire", 77, 38, 15], ["dikdortgen", 249, 220, 14, 5], ["dikdortgen", 33, 35, 15, 15], ["dikdortgen", 57, 131, 15, 16], ["daire", 265, 45, 12], ["dikdortgen", 60, 25, 9, 13], ["daire", 9, 88, 9], ["dikdortgen", 211, 112, 19, 13], ["daire", 49, 236, 13], ["daire", 90, 76, 6], ["dikdortgen", 100, 65, 9, 11], ["daire", 226, 80, 10], ["dikdortgen", 217, 137, 7, 10], ["dikdortgen", 154, 165, 9, 20], ["dikdortgen", 137, 157, 13, 19], ["daire", 70, 244, 9], ["dikdortgen", 209, 54, 11, 12], ["dikdortgen", 241, 52, 10, 10], ["dikdortgen", 113, 119, 14, 10], ["dikdortgen", 102, 113, 10, 10], ["dikdortgen", 84, 15, 19, 6]], "rrt_path": [[257.988099063916, 165.55236451109474], [257.9561770127434, 166.12517385421563], [257.91593575765546, 166.69205938655347], [257.86737529865235, 167.2530211081083], [257.81049563573396, 167.80805901888007], [257.74529676890046, 168.3571731188689], [257.67177869815174, 168.90036340807475], [257.58994142348763, 169.43762988649746], [257.4997849449084, 169.9689725541372], [257.40130926241386, 170.49439141099393], [257.2945143760042, 171.01388645706763], [257.1794002856793, 171.52745769235838], [257.05596699143916, 172.035105116866], [256.9242144932838, 172.53682873059068], [256.7841427912131, 173.03262853353232], [256.6357518852273, 173.5225045256909], [256.47904177532627, 174.00645670706655], [256.31401246150995, 174.4844850776591], [256.1406639437784, 174.95658963746865], [255.9589962221317, 175.42277038649522], [255.76900929656975, 175.88302732473872], [255.57070316709257, 176.33736045219925], [255.36407783370012, 176.78576976887672], [255.14913329639253, 177.22825527477121], [254.92586955516964, 177.66481696988265], [254.69428661003155, 178.09545485421108], [254.4543844609782, 178.52016892775652], [254.20616310800963, 178.9389591905189], [253.9496225511259, 179.3518256424983], [253.68476279032691, 179.75876828369468], [253.41158382561267, 180.15978711410798], [253.1300856569832, 180.55488213373832], [252.8402682844385, 180.94405334258562], [252.54213170797863, 181.32730074064992], [252.2356759276035, 181.7046243279312], [251.9209009433131, 182.07602410442945], [251.5978067551075, 182.44150007014466], [251.26639336298672, 182.8010522250769], [250.92666076695065, 183.15468056922606], [250.5786089669994, 183.50238510259226], [250.22223796313295, 183.84416582517545], [249.85754775535125, 184.18002273697562], [249.48453834365426, 184.50995583799272], [249.1032097280421, 184.8339651282268], [248.7135619085147, 185.15205060767792], [248.31559488507207, 185.464212276346], [247.9093086577142, 185.77045013423106], [247.49470322644112, 186.07076418133306], [247.0717785912529, 186.36515441765212], [246.64053475214928, 186.6536208431881], [246.20097170913058, 186.93616345794106], [245.7530904179237, 187.21278197369637], [245.30032143445166, 187.48244185193698], [244.84587287016464, 187.74417563580272], [244.3897447250626, 187.99798332529366], [243.93193699914545, 188.2438649204097], [243.47244969241328, 188.48182042115084], [243.01128280486606, 188.71184982751717], [242.5484363365038, 188.93395313950862], [242.08391028732643, 189.1481303571252], [241.617704657334, 189.35438148036692], [241.14981944652658, 189.55270650923376], [240.6802546549041, 189.7431054437258], [240.20901028246652, 189.92557828384292], [239.73608632921395, 190.10012502958526], [239.26148279514626, 190.26674568095262], [238.7851996802636, 190.42544023794522], [238.3072369845658, 190.57620870056292], [237.827594708053, 190.71905106880578], [237.34627285072514, 190.85396734267374], [236.8632714125822, 190.98095752216688], [236.37859039362428, 191.10002160728513], [235.89222979385127, 191.21115959802853], [235.40418961326316, 191.31437149439705], [234.91446985186008, 191.40965729639072], [234.42307050964183, 191.4970170040095], [233.92999158660865, 191.5764506172535], [233.43523308276042, 191.64795813612258], [232.93879499809702, 191.7115395606168], [232.4406773326187, 191.76719489073616], [231.94088008632525, 191.81492412648072], [231.43940325921682, 191.85472726785036], [230.93624685129322, 191.8866043148451], [230.43141086255463, 191.91055526746507], [229.924895293001, 191.92658012571013], [229.4167001426323, 191.9346788895803], [228.90719897253473, 191.93676548346585], [228.39800348069355, 191.9410973736769], [227.8892990823732, 191.94862452746077], [227.38108577757362, 191.95934694481744], [226.87336356629484, 191.97326462574694], [226.36613244853683, 191.99037757024925], [225.85939242429956, 192.0106857783244], [225.3531434935831, 192.03418924997231], [224.84738565638742, 192.06088798519303], [224.34211891271252, 192.09078198398657], [223.8373432625584, 192.12387124635293], [223.33305870592505, 192.16015577229214], [222.82926524281248, 192.1996355618041], [222.3259628732207, 192.2423106148889], [221.8231515971497, 192.28818093154652], [221.3208314145995, 192.33724651177698], [220.81900232557004, 192.3895073555802], [220.31766433006135, 192.44496346295625], [219.8168174280735, 192.50361483390515], [219.31646161960637, 192.5654614684268], [218.81659690466006, 192.63050336652128], [218.3172232832345, 192.6987405281886], [217.8183407553297, 192.7701729534287], [217.3199493209457, 192.84480064224164], [216.8220489800825, 192.92262359462737], [216.32463973274005, 193.00364181058592], [215.82836158561096, 193.089483106656], [215.334341599341, 193.18301409029766], [214.8426009676318, 193.28428866635036], [214.35313969048337, 193.39330683481407], [213.86595776789562, 193.5100685956888], [213.38105519986883, 193.63457394897463], [212.8984319864026, 193.76682289467146], [212.41808812749727, 193.90681543277935], [211.94002362315263, 194.05455156329828], [211.46423847336874, 194.21003128622823], [210.9907326781456, 194.3732546015692], [210.5195062374833, 194.54422150932123], [210.05055915138172, 194.7229320094843], [209.5838914198409, 194.9093861020584], [209.1195030428608, 195.1035837870435], [208.6573940204415, 195.3055250644397], [208.197564352583, 195.5152099342469], [207.7400140392852, 195.73263839646515], [207.28474308054817, 195.95781045109445], [206.8317514763719, 196.19072609813475], [206.38050017692836, 196.42948479500433], [205.9277566903368, 196.66268965751047], [205.47298256901954, 196.8884422664419], [205.01617781297657, 197.1067426217985], [204.55734242220785, 197.31759072358037], [204.09647639671348, 197.52098657178746], [203.63357973649337, 197.7169301664198], [203.1686524415476, 197.90542150747734], [202.7016945118761, 198.0864605949601], [202.23270594747893, 198.26004742886815], [201.761686748356, 198.4261820092014], [201.2886369145074, 198.58486433595988], [200.81355644593307, 198.7360944091436], [200.33644534263306, 198.87987222875256], [199.85730360460735, 199.0161977947867], [199.37613123185594, 199.1450711072461], [198.8929282243788, 199.26649216613075], [198.407694582176, 199.38046097144064], [197.92043030524744, 199.4869775231757], [197.43113539359322, 199.58604182133604], [196.93980984721327, 199.67765386592163], [196.44645366610763, 199.76181365693242], [195.95106685027628, 199.83852119436844], [195.45364939971924, 199.90777647822975], [194.95420131443646, 199.9695795085162], [194.45272259442797, 200.0239302852279], [193.9492132396938, 200.07082880836487], [193.44367325023393, 200.11027507792704], [192.93610262604835, 200.14226909391448], [192.4265013671371, 200.16681085632712], [191.91486947350012, 