{"harita_boyut": {"genislik": 111, "yukseklik": 302}, "baslangic": [50.315528789975474, 53.80870640850594], "hedef": [88.31310701106663, 168.0919004120786], "engeller": [["daire", 76, 179, 6], ["dikdortgen", 9, 137, 15, 9], ["daire", 38, 212, 12], ["dikdortgen", 68, 110, 12, 12], ["daire", 68, 207, 8], ["daire", 75, 83, 14], ["daire", 36, 256, 7], ["dikdortgen", 10, 236, 19, 18], ["daire", 53, 164, 7], ["daire", 21, 191, 12], ["dikdortgen", 37, 233, 14, 15], ["dikdortgen", 44, 177, 13, 13], ["dikdortgen", 53, 79, 8, 6], ["daire", 97, 103, 11], ["daire", 39, 17, 8], ["dikdortgen", 7, 267, 7, 16]], "rrt_path": [[50.315528789975474, 53.80870640850594], [48.05029090033861, 65.71493652940953], [47.24651104914387, 81.23039710142783], [46.638989217990044, 89.19180886807229], [51.258996768979124, 104.66831925883606], [53.22444847267437, 119.69653705483131], [57.759105008710726, 137.5468965368492], [60.5614934887988, 135.23700549102608], [73.6202787010421, 131.9929953424961], [85.04808291251474, 146.39328542527508], [86.7282405593396, 156.63626577976345], [88.31310701106663, 168.0919004120786]]}