{"harita_boyut": {"genislik": 219, "yukseklik": 139}, "baslangic": [192.8118884575564, 29.840037019270746], "hedef": [145.77699593240658, 119.80056879056177], "engeller": [["dikdortgen", 160, 55, 19, 12], ["daire", 91, 31, 15], ["dikdortgen", 56, 66, 20, 20], ["daire", 127, 40, 14], ["dikdortgen", 47, 55, 6, 12], ["daire", 192, 118, 8], ["dikdortgen", 2, 109, 14, 6], ["dikdortgen", 145, 20, 13, 5], ["daire", 151, 29, 9], ["daire", 46, 15, 9], ["dikdortgen", 79, 19, 19, 11], ["daire", 133, 98, 5], ["dikdortgen", 113, 43, 7, 10], ["dikdortgen", 92, 80, 8, 8], ["dikdortgen", 28, 17, 5, 9]], "rrt_path": [[192.81188845755645, 29.840037019270756], [192.37257087745883, 30.099881631476226], [191.9308595453838, 30.352406622495923], [191.48675446133134, 30.597611992329856], [191.04025562530154, 30.835497740978017], [190.5913630372943, 31.0660638684404], [190.14007669730967, 31.28931037471702], [189.68639660534768, 31.50523725980787], [189.23032276140827, 31.713844523712947], [188.77185516549147, 31.91513216643225], [188.31099381759722, 32.10910018796579], [187.8477387177256, 32.29574858831355], [187.38208986587657, 32.475077367475535], [186.91404726205013, 32.647086525451755], [186.44361090624636, 32.81177606224222], [185.97078079846514, 32.9691459778469], [185.49555693870653, 33.1191962722658], [185.01793932697052, 33.26192694549894], [184.5379279632571, 33.397337997546316], [184.05552284756627, 33.525429428407904], [183.57072397989808, 33.646201238083734], [183.08353136025246, 33.75965342657379], [182.59394498862946, 33.86578599387808], [182.10196486502903, 33.964598939996584], [181.60759098945124, 34.05609226492933], [181.11082336189602, 34.1402659686763], [180.61166198236342, 34.21712005123751], [180.1101068508534, 34.28665451261294], [179.60655079613147, 34.35021097021145], [179.10373159850303, 34.41713969072041], [178.6021755137213, 34.48923798111435], [178.10188254178624, 34.566505841393266], [177.6028526826978, 34.648943271557144], [177.1050859364561, 34.73655027160601], [176.6085823030611, 34.82932684153986], [176.11334178251275, 34.92727298135867], [175.6193643748111, 35.03038869106247], [175.12665007995614, 35.13867397065125], [174.63519889794782, 35.25212882012498], [174.14501082878618, 35.37075323948371], [173.65608587247124, 35.494547228727406], [173.168424029003, 35.62351078785609], [172.6820252983814, 35.75764391686974], [172.19688968060652, 35.896946615768364], [171.7130171756783, 36.041418884551966], [171.2304077835968, 36.19106072322055], [170.74906150436192, 36.34587213177411], [170.26897833797375, 36.50585311021264], [169.7901582844322, 36.67100365853615], [169.3126013437374, 36.84132377674463], [168.8363075158893, 37.016813464838094], [168.36127680088782, 37.19747272281653], [167.88750919873308, 37.38330155067995], [167.41500470942498, 37.57429994842833], [166.94376333296356, 37.7704679160617], [166.47378506934882, 37.971805453580046], [166.00506991858074, 38.17831256098336], [165.5376178806594, 38.38998923827165], [165.0714289555847, 38.606835485444925], [164.6065031433567, 38.828851302503175], [164.1428423979312, 39.0560369153496], [163.6824801707073, 39.288627417936134], [163.22721109196553, 39.526830293325816], [162.77703516170595, 39.77064554151864], [162.3319523799286, 40.02007316251464], [161.89196274663337, 40.275113156313786], [161.4570662618203, 40.535765522916094], [161.02726292548945, 40.80203026232155], [160.60255273764076, 41.07390737453017], [160.18293569827426, 41.35139685954195], [159.7684118073899, 41.63449871735687], [159.35898106498774, 41.92321294797496], [158.95464347106778, 42.2175395513962], [158.55539902562995, 42.5174785276206], [158.1612477286743, 42.82302987664815], [157.77218958020086, 43.13419359847885], [157.38822458020954, 43.45096969311272], [157.00935272870043, 43.77335816054973], [156.63557402567352, 44.10135900078992], [156.26688847112877, 44.434972213833255], [155.90329606506614, 44.77419779967974], [155.54479680748577, 45.119035758329396], [155.19139069838755, 45.469486089782194], [154.84307773777152, 45.825548794038156], [154.49985792563763, 46.187223871097274], [154.1617312619859, 46.554511320959534], [153.8286977468164, 46.927411143624965], [153.50075738012904, 47.30592333909355], [153.17788638869465, 47.690027853344105], [152.8568743755985, 48.077016540711355], [152.53546179226612, 48.46498334819297], [152.21364863869735, 48.85392827578891], [151.8914349148923, 49.2438513234992], [151.56882062085091, 49.63475249132382], [151.24580575657322, 50.02663177926279], [150.9223903220592, 50.41948918731609], [150.59857431730885, 50.81332471548372], [150.27435774232222, 51.20813836376573], [149.9497405970992, 51.60393013216204], [149.62472288163988, 52.00070002067271], [149.29930459594425, 52.39844802929771], [148.97348574001228, 52.797174158037045], [148.64726631384403, 53.19687840689073], [148.32064631743944, 53.597560775858746], [147.9936257507985, 53.999221264941106], [147.66620461392128, 54.401859874137806], [147.3383829068077, 54.805476603448845], [147.01016062945783, 55.21007145287422], [146.6815377818716, 55.615644422413936], [146.35251436404906, 56.02219551206799], [146.02309037599025, 56.42972472183639], [145.69326581769508, 56.838232051719125], [145.3630406891636, 57.2477175017162], [145.03241499039575, 57.65818107182761], [144.70138872139162, 58.06962276205337], [144.36996188215113, 58.48204257239346], [144.0381344726744, 58.895440502847904], [143.70590649296128, 59.309816553416674], [143.37298330143486, 59.72456422357666], [143.03423941558432, 60.12913304093389], [142.68780944954113, 60.51968323000008], [142.33369340330518, 60.89621479077522], [141.97189127687653, 61.25872772325931], [141.6024030702552, 61.60722202745238], [141.22522878344114, 61.9416977033544], [140.84036841643442, 62.262154750965365], [140.44782196923495, 62.56859317028529], [140.04758944184277, 62.861012961314174], [139.63967083425794, 63.13941412405201], [139.22406614648037, 63.403796658498806], [138.8007753785101, 63.65416056465457], [138.3697985303471, 63.89050584251927], [137.93113560199143, 64.11283249209293], [137.48478659344303, 64.32114051337555], [137.03075150470198, 64.51542990636713], [136.56903033576816, 64.69570067106767], [136.09962308664169, 64.86195280747715], [135.62252975732247, 65.01418631559561], [135.13775034781057, 65.152401195423], [134.64528485810598, 65.27659744695937], [134.14513328820865, 65.38677507020469], [133.63729563811864, 65.48293406515896], [133.12177190783592, 65.5650744318222], [132.59856209736049, 65.63319617019437], [132.06766620669234, 65.68729928027551], [131.52908423583153, 65.72738376206561], [130.982816184778, 65.75344961556468], [130.42886205353173, 65.76549684077268], [129.86722184209282, 65.76352543768965], [129.29789555046113, 65.74753540631558], [128.72088317863677, 65.71752674665045], [128.13618472661972, 65.67349945869428], [127.54380019440995, 65.61545354244709], [126.94383075788302, 65.54354269877736], [126.35264550885, 65.48263395863808], [125.78212659268861, 65.45077802883098], [125.23227400939882, 65.44797490935609], [124.70308775898066, 65.47422460021338], [124.19456784143405, 65.52952710140285], [123.70671425675907, 65.61388241292451], [123.23952700495569, 65.72729053477836], [122.79300608602391, 65.8697514669644], [122.36715149996373, 66.04126520948265], [121.96196324677514, 66.24183176233306], [121.57744132645813, 66.47145112551566], [121.21358573901277, 66.73012329903047], [120.87039648443897, 67.01784828287744], [120.54787356273681, 67.33462607705661], [120.24601697390625, 67.680456681568], [119.96482671794729, 68.05534009641156], [119.70430279485991, 68.45927632158728], [119.46444520464416, 68.89226535709523], [119.24401000521269, 69.35288105048015], [119.02567198250847, 69.82126042193238], [118.80387025544688, 70.29102804264944], [118.57860482402792, 70.7621839126314], [118.34987568825161, 71.23472803187826], [118.1176828481179, 71.70866040038993], [117.88202630362682, 72.18398101816648], [117.64290605477838, 72.6606898852079], [117.40032210157257, 