{"harita_boyut": {"genislik": 425, "yukseklik": 438}, "baslangic": [209.0323356076757, 372.02232350318565], "hedef": [402.3093805316265, 141.78480370728113], "engeller": [["dikdortgen", 94, 370, 10, 8], ["daire", 218, 218, 3], ["dikdortgen", 51, 295, 14, 18], ["daire", 36, 366, 13], ["daire", 308, 156, 12], ["daire", 21, 219, 15], ["dikdortgen", 98, 328, 10, 15], ["dikdortgen", 252, 404, 13, 6], ["daire", 11, 264, 5], ["daire", 128, 316, 11], ["daire", 361, 423, 8], ["daire", 95, 219, 5], ["daire", 315, 417, 4], ["daire", 104, 132, 5], ["daire", 258, 275, 9], ["dikdortgen", 396, 409, 11, 5], ["dikdortgen", 132, 228, 19, 9], ["daire", 111, 412, 13], ["daire", 68, 391, 12], ["daire", 209, 268, 10], ["dikdortgen", 296, 394, 8, 14], ["dikdortgen", 361, 419, 11, 15], ["daire", 320, 262, 11], ["daire", 182, 193, 9], ["dikdortgen", 352, 47, 5, 5], ["daire", 308, 189, 7], ["dikdortgen", 246, 191, 14, 10], ["daire", 87, 319, 14], ["dikdortgen", 395, 414, 13, 5], ["dikdortgen", 212, 330, 20, 18], ["dikdortgen", 162, 136, 12, 14], ["daire", 418, 84, 4], ["dikdortgen", 104, 272, 7, 5], ["dikdortgen", 304, 84, 16, 9], ["daire", 140, 15, 6], ["dikdortgen", 228, 35, 17, 15], ["daire", 419, 410, 6], ["daire", 100, 367, 13], ["daire", 336, 103, 15], ["daire", 245, 104, 11], ["daire", 76, 316, 4], ["dikdortgen", 136, 41, 13, 10], ["dikdortgen", 358, 59, 17, 15], ["daire", 284, 284, 8], ["daire", 117, 365, 7], ["daire", 374, 242, 7], ["daire", 15, 259, 10], ["daire", 134, 69, 3], ["daire", 335, 352, 3], ["dikdortgen", 156, 51, 18, 12], ["daire", 121, 370, 13], ["dikdortgen", 204, 384, 16, 9], ["dikdortgen", 291, 195, 8, 17], ["dikdortgen", 81, 286, 15, 17], ["daire", 188, 335, 9], ["daire", 75, 252, 8], ["dikdortgen", 112, 112, 9, 18], ["dikdortgen", 69, 36, 12, 15], ["dikdortgen", 85, 275, 19, 5], ["dikdortgen", 250, 382, 8, 18], ["dikdortgen", 16, 130, 16, 19], ["dikdortgen", 177, 358, 11, 11], ["daire", 180, 335, 6], ["daire", 272, 355, 6], ["dikdortgen", 19, 188, 15, 5], ["daire", 23, 245, 3], ["daire", 268, 81, 11], ["dikdortgen", 141, 296, 14, 18], ["dikdortgen", 75, 208, 12, 15], ["dikdortgen", 178, 11, 8, 5], ["dikdortgen", 209, 284, 20, 7], ["dikdortgen", 3, 335, 6, 6], ["dikdortgen", 353, 202, 13, 11], ["dikdortgen", 117, 349, 17, 19], ["dikdortgen", 203, 327, 11, 8], ["daire", 335, 379, 5], ["dikdortgen", 211, 294, 18, 20], ["daire", 293, 82, 6], ["daire", 327, 387, 13], ["dikdortgen", 284, 149, 6, 19], ["dikdortgen", 80, 348, 19, 17], ["daire", 176, 369, 15], ["daire", 256, 170, 15], ["dikdortgen", 10, 228, 18, 20], ["daire", 86, 325, 11], ["daire", 111, 42, 6], ["daire", 392, 345, 9], ["daire", 351, 290, 6], ["daire", 50, 411, 10], ["dikdortgen", 236, 20, 15, 19], ["daire", 172, 383, 14], ["dikdortgen", 29, 226, 8, 12], ["dikdortgen", 341, 171, 7, 15]], "rrt_path": [[209.0323356076757, 372.02232350318565], [217.89752907992084, 373.4123331893483], [236.5757726057871, 375.28870740148966], [253.173068573686, 371.76050033986354], [272.05837528485574, 368.0892869408071], [279.88793161051336, 366.6215714654757], [291.38943302596095, 350.5642748250348], [297.8072691322931, 332.3915168199237], [297.0846600814055, 313.44667083819803], [293.3969224217305, 303.00024512631074], [290.6403568110538, 301.0828165430007], [304.23077631726954, 290.1468601944862], [314.2426643799143, 285.4431017997692], [331.3345636181622, 275.3281757107403], [334.7673589362996, 273.27490604901203], [336.9576916026209, 262.976147533008], [336.37277247852086, 245.11279085044595], [337.5194119119642, 226.54612683504453], [334.6493882932271, 213.21603554284593], [344.07240080477266, 195.69386140909734], [351.25307662658605, 192.4326435712057], [354.26963621493724, 189.80578836965262], [362.2170161003076, 180.54388266868895], [373.31159509500134, 168.3352284956107], [381.78792599340096, 160.42426008224245], [396.80052077166573, 147.28308477311288], [402.3093805316265, 141.78480370728113]]}