{"harita_boyut": {"genislik": 263, "yukseklik": 475}, "baslangic": [98.69464673317528, 259.15810891147885], "hedef": [168.5721764151511, 410.77922288025826], "engeller": [["dikdortgen", 122, 306, 6, 9], ["daire", 11, 327, 4], ["dikdortgen", 145, 371, 9, 7], ["dikdortgen", 52, 160, 14, 13], ["daire", 235, 281, 15], ["daire", 113, 303, 14], ["daire", 217, 126, 14], ["dikdortgen", 11, 67, 16, 12], ["dikdortgen", 189, 34, 7, 9], ["daire", 219, 404, 14], ["dikdortgen", 169, 10, 18, 13], ["daire", 144, 108, 8], ["dikdortgen", 67, 72, 11, 9], ["dikdortgen", 200, 283, 7, 14], ["dikdortgen", 197, 49, 19, 12], ["dikdortgen", 197, 6, 7, 20], ["daire", 72, 98, 12], ["dikdortgen", 84, 126, 10, 8], ["dikdortgen", 107, 5, 10, 13], ["dikdortgen", 246, 455, 14, 19], ["dikdortgen", 101, 77, 14, 14], ["dikdortgen", 94, 127, 13, 13], ["daire", 160, 274, 13], ["daire", 165, 17, 4], ["dikdortgen", 140, 328, 7, 14], ["dikdortgen", 0, 437, 7, 20], ["dikdortgen", 112, 170, 7, 7], ["dikdortgen", 165, 42, 20, 8], ["dikdortgen", 114, 83, 20, 7], ["daire", 115, 346, 7], ["dikdortgen", 129, 237, 12, 8], ["daire", 125, 461, 11], ["daire", 80, 397, 5], ["daire", 191, 196, 13], ["dikdortgen", 249, 197, 11, 10], ["dikdortgen", 6, 305, 8, 11], ["daire", 240, 241, 7], ["daire", 98, 68, 3], ["daire", 146, 136, 8], ["daire", 14, 17, 11], ["daire", 202, 470, 5], ["daire", 60, 164, 7], ["daire", 29, 313, 14], ["dikdortgen", 174, 120, 11, 13], ["daire", 110, 213, 15], ["daire", 176, 44, 6], ["dikdortgen", 108, 24, 14, 12], ["dikdortgen", 80, 203, 13, 12], ["dikdortgen", 114, 358, 5, 7], ["dikdortgen", 135, 62, 9, 16], ["dikdortgen", 182, 399, 6, 5], ["daire", 155, 187, 7], ["daire", 131, 465, 5], ["daire", 154, 177, 15], ["dikdortgen", 81, 386, 7, 6], ["dikdortgen", 118, 198, 8, 9], ["dikdortgen", 132, 406, 12, 15], ["dikdortgen", 42, 389, 5, 10], ["daire", 126, 367, 10], ["daire", 169, 131, 4], ["dikdortgen", 7, 163, 7, 20], ["daire", 225, 41, 15]], "rrt_path": [[98.69464673317528, 259.15810891147885], [99.12082353712857, 259.42312947142807], [99.54621000195283, 259.68930409453543], [99.97080612764813, 259.95663278080104], [100.39461191421441, 260.22511553022485], [100.81762736165173, 260.4947523428068], [101.23985246996004, 260.76554321854707], [101.66128723913943, 261.03748815744547], [102.08193166918974, 261.31058715950206], [102.50178576011115, 261.5848402247169], [102.92084951190348, 261.86024735308985], [103.33912292456688, 262.13680854462115], [103.75660599810126, 262.41452379931053], [104.17329873250668, 262.6933931171581], [104.58920112778313, 262.973416498164], [105.00431318393055, 263.25459394232803], [105.418634900949, 263.53692544965025], [105.83216627883844, 263.8204110201307], [106.24490731759892, 264.10505065376935], [106.6568580172304, 264.3908443505662], [107.06801837773287, 264.67779211052124], [107.47838839910636, 264.96589393363445], [107.8879680813509, 265.255149819906], [108.29675742446642, 265.5455597693356], [108.70475642845295, 265.8371237819234], [109.1119650933105, 266.1298418576696], [109.51838341903905, 266.4237139965738], [109.92401140563865, 266.7187401986363], [110.32884905310922, 267.014920463857], [110.73289636145083, 267.3122547922359], [111.13615333066345, 267.61074318377297], [111.53861996074704, 267.9103856384682], [111.94029625170168, 268.21118215632174], [112.3411822035273, 268.5131327373334], [112.74127781622398, 268.8162373815033], [113.14058308979165, 269.1204960888314], [113.53909802423033, 269.4259088593177], [113.93682261954001, 269.7324756929622], [114.33375687572072, 270.04019658976495], [114.72990079277241, 270.3490715497258], [115.12525437069515, 270.6591005728449], [115.51981760948888, 270.9702836591223], [115.91359050915364, 271.2826208085578], [116.30657306968939, 271.5961120211515], [116.69876529109615, 271.9107572969034], [117.09016717337396, 272.2265566358136], [117.48077871652274, 272.5435100378819], [117.87059992054255, 272.86161750310845], [118.25963078543334, 273.1808790314932], [118.6478713111952, 273.5012946230362], [119.03532149782802, 273.82286427773727], [119.42198134533187, 274.1455879955966], [119.80687614042364, 274.4700695963443], [120.18895110359503, 274.7969624994926], [120.56820582795649, 275.1262669571033], [120.94464031350807, 275.4579829691764], [121.31825456024973, 275.79211053571174], [121.68904856818148, 276.12864965670957], [122.05702233730334, 276.46760033216964], [122.42217586761527, 276.8089625620921], [122.78450915911729, 277.1527363464769], [123.14402221180943, 277.49892168532415], [123.50071502569166, 277.84751857863375], [123.854587600764, 278.1985270264056], [124.20563993702639, 278.55194702863986], [124.55387203447891, 278.90777858533653], [124.89928389312149, 279.2660216964955], [125.24187551295421, 279.6266763621169], [125.58164689397702, 279.98974258220056], [125.9185980361899, 280.3552203567466], [126.2527289395929, 280.72310968575505], [126.58403960418595, 281.09341056922585], [126.91316844194863, 281.46576774115056], [127.2465716418829, 281.8365884360893], [127.58592707794813, 282.20493894414415], [127.93123475014431, 282.57081926531515], [128.2824946584715, 282.93422939960226], [128.63970680292965, 283.2951693470056], [129.0028711835188, 283.653639107525], [129.37198780023886, 284.0096386811605], [129.74705665308994, 284.3631680679122], [130.12807774207198, 284.71422726778], [130.515051067185, 285.06281628076397], [130.90797662842903, 285.4089351068641], [131.30685442580392, 285.7525837460803], [131.71168445930988, 286.0937621984126], [132.12246672894673, 286.4324704638611], [132.53920123471462, 286.76870854242566], [132.96188797661344, 287.1024764341064], [133.3905269546433, 287.43377413890335], [133.82511816880404, 287.7626016568163], [134.2656616190958, 288.0889589878455], [134.71215730551853, 288.41284613199076], [135.16460522807222, 288.7342630892522], [135.62300538675692, 289.05320985962976], [136.08735778157256, 289.36968644312344], [136.55766241251916, 289.6836928397333], [137.03391927959674, 289.9952290494592], [137.50148949680596, 290.3100420525711], [137.94463964076294, 290.63430852629466], [138.36336464386713, 290.9680304600846], [138.75766450611854, 291.3112078539409], [139.12753922751722, 291.6638407078636], [139.47298880806312, 292.0259290218526], [139.79401324775625, 292.3974727959081], [140.09061254659667, 292.7784720300299], [140.36278670458427, 293.168926724218], [140.61053572171915, 293.5688368784726], [140.83385959800125, 293.97820249279357], [141.0327583334306, 294.39702356718084], [141.2072319280072, 294.82530010163447], [141.357280381731, 295.26303209615446], [141.4829036946021, 295.71021955074093], [141.5841018666204, 296.1668624653937], [141.6608748977859, 296.6329608401128], [141.7132227880987, 297.10851467489834], [141.74114553755874, 297.59352396975027], [141.744643146166, 298.08798872466843], [141.72371561392055, 298.5919089396532], [141.68238505487474, 299.103779415669], [141.64514950635797, 299.614432232147], [141.61615347825708, 300.1223163857585], [141.59539697057212, 300.6274318765037], [141.5828799833031, 301.12977870438243], [141.57860251645, 301.6293568693948], [141.58256457001278, 302.1261663715408], [141.59476614399154, 302.62020721082035], [141.6152072383862, 303.11147938723354], [141.6438878531968, 303.5999829007803], [141.6808079884233, 304.08571775146066], [141.72596764406575, 304.56868393927465], [141.7793668201241, 305.0488814642222], [141.84100551659841, 305.52631032630336], [141.91088373348867, 306.00097052551814], [141.9890014707948, 306.4728620618665], [142.07535872851682, 306.94198493534844], [142.16995550665482, 307.4083391459641], [142.27279180520873, 307.87192469371325], [142.38386762417858, 308.3327415785959], [142.5031829635643, 308.7907898006124], [142.6304820780493, 309.24643366403103], [142.76163448805622, 309.70555695730707], [142.89519622382485, 310.1702165875008], [143.0311672853553, 310.6404125546121], [143.1695476726475, 311.116144858641], [143.31033738570147, 311.59741349958756], [143.4535364245172, 312.0842184774517], 