{"harita_boyut": {"genislik": 333, "yukseklik": 368}, "baslangic": [177.28543225091695, 211.06907091622443], "hedef": [189.0028991464887, 22.727310038841505], "engeller": [["daire", 210, 71, 7], ["daire", 153, 217, 4], ["daire", 308, 50, 15], ["daire", 68, 279, 4], ["dikdortgen", 135, 89, 12, 6], ["daire", 192, 202, 9], ["dikdortgen", 274, 351, 15, 12], ["daire", 112, 105, 8], ["daire", 109, 243, 4], ["dikdortgen", 85, 11, 16, 7], ["daire", 201, 186, 15], ["dikdortgen", 28, 196, 12, 13], ["daire", 216, 3, 3], ["dikdortgen", 170, 329, 12, 17], ["daire", 250, 89, 4], ["daire", 182, 304, 10], ["dikdortgen", 94, 23, 19, 8], ["daire", 271, 86, 10], ["dikdortgen", 128, 323, 6, 5], ["dikdortgen", 5, 18, 9, 9], ["dikdortgen", 137, 86, 12, 13], ["dikdortgen", 164, 185, 10, 20], ["dikdortgen", 8, 336, 18, 7], ["daire", 307, 127, 8], ["daire", 101, 324, 7], ["daire", 279, 248, 4], ["daire", 224, 353, 7], ["daire", 124, 276, 7], ["dikdortgen", 290, 324, 12, 6], ["dikdortgen", 256, 167, 5, 9], ["daire", 15, 345, 14], ["daire", 34, 358, 9], ["daire", 92, 257, 6], ["daire", 239, 222, 11], ["daire", 271, 20, 6], ["daire", 89, 177, 12], ["daire", 298, 91, 12], ["dikdortgen", 47, 52, 20, 7], ["dikdortgen", 272, 43, 20, 5], ["daire", 41, 51, 6], ["daire", 120, 75, 5], ["dikdortgen", 263, 60, 20, 19], ["daire", 277, 61, 6], ["dikdortgen", 116, 296, 5, 11], ["dikdortgen", 301, 144, 12, 9], ["dikdortgen", 179, 297, 18, 12], ["daire", 242, 231, 9], ["dikdortgen", 58, 335, 8, 11], ["daire", 230, 77, 10], ["dikdortgen", 249, 46, 13, 17], ["dikdortgen", 25, 229, 18, 17], ["daire", 270, 30, 3], ["daire", 27, 357, 5], ["daire", 226, 280, 7], ["daire", 287, 208, 15], ["daire", 196, 90, 8], ["daire", 146, 304, 12], ["daire", 38, 165, 5], ["dikdortgen", 289, 18, 13, 19], ["daire", 248, 199, 12], ["dikdortgen", 52, 218, 19, 7]], "rrt_path": [[177.28543225091695, 211.06907091622443], [168.92764646581244, 219.21855941874753], [162.38195772828675, 225.13012478401814], [146.27800738649708, 234.55689088273016], [140.06052187690983, 233.8530655282394], [126.60712067032281, 221.54667250812935], [118.96005227912511, 208.99017552027033], [119.14562265177285, 194.7534210526466], [114.22991471466652, 177.22371412979263], [110.4685140515858, 166.68976749934365], [106.31993309813491, 156.9310271039084], [97.46780662196046, 142.65216516871175], [81.14012636361642, 136.85255593500517], [67.38298563462638, 129.51898004780492], [68.92921869046378, 128.68072216308855], [74.16288294462981, 118.63769179016184], [80.08886474104554, 109.74619439925894], [89.20629824729411, 94.9620829051031], [99.8955967963363, 84.63501993268837], [109.0179726173953, 70.78264351016878], [117.26101772317884, 64.42290195073544], [135.112282810199, 61.91386071576501], [145.38996833782423, 58.567661567502824], [159.1227428467564, 50.13809615451099], [175.1000110276589, 38.5429200901345], [184.48897993335717, 28.236438476908933], [189.0028991464887, 22.727310038841505]]}