{"harita_boyut": {"genislik": 244, "yukseklik": 210}, "baslangic": [173.96298372362614, 171.3222930173992], "hedef": [38.22657073750624, 30.754394502128974], "engeller": [["dikdortgen", 137, 65, 16, 16], ["daire", 23, 183, 7], ["dikdortgen", 49, 130, 9, 9], ["daire", 186, 163, 9], ["dikdortgen", 106, 174, 20, 18], ["daire", 48, 159, 6], ["dikdortgen", 12, 107, 6, 11], ["dikdortgen", 162, 23, 9, 12], ["dikdortgen", 216, 127, 16, 10], ["dikdortgen", 169, 128, 17, 16], ["daire", 81, 131, 5], ["daire", 127, 115, 13], ["daire", 131, 125, 9], ["daire", 14, 171, 6], ["daire", 98, 28, 3], ["daire", 131, 111, 3], ["dikdortgen", 175, 127, 15, 20], ["dikdortgen", 222, 25, 5, 15], ["daire", 113, 88, 14], ["daire", 87, 163, 14], ["daire", 116, 14, 14], ["dikdortgen", 200, 72, 9, 13], ["dikdortgen", 160, 51, 16, 14], ["dikdortgen", 58, 12, 10, 15], ["dikdortgen", 193, 101, 17, 15]], "rrt_path": [[173.96298372362614, 171.3222930173992], [156.06165284480744, 162.60520955841002], [141.197078141861, 155.2369973243488], [124.99727539217004, 144.69170945328543], [122.28584236593258, 141.75093898549494], [108.73214338298655, 132.51919059324456], [96.4201939703087, 126.05239436997095], [83.314983667486, 114.0345128724014], [77.26274470313075, 104.16227955775513], [70.42817524533285, 95.45441437236741], [57.64171300417354, 84.31897725240333], [58.52164299517838, 81.17813454013658], [50.89481538546943, 65.50704706850352], [51.558218610773054, 54.584913436353894], [43.90769081000677, 39.02916251798483], [38.22657073750624, 30.754394502128974]]}