{"harita_boyut": {"genislik": 377, "yukseklik": 263}, "baslangic": [309.4939564748355, 36.96147805292742], "hedef": [247.3031872605404, 227.77474663537924], "engeller": [["dikdortgen", 193, 189, 8, 20], ["dikdortgen", 59, 67, 9, 11], ["dikdortgen", 51, 26, 12, 11], ["daire", 36, 146, 11], ["dikdortgen", 158, 125, 16, 8], ["daire", 90, 58, 15], ["daire", 53, 225, 7], ["dikdortgen", 177, 118, 18, 8], ["daire", 215, 88, 15], ["dikdortgen", 29, 169, 16, 8], ["dikdortgen", 209, 0, 9, 17], ["daire", 100, 178, 14], ["daire", 123, 248, 9], ["dikdortgen", 97, 43, 18, 7], ["daire", 243, 19, 7], ["daire", 335, 169, 7], ["dikdortgen", 151, 193, 20, 8], ["daire", 349, 168, 10], ["daire", 243, 162, 9], ["daire", 194, 212, 12], ["dikdortgen", 332, 192, 7, 19], ["daire", 69, 149, 8], ["dikdortgen", 287, 77, 16, 12], ["daire", 289, 175, 10], ["dikdortgen", 271, 21, 11, 12], ["dikdortgen", 300, 159, 5, 10], ["daire", 85, 189, 14], ["dikdortgen", 280, 233, 7, 5], ["dikdortgen", 174, 65, 7, 13], ["daire", 306, 155, 14], ["dikdortgen", 120, 150, 12, 14], ["dikdortgen", 299, 107, 7, 19], ["dikdortgen", 233, 197, 8, 8], ["daire", 305, 78, 13], ["daire", 148, 83, 6], ["dikdortgen", 193, 71, 19, 10], ["daire", 317, 132, 5], ["dikdortgen", 268, 147, 8, 13], ["daire", 268, 235, 8], ["daire", 365, 248, 12], ["daire", 195, 254, 3], ["dikdortgen", 231, 218, 9, 16], ["daire", 291, 75, 3], ["daire", 185, 214, 8], ["daire", 122, 189, 5], ["dikdortgen", 243, 80, 19, 12], ["daire", 85, 53, 11], ["dikdortgen", 288, 179, 5, 20], ["dikdortgen", 112, 159, 11, 9]], "rrt_path": [[309.4939564748355, 36.96147805292742], [298.4917314415911, 41.23316914493861], [281.7404107813531, 47.734672872431126], [265.6048315679118, 54.528176694759956], [247.45206514707374, 58.33666459509889], [237.31183035295894, 63.863154404600785], [220.93397999092684, 65.0231741952922], [203.0137233103685, 60.15738741452686], [187.10046021248252, 57.08021463331225], [169.29931434800423, 57.179063268946784], [157.29552072068458, 70.20932174479476], [158.54860366827785, 72.28547910137031], [167.94765713420034, 83.88487603398829], [183.46472005331213, 86.41916721650884], [196.75602879669657, 98.43195273934973], [199.5402343107123, 101.30392064580766], [208.3922481670514, 109.0058295805826], [224.34040070079436, 117.04873578853176], [241.08477154487113, 127.68348247364725], [251.75358272143808, 143.70664129974347], [259.94732295167876, 150.9261924711859], [256.0481045194553, 168.18606027467905], [252.5711558893824, 183.16649416282917], [249.43024738561832, 197.07322963911736], [246.99623374711214, 215.78392117513283], [247.3031872605404, 227.77474663537924]]}