{"harita_boyut": {"genislik": 126, "yukseklik": 146}, "baslangic": [18.25882060164094, 100.77772124526021], "hedef": [95.47332328129659, 28.670570040118704], "engeller": [["dikdortgen", 117, 30, 9, 14], ["daire", 59, 18, 15], ["dikdortgen", 33, 115, 20, 13], ["dikdortgen", 80, 88, 5, 5], ["daire", 117, 117, 6], ["daire", 74, 33, 3], ["dikdortgen", 64, 75, 6, 18], ["daire", 18, 127, 14], ["daire", 26, 33, 13]], "rrt_path": [[18.25882060164094, 100.77772124526021], [25.518922457480606, 100.07044714182445], [43.21481220979577, 92.20681924040855], [47.56347801691575, 85.57824606540765], [54.689729266765255, 71.50710041255158], [65.46764566581572, 67.30588412187502], [65.39579546311833, 69.68968179711722], [79.35239954935466, 62.141764375838726], [86.83656630337879, 47.243340533897545], [92.72878125206209, 31.580465063958126], [95.47332328129659, 28.670570040118704]]}