{"harita_boyut": {"genislik": 286, "yukseklik": 399}, "baslangic": [210.71786975530821, 19.635797532285984], "hedef": [46.65626366648784, 103.27224684163022], "engeller": [["daire", 86, 259, 13], ["daire", 31, 319, 9], ["daire", 41, 113, 3], ["daire", 189, 299, 14], ["daire", 37, 295, 7], ["dikdortgen", 109, 332, 18, 16], ["dikdortgen", 25, 210, 14, 15], ["dikdortgen", 217, 365, 7, 11], ["dikdortgen", 99, 74, 6, 19], ["daire", 136, 363, 9], ["daire", 12, 23, 11], ["dikdortgen", 230, 23, 5, 8], ["daire", 52, 117, 3], ["dikdortgen", 48, 179, 10, 11], ["daire", 273, 197, 8], ["daire", 219, 224, 12], ["dikdortgen", 150, 211, 19, 12], ["daire", 187, 238, 14], ["dikdortgen", 58, 121, 6, 14], ["dikdortgen", 244, 197, 14, 9], ["daire", 55, 311, 15], ["daire", 35, 155, 15], ["daire", 269, 349, 8], ["daire", 141, 228, 14], ["daire", 216, 287, 11], ["daire", 173, 304, 5], ["daire", 283, 247, 3], ["daire", 76, 16, 6], ["dikdortgen", 254, 317, 16, 5], ["daire", 27, 356, 7], ["daire", 32, 257, 12], ["daire", 266, 194, 14], ["daire", 237, 49, 4], ["dikdortgen", 40, 33, 5, 7], ["daire", 172, 202, 5], ["daire", 42, 192, 12], ["daire", 263, 235, 12], ["daire", 222, 379, 14], ["dikdortgen", 57, 105, 16, 16], ["dikdortgen", 3, 20, 18, 10], ["daire", 49, 273, 3], ["dikdortgen", 228, 189, 7, 16], ["dikdortgen", 150, 295, 8, 7], ["daire", 41, 44, 9], ["dikdortgen", 24, 124, 9, 13], ["dikdortgen", 46, 89, 6, 8], ["dikdortgen", 172, 127, 8, 9], ["daire", 77, 81, 3], ["daire", 39, 125, 10], ["dikdortgen", 87, 288, 14, 19], ["dikdortgen", 232, 348, 12, 14], ["dikdortgen", 165, 35, 16, 15], ["daire", 51, 92, 3], ["daire", 124, 116, 12], ["dikdortgen", 272, 153, 11, 14], ["dikdortgen", 74, 146, 14, 6], ["dikdortgen", 109, 23, 6, 20]], "rrt_path": [[210.71786975530821, 19.635797532285984], [205.16241435552723, 36.02773729486165], [196.57534177795966, 52.04630680138376], [186.98781058750242, 69.43036594262496], [167.91949644261524, 72.1712582825388], [149.08008160858122, 68.08312984585007], [134.7555869402474, 65.90244783198145], [120.12527317080293, 66.76567404948557], [102.94671810047444, 63.44831376891722], [93.11461351329534, 60.979422755599785], [94.96184279879913, 63.66876566840388], [79.2889120736216, 69.43762765364977], [73.61568644722165, 72.70350043326378], [56.32765799509157, 76.25755011317442], [41.27433825319312, 80.08448735123528], [38.49668873329694, 97.60214645877979], [39.00402273915745, 101.56984254170972], [46.65626366648784, 103.27224684163022]]}