{"harita_boyut": {"genislik": 179, "yukseklik": 268}, "baslangic": [141.6553669774148, 202.52623306136135], "hedef": [43.82403755085401, 28.467343164330522], "engeller": [["dikdortgen", 31, 190, 7, 6], ["daire", 53, 258, 3], ["daire", 140, 86, 15], ["dikdortgen", 133, 75, 15, 6], ["dikdortgen", 64, 93, 17, 5], ["daire", 36, 143, 9], ["dikdortgen", 86, 101, 17, 19], ["dikdortgen", 127, 158, 10, 10], ["daire", 86, 221, 4], ["daire", 82, 48, 11], ["dikdortgen", 23, 1, 14, 13], ["daire", 15, 97, 11], ["daire", 167, 217, 3], ["dikdortgen", 61, 19, 12, 6], ["dikdortgen", 120, 106, 14, 8], ["daire", 68, 120, 4], ["daire", 13, 120, 9], ["daire", 89, 165, 6], ["daire", 160, 18, 7], ["daire", 49, 54, 4], ["daire", 153, 85, 10], ["dikdortgen", 84, 199, 20, 9], ["daire", 162, 49, 3]], "rrt_path": [[141.6553669774148, 202.52623306136135], [139.58598491625034, 199.10312659428632], [124.24785616348522, 191.13436267531], [105.87743792777471, 189.884894844269], [93.03710814206309, 188.93274742212233], [75.13712824147393, 181.86564414116128], [70.96605060760882, 170.7738293938419], [68.23618676299665, 159.65203740887029], [60.877230348157084, 145.6782515697055], [58.26530819336147, 146.1774276165229], [49.69837563955748, 134.27335033637172], [47.91783161497705, 127.75329859795335], [45.1846681358733, 114.33341915019034], [48.43780392477171, 99.96343082598129], [59.40048016776633, 87.1739357405648], [66.02269430330773, 70.5592122770427], [65.17395945403098, 52.48892893242586], [53.24107741928232, 42.078924488846916], [43.82403755085401, 28.467343164330522]]}