{"harita_boyut": {"genislik": 273, "yukseklik": 415}, "baslangic": [207.1324919638875, 377.47502019844336], "hedef": [45.007384414477656, 240.322406899529], "engeller": [["dikdortgen", 20, 213, 5, 8], ["dikdortgen", 82, 116, 7, 13], ["daire", 249, 268, 14], ["dikdortgen", 242, 375, 15, 10], ["dikdortgen", 211, 301, 7, 14], ["dikdortgen", 155, 386, 19, 12], ["dikdortgen", 44, 157, 12, 20], ["dikdortgen", 142, 50, 17, 18], ["dikdortgen", 37, 223, 16, 11], ["daire", 135, 48, 5], ["daire", 245, 182, 8], ["dikdortgen", 69, 197, 16, 14], ["daire", 135, 48, 6], ["dikdortgen", 28, 65, 14, 18], ["dikdortgen", 172, 65, 14, 18], ["daire", 101, 53, 14], ["daire", 167, 376, 7], ["dikdortgen", 167, 4, 9, 12], ["daire", 267, 146, 3], ["daire", 31, 269, 10], ["dikdortgen", 234, 246, 19, 10], ["dikdortgen", 53, 52, 14, 9], ["dikdortgen", 29, 145, 5, 11], ["dikdortgen", 234, 266, 12, 15], ["daire", 207, 204, 6], ["daire", 117, 26, 9], ["daire", 125, 262, 9], ["daire", 174, 53, 10], ["dikdortgen", 166, 169, 10, 15], ["dikdortgen", 262, 317, 7, 10], ["dikdortgen", 122, 170, 20, 15], ["dikdortgen", 60, 37, 20, 16], ["dikdortgen", 31, 295, 20, 15], ["dikdortgen", 116, 187, 18, 8], ["dikdortgen", 72, 199, 12, 6], ["daire", 96, 289, 13], ["daire", 132, 251, 7], ["daire", 65, 221, 4], ["daire", 155, 21, 7], ["dikdortgen", 215, 121, 13, 11], ["dikdortgen", 155, 39, 10, 15], ["daire", 159, 76, 11], ["daire", 249, 397, 7], ["daire", 135, 245, 6], ["dikdortgen", 1, 115, 8, 18], ["dikdortgen", 37, 154, 20, 7], ["daire", 19, 156, 12], ["daire", 144, 230, 11], ["daire", 199, 151, 13], ["daire", 125, 112, 10], ["daire", 185, 160, 12], ["dikdortgen", 107, 308, 16, 8], ["daire", 131, 277, 12], ["dikdortgen", 117, 171, 20, 18], ["dikdortgen", 12, 287, 19, 10], ["dikdortgen", 5, 108, 16, 9]], "rrt_path": [[207.1324919638875, 377.47502019844336], [201.981662181851, 360.2215166577911], [196.15176779456604, 342.5931295143457], [194.41113638486163, 332.57639485488534], [185.88529224800448, 316.11805869746405], [176.48656184009636, 300.0080122396323], [168.26306560745837, 289.2584495483828], [158.19326751821146, 274.0672463078533], [152.52735279852422, 257.99104086733814], [154.12622431364304, 254.32448800693348], [160.95761289419505, 237.96170978186007], [160.95493799557514, 220.6045350704502], [158.84760189329089, 209.33813733645368], [159.56265568088017, 191.24770502624693], [159.21031844760648, 187.2632529341709], [158.11826216808052, 169.03919462662228], [154.61646334769142, 149.35055619484754], [151.74260390486904, 149.0717778272298], [141.0785850167096, 152.10087728882797], [130.19240716974835, 155.43158376942074], [113.3818358402099, 161.2828437608318], [108.9268909065862, 173.35997457912873], [109.8188704284195, 190.3327986931021], [100.5670775732918, 207.79735661704987], [90.050384728505, 217.9299490894427], [76.42394479776732, 231.64277096987004], [68.20536483350456, 239.2936285644592], [48.937668048088156, 239.57885423873526], [45.007384414477656, 240.322406899529]]}