{"harita_boyut": {"genislik": 119, "yukseklik": 217}, "baslangic": [30.093626647703434, 169.08938943060585], "hedef": [52.05767210660356, 13.366023975523529], "engeller": [["dikdortgen", 88, 147, 11, 15], ["daire", 25, 194, 5], ["daire", 43, 134, 8], ["daire", 105, 150, 7], ["daire", 25, 81, 10], ["daire", 91, 136, 3], ["daire", 62, 61, 3], ["dikdortgen", 77, 8, 18, 7], ["dikdortgen", 65, 176, 12, 6], ["daire", 70, 40, 10], ["dikdortgen", 87, 108, 19, 11], ["daire", 98, 155, 14]], "rrt_path": [[30.093626647703434, 169.08938943060585], [32.01203110321733, 161.33277545524015], [32.744541044235156, 144.71608639707117], [30.41366932359822, 137.3491747819454], [29.62831917135914, 133.42702930550294], [29.494173092153314, 122.58219037012118], [32.37917242923965, 120.84467557469947], [41.722739296568825, 111.7478626641312], [52.02679386786509, 95.42708643463286], [51.67218947760006, 77.4152211555894], [52.023201142934866, 64.35394738545388], [53.55193160046462, 50.809688172811605], [54.40790554890589, 39.10837339361741], [53.389153360829404, 20.270156362297712], [52.05767210660356, 13.366023975523529]]}