{"harita_boyut": {"genislik": 138, "yukseklik": 194}, "baslangic": [19.983231198068864, 62.39273776077145], "hedef": [111.98015705994163, 16.60666418926772], "engeller": [["daire", 12, 10, 6], ["dikdortgen", 102, 136, 19, 10], ["dikdortgen", 2, 154, 16, 6], ["daire", 19, 144, 3], ["dikdortgen", 38, 70, 17, 16], ["daire", 121, 41, 5], ["dikdortgen", 20, 152, 11, 17], ["daire", 92, 158, 15], ["dikdortgen", 25, 59, 16, 7], ["dikdortgen", 96, 85, 17, 20], ["daire", 62, 106, 13], ["daire", 81, 99, 15], ["dikdortgen", 57, 76, 19, 19]], "rrt_path": [[19.983231198068864, 62.39273776077145], [19.870059503919823, 54.67025595993821], [25.627355205306262, 47.691708618735824], [36.29699132607624, 35.06570816420784], [39.27256160302717, 36.023409550066006], [49.02483885826106, 34.00929634657484], [65.22348155995303, 24.11706203399751], [77.04085378411774, 21.75087698733886], [95.1341852732798, 18.56740506346049], [111.98015705994163, 16.60666418926772]]}