{"harita_boyut": {"genislik": 127, "yukseklik": 280}, "baslangic": [99.91301118121845, 143.3229304073705], "hedef": [82.27811194536837, 22.72919792267218], "engeller": [["daire", 54, 236, 5], ["dikdortgen", 7, 43, 10, 14], ["daire", 14, 120, 9], ["daire", 7, 110, 4], ["daire", 39, 194, 12], ["daire", 106, 70, 12], ["dikdortgen", 53, 106, 15, 14], ["daire", 88, 94, 13], ["dikdortgen", 111, 216, 14, 11], ["dikdortgen", 28, 201, 7, 14], ["dikdortgen", 75, 265, 14, 13], ["dikdortgen", 2, 224, 15, 9], ["dikdortgen", 18, 238, 19, 16], ["daire", 102, 116, 11], ["daire", 32, 243, 8], ["daire", 34, 183, 15], ["daire", 68, 152, 9]], "rrt_path": [[99.91301118121845, 143.3229304073705], [91.98825582067, 142.22870240371333], [74.49867347034245, 133.4189253413362], [61.428463254037084, 128.8117184383397], [48.77347606223598, 125.11085846698424], [43.82527906563893, 120.40587798479343], [36.780887952785825, 113.82091113687859], [34.60172842137719, 112.14859046294023], [40.50387790745745, 100.21003971556911], [56.81809253486394, 92.19414869013026], [60.12261710960024, 89.94023712687763], [72.7049527450546, 76.90168137922626], [78.32274664153383, 61.214606465940115], [81.12779460427181, 41.57813482648221], [82.27811194536837, 22.72919792267218]]}