{"harita_boyut": {"genislik": 390, "yukseklik": 230}, "baslangic": [36.103996134876006, 129.141449329196], "hedef": [247.07801180680508, 54.06007074262319], "engeller": [["dikdortgen", 38, 27, 20, 11], ["daire", 376, 58, 5], ["dikdortgen", 123, 38, 9, 15], ["dikdortgen", 291, 148, 16, 5], ["dikdortgen", 204, 17, 11, 10], ["dikdortgen", 177, 101, 7, 7], ["daire", 94, 49, 10], ["dikdortgen", 372, 134, 13, 19], ["daire", 137, 107, 8], ["dikdortgen", 317, 149, 9, 13], ["dikdortgen", 126, 157, 17, 19], ["daire", 209, 124, 8], ["daire", 39, 112, 3], ["dikdortgen", 351, 120, 7, 15], ["daire", 260, 30, 11], ["dikdortgen", 265, 184, 15, 13], ["daire", 125, 65, 8], ["dikdortgen", 57, 18, 6, 6], ["dikdortgen", 17, 139, 17, 19], ["daire", 192, 196, 4], ["daire", 255, 125, 15], ["daire", 123, 130, 7], ["daire", 294, 202, 5], ["daire", 331, 79, 10], ["dikdortgen", 32, 193, 11, 9], ["daire", 305, 39, 11], ["daire", 199, 156, 14], ["daire", 359, 76, 15], ["dikdortgen", 51, 47, 9, 9], ["daire", 293, 21, 15], ["dikdortgen", 166, 6, 20, 5], ["dikdortgen", 309, 132, 7, 16], ["dikdortgen", 278, 77, 18, 6], ["daire", 105, 136, 15], ["daire", 346, 123, 6], ["daire", 104, 133, 4], ["daire", 87, 187, 10], ["daire", 329, 213, 12], ["daire", 270, 113, 10], ["dikdortgen", 379, 214, 5, 15], ["daire", 325, 216, 10], ["dikdortgen", 143, 60, 6, 20], ["daire", 251, 95, 13], ["daire", 312, 145, 6]], "rrt_path": [[36.103996134876006, 129.141449329196], [42.68097537136186, 127.14555096291268], [56.51419591796541, 128.76040888862428], [71.2103934563594, 128.79215395935208], [88.57340631565309, 123.39127834574754], [91.10305124412568, 120.29274699430813], [104.96161970630219, 113.64469677689097], [122.76254574333989, 104.85194938599045], [123.63643449518155, 101.54063699385952], [128.81751142831274, 95.45009874803422], [143.14614677679137, 91.08447623119078], [161.66163117046702, 85.42938294077464], [179.98749797550784, 80.25605985236145], [196.1813807860533, 73.60936252096693], [210.80943332293623, 67.7438329406572], [218.03245138114534, 64.43598647684347], [234.09988191121326, 58.931509027658485], [247.07801180680508, 54.06007074262319]]}