{"harita_boyut": {"genislik": 228, "yukseklik": 244}, "baslangic": [131.78030723002183, 131.3865655197771], "hedef": [22.295380958422548, 160.68808996626225], "engeller": [["daire", 52, 124, 15], ["dikdortgen", 109, 224, 8, 16], ["dikdortgen", 190, 156, 10, 5], ["daire", 127, 88, 15], ["dikdortgen", 36, 88, 8, 11], ["daire", 41, 224, 12], ["dikdortgen", 13, 201, 9, 14], ["dikdortgen", 167, 195, 12, 10], ["dikdortgen", 122, 224, 6, 17], ["daire", 181, 122, 4], ["dikdortgen", 137, 131, 5, 12], ["daire", 162, 104, 15], ["dikdortgen", 90, 180, 15, 11], ["dikdortgen", 146, 88, 10, 6], ["dikdortgen", 130, 61, 17, 20], ["daire", 192, 165, 14], ["dikdortgen", 170, 186, 19, 5], ["daire", 214, 144, 5], ["daire", 125, 41, 9], ["dikdortgen", 2, 28, 16, 16], ["daire", 190, 149, 7], ["dikdortgen", 38, 172, 6, 16], ["dikdortgen", 67, 73, 13, 8], ["daire", 28, 232, 5], ["daire", 220, 129, 8], ["dikdortgen", 151, 162, 8, 13], ["daire", 125, 43, 3]], "rrt_path": [[131.78030723002183, 131.3865655197771], [118.94029680302495, 119.48090490393068], [116.97504074269511, 120.09185124831622], [109.73440768231903, 126.2232560719567], [100.58994736632928, 131.92706121911462], [84.71883243733745, 141.37288020063144], [71.76924167383224, 146.6681263311946], [54.99114401778602, 154.00879548099647], [37.93292150217611, 157.44685790575258], [22.295380958422548, 160.68808996626225]]}