{"harita_boyut": {"genislik": 321, "yukseklik": 371}, "baslangic": [207.54373772593422, 232.78769988920527], "hedef": [32.92944433554325, 6.505910563703624], "engeller": [["dikdortgen", 85, 203, 11, 8], ["daire", 232, 100, 12], ["daire", 224, 355, 10], ["daire", 95, 312, 12], ["dikdortgen", 249, 22, 18, 15], ["daire", 132, 91, 13], ["daire", 87, 75, 9], ["daire", 84, 352, 5], ["daire", 264, 190, 10], ["daire", 167, 121, 5], ["dikdortgen", 4, 259, 9, 14], ["daire", 101, 151, 14], ["daire", 155, 131, 12], ["dikdortgen", 65, 318, 20, 18], ["dikdortgen", 252, 163, 13, 12], ["dikdortgen", 286, 46, 15, 16], ["daire", 61, 241, 4], ["dikdortgen", 299, 187, 15, 13], ["dikdortgen", 279, 207, 12, 10], ["dikdortgen", 302, 65, 10, 10], ["daire", 139, 189, 9], ["daire", 58, 66, 8], ["dikdortgen", 293, 46, 7, 19], ["daire", 286, 212, 15], ["daire", 187, 14, 11], ["daire", 198, 90, 7], ["daire", 176, 108, 13], ["daire", 205, 162, 5], ["daire", 226, 134, 14], ["daire", 102, 234, 15], ["dikdortgen", 148, 363, 5, 8], ["dikdortgen", 295, 90, 19, 16], ["dikdortgen", 225, 349, 18, 7], ["dikdortgen", 7, 166, 12, 12], ["daire", 72, 105, 9], ["dikdortgen", 253, 321, 6, 12], ["dikdortgen", 18, 170, 6, 10], ["daire", 127, 196, 7], ["daire", 79, 174, 12], ["daire", 162, 92, 13], ["dikdortgen", 231, 115, 11, 7], ["daire", 299, 65, 6], ["daire", 228, 111, 15], ["daire", 96, 259, 14], ["dikdortgen", 68, 144, 5, 7], ["daire", 285, 120, 10], ["dikdortgen", 203, 87, 15, 19], ["dikdortgen", 127, 303, 14, 18], ["daire", 212, 215, 6], ["dikdortgen", 4, 178, 9, 20], ["daire", 243, 255, 5], ["daire", 264, 16, 10], ["daire", 195, 59, 5], ["dikdortgen", 29, 125, 9, 17], ["dikdortgen", 147, 276, 13, 17], ["daire", 27, 180, 3], ["dikdortgen", 287, 130, 9, 18], ["dikdortgen", 7, 30, 13, 8], ["dikdortgen", 159, 160, 14, 17]], "rrt_path": [[207.54373772593422, 232.78769988920527], [199.69381391062896, 216.13972865369712], [198.00360825860446, 201.65520588110832], [199.0394563526515, 191.7662016814747], [195.08134189241522, 181.38346530038817], [190.15537062547088, 163.73309804423465], [181.32511626366136, 153.08101541412123], [162.23659971707315, 147.88349474444075], [154.23805425000944, 148.0281967909859], [150.24424996341503, 147.80564944685418], [142.76153187210238, 145.4352262463037], [131.2914832045849, 134.6157764116393], [129.5033097409924, 132.73187961776287], [113.51060013329277, 121.85700830392018], [101.0171206327427, 113.58104708180757], [86.99218092941683, 100.86164265363622], [83.26319632992048, 94.58432001355989], [77.32884925245234, 90.46832306285646], [70.2170843930401, 74.93461737110331], [73.08142097997782, 62.61481972448592], [63.782825387620505, 51.72445749322956], [51.03690397334069, 38.55647078656652], [41.10264331904791, 22.720633750571775], [32.92944433554325, 6.505910563703624]]}