{"harita_boyut": {"genislik": 350, "yukseklik": 131}, "baslangic": [171.22417468353996, 110.12869910762507], "hedef": [328.3911775176448, 51.1743280727559], "engeller": [["dikdortgen", 48, 46, 15, 10], ["daire", 86, 42, 15], ["daire", 33, 32, 5], ["dikdortgen", 152, 64, 17, 16], ["dikdortgen", 158, 117, 8, 13], ["dikdortgen", 171, 38, 16, 18], ["dikdortgen", 254, 40, 16, 12], ["daire", 264, 69, 11], ["daire", 148, 106, 12], ["dikdortgen", 92, 39, 5, 17], ["daire", 90, 17, 8], ["daire", 40, 67, 6], ["dikdortgen", 34, 16, 19, 11], ["daire", 89, 66, 15], ["dikdortgen", 228, 57, 6, 20], ["dikdortgen", 75, 54, 14, 9], ["dikdortgen", 56, 52, 13, 12], ["daire", 300, 43, 11], ["dikdortgen", 257, 91, 6, 14], ["daire", 180, 28, 9], ["dikdortgen", 140, 70, 6, 17], ["daire", 341, 31, 7]], "rrt_path": [[171.22417468353996, 110.12869910762507], [180.48322347073798, 99.19619446586198], [194.09683123865796, 86.15752366391952], [209.3839109687922, 85.66715579702051], [220.36690109503894, 83.77960130569979], [222.1959172955445, 85.43017197374698], [237.84296360784893, 85.15976511502606], [254.80314393083736, 85.69050260966668], [266.7805011930043, 85.1435331753687], [270.70634859215215, 84.37690275684629], [279.27733245648915, 79.9094769367744], [293.77728266328694, 68.88244449318469], [310.0405723274342, 64.43167250863206], [320.02001997736164, 57.37327423286846], [328.3911775176448, 51.1743280727559]]}