{"harita_boyut": {"genislik": 433, "yukseklik": 179}, "baslangic": [423.76841155697247, 93.06509418445], "hedef": [298.63008798429263, 104.94413907352252], "engeller": [["daire", 164, 27, 14], ["dikdortgen", 28, 0, 14, 20], ["dikdortgen", 75, 139, 13, 20], ["dikdortgen", 358, 28, 10, 6], ["dikdortgen", 22, 130, 10, 19], ["dikdortgen", 295, 77, 20, 13], ["daire", 352, 38, 5], ["dikdortgen", 408, 98, 7, 11], ["daire", 212, 147, 13], ["daire", 50, 80, 9], ["daire", 307, 86, 5], ["daire", 386, 109, 6], ["dikdortgen", 378, 149, 11, 15], ["dikdortgen", 315, 26, 6, 20], ["dikdortgen", 48, 30, 12, 9], ["dikdortgen", 98, 37, 11, 6], ["dikdortgen", 149, 85, 8, 12], ["daire", 118, 61, 14], ["dikdortgen", 18, 68, 8, 7], ["daire", 11, 128, 8], ["dikdortgen", 378, 135, 6, 18], ["dikdortgen", 133, 127, 9, 9], ["daire", 33, 33, 15], ["daire", 165, 42, 5], ["daire", 40, 53, 8], ["dikdortgen", 240, 0, 20, 6], ["daire", 120, 12, 10], ["dikdortgen", 75, 135, 12, 17], ["daire", 361, 21, 15], ["dikdortgen", 317, 65, 20, 19], ["dikdortgen", 330, 79, 20, 13], ["daire", 331, 59, 10], ["dikdortgen", 122, 59, 17, 11], ["dikdortgen", 47, 52, 9, 15], ["daire", 63, 133, 9], ["daire", 182, 128, 15], ["daire", 362, 30, 9], ["dikdortgen", 97, 90, 6, 18]], "rrt_path": [[423.76841155697247, 93.06509418444999], [423.31692497685805, 92.77840461812065], [422.8643797086461, 92.49744437956991], [422.4107757523366, 92.22221346879783], [421.9561131079295, 91.95271188580433], [421.5003917754249, 91.68893963058945], [421.0436117548226, 91.4308967031532], [420.58577304612277, 91.17858310349557], [420.1268756493254, 90.93199883161653], [419.66691956443043, 90.6911438875161], [419.205904791438, 90.45601827119431], [418.7438313303479, 90.22662198265114], [418.28069918116023, 90.00295502188656], [417.8165083438751, 89.7850173889006], [417.35125881849234, 89.57280908369327], [416.8849506050121, 89.36633010626457], [416.41758370343416, 89.16558045661446], [415.9491581137587, 88.97056013474297], [415.47967383598575, 88.7812691406501], [415.00913087011503, 88.59770747433583], [414.53752921614694, 88.41987513580021], [414.0648688740812, 88.24777212504316], [413.59114984391806, 88.08139844206477], [413.1163721256571, 87.92075408686496], [412.6405357192987, 87.76583905944379], [412.16364062484286, 87.61665335980123], [411.6856868422892, 87.47319698793727], [411.2066743716382, 87.33546994385196], [410.7266032128895, 87.20347222754523], [410.2454733660433, 87.07720383901714], [409.76328483109944, 86.95666477826765], [409.2800376080582, 86.84185504529678], [408.79573169691923, 86.73277464010454], [408.31036709768273, 86.6294235626909], [407.8239438103487, 86.53180181305586], [407.33646183491703, 86.43990939119948], [406.8479211713879, 86.35374629712166], [406.3583218197611, 86.2733125308225], [405.8676637800368, 86.19860809230195], [405.37594705221494, 86.12963298156001], [404.8831716362954, 86.06638719859667], [404.3893375322785, 86.00887074341196], [403.89444474016386, 85.95708361600586], [403.3984932599518, 85.91102581637838], [402.90148309164204, 85.87069734452952], [402.40341423523483, 85.83609820045928], [401.90428669073, 85.80722838416764], [401.40410045812763, 85.78408789565464], [400.9028555374275, 85.76667673492021], [400.4005519286301, 85.75499490196444], [399.897189631735, 85.74904239678727], [399.39276864674235, 85.74881921938871], [398.8872889736521, 85.75432536976878], [398.3807506124644, 85.76556084792747], [397.873153563179, 85.78252565386475], [397.3644978257961, 85.80521978758065], [396.85510967586487, 85.83299764283677], [396.3461286327333, 85.8636044359025], [395.8376526924369, 85.89684626057847], [395.32968185497555, 85.93272311686461], [394.82221612034937, 85.97123500476097], [394.31525548855825, 86.01238192426753], [393.80879995960214, 86.0561638753843], [393.3028495334811, 86.10258085811124], [392.79740421019517, 86.15163287244842], [392.2924639897444, 86.20331991839582], [391.78802887212856, 86.25764199595338], [391.284098857348, 86.31459910512116], [390.7806739454024, 86.37419124589914], [390.27775413629183, 86.43641841828735], [389.77533943001646, 86.50128062228573], [389.27342982657603, 86.56877785789433], [388.77202532597084, 86.63891012511314], [388.27112592820066, 86.71167742394215], [387.77073163326554, 86.78707975438135], [387.2708424411656, 86.86511711643078], [386.7714583519005, 86.94578951009038], [386.27257936547073, 87.02909693536022], [385.7742054818759, 87.11503939224025], [385.27633670111624, 87.2036168807305], [384.7789730231917, 87.29482940083093], [384.2821144481021, 87.38867695254156], [383.7857609758477, 87.48515953586242], [383.2899126064283, 87.58427715079345], [382.794569339844, 87.68602979733473], [382.29973117609484, 87.79041747548618], [381.80539811518065, 87.89744018524785], [381.3115701571016, 88.0070979266197], [380.8182473018576, 88.11939069960177], [380.3254295494487, 88.23431850419405], [379.833116899875, 88.35188134039655], [379.3413185380607, 88.47209351155347], [378.8506054056779, 88.59584412408029], [378.3613161679433, 88.72366056883284], [377.873450824857, 88.85554284581116], [377.38700937641875, 88.99149095501517], [376.90199182262876, 89.1315048964449], [376.4183981634871, 89.27558467010036], [375.93622839899353, 89.42373027598154], [375.45548252914836, 89.57594171408846], [374.9761605539512, 89.7322189844211], [374.49826247340246, 89.89256208697947], [374.0217882875018, 90.05697102176354], [373.5467379962495, 90.22544578877337], [373.0731115996453, 90.39798638800892], [372.60090909768934, 90.57459281947018], [372.1301304903816, 90.75526508315717], [371.6607757777221, 90.94000317906988], [371.1928449597108, 91.12880710720833], [370.7263380363478, 91.32167686757252], [370.26125500763294, 91.51861246016242], [369.79759587356637, 91.71961388497802], [369.335360634148, 91.92468114201938], [368.87454928937774, 92.13381423128644], [368.4151618392558, 92.34701315277923], [367.9571982837821, 92.56427790649776], [367.50065862295656, 92.78560849244201], [367.04554285677926, 93.01100491061197], [366.59185098525023, 93.2404671610077], [366.13958300836936, 93.4739952436291], [365.6887389261368, 93.71158915847626], [365.2393187385523, 93.95324890554912], [364.7913224456162, 94.19897448484774], [364.34475004732826, 94.44876589637207], [363.8996015436885, 94.70262314012211], [363.45587693469696, 94.9605462160979], [363.0135762203537, 95.22253512429938], [362.5726994006586, 95.48858986472663], [362.1332464756118, 95.75871043737958], [361.6952174452132, 96.03289684225827], [361.2586123094627, 96.31114907936266], [360.82255732471987, 96.59053704403154], [360.3841710036649, 96.86139765085554], [359.9432264824807, 97.12297011063153], [359.4997237611675, 97.37525442335951], [359.053662839725, 97.61825058903945], [358.6050437181533, 97.85195860767136], [358.15386639645243, 98.07637847925528], [357.7001308746224, 98.29151020379116], [357.24383715266316, 98.497353781279], [356.78498523057476, 98.69390921171885], [356.3235751083571, 98.88117649511067], [355.85960678601026, 99.05915563145443], [355.3930802635343, 99.2278466207502], [354.92399554092907, 99.38724946299791], [354.4523526181947, 99.53736415819766], [353.97815149533113, 99.67819070634935], [353.50139217233834, 99.809729107453], [353.0220746492164, 99.93197936150865], [352.5401989259653, 100.04494146851627], [352.05576500258496, 100.14861542847588], [351.56877287907537, 100.24300124138742], [351.07922255543673, 100.328098907251], [350.58711403166876, 100.40390842606652], [350.09244730777175, 100.47042979783402], [349.5952223837454, 100.52766302255351], [349.09543925958997, 100.57560810022497], [348.5930979353053, 100.6142650308484], [348.08819841089144, 100.64363381442382], [347.5807406863484, 100.66371445095119], [347.07072476167616, 100.67450694043055], [346.55815063687476, 100.67601128286191], [346.04340646329126, 100.66923643525209], [345.52962518753634, 100.66232614992542], [345.0174907078669, 100.65705814565894], [344.50700302428265, 100.6534324224526], [343.99816213678383, 100.65144898030641], 