{"harita_boyut": {"genislik": 121, "yukseklik": 368}, "baslangic": [67.48460520629536, 18.401374318597085], "hedef": [9.077401229576829, 308.68805531896163], "engeller": [["dikdortgen", 103, 153, 13, 13], ["dikdortgen", 5, 4, 20, 8], ["daire", 84, 308, 11], ["dikdortgen", 45, 353, 10, 5], ["dikdortgen", 2, 56, 11, 6], ["dikdortgen", 77, 186, 15, 13], ["daire", 111, 6, 3], ["dikdortgen", 89, 314, 17, 16], ["dikdortgen", 37, 220, 15, 13], ["daire", 27, 225, 4], ["daire", 93, 89, 12], ["daire", 88, 283, 9], ["daire", 88, 316, 10], ["daire", 55, 75, 5], ["dikdortgen", 30, 296, 5, 17], ["dikdortgen", 97, 256, 6, 5], ["daire", 31, 103, 5], ["daire", 13, 221, 10], ["dikdortgen", 49, 156, 5, 18], ["daire", 77, 151, 14], ["daire", 56, 84, 6], ["dikdortgen", 19, 115, 6, 6]], "rrt_path": [[67.48460520629536, 18.401374318597085], [68.76028410391656, 30.228653272289137], [68.40184285512072, 50.020293386953696], [68.22672645728603, 54.01645832939656], [69.1326340094543, 72.65850571758227], [67.82772271220237, 84.73013508383755], [64.3323296040903, 102.13968788850627], [60.80010507247147, 121.62107393101411], [53.1158593037374, 135.46055523077297], [45.55904440068367, 145.45940855570427], [36.66945733582416, 161.81497836018656], [35.61196918052578, 175.7056383937313], [44.85589952627183, 192.3707137865059], [49.59249519182865, 197.44252831825673], [64.17130454519732, 209.22897441086135], [67.3084674963973, 217.49756037393817], [69.48461008808277, 217.37241815600444], [70.95123351366095, 236.1207209995763], [55.66703737685817, 247.11218234384242], [40.83648502876581, 245.80404423177603], [32.60552547232201, 262.15304216183364], [25.386903910566634, 277.4125490046687], [18.27200256295713, 290.99931474333357], [9.077401229576829, 308.68805531896163]]}