{"harita_boyut": {"genislik": 350, "yukseklik": 405}, "baslangic": [164.65704519074595, 14.719421369399786], "hedef": [82.28885998000148, 245.38154730075755], "engeller": [["dikdortgen", 79, 392, 19, 6], ["dikdortgen", 299, 112, 10, 18], ["dikdortgen", 285, 226, 14, 7], ["daire", 114, 143, 5], ["dikdortgen", 190, 12, 11, 19], ["dikdortgen", 156, 26, 20, 14], ["daire", 50, 234, 15], ["daire", 192, 49, 10], ["daire", 123, 79, 5], ["daire", 109, 385, 6], ["daire", 304, 133, 6], ["daire", 31, 16, 15], ["daire", 207, 213, 14], ["dikdortgen", 92, 79, 15, 5], ["daire", 129, 141, 12], ["daire", 85, 274, 14], ["daire", 35, 372, 9], ["dikdortgen", 209, 144, 7, 12], ["dikdortgen", 113, 249, 12, 18], ["dikdortgen", 286, 368, 13, 16], ["daire", 227, 277, 6], ["dikdortgen", 63, 48, 6, 15], ["daire", 343, 363, 3], ["dikdortgen", 208, 341, 17, 18], ["daire", 319, 59, 10], ["daire", 312, 255, 7], ["dikdortgen", 44, 110, 11, 9], ["daire", 319, 70, 14], ["daire", 17, 354, 11], ["dikdortgen", 103, 147, 6, 8], ["dikdortgen", 332, 145, 9, 11], ["daire", 235, 119, 5], ["dikdortgen", 309, 140, 11, 17], ["daire", 201, 224, 7], ["dikdortgen", 297, 89, 17, 10], ["dikdortgen", 93, 20, 15, 14], ["daire", 162, 365, 3], ["daire", 83, 40, 14], ["daire", 19, 297, 14], ["dikdortgen", 170, 152, 12, 12], ["daire", 329, 80, 12], ["daire", 174, 56, 3], ["dikdortgen", 205, 260, 6, 7], ["dikdortgen", 257, 302, 18, 15], ["dikdortgen", 235, 103, 18, 6], ["dikdortgen", 205, 314, 15, 18], ["daire", 293, 120, 15], ["daire", 338, 197, 9], ["dikdortgen", 231, 7, 19, 5], ["dikdortgen", 42, 54, 16, 11], ["dikdortgen", 296, 284, 6, 5], ["daire", 267, 269, 9], ["dikdortgen", 16, 231, 15, 15], ["dikdortgen", 115, 132, 19, 12], ["daire", 260, 107, 3], ["daire", 65, 43, 12], ["dikdortgen", 211, 160, 13, 16], ["dikdortgen", 159, 44, 9, 18], ["daire", 325, 61, 7], ["dikdortgen", 117, 365, 17, 16], ["dikdortgen", 266, 383, 11, 11], ["daire", 75, 13, 6], ["daire", 66, 148, 7], ["dikdortgen", 260, 256, 15, 7], ["dikdortgen", 150, 334, 20, 19], ["dikdortgen", 230, 120, 15, 18], ["daire", 243, 287, 10], ["daire", 320, 325, 7], ["dikdortgen", 160, 158, 7, 8], ["daire", 331, 228, 7]], "rrt_path": [[164.65704519074595, 14.719421369399786], [160.66294375474786, 14.5022722985796], [147.31021183562845, 23.63709779822623], [140.78664014951698, 41.582254140983395], [142.26986943580556, 57.78385034823708], [141.2996546669666, 64.97317076212455], [141.2713437248975, 82.91112778317843], [140.01080204172484, 90.11364300560302], [136.91334414910796, 104.33005024312905], [133.83927667149027, 119.46138250870317], [136.9812364865187, 119.96372124015382], [145.06786679329528, 132.9550830492877], [148.10379989556014, 147.9711564233509], [141.61790775207618, 157.15335058714444], [135.0906809194837, 172.42910388483728], [130.56386812618413, 181.5672886645662], [122.63011851325048, 194.9543598725247], [117.87527871105607, 212.8475143506554], [106.5775269817948, 224.67062408060346], [95.32543688521058, 237.8429449665919], [82.28885998000148, 245.38154730075755]]}