{"harita_boyut": {"genislik": 123, "yukseklik": 301}, "baslangic": [56.72276310236427, 12.52847457344512], "hedef": [102.60866837038186, 111.17289158786231], "engeller": [["dikdortgen", 92, 47, 13, 19], ["daire", 53, 166, 5], ["dikdortgen", 88, 165, 14, 13], ["daire", 38, 159, 13], ["daire", 75, 277, 5], ["dikdortgen", 51, 51, 7, 7], ["daire", 31, 231, 5], ["dikdortgen", 62, 148, 9, 7], ["daire", 60, 132, 7], ["dikdortgen", 66, 143, 6, 19], ["dikdortgen", 18, 160, 17, 7], ["daire", 79, 208, 11], ["daire", 89, 186, 8], ["daire", 97, 61, 10], ["dikdortgen", 90, 162, 9, 16], ["dikdortgen", 49, 127, 20, 16], ["dikdortgen", 88, 174, 12, 18], ["dikdortgen", 82, 34, 20, 15]], "rrt_path": [[56.72276310236427, 12.52847457344512], [58.5424033975233, 23.787673637506977], [61.694257185008595, 34.46868833279551], [68.29484943185552, 49.822956034840395], [69.72946829199924, 57.68479039476912], [71.42710842916505, 71.96125497453653], [73.17532805618929, 87.40681526590868], [74.23532196091656, 98.92154636215994], [75.14141980232704, 113.59935894994256], [75.86411984075416, 124.2320441198455], [74.74297917528222, 135.0178010118997], [77.70653589957936, 135.64828872052777], [88.70047741378008, 130.06947674282202], [98.64557930622792, 117.66992759874456], [102.60866837038186, 111.17289158786231]]}