{"harita_boyut": {"genislik": 426, "yukseklik": 427}, "baslangic": [207.11631125592433, 413.18644374236067], "hedef": [31.327070087241715, 269.0038965163166], "engeller": [["dikdortgen", 34, 398, 19, 12], ["daire", 329, 203, 3], ["dikdortgen", 76, 269, 13, 20], ["dikdortgen", 300, 200, 11, 10], ["daire", 316, 209, 4], ["daire", 117, 115, 15], ["dikdortgen", 64, 218, 11, 7], ["dikdortgen", 101, 163, 11, 13], ["dikdortgen", 55, 283, 20, 17], ["dikdortgen", 239, 7, 20, 15], ["dikdortgen", 218, 196, 12, 19], ["dikdortgen", 48, 105, 5, 5], ["dikdortgen", 109, 170, 17, 15], ["dikdortgen", 241, 145, 17, 18], ["dikdortgen", 314, 182, 12, 8], ["daire", 330, 39, 7], ["daire", 287, 388, 15], ["dikdortgen", 60, 399, 5, 12], ["dikdortgen", 281, 160, 5, 15], ["dikdortgen", 215, 322, 20, 19], ["dikdortgen", 355, 123, 11, 6], ["dikdortgen", 44, 3, 10, 6], ["dikdortgen", 312, 418, 20, 6], ["dikdortgen", 247, 91, 9, 12], ["dikdortgen", 136, 213, 6, 12], ["daire", 227, 258, 10], ["daire", 214, 355, 15], ["daire", 92, 323, 13], ["dikdortgen", 403, 298, 11, 7], ["dikdortgen", 63, 195, 18, 13], ["daire", 116, 331, 12], ["dikdortgen", 250, 348, 9, 8], ["daire", 225, 9, 7], ["daire", 50, 213, 6], ["dikdortgen", 58, 330, 10, 7], ["dikdortgen", 341, 40, 12, 8], ["daire", 41, 347, 3], ["dikdortgen", 156, 396, 14, 18], ["dikdortgen", 303, 194, 20, 5], ["daire", 58, 217, 6], ["dikdortgen", 360, 208, 18, 5], ["daire", 40, 284, 12], ["dikdortgen", 69, 127, 9, 10], ["dikdortgen", 80, 174, 6, 9], ["daire", 117, 149, 14], ["dikdortgen", 343, 110, 5, 12], ["daire", 409, 65, 13], ["dikdortgen", 403, 8, 15, 13], ["daire", 103, 329, 12], ["dikdortgen", 281, 150, 13, 15], ["daire", 144, 326, 10], ["dikdortgen", 378, 289, 20, 9], ["daire", 321, 117, 4], ["dikdortgen", 18, 57, 13, 6], ["daire", 116, 111, 15], ["daire", 142, 266, 12], ["dikdortgen", 70, 228, 11, 6], ["daire", 401, 309, 13], ["dikdortgen", 315, 115, 6, 9], ["daire", 221, 226, 13], ["dikdortgen", 258, 267, 5, 16], ["daire", 335, 333, 4], ["daire", 318, 380, 7], ["daire", 400, 28, 13], ["dikdortgen", 308, 383, 10, 10], ["daire", 193, 243, 15], ["dikdortgen", 394, 293, 14, 11], ["daire", 413, 47, 5], ["daire", 216, 248, 11], ["dikdortgen", 97, 373, 8, 18], ["daire", 84, 394, 3], ["dikdortgen", 125, 137, 12, 18], ["daire", 38, 128, 3], ["dikdortgen", 234, 128, 16, 8], ["dikdortgen", 99, 294, 18, 16], ["daire", 223, 11, 3], ["dikdortgen", 360, 210, 15, 17], ["daire", 96, 159, 9], ["dikdortgen", 391, 360, 8, 19], ["daire", 323, 229, 11], ["dikdortgen", 227, 8, 17, 11], ["dikdortgen", 171, 115, 14, 12], ["daire", 400, 93, 4], ["daire", 132, 88, 10], ["dikdortgen", 217, 164, 16, 12], ["daire", 27, 250, 8], ["daire", 42, 295, 7], ["dikdortgen", 171, 380, 14, 20], ["daire", 190, 214, 10], ["daire", 408, 69, 5]], "rrt_path": [[207.11631125592433, 413.18644374236067], [199.3799292564542, 396.6354587603653], [192.36257273296025, 380.56578635668507], [192.95654947155163, 366.4498409382184], [192.38597480186573, 350.02887006335646], [195.08762860176563, 332.55423562005154], [200.86642235964294, 317.1805052347528], [201.5874977787667, 309.21324972088786], [187.91637442796335, 295.1466295588365], [183.66407407182166, 276.9299712254299], [179.00281086849196, 257.97417604945997], [172.97704346525146, 253.87371144201887], [170.5280114944219, 253.09024188798244], [155.6045754279833, 250.99713018434971], [141.70080166617439, 248.22637198333715], [131.03779941087322, 245.83557399339153], [113.3898591017452, 247.3897989068406], [94.78601101869329, 253.02927901327504], [85.19404110941251, 256.8812765229566], [71.03593393906145, 262.43159978038284], [59.927553228768545, 262.1235843798206], [44.9601628872258, 263.3852818739357], [31.327070087241715, 269.0038965163166]]}