{"harita_boyut": {"genislik": 114, "yukseklik": 458}, "baslangic": [18.960604878701844, 268.9245131020239], "hedef": [53.617875112581366, 374.9715390385451], "engeller": [["daire", 25, 211, 10], ["daire", 32, 108, 10], ["dikdortgen", 30, 48, 18, 5], ["daire", 11, 390, 7], ["daire", 93, 86, 15], ["daire", 68, 342, 5], ["dikdortgen", 37, 54, 7, 13], ["daire", 75, 239, 15], ["dikdortgen", 73, 176, 10, 12], ["dikdortgen", 55, 434, 10, 7], ["dikdortgen", 59, 114, 14, 15], ["daire", 72, 70, 10], ["dikdortgen", 62, 117, 19, 18], ["daire", 30, 177, 15], ["daire", 80, 230, 9], ["dikdortgen", 45, 299, 17, 13], ["dikdortgen", 87, 400, 15, 5], ["dikdortgen", 93, 276, 8, 13], ["daire", 38, 341, 5], ["dikdortgen", 87, 284, 14, 5], ["dikdortgen", 79, 334, 15, 20], ["daire", 58, 142, 8], ["daire", 61, 217, 8], ["daire", 85, 359, 8], ["dikdortgen", 4, 300, 17, 15], ["daire", 80, 26, 7]], "rrt_path": [[18.96060487870184, 268.9245131020239], [19.026311358199965, 269.4268028646673], [19.096171825393956, 269.92791370087275], [19.17018628028382, 270.4278456106401], [19.24835472286953, 270.9265985939693], [19.330677153151107, 271.42417265086044], [19.417153571128548, 271.9205677813135], [19.507783976801853, 272.4157839853284], [19.602568370171024, 272.9098212629053], [19.70150675123606, 273.40267961404413], [19.804599119996947, 273.8943590387449], [19.911845476453703, 274.3848595370075], [20.02324582060632, 274.8741811088321], [20.138800152454802, 275.36232375421855], [20.258508471999146, 275.849287473167], [20.382370779239356, 276.33507226567735], [20.510387074175423, 276.8196781317495], [20.642557356807355, 277.3031050713837], [20.77888162713515, 277.7853530845798], [20.919359885158805, 278.26642217133787], [21.06399213087833, 278.74631233165775], [21.21277836429371, 279.22502356553963], [21.36571858540496, 279.7025558729834], [21.52281279421207, 280.1789092539891], [21.684060990715036, 280.65408370855664], [21.849463174913872, 281.1280792366862], [22.01901934680857, 281.60089583837765], [22.19272950639913, 282.07253351363096], [22.370593653685553, 282.54299226244626], [22.55261178866784, 283.0122720848235], [22.738783911345987, 283.48037298076264], [22.929110021719993, 283.94729495026365], [23.123590119789867, 284.41303799332655], [23.322224205555607, 284.8776021099515], [23.52456043348916, 285.3410948187162], [23.727905185663303, 285.80415707753957], [23.93181242244952, 286.26689502346085], [24.136282143847794, 286.72930865647993], [24.341314349858145, 287.191397976597], [24.54690904048055, 287.65316298381185], [24.753066215715023, 288.1146036781245], [24.959785875561575, 288.5757200595353], [25.167068020020185, 289.0365121280438], [25.374912649090856, 289.4969798836502], [25.583319762773595, 289.9571233263545], [25.792289361068406, 290.4169424561568], [26.00182144397528, 290.8764372730569], [26.211916011494218, 291.3356077770548], [26.422573063625226, 291.7944539681507], [26.633792600368295, 292.25297584634444], [26.845574621723436, 292.71117341163614], [27.057919127690642, 293.16904666402564], [27.270826118269913, 293.62659560351307], [27.48429559346126, 294.0838202300984], [27.69832755326466, 294.54072054378156], [27.91292199768013, 294.9972965445627], [28.128078926707666, 295.45354823244156], [28.34379834034727, 295.90947560741847], [28.560080238598935, 296.3650786694932], [28.77692462146267, 296.8203574186658], [28.994331488938474, 297.2753118549364], [29.21230084102634, 297.72994197830474], [29.430832677726276, 298.184247788771], [29.649926999038275, 298.6382292863352], [29.869506324140026, 299.09191250134097], [30.087762202058244, 299.5459049983312], [30.303934439096103, 300.00046217086805], [30.518023035253595, 300.45558401895136], [30.730027990530733, 300.91127054258135], [30.939949304927513, 301.3675217417579], [31.147786978443925, 301.82433761648093], [31.35354101107999, 302.2817181667506], [31.55721140283569, 302.7396633925668], [31.758798153711034, 303.19817329392953], [31.958301263706023, 303.65724787083894], [32.15572073282065, 304.1168871232948], [32.35105656105492, 304.5770910512973], [32.54430874840882, 305.03785965484633], [32.735477294882365, 305.4991929339419], [32.924562200475556, 305.96109088858407], [33.11156346518839, 306.4235535187728], [33.29648108902087, 306.88658082450814], [33.479315071972984, 307.35017280579], [33.66006541404474, 307.81432946261845], [33.83873211523613, 308.2790507949934], [34.015315175547165, 308.744336802915], [34.18981459497785, 309.2101874863831], [34.36223037352817, 309.6766028453978], [34.53256251119814, 310.1435828799591], [34.70081100798774, 310.61112759006687], [34.86697586389698, 311.07923697572136], [35.031364458745195, 311.54799966203547], [35.19609578010897, 312.01802660490813], [35.36157311121205, 312.48943408074734], [35.52779645205445, 312.96222208955334], [35.694765802636184, 313.4363906313261], [35.862481162957216, 313.9119397060654], [36.03094253301757, 314.3888693137715], [36.20014991281726, 314.86717945444434], [36.370103302356256, 315.34687012808376], [36.540802701634576, 315.82794133468985], [36.71224811065222, 316.3103930742628], [36.884439529409164, 316.79422534680225], [37.05737695790545, 317.2794381523085], [37.23106039614104, 317.76603149078136], [37.405489844115955, 318.254005362221], [37.58066530183019, 318.74335976662735], [37.75658676928374, 319.2340947040003], [37.93325424647661, 319.72621017433994], [38.1106677334088, 320.21970617764634], [38.288827230080315, 320.7145827139194], [38.467732736491136, 321.21083978315914], [38.64738425264129, 321.7084773853656], [38.82778177853076, 322.2074955205387], [39.00892531415954, 322.7078941886785], [39.19081485952765, 323.20967338978505], [39.37345041463509, 323.7128331238583], [39.556831979481814, 324.21737339089816], [39.740959554067885, 324.72329419090477], [39.92583313839327, 325.23059552387804], [40.11145273245797, 325.73927738981797], [40.297818336262, 326.2493397887246], [40.484929949805334, 326.76078272059794], [40.67847466796224, 327.26732207329536], [40.89063956985317, 327.7554913980272], [41.121832528674645, 328.22484000406956], [41.372053544426635, 328.6753678914223], [41.64130261710917, 329.10707506008555], [41.92957974672221, 329.51996151005915], [42.236884933265806, 329.9140272413433], [42.563218176739916, 330.2892722539379], [42.908579477144556, 330.6456965478429], [43.27296883447973, 330.9833001230583], [43.65638624874541, 331.3020829795842], [44.058831719941644, 331.6020451174205], [44.480305248068404, 331.88318653656734], [44.92080683312568, 332.1455072370245], [45.380336475113495, 332.38900721879224], [45.858894174031846, 332.61368648187033], [46.35647992988072, 332.81954502625894], [46.87309374266012, 333.006582851958], [47.408735612370045, 333.1747999589674], [47.963405539010495, 333.3241963472873], [48.5351118595929, 333.45618715069816], [49.043250168883276, 333.62804411514986], [49.44580052471432, 333.86962361692423], [49.742762927086034, 334.18092565602126], [49.93413737599844, 334.56195023244095], [50.0199238714515, 335.0126973461833], [50.003347110430454, 335.53109626890836], [49.96158873503834, 336.06758506832716], [49.927460494232534, 336.6010937900338], [49.90096238801305, 337.1316224340282], [49.88209441637987, 337.6591710003102], [49.870856579333, 338.18373948887984], [49.867248876872466, 338.7053278997373], [49.871271308998224, 339.22393623288235], [49.882923875710304, 339.7395644883152], [49.9022065770087, 340.2522126660358], [49.9291194128934, 340.76188076604404], [49.963662383364415, 341.26856878834], [50.00583548842174, 341.7722767329237], [50.055638728065404, 342.27300459979506], [50.11307210229535, 342.77075238895407], [50.17813561111163, 343.2655201004009], [50.250829254514215, 343.7573077341354], [50.33115303250311, 344.24611529015755], [50.41858721297784, 344.7322031338189], [50.508010375076246, 345.21813689564584], [50.598116435452134, 345.70457087205216], [50.6889053941055, 346.19150506303765], [50.78037725103634, 346.67893946860255], [50.87253200624467, 347.1668740887468], [50.96536965973047, 