{"harita_boyut": {"genislik": 114, "yukseklik": 303}, "baslangic": [46.549739092229395, 132.89333750180523], "hedef": [92.92745285983212, 251.54623229914634], "engeller": [["dikdortgen", 66, 273, 14, 14], ["daire", 80, 106, 7], ["daire", 101, 49, 12], ["dikdortgen", 86, 186, 9, 12], ["dikdortgen", 38, 255, 7, 8], ["dikdortgen", 70, 285, 11, 5], ["daire", 49, 80, 13], ["dikdortgen", 103, 141, 5, 16], ["dikdortgen", 67, 86, 16, 14], ["daire", 36, 152, 8], ["daire", 70, 238, 10], ["dikdortgen", 19, 205, 6, 19], ["daire", 102, 37, 4], ["daire", 73, 137, 12], ["dikdortgen", 82, 108, 13, 18], ["dikdortgen", 20, 157, 16, 6], ["daire", 64, 45, 13]], "rrt_path": [[46.549739092229395, 132.89333750180523], [46.72187814503725, 133.36397034657574], [46.89120548391329, 133.83562586174898], [47.05772110885755, 134.308304047325], [47.22142501986998, 134.78200490330374], [47.38231721695061, 135.2567284296852], [47.540397700099426, 135.73247462646944], [47.69566646931646, 136.2092434936564], [47.848123524601654, 136.6870350312461], [47.99776886595506, 137.16584923923853], [48.144602493376645, 137.6456861176337], [48.28862440686643, 138.1265456664316], [48.42983460642442, 138.60842788563232], [48.56823309205059, 139.09133277523568], [48.703819863744954, 139.57526033524184], [48.83659492150753, 140.06021056565075], [48.96655826533828, 140.5461834664624], [49.09370989523722, 141.03317903767672], [49.21804981120437, 141.52119727929383], [49.339578013239695, 142.01023819131368], [49.45829450134322, 142.50030177373628], [49.57419927551494, 142.9913880265616], [49.687292335754854, 143.48349694978967], [49.79757368206296, 143.97662854342047], [49.905043314439254, 144.47078280745407], [50.00970123288376, 144.96595974189034], [50.111547437396425, 145.46215934672935], [50.210581927977316, 145.95938162197115], [50.30680470462638, 146.45762656761568], [50.400215767343646, 146.9568941836629], [50.49081511612911, 147.45718447011296], [50.57860275098276, 147.9584974269657], [50.6635786719046, 148.46083305422115], [50.745742878894646, 148.96419135187938], [50.82509537195287, 149.46857231994034], [50.90163615107929, 149.97397595840403], [50.9753652162739, 150.48040226727048], [51.04628256753672, 150.98785124653966], [51.11438820486772, 151.49632289621158], [51.17968212826692, 152.0058172162863], [51.242164337734295, 152.51633420676364], [51.30202180264786, 153.02777950993664], [51.36474448115189, 153.53738251241018], [51.43287656332692, 154.043859239529], [51.506418049172964, 154.54720969129315], [51.58536893868999, 155.04743386770244], [51.66972923187801, 155.544531768757], [51.759498928737045, 156.03850339445685], [51.85467802926706, 156.52934874480192], [51.95526653346808, 157.01706781979226], [52.0612644413401, 157.50166061942784], [52.17267175288312, 157.98312714370869], [52.28948846809715, 158.46146739263477], [52.411714586982164, 158.9366813662061], [52.53935010953818, 159.40876906442267], [52.67239503576517, 159.87773048728445], [52.81084936566319, 160.34356563479156], [52.9547130992322, 160.8062745069439], [53.103986236472196, 161.26585710374147], [53.258668777383214, 161.72231342518432], [53.418760721965214, 162.1756434712724], [53.58426207021821, 162.62584724200565], [53.75517282214221, 163.07292473738426], [53.93149297773721, 163.5168759574081], [54.11322253700321, 163.9577009020772], [54.300361499940195, 164.39539957139152], [54.49290986654818, 164.82997196535106], [54.69086763682718, 165.2614180839559], [54.89423481077718, 165.68973792720598], [55.10301138839816, 166.11493149510133], [55.31719736969014, 166.5369987876419], [55.53679275465312, 166.95593980482766], [55.76179754328711, 167.37175454665876], [55.99221173559208, 167.7844430131351], [56.228035331568066, 168.19400520425665], [56.469268331215034, 168.60044112002348], [56.714104704448935, 169.00646646337916], [56.956332295384605, 169.42142236887713], [57.1954290366554, 169.84609386213629], [57.43139492826135, 170.28048094315662], [57.6642299702024, 170.7245836119381], [57.89393416247858, 171.17840186848073], [58.120507505089904, 171.64193571278454], [58.34394999803635, 172.1151851448495], [58.564261641317906, 172.59815016467562], [58.7814424349346, 173.0908307722629], [58.99549237888644, 173.59322696761143], [59.20641147317339, 174.10533875072102], [59.41419971779548, 174.6271661215918], [59.618857112752686, 175.1587090802238], [59.82038365804503, 175.69996762661688], [60.0187793536725, 176.25094176077116], [60.21404419963509, 176.8116314826866], [60.406178195932824, 177.38203679236318], [60.59518134256567, 177.96215768980096], [60.78105363953367, 178.5519941749999], [60.96379508683677, 179.15154624796], [61.143405684475006, 179.76081390868126], [61.31988543244839, 180.37979715716372], [61.49323433075688, 181.00849599340728], [61.663452379400496, 181.64691041741202], [61.830539578379245, 182.29504042917793], [61.99449592769314, 182.95288602870505], [62.155321427342145, 183.6204472159933], [62.31301607732627, 184.29772399104266], [62.467579877645534, 184.98471635385323], [62.61901282829994, 185.68142430442498], [62.767314929289455, 186.38784784275788], [62.91248618061411, 187.10398696885196], [63.054526582273894, 187.82984168270718], [63.2007007806271, 188.54140758591373], [63.36294129233417, 189.19925634709523], [63.5414218785785, 189.80281381130052], [63.736142539360074, 190.35207997852964], [63.94710327467892, 190.84705484878256], [64.17430408453501, 191.28773842205933], [64.41774496892835, 191.6741306983599], [64.67742592785893, 192.0062316776843], [64.95334696132679, 192.2840413600325], [65.24550806933188, 192.50755974540448], [65.55390925187425, 192.67678683380038], [65.87855050895385, 192.79172262522007], [66.21943184057072, 192.85236711966357], [66.57655324672484, 192.85872031713086], [66.9499147274162, 192.81078221762192], [67.33951628264481, 192.70855282113686], [67.74535791241068, 192.5520321276756], [68.1674396167138, 192.34122013723817], [68.6057613955542, 192.07611684982461], [69.06032324893184, 191.7567222654348], [69.52569579647503, 191.39541331443962], [69.94973707948836, 191.11105390910788], [70.31940024613822, 190.93338592892616], [70.6346852964246, 190.86240937389468], [70.89559223034759, 190.8981242440134], [71.10212104790706, 191.0405305392822], [71.25427174910311, 191.28962825970117], [71.35204433393568, 191.64541740527028], [71.39543880240483, 192.1078979759896], [71.3844551545105, 192.67706997185903], [71.31909339025273, 193.35293339287864], [71.22928055784467, 194.0853753865784], [71.15872881194944, 194.80119993502248], [71.10781368389192, 195.499778210879], [71.07653517367208, 196.18111021414794], [71.06489328128995, 196.84519594482921], [71.07288800674552, 197.4920354029229], [71.10051935003874, 198.12162858842902], [71.1477873111697, 198.73397550134754], [71.21469189013834, 199.32907614167846], [71.30123308694466, 199.9069305094218], [71.40741090158868, 200.46753860457753], [71.5332253340704, 201.01090042714569], [71.6786763843898, 201.5370159771262], [71.8437640525469, 202.04588525451916], [72.0284883385417, 202.5375082593245], [72.2328492423742, 203.01188499154225], [72.45684676404437, 203.46901545117237], [72.70048090355223, 203.90889963821496], [72.96375166089783, 204.33153755266994], [73.24665903608108, 204.7369291945373], [73.54920302910205, 205.1250745638171], [73.86758266905828, 205.49916347758509], [74.1831632926115, 205.87483435266842], [74.49344395063747, 206.25418601340078], [74.79842464313624, 206.63721845978228], [75.09810537010776, 207.02393169181283], [75.39248613155205, 207.41432570949246], [75.6815669274691, 207.80840051282124], [75.96534775785894, 208.20615610179908], [76.24382862272155, 208.60759247642608], [76.51700952205692, 209.01270963670208], [76.78489045586508, 209.42150758262727], [77.04747142414598, 209.83398631420147], [77.30475242689967, 210.25014583142485], [77.55673346412611, 210.66998613429726], [77.80341453582534, 211.0935072228188], [78.04479564199734, 211.52070909698944], [78.28087678264212, 211.95159175680917], [78.51165795775965, 