{"harita_boyut": {"genislik": 102, "yukseklik": 412}, "baslangic": [31.51661343771142, 354.38630666883375], "hedef": [41.46428182706327, 113.25792600308137], "engeller": [["daire", 31, 242, 10], ["daire", 26, 302, 7], ["daire", 60, 61, 11], ["dikdortgen", 56, 276, 18, 17], ["daire", 56, 278, 12], ["daire", 96, 368, 4], ["dikdortgen", 45, 80, 11, 14], ["dikdortgen", 33, 160, 15, 7], ["daire", 32, 303, 9], ["dikdortgen", 76, 220, 15, 8], ["daire", 76, 263, 14], ["dikdortgen", 41, 336, 12, 11], ["daire", 86, 226, 10], ["daire", 32, 14, 11], ["daire", 14, 390, 6], ["dikdortgen", 51, 381, 10, 6], ["dikdortgen", 85, 229, 13, 5], ["dikdortgen", 45, 133, 15, 10], ["daire", 88, 99, 8], ["dikdortgen", 15, 238, 10, 9], ["dikdortgen", 68, 38, 10, 19]], "rrt_path": [[31.51661343771142, 354.38630666883375], [31.749819102583867, 350.39311056572643], [32.76787054958107, 330.5750865202761], [42.01978288830682, 316.14337757009645], [45.31575734721134, 309.15950000645296], [47.661791355927036, 294.93877080589175], [41.16367450321148, 289.2154723079991], [36.64375125342889, 279.0419855884664], [38.35168927332521, 260.3418998680902], [49.54452040237275, 252.56561117525717], [51.28053404970341, 252.92245493796912], [50.786344363996896, 248.95310026062657], [48.752279980715535, 230.01547518591144], [51.97749570362396, 223.23967178379948], [57.12015424382801, 206.60470274699327], [56.71292192483993, 198.65534267366735], [55.47987432881961, 183.9550223775517], [54.74721527308247, 176.05640217118852], [54.182564886647036, 156.2723654900518], [51.237564928075315, 153.56552688311334], [39.936677306361126, 147.61679727263638], [39.44815950699045, 132.60629256505288], [41.46428182706327, 113.25792600308137]]}