{"harita_boyut": {"genislik": 170, "yukseklik": 127}, "baslangic": [117.2966388605481, 6.0034819023894235], "hedef": [7.248248059206137, 26.01336742957109], "engeller": [["dikdortgen", 63, 57, 13, 13], ["dikdortgen", 95, 55, 6, 8], ["dikdortgen", 146, 91, 10, 18], ["dikdortgen", 101, 108, 20, 11], ["dikdortgen", 66, 72, 20, 11], ["dikdortgen", 91, 38, 8, 16], ["dikdortgen", 96, 49, 6, 17], ["dikdortgen", 65, 4, 18, 20], ["dikdortgen", 84, 101, 18, 9], ["daire", 36, 87, 8]], "rrt_path": [[117.2966388605481, 6.0034819023894235], [115.177000503951, 12.32315466804814], [103.62994955680932, 27.796826919726417], [101.80687253152936, 26.79761188201381], [84.56751187724852, 33.39156861451425], [69.979762637025, 42.90419418156673], [52.62214409403032, 34.07439710035414], [37.78276730856906, 29.59018665308327], [18.878020225863622, 27.378109199529927], [7.248248059206137, 26.01336742957109]]}