{"harita_boyut": {"genislik": 291, "yukseklik": 247}, "baslangic": [208.2553057445494, 22.327495969369963], "hedef": [65.98787006681587, 17.6358086320203], "engeller": [["dikdortgen", 271, 72, 10, 13], ["dikdortgen", 244, 138, 14, 18], ["dikdortgen", 204, 158, 13, 12], ["dikdortgen", 29, 195, 13, 9], ["dikdortgen", 203, 224, 6, 18], ["dikdortgen", 229, 7, 8, 14], ["dikdortgen", 239, 168, 16, 19], ["daire", 37, 30, 7], ["dikdortgen", 91, 165, 6, 17], ["daire", 47, 109, 7], ["daire", 104, 199, 15], ["dikdortgen", 114, 230, 13, 11], ["dikdortgen", 18, 73, 12, 18], ["dikdortgen", 203, 5, 6, 10], ["daire", 202, 127, 14], ["daire", 85, 238, 3], ["dikdortgen", 14, 29, 6, 9], ["dikdortgen", 152, 113, 5, 8], ["dikdortgen", 8, 90, 16, 16], ["daire", 191, 168, 6], ["daire", 271, 46, 11], ["dikdortgen", 21, 155, 20, 9], ["dikdortgen", 147, 50, 8, 16], ["dikdortgen", 39, 130, 12, 18], ["daire", 202, 88, 6], ["dikdortgen", 102, 178, 9, 19], ["dikdortgen", 267, 149, 6, 13], ["daire", 272, 65, 9], ["dikdortgen", 94, 122, 15, 13], ["dikdortgen", 119, 214, 18, 12], ["dikdortgen", 281, 174, 7, 12], ["dikdortgen", 205, 160, 6, 13], ["dikdortgen", 13, 103, 6, 8], ["dikdortgen", 106, 54, 17, 16], ["daire", 229, 108, 3]], "rrt_path": [[208.2553057445494, 22.32749596936996], [207.84300211230908, 22.61607643467854], [207.4291561285422, 22.902165315952114], [207.01376779324872, 23.185762613190676], [206.59683710642864, 23.466868326394223], [206.17836406808195, 23.745482455562765], [205.75834867820865, 24.021605000696294], [205.33679093680877, 24.295235961794816], [204.91369084388234, 24.56637533885833], [204.48904839942918, 24.83502313188682], [204.06286360344959, 25.101179340880314], [203.6351364559433, 25.364843965838794], [203.20586695691054, 25.626017006762268], [202.7750551063511, 25.88469846365073], [202.3427009042651, 26.14088833650418], [201.90880435065247, 26.394586625322617], [201.47336544551322, 26.645793330106045], [201.03638418884745, 26.894508450854463], [200.59786058065507, 27.140731987567875], [200.15779462093607, 27.384463940246278], [199.71618630969053, 27.625704308889667], [199.27303564691834, 27.864453093498046], [198.82834263261958, 28.10071029407142], [198.38210726679424, 28.334475910609775], [197.93432954944234, 28.565749943113126], [197.48500948056375, 28.794532391581463], [197.0341470601586, 29.02082325601479], [196.5817422882269, 29.24462253641311], [196.1277951647686, 29.465930232776422], [195.67230568978368, 29.684746345104724], [195.2152738632722, 29.901070873398012], [194.7566996852341, 30.114903817656295], [194.29658315566942, 30.326245177879564], [193.8350168393465, 30.534614857690812], [193.3722226233333, 30.73886201774463], [192.9082101747535, 30.938936518542324], [192.44297949360714, 31.134838360083904], [191.97653057989424, 31.32656754236937], [191.5088634336148, 31.51412406539872], [191.0399780547688, 31.697507929171948], [190.56987444335618, 31.876719133689058], [190.098552599377, 32.05175767895005], [189.6260125228313, 32.22262356495493], [189.152254213719, 32.38931679170369], [188.67727767204016, 32.55183735919633], [188.20108289779475, 32.710185267432855], [187.72366989098276, 32.86436051641326], [187.24503865160426, 33.01436310613755], [186.76518917965916, 33.160193036605726], [186.2841214751475, 33.30185030781779], [185.80183553806924, 33.439334919773714], [185.31833136842445, 33.57264687247354], [184.8336089662131, 33.70178616591724], [184.34766833143522, 33.82675280010483], [183.86050946409074, 33.947546775036294], [183.3721323641797, 34.06416809071165], [182.8825370317021, 34.17661674713088], [182.39172346665794, 34.284892744294005], [181.89969166904723, 34.388996082201004], [181.40644163886992, 34.488926760851875], [180.91213797280832, 34.585165322351266], [180.41757824315033, 34.68004028912409], [179.92286805598945, 34.773859979501985], [179.42800741132567, 34.86662439348494], [178.93299630915905, 34.95833353107296], [178.4378347494895, 35.048987392266035], [177.94252273231717, 35.13858597706419], [177.4470602576419, 35.227129285467385], [176.9514473254638, 35.31461731747565], [176.4556839357828, 35.40105007308896], [175.95977008859893, 35.486427552307354], [175.46370578391222, 35.570749755130805], [174.96749102172262, 35.65401668155931], [174.47112580203014, 35.736228331592876], [173.9746101248348, 35.81738470523151], [173.4779439901366, 35.89748580247521], [172.98112739793555, 35.976531623323964], [172.48416034823157, 36.054522167777776], [171.98704284102476, 36.13145743583665], [171.48977487631504, 36.20733742750059], [170.9923564541025, 36.28216214276959], [170.49478757438706, 36.35593158164366], [169.99706823716875, 36.428645744122775], [169.49919844244755, 36.50030463020696], [169.00117819022353, 36.57090823989622], [168.5030176385086, 36.64050733133087], [168.00506197699795, 36.71082676829101], [167.50748040645453, 36.78271202290855], [167.01027292687823, 36.85616309518348], [166.51343953826907, 36.93117998511582], [166.0169802406271, 37.00776269270556], [165.52089503395234, 37.085911217952706], [165.02518391824475, 37.16562556085725], [164.52984689350424, 37.246905721419196], [164.034883959731, 37.329751699638535], [163.54029511692485, 37.41416349551528], [163.04608036508588, 37.50014110904944], [162.5522397042141, 37.587684540240986], [162.0587731343095, 37.676793789089935], [161.565680655372, 37.76746885559629], [161.07296226740175, 37.85970973976004], [160.58061797039863, 37.9535164415812], [160.08864776436266, 38.04888896105976], [159.5970516492939, 38.14582729819571], [159.10582962519226, 38.24433145298907], [158.6149816920578, 38.34440142543984], [158.12450784989053, 38.446037215547996], [157.63440809869041, 38.54923882331356], [157.14468243845747, 38.654006248736536], [156.6553308691917, 38.76033949181689], [156.16635339089308, 38.868238552554665], [155.67775000356164, 38.97770343094984], [155.18952070719735, 39.08873412700241], [154.70166550180022, 39.201330640712385], [154.2141843873703, 39.31549297207976], [153.72707736390748, 39.43122112110453], [153.24034443141193, 39.54851508778671], [152.75398558988348, 39.66737487212629], [152.26800083932216, 39.787800474123266], [151.78214882492927, 39.90944678084567], [151.29605161944284, 40.0317733945634], [150.80970470696545, 40.15477385800014], [150.323108087497, 40.2784481711559], [149.83626176103746, 40.402796334030654], [149.349165727587, 40.52781834662444], [148.86181998714554, 40.65351420893723], [148.37422453971303, 40.77988392096902], [147.8863793852895, 40.906927482719844], [147.39828452387502, 41.03464489418967], [146.90993995546944, 41.1630361553785], [146.4213456800729, 41.29210126628635], [145.93250169768532, 41.421840226913204], [145.44340800830673, 41.55225303725908], [144.95406461193716, 41.683339697323966], [144.46447150857654, 41.815100207107854], [143.97462869822496, 41.94753456661077], [143.48453618088232, 42.08064277583268], [142.99419395654868, 42.21442483477361], [142.50360202522404, 42.348880743433554], [142.01276038690835, 42.484010501812506], [141.52166904160168, 42.619814109910465], [141.030327989304, 42.756291567727445], [140.5387372300153, 42.89344287526343], [140.0468967637356, 43.03126803251843], [139.55480659046486, 43.16976703949245], [139.0668378000493, 43.316514057715196], [138.59014220915506, 43.483901652099846], [138.12482237504508, 43.672107532394584], [137.67087829771944, 43.88113169859944], [137.22830997717807, 44.110974150714405], [136.797117413421, 44.361634888739474], [136.37730060644824, 44.633113912674645], [135.96885955625973, 44.92541122251993], [135.57179426285552, 45.23852681827531], [135.18610472623564, 45.57246069994081], [134.8087753247546, 45.91973719640524], [134.42412803611936, 46.24149077607462], [134.02991494919215, 46.53214890819764], [133.6261360639729, 46.7917115927743], [133.21279138046165, 47.02017882980459], [132.7898808986584, 47.217550619288524], [132.35740461856315, 47.38382696122607], [131.91536254017586, 47.519007855617275], [131.4637546634966, 47.623093302462095], [131.0025809885253, 