{"harita_boyut": {"genislik": 428, "yukseklik": 126}, "baslangic": [54.068907115478545, 59.94805673873012], "hedef": [252.39959719851154, 100.43409710605019], "engeller": [["daire", 314, 84, 7], ["daire", 408, 25, 15], ["daire", 347, 108, 14], ["dikdortgen", 216, 64, 12, 8], ["daire", 66, 83, 11], ["daire", 382, 54, 13], ["dikdortgen", 149, 78, 8, 19], ["dikdortgen", 368, 76, 12, 19], ["daire", 284, 68, 7], ["daire", 91, 26, 11], ["daire", 87, 24, 8], ["dikdortgen", 288, 107, 18, 11], ["daire", 140, 17, 3], ["daire", 328, 21, 5], ["daire", 259, 39, 15], ["daire", 330, 64, 5], ["dikdortgen", 284, 73, 8, 10], ["dikdortgen", 10, 103, 15, 17], ["dikdortgen", 90, 13, 11, 8], ["dikdortgen", 143, 43, 8, 19], ["dikdortgen", 282, 71, 13, 9], ["dikdortgen", 12, 5, 13, 13], ["daire", 13, 53, 7], ["dikdortgen", 83, 74, 18, 20], ["daire", 314, 53, 10], ["dikdortgen", 351, 18, 12, 18]], "rrt_path": [[54.068907115478545, 59.94805673873013], [54.56989881946081, 59.93050830285741], [55.07092860734535, 59.91247467389874], [55.57199647913221, 59.89395585185417], [56.07310243482137, 59.87495183672366], [56.574246474412845, 59.855462628507226], [57.075428597906594, 59.83548822720486], [57.57664880530266, 59.81502863281656], [58.077907096601024, 59.794083845342335], [58.579203471801684, 59.772653864782185], [59.080537930904654, 59.75073869113611], [59.581910473909915, 59.72833832440409], [60.08332110081747, 59.70545276458614], [60.58476981162735, 59.68208201168228], [61.086256606339525, 59.65822606569249], [61.587781484953986, 59.63388492661675], [62.089344447470765, 59.6090585944551], [62.59094549388985, 59.58374706920752], [63.09258462421121, 59.557950350873995], [63.59426183843489, 59.53166843945456], [64.09597713656088, 59.50490133494919], [64.59773051858915, 59.47764903735788], [65.09952198451973, 59.44991154668067], [65.6013515343526, 59.4216888629175], [66.10321916808779, 59.39298098606841], [66.60512488572526, 59.36378791613338], [67.10706868726506, 59.334109653112456], [67.60905057270713, 59.30394619700557], [68.11107054205154, 59.27329754781278], [68.61312859529822, 59.24216370553405], [69.11522473244722, 59.210544670169384], [69.6173589534985, 59.178440441718784], [70.1195312584521, 59.14585102018229], [70.62174164730797, 59.11277640555983], [71.12399012006617, 59.07921659785145], [71.62627667672666, 59.04517159705715], [72.12860131728945, 59.01064140317692], [72.63096404175455, 58.975626016210754], [73.13336485012196, 58.94012543615867], [73.63580374239166, 58.90413966302064], [74.13828071856366, 58.8676686967967], [74.64079577863797, 58.830712537486825], [75.14334892261456, 58.793271185091015], [75.64594015049346, 58.75534463960927], [76.14856946227468, 58.71693290104161], [76.65123685795817, 58.67803596938801], [77.15394233754398, 58.6386538446485], [77.65668590103209, 58.59878652682305], [78.1594675484225, 58.55843401591167], [78.6622872797152, 58.51759631191436], [79.16514509491023, 58.47627341483113], [79.66804099400754, 58.43446532466196], [80.17097497700716, 58.39217204140687], [80.67394704390908, 58.34939356506585], [81.1768949358083, 58.30726063236217], [81.67961907589746, 58.26939792678871], [82.18210444843463, 58.23607816195762], [82.68435105341977, 58.20730133786893], [83.18635889085287, 58.18306745452261], [83.68812796073396, 58.16337651191864], [84.18965826306304, 58.148228510057066], [84.69094979784009, 58.13762344893787], [85.19200256506512, 58.13156132856106], [85.69281656473814, 58.13004214892661], [86.19339179685913, 58.13306591003455], [86.69372826142812, 58.140632611884875], [87.19382595844506, 58.152742254477566], [87.69368488791, 58.16939483781263], [88.1933050498229, 58.190590361890074], [88.69268644418378, 58.2163288267099], [89.19182907099268, 58.246610232272104], [89.69073293024951, 58.28143457857668], [90.18939802195435, 58.32080186562364], [90.68782434610716, 58.364712093412976], [91.18601190270796, 58.413165261944684], [91.68396069175674, 58.466161371218774], [92.18167071325348, 58.52370042123524], [92.67914196719822, 58.585782411994096], [93.17637445359094, 58.65240734349532], [93.67336817243162, 58.723575215738904], [94.17012312372029, 58.79928602872489], [94.66663930745695, 58.87953978245324], [95.16291672364159, 58.96433647692398], [95.6589553722742, 59.0536761121371], [96.15475525335478, 59.14755868809257], [96.65031636688337, 59.24598420479045], [97.14563871285992, 59.34895266223069], [97.64065270923284, 59.45616009768125], [98.13494659475262, 59.56580777035443], [98.62845268893948, 59.6776000243582], [99.12117099179342, 59.79153685969252], [99.61310150331444, 59.90761827635742], [100.10424422350255, 60.0258442743529], [100.59459915235773, 60.146214853678956], [101.08416628987999, 60.268730014335574], [101.57294563606936, 60.39338975632277], [102.06093719092578, 60.52019407964054], [102.5481409544493, 60.64914298428887], [103.03455692663987, 60.78023647026778], [103.52018510749754, 60.91347453757726], [104.0050254970223, 61.048857186217326], [104.48907809521414, 61.186384416187956], [104.97234290207305, 61.32605622748916], [105.45481991759902, 61.46787262012093], [105.93650914179213, 61.61183359408328], [106.41741057465231, 61.7579391493762], [106.89752421617956, 61.9061892859997], [107.37685006637386, 62.05658400395376], [107.85538812523528, 62.209123303238414], [108.33313839276376, 62.36380718385362], [108.81010086895932, 62.520635645799416], [109.28627555382197, 62.67960868907576], [109.76166244735171, 62.8407263136827], [110.23626154954852, 63.0039885196202], [110.71007286041242, 63.16939530688828], [111.18309637994341, 63.33694667548693], [111.65533210814145, 63.50664262541615], [112.12678004500657, 63.67848315667594], [112.5974401905388, 63.85246826926631], [113.06731254473812, 64.02859796318725], [113.53642192847263, 64.20681489698036], [114.00540693700985, 64.38564378042882], [114.47454776561771, 64.56443730316455], [114.94384441429621, 64.74319546518754], [115.41329688304532, 64.9219182664978], [115.88290517186509, 65.10060570709533], [116.35266928075546, 65.2792577869801], [116.82258920971647, 65.45787450615214], [117.29266495874815, 65.63645586461146], [117.76289652785044, 65.81500186235806], [118.23328391702339, 65.99351249939191], [118.70382712626693, 66.17198777571302], [119.17452615558116, 66.35042769132141], [119.645381004966, 66.52883224621708], [120.11639167442146, 66.70720144039998], [120.58755816394756, 66.88553527387018], [121.0588804735443, 67.06383374662761], [121.53035860321168, 67.24209685867234], [122.0019925529497, 67.42032461000431], [122.47378232275837, 67.59851700062359], [122.94581007733672, 67.77610115503138], [123.41933694772496, 67.94428411126188], [123.8947913907896, 68.10007854697486], [124.37217340653065, 68.24348446217029], [124.85148299494801, 68.37450185684816], [125.3327201560418, 68.49313073100849], [125.81588488981194, 68.5993710846513], [126.30097719625846, 68.69322291777655], [126.78799707538136, 68.77468623038426], [127.27694452718059, 68.84376102247442], [127.76781955165623, 68.90044729404707], [128.26062214880827, 68.94474504510215], [128.75535231863668, 68.97665427563972], [129.25201006114142, 68.9961749856597], [129.75059537632256, 69.00330717516219], [130.2511082641801, 68.99805084414712], [130.75354872471397, 68.98040599261451], [131.25791675792425, 68.95037262056434], [131.76421236381088, 68.90795072799665], [132.2724355423739, 68.85314031491141], [132.7825862936133, 68.78594138130863], [133.29449245602186, 68.7076507741099], [133.8064856291824, 68.6308361106692], [134.31814553493632, 68.5586632347631], [134.8294721732837, 68.49113214639165], [135.34046554422457, 68.42824284555483], [135.85112564775886, 68.36999533225263], [136.36145248388658, 68.31638960648507], [136.87144605260775, 68.26742566825212], [137.3811063539224, 68.22310351755382], [137.89043338783046, 68.18342315439013], [138.39942715433196, 68.14838457876108], [138.90808765342695, 68.11798779066665], [139.41641488511533, 68.09223279010686], [139.92440884939717, 68.07111957708169], [140.43206954627243, 