{"harita_boyut": {"genislik": 333, "yukseklik": 379}, "baslangic": [318.0344608780079, 61.61336648221289], "hedef": [79.18246514165473, 266.1147451229584], "engeller": [["daire", 322, 158, 6], ["dikdortgen", 155, 321, 16, 8], ["daire", 245, 87, 12], ["daire", 29, 181, 15], ["daire", 147, 123, 7], ["dikdortgen", 309, 31, 18, 12], ["daire", 138, 273, 9], ["daire", 162, 74, 15], ["daire", 192, 201, 3], ["dikdortgen", 187, 315, 14, 7], ["dikdortgen", 144, 139, 15, 16], ["dikdortgen", 119, 50, 18, 10], ["daire", 304, 305, 11], ["dikdortgen", 95, 268, 5, 7], ["daire", 162, 187, 9], ["daire", 170, 111, 7], ["daire", 112, 185, 11], ["dikdortgen", 290, 286, 6, 17], ["dikdortgen", 228, 363, 16, 15], ["dikdortgen", 27, 7, 12, 12], ["dikdortgen", 279, 230, 9, 7], ["daire", 170, 145, 12], ["dikdortgen", 25, 192, 7, 15], ["daire", 281, 331, 14], ["dikdortgen", 75, 105, 17, 12], ["dikdortgen", 50, 23, 6, 8], ["daire", 235, 118, 14], ["dikdortgen", 43, 22, 20, 8], ["daire", 142, 303, 9], ["daire", 307, 269, 6], ["dikdortgen", 191, 154, 5, 17], ["daire", 227, 362, 7], ["daire", 268, 336, 8], ["dikdortgen", 116, 4, 19, 10], ["daire", 122, 237, 5], ["dikdortgen", 240, 269, 6, 7], ["dikdortgen", 307, 186, 12, 5], ["daire", 212, 162, 4], ["daire", 174, 181, 4], ["dikdortgen", 114, 290, 10, 12], ["daire", 169, 324, 7], ["dikdortgen", 229, 173, 19, 8], ["daire", 296, 322, 5], ["dikdortgen", 224, 350, 9, 19], ["daire", 117, 120, 5], ["daire", 119, 345, 5], ["daire", 97, 173, 14], ["dikdortgen", 107, 81, 16, 17], ["dikdortgen", 173, 203, 17, 10], ["daire", 290, 159, 12], ["daire", 244, 47, 10], ["daire", 277, 24, 9], ["dikdortgen", 86, 146, 8, 8], ["daire", 307, 148, 9], ["daire", 152, 200, 7], ["daire", 213, 337, 9], ["dikdortgen", 43, 176, 10, 14], ["daire", 230, 106, 9], ["dikdortgen", 192, 344, 17, 14], ["dikdortgen", 191, 116, 16, 8], ["daire", 159, 229, 10], ["daire", 236, 217, 12], ["dikdortgen", 304, 120, 17, 17]], "rrt_path": [[318.0344608780079, 61.61336648221289], [310.8991506733074, 71.20232928443288], [301.2376527311407, 83.82699626930605], [291.1748531516367, 100.72607604360462], [278.8032339494406, 114.1960631313272], [271.284017998011, 126.8204626822191], [261.7795895906051, 137.08720696634379], [255.70906447308775, 141.5075732561011], [246.404483243205, 151.91223241184827], [241.55282494169722, 158.13074912143054], [227.79624097065567, 167.19738602211132], [223.81864150620353, 167.62011820729487], [210.50084876662166, 180.4786270493685], [201.2563865317402, 192.17286310405623], [198.47755716374633, 190.00010087532024], [187.25027699179552, 176.91679666391568], [181.0190663644945, 171.92398417266733], [165.01577883592037, 164.00663737020307], [149.05910941837593, 170.1506897041128], [139.9671532439592, 182.7379158141703], [135.59943513110852, 189.35711935859067], [127.53231394543378, 200.92469133080647], [120.59260155199757, 214.80917599164366], [113.35616463014202, 229.31118989111243], [110.6600091345054, 232.26597339305442], [99.80793376849353, 246.08201587503223], [90.05776352387055, 256.57348560536514], [79.18246514165473, 266.1147451229584]]}