{"harita_boyut": {"genislik": 495, "yukseklik": 363}, "baslangic": [147.09985565607826, 263.3451952619446], "hedef": [477.9691561477472, 102.13983460953929], "engeller": [["daire", 272, 338, 15], ["dikdortgen", 226, 109, 6, 19], ["dikdortgen", 212, 172, 6, 19], ["dikdortgen", 323, 273, 17, 6], ["daire", 180, 59, 6], ["dikdortgen", 66, 23, 5, 9], ["daire", 466, 328, 11], ["daire", 134, 191, 13], ["dikdortgen", 240, 152, 15, 16], ["dikdortgen", 209, 228, 13, 7], ["dikdortgen", 308, 296, 5, 11], ["dikdortgen", 269, 194, 14, 15], ["dikdortgen", 281, 221, 17, 11], ["dikdortgen", 194, 298, 16, 7], ["daire", 230, 25, 8], ["daire", 101, 92, 14], ["daire", 284, 95, 14], ["dikdortgen", 167, 347, 20, 16], ["dikdortgen", 339, 13, 18, 10], ["daire", 29, 232, 15], ["dikdortgen", 387, 170, 5, 19], ["daire", 418, 281, 9], ["dikdortgen", 329, 8, 20, 16], ["daire", 472, 74, 5], ["daire", 421, 354, 9], ["daire", 182, 130, 5], ["daire", 389, 70, 14], ["daire", 121, 111, 14], ["dikdortgen", 388, 330, 19, 15], ["daire", 448, 71, 3], ["dikdortgen", 12, 226, 17, 7], ["daire", 71, 19, 6], ["daire", 396, 111, 7], ["dikdortgen", 93, 346, 14, 12], ["daire", 252, 168, 9], ["daire", 290, 250, 11], ["dikdortgen", 201, 269, 18, 11], ["dikdortgen", 406, 204, 5, 20], ["dikdortgen", 34, 289, 20, 15], ["dikdortgen", 178, 249, 13, 6], ["daire", 375, 36, 15], ["daire", 224, 201, 15], ["dikdortgen", 8, 154, 20, 6], ["dikdortgen", 297, 46, 5, 9], ["dikdortgen", 475, 51, 9, 12], ["daire", 19, 112, 14], ["daire", 117, 98, 6], ["dikdortgen", 381, 90, 6, 8], ["dikdortgen", 414, 108, 6, 8], ["daire", 226, 205, 12], ["daire", 78, 216, 4], ["daire", 432, 158, 12], ["daire", 14, 225, 10], ["dikdortgen", 149, 233, 18, 7], ["daire", 59, 209, 8], ["dikdortgen", 199, 246, 8, 11], ["dikdortgen", 216, 70, 10, 17], ["daire", 18, 270, 14], ["daire", 246, 301, 14], ["dikdortgen", 41, 4, 15, 19], ["dikdortgen", 444, 63, 12, 9], ["daire", 274, 141, 6], ["dikdortgen", 350, 326, 14, 11], ["daire", 94, 233, 13], ["dikdortgen", 139, 343, 16, 13], ["daire", 208, 249, 15], ["dikdortgen", 420, 227, 7, 13], ["daire", 167, 202, 5], ["dikdortgen", 417, 153, 14, 9], ["daire", 429, 224, 11], ["dikdortgen", 394, 293, 5, 9], ["daire", 318, 251, 15], ["dikdortgen", 73, 248, 7, 8], ["daire", 304, 349, 3], ["daire", 9, 192, 6], ["daire", 364, 140, 3], ["dikdortgen", 362, 190, 10, 10], ["daire", 184, 148, 10], ["daire", 288, 131, 11], ["dikdortgen", 98, 16, 17, 18], ["daire", 411, 261, 8], ["daire", 222, 177, 14], ["dikdortgen", 108, 302, 19, 14], ["dikdortgen", 184, 335, 19, 19], ["daire", 248, 18, 12], ["dikdortgen", 162, 334, 17, 19], ["daire", 273, 177, 14], ["daire", 325, 279, 11], ["daire", 303, 83, 9]], "rrt_path": [[147.09985565607826, 263.3451952619446], [132.96086383565097, 260.36657627003586], [119.45923024413739, 246.4041661851943], [113.05721379408229, 229.2833340168802], [105.23162393951671, 212.06680905991448], [110.84548158878239, 199.08245987327734], [117.01529545162838, 183.5177489571998], [120.82723083715938, 176.79154639285142], [130.78092838051094, 161.16358597545937], [144.65433161487323, 149.80824320049098], [155.7525820711331, 137.6376600903701], [169.84653565086475, 127.06140096300682], [177.27973130820112, 120.17811426241292], [194.27598373998293, 114.0036546743815], [206.14180847709326, 112.70948069803069], [220.91284505350657, 103.5458671317871], [229.91276397967522, 99.94016157484229], [249.30369787372047, 95.57302911481347], [260.5192978232325, 103.07618760083822], [273.92772164408717, 111.64754282917883], [281.2428587780392, 114.87044850447849], [285.20832261039845, 114.34595198947511], [304.0790875771979, 116.92145933425667], [314.85788564251095, 118.352901493247], [331.5854046558706, 121.463350174681], [342.542280472999, 118.45820085592828], [356.9502994006587, 105.45849203987603], [360.09071851767663, 103.55336867315968], [369.1246443659054, 110.82235162186937], [378.7994774209605, 117.78555113728827], [391.52816080022365, 130.24390561250115], [405.1927248966369, 134.38461569506333], [424.1692943831619, 128.76560070050672], [432.99417848588485, 114.49868430189075], [451.41289638509664, 106.74802470200035], [458.91407659098826, 104.8029000612119], [477.9691561477472, 102.13983460953929]]}