{"harita_boyut": {"genislik": 148, "yukseklik": 338}, "baslangic": [10.602793023476172, 127.61993838950632], "hedef": [129.884848134616, 127.26794870811507], "engeller": [["dikdortgen", 71, 195, 17, 19], ["dikdortgen", 49, 50, 12, 16], ["dikdortgen", 74, 44, 16, 15], ["dikdortgen", 73, 29, 17, 18], ["daire", 21, 196, 4], ["dikdortgen", 39, 107, 10, 16], ["daire", 60, 173, 3], ["dikdortgen", 109, 153, 16, 18], ["daire", 62, 138, 15], ["dikdortgen", 72, 207, 18, 18], ["daire", 26, 259, 9], ["dikdortgen", 40, 268, 16, 10], ["dikdortgen", 30, 251, 10, 7], ["dikdortgen", 32, 187, 11, 7], ["daire", 26, 62, 9], ["daire", 106, 327, 5], ["dikdortgen", 63, 232, 11, 11], ["dikdortgen", 72, 97, 7, 14], ["dikdortgen", 86, 114, 15, 16], ["dikdortgen", 25, 40, 20, 7], ["daire", 74, 253, 7], ["daire", 131, 284, 15], ["dikdortgen", 118, 225, 9, 6], ["dikdortgen", 88, 255, 13, 15], ["daire", 61, 15, 8]], "rrt_path": [[10.602793023476172, 127.61993838950632], [15.47158269024694, 115.09654444164153], [31.65987393132053, 104.97988348490452], [34.249073341120464, 101.93094163300054], [47.328208038022005, 94.55355803559053], [65.38028793836294, 88.47619740598319], [79.79147860244898, 79.6196558285418], [79.63793608450412, 75.88417980819567], [90.79106080816298, 77.89037236575574], [103.54015161329315, 82.76934343137249], [116.16412649736297, 89.39780944780973], [122.37949764596691, 106.73822480534976], [128.7255204574741, 123.43963846245671], [129.884848134616, 127.26794870811507]]}