{"harita_boyut": {"genislik": 298, "yukseklik": 102}, "baslangic": [14.428004945905755, 29.592803397104113], "hedef": [215.77150220346803, 55.07727979089469], "engeller": [["dikdortgen", 267, 17, 9, 13], ["daire", 254, 92, 7], ["dikdortgen", 134, 45, 10, 13], ["dikdortgen", 251, 44, 16, 14], ["dikdortgen", 44, 54, 9, 6], ["daire", 105, 33, 14], ["dikdortgen", 88, 18, 8, 17], ["daire", 27, 41, 3], ["dikdortgen", 280, 26, 13, 14], ["dikdortgen", 273, 43, 14, 13], ["dikdortgen", 74, 44, 10, 14], ["dikdortgen", 194, 80, 13, 10], ["dikdortgen", 97, 36, 7, 18], ["daire", 262, 67, 12], ["dikdortgen", 57, 37, 17, 11]], "rrt_path": [[14.428004945905755, 29.592803397104113], [10.806526282953383, 40.11313186543465], [15.745151374727811, 58.83497363228743], [28.745045103759974, 66.53512659713314], [40.17065785997581, 68.80165945363976], [42.2682149858081, 68.42080169679924], [55.942486213375915, 67.32445361368414], [75.81451334276261, 66.2282281210055], [89.83989088993258, 64.59628476746762], [104.00642016706992, 63.307806808953075], [116.6060944294837, 63.30264990854606], [132.89451698571474, 64.35487790852467], [140.73490404795584, 65.43576955301768], [150.09346298200256, 62.440802598474356], [164.519494472238, 56.090492764253305], [173.835575167585, 53.03672484931097], [188.00722179915238, 53.443840925526864], [204.28127277263818, 55.0658473762176], [215.77150220346803, 55.07727979089469]]}